{
    "model_config": {
        "num_features": 9,
        "hidden_dim": 64,
        "depth": 4,
        "depth_enc": null,
        "depth_dec": null,
        "num_heads": 4,
        "mlp_ratio": 4.0,
        "dropout_prob": 0.0,
        "temperature": 0.2,
        "imix_loss_weight": 0.1,
        "mixup_alpha": 0.9,
        "projector_dim": null,
        "use_flash_attn": false
    },
    "train_config": {
        "data_dir": "Data/",
        "epochs": 200,
        "learning_rate": 0.01,
        "sche_gamma": 0.95,
        "batch_size": 128,
        "random_seed": 42,
        "num_workers": 0,
        "preprocess": "standard",
        "patience": 10,
        "min_delta": 0,
        "use_amp": false,
        "model_type": "TAEIMIX",
        "dataset_name": "breastw",
        "base_path": "results/TAEIMIX-260125-iw0.1-ap0.9-ep200-ep30_combined/breastw/1.0",
        "exp_name": "TAEIMIX-260125-iw0.1-ap0.9-ep200-ep30_combined",
        "runs": 10,
        "train_ratio": 1.0
    },
    "start_time_kst": "2026-01-25T16:04:54+09:00",
    "mean_metrics": {
        "rauc": 0.9855083116589393,
        "ap": 0.9813891816914729,
        "f1": 0.9523012552301257,
        "avg_normal": -0.3229551736265421,
        "avg_abnormal": 13.547303724288941
    },
    "std_metrics": {
        "rauc_std": 0.003535307734654575,
        "ap_std": 0.006862046925424966,
        "f1_std": 0.007051171358306587,
        "avg_normal_std": 0.18487815303777785,
        "avg_abnormal_std": 3.048080113012122
    },
    "total_time": 163.31908249855042,
    "all_seeds": [
        {
            "rauc": 0.9806249764408761,
            "ap": 0.9769196399345965,
            "f1": 0.9456066945606695,
            "avg_normal": -0.26413899660110474,
            "avg_abnormal": 14.12724494934082,
            "run": 0,
            "epochs": 89,
            "train_time": 14.845457792282104,
            "test_time": 0.05997323989868164
        },
        {
            "rauc": 0.9853368012363828,
            "ap": 0.9797264520972675,
            "f1": 0.9497907949790795,
            "avg_normal": -0.38808736205101013,
            "avg_abnormal": 12.300811767578125,
            "run": 1,
            "epochs": 126,
            "train_time": 19.814791679382324,
            "test_time": 0.05773329734802246
        },
        {
            "rauc": 0.9909156017942629,
            "ap": 0.9892076925483198,
            "f1": 0.9665271966527197,
            "avg_normal": -0.5441268086433411,
            "avg_abnormal": 12.427140235900879,
            "run": 2,
            "epochs": 105,
            "train_time": 16.248959064483643,
            "test_time": 0.06188225746154785
        },
        {
            "rauc": 0.9802291831580534,
            "ap": 0.9658508210000429,
            "f1": 0.9539748953974896,
            "avg_normal": 0.013753075152635574,
            "avg_abnormal": 18.744176864624023,
            "run": 3,
            "epochs": 92,
            "train_time": 14.599886417388916,
            "test_time": 0.05761575698852539
        },
        {
            "rauc": 0.9843567416789174,
            "ap": 0.9831642341359066,
            "f1": 0.9497907949790795,
            "avg_normal": -0.08933687955141068,
            "avg_abnormal": 18.12272071838379,
            "run": 4,
            "epochs": 143,
            "train_time": 22.456127166748047,
            "test_time": 0.05924582481384277
        },
        {
            "rauc": 0.9838478646010027,
            "ap": 0.9790756890632692,
            "f1": 0.9456066945606695,
            "avg_normal": -0.22128017246723175,
            "avg_abnormal": 14.586182594299316,
            "run": 5,
            "epochs": 74,
            "train_time": 10.346841096878052,
            "test_time": 0.057984113693237305
        },
        {
            "rauc": 0.9885973839948735,
            "ap": 0.9866164720531263,
            "f1": 0.9581589958158996,
            "avg_normal": -0.36965203285217285,
            "avg_abnormal": 13.26253604888916,
            "run": 6,
            "epochs": 84,
            "train_time": 13.305795431137085,
            "test_time": 0.07068681716918945
        },
        {
            "rauc": 0.9841117267895512,
            "ap": 0.9776416873635229,
            "f1": 0.9581589958158996,
            "avg_normal": -0.3056599497795105,
            "avg_abnormal": 12.925505638122559,
            "run": 7,
            "epochs": 105,
            "train_time": 16.373199224472046,
            "test_time": 0.05384254455566406
        },
        {
            "rauc": 0.9907836706999887,
            "ap": 0.9903295566621801,
            "f1": 0.9539748953974896,
            "avg_normal": -0.6260474324226379,
            "avg_abnormal": 7.574711322784424,
            "run": 8,
            "epochs": 98,
            "train_time": 15.548501968383789,
            "test_time": 0.05838131904602051
        },
        {
            "rauc": 0.9862791661954841,
            "ap": 0.9853595720564978,
            "f1": 0.9414225941422594,
            "avg_normal": -0.43497517704963684,
            "avg_abnormal": 11.402007102966309,
            "run": 9,
            "epochs": 110,
            "train_time": 17.227123260498047,
            "test_time": 0.051467180252075195
        }
    ]
}