{
    "model_config": {
        "hidden_dim": 128,
        "depth": 4,
        "num_heads": 4,
        "mlp_ratio": 4.0,
        "dropout_prob": 0.0,
        "num_prototypes": 16,
        "temperature": 0.1,
        "sinkhorn_iters": 3,
        "sinkhorn_eps": 0.1,
        "contrastive_loss_weight": 1.0,
        "use_flash_attn": false,
        "num_features": 36
    },
    "train_config": {
        "data_dir": "Data/",
        "epochs": 250,
        "learning_rate": 0.01,
        "sche_gamma": 0.95,
        "batch_size": 512,
        "random_seed": 42,
        "num_workers": 0,
        "preprocess": "standard",
        "patience": 10,
        "use_amp": false,
        "model_type": "ProtoAD",
        "dataset_name": "satimage-2",
        "base_path": "results/ProtoAD-d128-proto16-eps0.1-contra1.0-temp0.1/satimage-2/1.0",
        "exp_name": "ProtoAD-d128-proto16-eps0.1-contra1.0-temp0.1",
        "runs": 10,
        "train_ratio": 1.0,
        "run": 9
    },
    "mean_metrics": {
        "rauc": 0.9941229372045252,
        "ap": 0.9606927659025224,
        "f1": 0.9147038257916291,
        "entropy_rauc": 0.391861110838092,
        "entropy_ap": 0.03494676541671597,
        "entropy_f1": 0.0295774647887324,
        "avg_normal_entropy": 2.444762849807739,
        "avg_abnormal_entropy": 2.432447361946106,
        "avg_normal_recon": 0.47625782489776614,
        "avg_abnormal_recon": 6.162562227249145
    },
    "std_metrics": {
        "rauc_std": 0.002093935120018279,
        "ap_std": 0.010296099830455542,
        "f1_std": 0.015761853955171698,
        "entropy_rauc_std": 0.24364001438905877,
        "entropy_ap_std": 0.041575446713063555,
        "entropy_f1_std": 0.05434867994809785,
        "avg_normal_entropy_std": 0.25999977250531453,
        "avg_abnormal_entropy_std": 0.268132062960845,
        "avg_normal_recon_std": 0.12691509710696405,
        "avg_abnormal_recon_std": 0.2521322138843124
    },
    "total_time": 79.55128073692322,
    "all_seeds": [
        {
            "run": 0,
            "train_time": 5.73688006401062,
            "test_time": 0.11305093765258789,
            "epochs": 20,
            "rauc": 0.9945696509833599,
            "ap": 0.967279374392582,
            "f1": 0.9295774647887324,
            "entropy_rauc": 0.1939666610970779,
            "entropy_ap": 0.014131415676725075,
            "entropy_f1": 0.0,
            "avg_normal_entropy": 2.065166711807251,
            "avg_abnormal_entropy": 2.0427935123443604,
            "avg_normal_recon": 0.41211098432540894,
            "avg_abnormal_recon": 5.832753658294678
        },
        {
            "run": 1,
            "train_time": 3.451714277267456,
            "test_time": 0.08587431907653809,
            "epochs": 12,
            "rauc": 0.9936850692430929,
            "ap": 0.9507223879142228,
            "f1": 0.9014084507042254,
            "entropy_rauc": 0.40684371406386677,
            "entropy_ap": 0.019497631992898678,
            "entropy_f1": 0.0,
            "avg_normal_entropy": 2.370326519012451,
            "avg_abnormal_entropy": 2.3661508560180664,
            "avg_normal_recon": 0.7116711139678955,
            "avg_abnormal_recon": 6.137420177459717
        },
        {
            "run": 2,
            "train_time": 7.63168740272522,
            "test_time": 0.06964492797851562,
            "epochs": 30,
            "rauc": 0.9956065773566732,
            "ap": 0.9666045280027177,
            "f1": 0.9295774647887324,
            "entropy_rauc": 0.1866221754813599,
            "entropy_ap": 0.017639753630575856,
            "entropy_f1": 0.028169014084507043,
            "avg_normal_entropy": 2.0731194019317627,
            "avg_abnormal_entropy": 2.0197079181671143,
            "avg_normal_recon": 0.43599793314933777,
            "avg_abnormal_recon": 5.812742233276367
        },
        {
            "run": 3,
            "train_time": 3.6000254154205322,
            "test_time": 0.07870697975158691,
            "epochs": 13,
            "rauc": 0.9910657244233019,
            "ap": 0.9369007613904992,
            "f1": 0.8794326241134752,
            "entropy_rauc": 0.29361970848117314,
            "entropy_ap": 0.016856514766351232,
            "entropy_f1": 0.0,
            "avg_normal_entropy": 2.2085978984832764,
            "avg_abnormal_entropy": 2.310823678970337,
            "avg_normal_recon": 0.5801120400428772,
            "avg_abnormal_recon": 6.1906609535217285
        },
        {
            "run": 4,
            "train_time": 3.1305058002471924,
            "test_time": 0.0841207504272461,
            "epochs": 12,
            "rauc": 0.9940536449682041,
            "ap": 0.9596011870381467,
            "f1": 0.9154929577464789,
            "entropy_rauc": 0.06774913261846023,
            "entropy_ap": 0.013007630499848159,
            "entropy_f1": 0.0,
            "avg_normal_entropy": 2.5162830352783203,
            "avg_abnormal_entropy": 2.2831037044525146,
            "avg_normal_recon": 0.595638632774353,
            "avg_abnormal_recon": 6.2989821434021
        },
        {
            "run": 5,
            "train_time": 3.713446855545044,
            "test_time": 0.08614492416381836,
            "epochs": 14,
            "rauc": 0.9916800172984873,
            "ap": 0.9528020426741847,
            "f1": 0.9154929577464789,
            "entropy_rauc": 0.5771969570388135,
            "entropy_ap": 0.02870044421778802,
            "entropy_f1": 0.028169014084507043,
            "avg_normal_entropy": 2.5105652809143066,
            "avg_abnormal_entropy": 2.5412449836730957,
            "avg_normal_recon": 0.5796149373054504,
            "avg_abnormal_recon": 6.057127952575684
        },
        {
            "run": 6,
            "train_time": 8.640877723693848,
            "test_time": 0.09180569648742676,
            "epochs": 33,
            "rauc": 0.9956458921006851,
            "ap": 0.966339798551275,
            "f1": 0.9014084507042254,
            "entropy_rauc": 0.6187575558023648,
            "entropy_ap": 0.04656647184711724,
            "entropy_f1": 0.056338028169014086,
            "avg_normal_entropy": 2.7711219787597656,
            "avg_abnormal_entropy": 2.771801710128784,
            "avg_normal_recon": 0.3159077763557434,
            "avg_abnormal_recon": 6.225599765777588
        },
        {
            "run": 7,
            "train_time": 17.928744077682495,
            "test_time": 0.08248090744018555,
            "epochs": 71,
            "rauc": 0.9981030636014272,
            "ap": 0.9694245685400336,
            "f1": 0.9154929577464789,
            "entropy_rauc": 0.9026124647395889,
            "entropy_ap": 0.1564067686005563,
            "entropy_f1": 0.18309859154929578,
            "avg_normal_entropy": 2.77188777923584,
            "avg_abnormal_entropy": 2.7724924087524414,
            "avg_normal_recon": 0.3436402976512909,
            "avg_abnormal_recon": 6.052421569824219
        },
        {
            "run": 8,
            "train_time": 18.90850257873535,
            "test_time": 0.08515691757202148,
            "epochs": 74,
            "rauc": 0.9952478303175649,
            "ap": 0.9716940454640437,
            "f1": 0.9295774647887324,
            "entropy_rauc": 0.18667377608287547,
            "entropy_ap": 0.014701362184651868,
            "entropy_f1": 0.0,
            "avg_normal_entropy": 2.7710366249084473,
            "avg_abnormal_entropy": 2.7676796913146973,
            "avg_normal_recon": 0.33332911133766174,
            "avg_abnormal_recon": 6.751162528991699
        },
        {
            "run": 9,
            "train_time": 3.8841731548309326,
            "test_time": 0.11372184753417969,
            "epochs": 15,
            "rauc": 0.9915719017524547,
            "ap": 0.965558965057518,
            "f1": 0.9295774647887324,
            "entropy_rauc": 0.4845689629753398,
            "entropy_ap": 0.0219596607506473,