{
    "model_config": {
        "num_features": 13,
        "hidden_dim": 32,
        "depth": 4,
        "num_heads": 4,
        "mlp_ratio": 4.0,
        "dropout_prob": 0.0,
        "use_flash_attn": false,
        "mask_ratio": 0.1,
        "num_eval_repeat": 50
    },
    "train_config": {
        "data_dir": "Data/",
        "epochs": 200,
        "learning_rate": 0.01,
        "sche_gamma": 0.95,
        "batch_size": 512,
        "random_seed": 42,
        "num_workers": 0,
        "preprocess": "standard",
        "patience": 10,
        "min_delta": 0,
        "use_amp": false,
        "model_type": "TMLM",
        "dataset_name": "wine",
        "base_path": "results/TMLM-d32-lr0.01-mask0.1-r50/wine/1.0",
        "exp_name": "TMLM-d32-lr0.01-mask0.1-r50",
        "runs": 10,
        "train_ratio": 1.0
    },
    "mean_metrics": {
        "ap": 0.873984403968924,
        "avg_normal_score": 0.46669228971004484,
        "avg_abnormal_score": 2.1892456889152525,
        "f1": 0.8,
        "rauc": 0.9791666666666667
    },
    "std_metrics": {
        "ap_std": 0.12175363539665723,
        "avg_normal_score_std": 0.07140337682687661,
        "avg_abnormal_score_std": 0.4889082964986382,
        "f1_std": 0.11832159566199232,
        "rauc_std": 0.02033401638196995
    },
    "total_time": 88.69149041175842,
    "all_seeds": [
        {
            "run": 0,
            "train_time": 8.579032897949219,
            "test_time": 0.018619775772094727,
            "epochs": 200,
            "rauc": 0.9916666666666667,
            "ap": 0.9614285714285714,
            "f1": 0.9,
            "avg_normal_score": 0.4243278205394745,
            "avg_abnormal_score": 3.214200496673584
        },
        {
            "run": 1,
            "train_time": 7.7989866733551025,
            "test_time": 0.0182342529296875,
            "epochs": 200,
            "rauc": 0.99,
            "ap": 0.951923076923077,
            "f1": 0.8,
            "avg_normal_score": 0.4152512848377228,
            "avg_abnormal_score": 2.3076131343841553
        },
        {
            "run": 2,
            "train_time": 7.832484006881714,
            "test_time": 0.0189208984375,
            "epochs": 200,
            "rauc": 0.985,
            "ap": 0.8480122655122654,
            "f1": 0.9,
            "avg_normal_score": 0.4225756525993347,
            "avg_abnormal_score": 2.0088400840759277
        },
        {
            "run": 3,
            "train_time": 7.842509508132935,
            "test_time": 0.01794290542602539,
            "epochs": 200,
            "rauc": 0.9216666666666666,
            "ap": 0.5328532526984538,
            "f1": 0.5,
            "avg_normal_score": 0.5517908930778503,
            "avg_abnormal_score": 1.550858974456787
        },
        {
            "run": 4,
            "train_time": 7.887293100357056,
            "test_time": 0.018564939498901367,
            "epochs": 200,
            "rauc": 0.99,
            "ap": 0.9263455988455987,
            "f1": 0.9,
            "avg_normal_score": 0.41064050793647766,
            "avg_abnormal_score": 1.9072444438934326
        },
        {
            "run": 5,
            "train_time": 7.865448474884033,
            "test_time": 0.0185089111328125,
            "epochs": 200,
            "rauc": 0.9716666666666667,
            "ap": 0.8536247086247085,
            "f1": 0.7,
            "avg_normal_score": 0.6211472749710083,
            "avg_abnormal_score": 2.9090538024902344
        },
        {
            "run": 6,
            "train_time": 7.878032684326172,
            "test_time": 0.018664121627807617,
            "epochs": 200,
            "rauc": 0.9966666666666666,
            "ap": 0.9809090909090908,
            "f1": 0.9,
            "avg_normal_score": 0.4024313688278198,
            "avg_abnormal_score": 2.010260820388794
        },
        {
            "run": 7,
            "train_time": 7.865375757217407,
            "test_time": 0.01718425750732422,
            "epochs": 200,
            "rauc": 0.9783333333333334,
            "ap": 0.8629761904761905,
            "f1": 0.8,
            "avg_normal_score": 0.4192013144493103,
            "avg_abnormal_score": 1.9033591747283936
        },
        {
            "run": 8,
            "train_time": 7.734712362289429,
            "test_time": 0.01843428611755371,
            "epochs": 200,
            "rauc": 0.985,
            "ap": 0.9153499278499279,
            "f1": 0.8,
            "avg_normal_score": 0.5296369194984436,
            "avg_abnormal_score": 2.2954916954040527
        },
        {
            "run": 9,
            "train_time": 7.673934698104858,
            "test_time": 0.0178070068359375,
            "epochs": 200,
            "rauc": 0.9816666666666667,
            "ap": 0.9064213564213565,
            "f1": 0.8,
            "avg_normal_score": 0.4699198603630066,
            "avg_abnormal_score": 1.7855342626571655
        }
    ]
}