{
    "model_config": {
        "num_features": 9,
        "hidden_dim": 64,
        "depth": 4,
        "depth_enc": null,
        "depth_dec": null,
        "num_heads": 4,
        "mlp_ratio": 4.0,
        "dropout_prob": 0.0,
        "temperature": 0.2,
        "imix_loss_weight": 0.01,
        "mixup_alpha": 0.9,
        "projector_dim": null,
        "use_flash_attn": false
    },
    "train_config": {
        "data_dir": "Data/",
        "epochs": 200,
        "learning_rate": 0.01,
        "sche_gamma": 0.95,
        "batch_size": 128,
        "random_seed": 42,
        "num_workers": 0,
        "preprocess": "standard",
        "patience": 10,
        "min_delta": 0,
        "use_amp": false,
        "model_type": "TAEIMIX",
        "dataset_name": "breastw",
        "base_path": "results/TAEIMIX-260125-iw0.01-ap0.9-ep200-ep90/breastw/1.0",
        "exp_name": "TAEIMIX-260125-iw0.01-ap0.9-ep200-ep90",
        "runs": 10,
        "train_ratio": 1.0
    },
    "start_time_kst": "2026-01-25T16:07:40+09:00",
    "mean_metrics": {
        "rauc": 0.9864843923421329,
        "ap": 0.9823147796302523,
        "f1": 0.9539748953974896,
        "avg_normal": 0.4319711559348636,
        "avg_abnormal": 13.045086966620552
    },
    "std_metrics": {
        "rauc_std": 0.002570451086784608,
        "ap_std": 0.005689242909323809,
        "f1_std": 0.003416303685890076,
        "avg_normal_std": 0.14155109520322212,
        "avg_abnormal_std": 3.2285688098998233
    },
    "total_time": 185.6345522403717,
    "all_seeds": [
        {
            "rauc": 0.9833201402239059,
            "ap": 0.9807922209246608,
            "f1": 0.9539748953974896,
            "avg_normal": 0.4496689438819885,
            "avg_abnormal": 13.248159408569336,
            "run": 0,
            "epochs": 128,
            "train_time": 20.75192928314209,
            "test_time": 0.05948781967163086
        },
        {
            "rauc": 0.9878623393267745,
            "ap": 0.9843028897534702,
            "f1": 0.9497907949790795,
            "avg_normal": 0.32691502571105957,
            "avg_abnormal": 13.082465171813965,
            "run": 1,
            "epochs": 141,
            "train_time": 21.71937584877014,
            "test_time": 0.06091904640197754
        },
        {
            "rauc": 0.9886539258924197,
            "ap": 0.9870077867895406,
            "f1": 0.9539748953974896,
            "avg_normal": 0.29864680767059326,
            "avg_abnormal": 10.619555473327637,
            "run": 2,
            "epochs": 135,
            "train_time": 21.382431030273438,
            "test_time": 0.058804988861083984
        },
        {
            "rauc": 0.9824720117607147,
            "ap": 0.969523089240595,
            "f1": 0.9581589958158996,
            "avg_normal": 0.7163587212562561,
            "avg_abnormal": 17.936695098876953,
            "run": 3,
            "epochs": 123,
            "train_time": 19.49994134902954,
            "test_time": 0.05690360069274902
        },
        {
            "rauc": 0.9870707527611292,
            "ap": 0.9862190277222023,
            "f1": 0.9539748953974896,
            "avg_normal": 0.5517359375953674,
            "avg_abnormal": 18.345293045043945,
            "run": 4,
            "epochs": 158,
            "train_time": 23.78112483024597,
            "test_time": 0.06143808364868164
        },
        {
            "rauc": 0.9875984771382261,
            "ap": 0.9821984956408765,
            "f1": 0.9497907949790795,
            "avg_normal": 0.4629397988319397,
            "avg_abnormal": 12.506027221679688,
            "run": 5,
            "epochs": 128,
            "train_time": 18.752987146377563,
            "test_time": 0.058943986892700195
        },
        {
            "rauc": 0.9871084473594934,
            "ap": 0.9842037060045203,
            "f1": 0.9497907949790795,
            "avg_normal": 0.4095027446746826,
            "avg_abnormal": 11.660798072814941,
            "run": 6,
            "epochs": 116,
            "train_time": 18.374565362930298,
            "test_time": 0.052377939224243164
        },
        {
            "rauc": 0.9836782389083645,
            "ap": 0.9770220638397861,
            "f1": 0.9581589958158996,
            "avg_normal": 0.4703272581100464,
            "avg_abnormal": 12.756250381469727,
            "run": 7,
            "epochs": 139,
            "train_time": 20.86138105392456,
            "test_time": 0.05503392219543457
        },
        {
            "rauc": 0.9905951977081684,
            "ap": 0.9895637367566181,
            "f1": 0.9581589958158996,
            "avg_normal": 0.201645165681839,
            "avg_abnormal": 7.2505388259887695,
            "run": 8,
            "epochs": 114,
            "train_time": 18.157381057739258,
            "test_time": 0.04911947250366211
        }
    ]
}