{
    "model_config": {
        "hidden_dim": 64,
        "depth": 4,
        "num_heads": 4,
        "mlp_ratio": 4.0,
        "dropout_prob": 0.0,
        "num_prototypes": 128,
        "temperature": 0.1,
        "sinkhorn_iters": 3,
        "sinkhorn_eps": 0.05,
        "contrastive_loss_weight": 0.1,
        "use_flash_attn": false,
        "num_features": 6
    },
    "train_config": {
        "data_dir": "Data/",
        "epochs": 250,
        "learning_rate": 0.01,
        "sche_gamma": 0.95,
        "batch_size": 256,
        "random_seed": 42,
        "num_workers": 0,
        "preprocess": "standard",
        "patience": 20,
        "use_amp": false,
        "model_type": "ProtoAD",
        "dataset_name": "thyroid",
        "base_path": "results/ProtoAD-d64-proto128-eps0.05-contra0.1-temp0.1/thyroid/1.0",
        "exp_name": "ProtoAD-d64-proto128-eps0.05-contra0.1-temp0.1",
        "runs": 10,
        "train_ratio": 1.0,
        "run": 9
    },
    "mean_metrics": {
        "rauc": 0.9718636044880785,
        "ap": 0.7227719806913459,
        "f1": 0.6688172043010754,
        "entropy_rauc": 0.34783543712014964,
        "entropy_ap": 0.03663143107995762,
        "entropy_f1": 0.01935483870967742,
        "avg_normal_entropy": 1.3718968987464906,
        "avg_abnormal_entropy": 1.2027486860752106,
        "avg_normal_recon": 0.20625924319028854,
        "avg_abnormal_recon": 71.62011642456055
    },
    "std_metrics": {
        "rauc_std": 0.008309386279685454,
        "ap_std": 0.048218669171573095,
        "f1_std": 0.05865884600854133,
        "entropy_rauc_std": 0.11025685547592988,
        "entropy_ap_std": 0.007772488827671503,
        "entropy_f1_std": 0.01971000298905738,
        "avg_normal_entropy_std": 0.035300590610834987,
        "avg_abnormal_entropy_std": 0.13982355033194804,
        "avg_normal_recon_std": 0.04395374626153452,
        "avg_abnormal_recon_std": 31.291674807928203
    },
    "total_time": 299.13275694847107,
    "all_seeds": [
        {
            "run": 0,
            "train_time": 48.086618185043335,
            "test_time": 0.0779731273651123,
            "epochs": 144,
            "rauc": 0.9734572230014026,
            "ap": 0.7633731534078728,
            "f1": 0.6989247311827957,
            "entropy_rauc": 0.4279745208041141,
            "entropy_ap": 0.04163634651802249,
            "entropy_f1": 0.053763440860215055,
            "avg_normal_entropy": 1.3810863494873047,
            "avg_abnormal_entropy": 1.327508568763733,
            "avg_normal_recon": 0.17656734585762024,
            "avg_abnormal_recon": 41.893272399902344
        },
        {
            "run": 1,
            "train_time": 34.84879159927368,
            "test_time": 0.07782864570617676,
            "epochs": 107,
            "rauc": 0.9694775596072931,
            "ap": 0.7113576755209003,
            "f1": 0.6559139784946236,
            "entropy_rauc": 0.30642823749415615,
            "entropy_ap": 0.031845183018152534,
            "entropy_f1": 0.0,
            "avg_normal_entropy": 1.2800407409667969,
            "avg_abnormal_entropy": 1.0515185594558716,
            "avg_normal_recon": 0.12932783365249634,
            "avg_abnormal_recon": 27.195653915405273
        },
        {
            "run": 2,
            "train_time": 33.11640644073486,
            "test_time": 0.03549790382385254,
            "epochs": 135,
            "rauc": 0.9659361851332399,
            "ap": 0.6603234509106595,
            "f1": 0.6344086021505376,
            "entropy_rauc": 0.5549380551659654,
            "entropy_ap": 0.05431302812222362,
            "entropy_f1": 0.043010752688172046,
            "avg_normal_entropy": 1.3596824407577515,
            "avg_abnormal_entropy": 1.4171546697616577,
            "avg_normal_recon": 0.16226448118686676,
            "avg_abnormal_recon": 27.457197189331055
        },
        {
            "run": 3,
            "train_time": 25.39386773109436,
            "test_time": 0.07490968704223633,
            "epochs": 111,
            "rauc": 0.9650888265544647,
            "ap": 0.6921304163028914,
            "f1": 0.6451612903225806,
            "entropy_rauc": 0.32270920991117347,
            "entropy_ap": 0.03275013358340249,
            "entropy_f1": 0.0,
            "avg_normal_entropy": 1.3730946779251099,
            "avg_abnormal_entropy": 1.196347951889038,
            "avg_normal_recon": 0.18259897828102112,
            "avg_abnormal_recon": 56.873924255371094
        },
        {
            "run": 4,
            "train_time": 42.98260951042175,
            "test_time": 0.07520341873168945,
            "epochs": 131,
            "rauc": 0.9759291725105189,
            "ap": 0.7612252264735078,
            "f1": 0.6989247311827957,
            "entropy_rauc": 0.3008415147265077,
            "entropy_ap": 0.03157688626752154,
            "entropy_f1": 0.0,
            "avg_normal_entropy": 1.3629992008209229,
            "avg_abnormal_entropy": 1.1356889009475708,
            "avg_normal_recon": 0.21195365488529205,
            "avg_abnormal_recon": 95.16313934326172
        },
        {
            "run": 5,
            "train_time": 23.572806358337402,
            "test_time": 0.07928872108459473,
            "epochs": 88,
            "rauc": 0.984075502571295,
            "ap": 0.7639395488690351,
            "f1": 0.7311827956989247,
            "entropy_rauc": 0.2250292192613371,
            "entropy_ap": 0.0298774718579246,
            "entropy_f1": 0.021505376344086023,
            "avg_normal_entropy": 1.399461269378662,
            "avg_abnormal_entropy": 1.1078287363052368,
            "avg_normal_recon": 0.21232841908931732,
            "avg_abnormal_recon": 63.37667465209961
        },
        {
            "run": 6,
            "train_time": 20.596807718276978,
            "test_time": 0.036458492279052734,
            "epochs": 103,
            "rauc": 0.9839527816736793,
            "ap": 0.8035050756872987,
            "f1": 0.7634408602150538,
            "entropy_rauc": 0.3859104721832632,
            "entropy_ap": 0.04231068944903109,
            "entropy_f1": 0.043010752688172046,
            "avg_normal_entropy": 1.4065113067626953,
            "avg_abnormal_entropy": 1.2898194789886475,
            "avg_normal_recon": 0.2219235748052597,
            "avg_abnormal_recon": 110.98004150390625
        },
        {
            "run": 7,
            "train_time": 30.131945848464966,
            "test_time": 0.07930231094360352,
            "epochs": 100,
            "rauc": 0.9733345021037868,
            "ap": 0.6810439008219952,
            "f1": 0.6451612903225806,
            "entropy_rauc": 0.47208391771856006,
            "entropy_ap": 0.04160062456088727,
            "entropy_f1": 0.010752688172043012,
            "avg_normal_entropy": 1.4135628938674927,
            "avg_abnormal_entropy": 1.3774217367172241,
            "avg_normal_recon": 0.24104799330234528,
            "avg_abnormal_recon": 80.84310150146484
        },
        {
            "run": 8,
            "train_time": 17.29468822479248,
            "test_time": 0.036513566970825195,
            "epochs": 111,
            "rauc": 0.9724579242636747,
            "ap": 0.738440709497484,
            "f1": 0.6774193548387096,
            "entropy_rauc": 0.16061243571762507,
            "entropy_ap": 0.02722976573824868,
            "entropy_f1": 0.0,
            "avg_normal_entropy": 1.373977541923523,
            "avg_abnormal_entropy": 0.9623585343360901,
            "avg_normal_recon": 0.22897249460220337,
            "avg_abnormal_recon": 113.86966705322266
        },
        {
            "run": 9,
            "train_time": 20.46161937713623,
            "test_time": 0.0787351131439209,
            "epochs": 81,
            "rauc": 0.9549263674614306,
            "ap": 0.6523806494218142,
            "f1": 0.5376344086021505,
            "entropy_rauc": 0.32182678821879385,