{
    "model_config": {
        "num_features": 13,
        "hidden_dim": 128,
        "depth": 4,
        "num_heads": 4,
        "mlp_ratio": 4.0,
        "dropout_prob": 0.0,
        "use_flash_attn": false,
        "mask_ratio": 0.3,
        "num_eval_repeat": 50
    },
    "train_config": {
        "data_dir": "Data/",
        "epochs": 200,
        "learning_rate": 0.001,
        "sche_gamma": 0.95,
        "batch_size": 512,
        "random_seed": 42,
        "num_workers": 0,
        "preprocess": "standard",
        "patience": 10,
        "min_delta": 0,
        "use_amp": false,
        "model_type": "TMLM",
        "dataset_name": "wine",
        "base_path": "results/TMLM-d128-lr0.001-mask0.3-r50/wine/1.0",
        "exp_name": "TMLM-d128-lr0.001-mask0.3-r50",
        "runs": 10,
        "train_ratio": 1.0
    },
    "mean_metrics": {
        "avg_abnormal_score": 1.5758312225341797,
        "f1": 0.78,
        "avg_normal_score": 0.37981775403022766,
        "ap": 0.8325631117248763,
        "rauc": 0.9735000000000001
    },
    "std_metrics": {
        "avg_abnormal_score_std": 0.1803518851786675,
        "f1_std": 0.0871779788708135,
        "avg_normal_score_std": 0.05498810595951965,
        "ap_std": 0.10300450936509283,
        "rauc_std": 0.018080837001274754
    },
    "total_time": 92.10733819007874,
    "all_seeds": [
        {
            "run": 0,
            "train_time": 9.756678342819214,
            "test_time": 0.02007317543029785,
            "epochs": 200,
            "rauc": 0.9883333333333333,
            "ap": 0.9272546897546897,
            "f1": 0.8,
            "avg_normal_score": 0.343780517578125,
            "avg_abnormal_score": 1.8768374919891357
        },
        {
            "run": 1,
            "train_time": 8.909451484680176,
            "test_time": 0.022583961486816406,
            "epochs": 200,
            "rauc": 0.9966666666666666,
            "ap": 0.9809090909090908,
            "f1": 0.9,
            "avg_normal_score": 0.3473733365535736,
            "avg_abnormal_score": 1.7523311376571655
        },
        {
            "run": 2,
            "train_time": 8.887876033782959,
            "test_time": 0.022247791290283203,
            "epochs": 200,
            "rauc": 0.9833333333333334,
            "ap": 0.8404365079365078,
            "f1": 0.9,
            "avg_normal_score": 0.3194778561592102,
            "avg_abnormal_score": 1.3357274532318115
        },
        {
            "run": 3,
            "train_time": 8.906309843063354,
            "test_time": 0.020709753036499023,
            "epochs": 200,
            "rauc": 0.9616666666666667,
            "ap": 0.723148518148518,
            "f1": 0.7,
            "avg_normal_score": 0.38778555393218994,
            "avg_abnormal_score": 1.4937928915023804
        },
        {
            "run": 4,
            "train_time": 8.938088178634644,
            "test_time": 0.02181243896484375,
            "epochs": 200,
            "rauc": 0.9866666666666667,
            "ap": 0.9105880230880231,
            "f1": 0.8,
            "avg_normal_score": 0.3344736397266388,
            "avg_abnormal_score": 1.7057733535766602
        },
        {
            "run": 5,
            "train_time": 8.919564247131348,
            "test_time": 0.021756887435913086,
            "epochs": 200,
            "rauc": 0.9283333333333333,
            "ap": 0.6193697478991596,
            "f1": 0.6,
            "avg_normal_score": 0.5255352854728699,
            "avg_abnormal_score": 1.674202561378479
        },
        {
            "run": 6,
            "train_time": 8.943732261657715,
            "test_time": 0.02207159996032715,
            "epochs": 200,
            "rauc": 0.975,
            "ap": 0.7529292929292929,
            "f1": 0.8,
            "avg_normal_score": 0.368041068315506,
            "avg_abnormal_score": 1.3138036727905273
        },
        {
            "run": 7,
            "train_time": 8.9606614112854,
            "test_time": 0.022057533264160156,
            "epochs": 200,
            "rauc": 0.9766666666666666,
            "ap": 0.8887301587301587,
            "f1": 0.8,
            "avg_normal_score": 0.3890279233455658,
            "avg_abnormal_score": 1.5896645784378052
        },
        {
            "run": 8,
            "train_time": 8.906378984451294,
            "test_time": 0.02201104164123535,
            "epochs": 200,
            "rauc": 0.9716666666666667,
            "ap": 0.8720378151260503,
            "f1": 0.8,
            "avg_normal_score": 0.3771562874317169,
            "avg_abnormal_score": 1.639507532119751
        },
        {
            "run": 9,
            "train_time": 9.039074182510376,
            "test_time": 0.02035832405090332,
            "epochs": 200,
            "rauc": 0.9666666666666667,
            "ap": 0.8102272727272727,
            "f1": 0.7,
            "avg_normal_score": 0.4055260717868805,
            "avg_abnormal_score": 1.376671552658081
        }
    ]
}