{
    "model_config": {
        "num_features": 33,
        "hidden_dim": 64,
        "depth": 4,
        "depth_enc": null,
        "depth_dec": null,
        "num_heads": 4,
        "mlp_ratio": 4.0,
        "dropout_prob": 0.0,
        "temperature": 0.1,
        "byol_loss_weight": 0.1,
        "dacl_alpha": 0.9,
        "projector_dim": null,
        "byol_momentum": 0.99,
        "use_flash_attn": false
    },
    "train_config": {
        "data_dir": "Data/",
        "epochs": 200,
        "learning_rate": 0.01,
        "sche_gamma": 0.95,
        "batch_size": 512,
        "random_seed": 42,
        "num_workers": 0,
        "preprocess": "standard",
        "patience": 10,
        "min_delta": 0,
        "use_amp": false,
        "model_type": "TAEDACL",
        "dataset_name": "ionosphere",
        "base_path": "results/TAEDACL-260125-bw0.1-ap0.9-ep200-ep170/ionosphere/1.0",
        "exp_name": "TAEDACL-260125-bw0.1-ap0.9-ep200-ep170",
        "runs": 10,
        "train_ratio": 1.0
    },
    "start_time_kst": "2026-01-25T16:02:06+09:00",
    "mean_metrics": {
        "rauc": 0.9764714145245119,
        "ap": 0.9817517340328171,
        "f1": 0.9214285714285715,
        "avg_normal": 0.17136293798685073,
        "avg_abnormal": 2.8987958431243896
    },
    "std_metrics": {
        "rauc_std": 0.006177130621391903,
        "ap_std": 0.004911513537898255,
        "f1_std": 0.018253968253968255,
        "avg_normal_std": 0.04032389907450497,
        "avg_abnormal_std": 0.28957435088945277
    },
    "total_time": 214.6682949066162,
    "all_seeds": [
        {
            "rauc": 0.9805450203680293,
            "ap": 0.9858330991899451,
            "f1": 0.9285714285714286,
            "avg_normal": 0.15846829116344452,
            "avg_abnormal": 3.051642894744873,
            "run": 0,
            "epochs": 200,
            "train_time": 22.993897438049316,
            "test_time": 0.02484869956970215
        },
        {
            "rauc": 0.9820199466217164,
            "ap": 0.9865767185720493,
            "f1": 0.9444444444444444,
            "avg_normal": 0.1476788967847824,
            "avg_abnormal": 2.848839521408081,
            "run": 1,
            "epochs": 197,
            "train_time": 22.09581422805786,
            "test_time": 0.045578956604003906
        },
        {
            "rauc": 0.9729596853490659,
            "ap": 0.9786940559949188,
            "f1": 0.9126984126984127,
            "avg_normal": 0.2718418538570404,
            "avg_abnormal": 3.23053240776062,
            "run": 2,
            "epochs": 200,
            "train_time": 22.16961932182312,
            "test_time": 0.03009033203125
        },
        {
            "rauc": 0.9721168703469589,
            "ap": 0.9774994426806392,
            "f1": 0.9126984126984127,
            "avg_normal": 0.14574816823005676,
            "avg_abnormal": 2.495936870574951,
            "run": 3,
            "epochs": 183,
            "train_time": 19.404288291931152,
            "test_time": 0.04298281669616699
        },
        {
            "rauc": 0.9882005899705014,
            "ap": 0.9908931600109097,
            "f1": 0.9523809523809523,
            "avg_normal": 0.2004452496767044,
            "avg_abnormal": 3.1493284702301025,
            "run": 4,
            "epochs": 200,
            "train_time": 21.270718812942505,
            "test_time": 0.027915477752685547
        },
        {
            "rauc": 0.9793510324483776,
            "ap": 0.983257226310437,
            "f1": 0.9365079365079365,
            "avg_normal": 0.20413635671138763,
            "avg_abnormal": 3.3925578594207764,
            "run": 5,
            "epochs": 187,
            "train_time": 19.964258193969727,
            "test_time": 0.03983569145202637
        },
        {
            "rauc": 0.9770332911925833,
            "ap": 0.9812161344916588,
            "f1": 0.9047619047619048,
            "avg_normal": 0.16053517162799835,
            "avg_abnormal": 2.911811113357544,
            "run": 6,
            "epochs": 200,
            "train_time": 21.276633262634277,
            "test_time": 0.030830860137939453
        },
        {
            "rauc": 0.9769630566090742,
            "ap": 0.9829405460303673,
            "f1": 0.9206349206349206,
            "avg_normal": 0.1415829211473465,
            "avg_abnormal": 2.763319253921509,
            "run": 7,
            "epochs": 200,
            "train_time": 21.58124589920044,
            "test_time": 0.03373527526855469
        },
        {
            "rauc": 0.9662171653322096,
            "ap": 0.9740449191718171,
            "f1": 0.8888888888888888,
            "avg_normal": 0.1481059491634369,
            "avg_abnormal": 2.543339252471924,
            "run": 8,
            "epochs": 188,
            "train_time": 19.746079921722412,
            "test_time": 0.04540085792541504
        },
        {
            "rauc": 0.969307487006602,
            "ap": 0.976562037875428,
            "f1": 0.9126984126984127,
            "avg_normal": 0.1350865215063095,
            "avg_abnormal": 2.6006507873535156,
            "run": 9,
            "epochs": 200,
            "train_time": 21.620940685272217,
            "test_time": 0.030595779418945312
        }
    ]
}