{
    "model_config": {
        "hidden_dim": 64,
        "depth": 4,
        "num_heads": 4,
        "mlp_ratio": 4.0,
        "dropout_prob": 0.0,
        "num_prototypes": 128,
        "temperature": 0.1,
        "sinkhorn_iters": 3,
        "sinkhorn_eps": 0.1,
        "contrastive_loss_weight": 0.01,
        "use_flash_attn": false,
        "num_features": 21
    },
    "train_config": {
        "data_dir": "Data/",
        "epochs": 250,
        "learning_rate": 0.01,
        "sche_gamma": 0.95,
        "batch_size": 256,
        "random_seed": 42,
        "num_workers": 0,
        "preprocess": "standard",
        "patience": 20,
        "use_amp": false,
        "model_type": "ProtoAD",
        "dataset_name": "cardiotocography",
        "base_path": "results/ProtoAD-d64-proto128-eps0.1-contra0.01-temp0.1/cardiotocography/1.0",
        "exp_name": "ProtoAD-d64-proto128-eps0.1-contra0.01-temp0.1",
        "runs": 10,
        "train_ratio": 1.0,
        "run": 9
    },
    "mean_metrics": {
        "rauc": 0.709864343305971,
        "ap": 0.6476339002871563,
        "f1": 0.5575107296137339,
        "entropy_rauc": 0.4111970811283803,
        "entropy_ap": 0.3080887993927173,
        "entropy_f1": 0.2618025751072961,
        "avg_normal_entropy": 4.415708827972412,
        "avg_abnormal_entropy": 4.374390602111816,
        "avg_normal_recon": 0.4647244468331337,
        "avg_abnormal_recon": 1.7865727126598359
    },
    "std_metrics": {
        "rauc_std": 0.04419078021329563,
        "ap_std": 0.04162886552525608,
        "f1_std": 0.044007638587497316,
        "entropy_rauc_std": 0.11596607290803335,
        "entropy_ap_std": 0.04953900427831935,
        "entropy_f1_std": 0.1152182673435855,
        "avg_normal_entropy_std": 0.16977322969537897,
        "avg_abnormal_entropy_std": 0.15397418442534774,
        "avg_normal_recon_std": 0.1516104518518007,
        "avg_abnormal_recon_std": 0.5795965141116717
    },
    "total_time": 72.58193135261536,
    "all_seeds": [
        {
            "run": 0,
            "train_time": 5.11698579788208,
            "test_time": 0.06566190719604492,
            "epochs": 24,
            "rauc": 0.7503255343972666,
            "ap": 0.6907719330324837,
            "f1": 0.5901287553648069,
            "entropy_rauc": 0.4953149089545398,
            "entropy_ap": 0.3266206719856777,
            "entropy_f1": 0.2703862660944206,
            "avg_normal_entropy": 4.3826422691345215,
            "avg_abnormal_entropy": 4.390484809875488,
            "avg_normal_recon": 0.5912059545516968,
            "avg_abnormal_recon": 1.8889944553375244
        },
        {
            "run": 1,
            "train_time": 3.9583380222320557,
            "test_time": 0.061773061752319336,
            "epochs": 23,
            "rauc": 0.759695716488187,
            "ap": 0.7049255689306368,
            "f1": 0.6051502145922747,
            "entropy_rauc": 0.3049502062585941,
            "entropy_ap": 0.2595712389414926,
            "entropy_f1": 0.1630901287553648,
            "avg_normal_entropy": 4.37428617477417,
            "avg_abnormal_entropy": 4.323798656463623,
            "avg_normal_recon": 0.6376868486404419,
            "avg_abnormal_recon": 2.212521553039551
        },
        {
            "run": 2,
            "train_time": 4.267727613449097,
            "test_time": 0.05273151397705078,
            "epochs": 25,
            "rauc": 0.6954768948706196,
            "ap": 0.6248897994772704,
            "f1": 0.5472103004291845,
            "entropy_rauc": 0.3230629401225051,
            "entropy_ap": 0.27589899446628274,
            "entropy_f1": 0.16523605150214593,
            "avg_normal_entropy": 4.356265544891357,
            "avg_abnormal_entropy": 4.2571187019348145,
            "avg_normal_recon": 0.5643911361694336,
            "avg_abnormal_recon": 2.2156426906585693
        },
        {
            "run": 3,
            "train_time": 8.922022342681885,
            "test_time": 0.06283259391784668,
            "epochs": 52,
            "rauc": 0.7137667194466435,
            "ap": 0.6482948491568346,
            "f1": 0.5643776824034334,
            "entropy_rauc": 0.357496666527772,
            "entropy_ap": 0.27794250299801593,
            "entropy_f1": 0.22532188841201717,
            "avg_normal_entropy": 4.60684061050415,
            "avg_abnormal_entropy": 4.543818950653076,
            "avg_normal_recon": 0.32505977153778076,
            "avg_abnormal_recon": 1.5216068029403687
        },
        {
            "run": 4,
            "train_time": 3.8756911754608154,
            "test_time": 0.062238216400146484,
            "epochs": 23,
            "rauc": 0.7848686403600149,
            "ap": 0.7114061125151444,
            "f1": 0.6223175965665236,
            "entropy_rauc": 0.5789707383640985,
            "entropy_ap": 0.37055965746395525,
            "entropy_f1": 0.40772532188841204,
            "avg_normal_entropy": 4.102914333343506,
            "avg_abnormal_entropy": 4.1460490226745605,
            "avg_normal_recon": 0.6152999401092529,
            "avg_abnormal_recon": 2.7687313556671143
        },
        {
            "run": 5,
            "train_time": 4.936692953109741,
            "test_time": 0.05654144287109375,
            "epochs": 29,
            "rauc": 0.6543241385057712,
            "ap": 0.5923354415408699,
            "f1": 0.48497854077253216,
            "entropy_rauc": 0.5530660131672153,
            "entropy_ap": 0.36412805103867857,
            "entropy_f1": 0.3948497854077253,
            "avg_normal_entropy": 4.351382255554199,
            "avg_abnormal_entropy": 4.3823347091674805,
            "avg_normal_recon": 0.3727581202983856,
            "avg_abnormal_recon": 1.0637764930725098
        },
        {
            "run": 6,
            "train_time": 14.622287034988403,
            "test_time": 0.06346774101257324,
            "epochs": 91,
            "rauc": 0.6337412496354015,
            "ap": 0.5931006537043888,
            "f1": 0.48283261802575106,
            "entropy_rauc": 0.5144394037251552,
            "entropy_ap": 0.38522685913311083,
            "entropy_f1": 0.44849785407725323,
            "avg_normal_entropy": 4.630099296569824,
            "avg_abnormal_entropy": 4.611244201660156,
            "avg_normal_recon": 0.19820080697536469,
            "avg_abnormal_recon": 0.8279958367347717
        },
        {
            "run": 7,
            "train_time": 13.356768131256104,
            "test_time": 0.06354546546936035,
            "epochs": 80,
            "rauc": 0.713303158464936,
            "ap": 0.6593677344885466,
            "f1": 0.5793991416309013,
            "entropy_rauc": 0.20773521813408893,
            "entropy_ap": 0.2350638973704477,
            "entropy_f1": 0.11158798283261803,
            "avg_normal_entropy": 4.642890453338623,
            "avg_abnormal_entropy": 4.475360870361328,
            "avg_normal_recon": 0.26738399267196655,
            "avg_abnormal_recon": 1.235897421836853
        },
        {
            "run": 8,
            "train_time": 6.774303674697876,
            "test_time": 0.060975074768066406,
            "epochs": 40,
            "rauc": 0.6840128755364807,
            "ap": 0.6104021464848519,
            "f1": 0.5386266094420601,
            "entropy_rauc": 0.4337550522938456,
            "entropy_ap": 0.3165362651339463,
            "entropy_f1": 0.2918454935622318,
            "avg_normal_entropy": 4.493453025817871,
            "avg_abnormal_entropy": 4.485987186431885,
            "avg_normal_recon": 0.5004467368125916,
            "avg_abnormal_recon": 1.9094728231430054
        },
        {
            "run": 9,
            "train_time": 4.201432466506958,
            "test_time": 0.06253361701965332,
            "epochs": 24,
            "rauc": 0.7091285053543899,
            "ap": 0.6408447635405361,
            "f1": 0.5600858369098712,