{
    "model_config": {
        "num_features": 21,
        "hidden_dim": 32,
        "depth": 4,
        "num_heads": 4,
        "mlp_ratio": 4.0,
        "dropout_prob": 0.0,
        "use_flash_attn": false
    },
    "train_config": {
        "data_dir": "Data/",
        "epochs": 200,
        "learning_rate": 0.001,
        "sche_gamma": 0.95,
        "batch_size": 512,
        "random_seed": 42,
        "num_workers": 0,
        "preprocess": "standard",
        "patience": 10,
        "min_delta": 0,
        "use_amp": false,
        "model_type": "TAE",
        "dataset_name": "cardio",
        "base_path": "results/TAE-d32-lr0.001/cardio/1.0",
        "exp_name": "TAE-d32-lr0.001",
        "runs": 10,
        "train_ratio": 1.0,
        "run": 9
    },
    "mean_metrics": {
        "rauc": 0.943969587176109,
        "ap": 0.8150170325308433,
        "f1": 0.75625,
        "avg_normal_score": 0.17062096297740936,
        "avg_abnormal_score": 3.771393656730652
    },
    "std_metrics": {
        "rauc_std": 0.010443872407653848,
        "ap_std": 0.023823120173940778,
        "f1_std": 0.0340387859107958,
        "avg_normal_score_std": 0.029368100023355406,
        "avg_abnormal_score_std": 0.7180833383184475
    },
    "total_time": 65.81234836578369,
    "all_seeds": [
        {
            "run": 0,
            "train_time": 6.730008840560913,
            "test_time": 0.04565930366516113,
            "epochs": 91,
            "rauc": 0.9355305775142732,
            "ap": 0.7761871321291895,
            "f1": 0.7045454545454546,
            "avg_normal_score": 0.14122912287712097,
            "avg_abnormal_score": 3.5305635929107666
        },
        {
            "run": 1,
            "train_time": 6.543807744979858,
            "test_time": 0.034189701080322266,
            "epochs": 96,
            "rauc": 0.950812472551603,
            "ap": 0.8465852623661893,
            "f1": 0.7613636363636364,
            "avg_normal_score": 0.13815748691558838,
            "avg_abnormal_score": 4.163132190704346
        },
        {
            "run": 2,
            "train_time": 6.421184539794922,
            "test_time": 0.03442072868347168,
            "epochs": 95,
            "rauc": 0.9327582894158981,
            "ap": 0.7876236617732476,
            "f1": 0.7556818181818182,
            "avg_normal_score": 0.20381484925746918,
            "avg_abnormal_score": 4.1619486808776855
        },
        {
            "run": 3,
            "train_time": 5.7421181201934814,
            "test_time": 0.03317880630493164,
            "epochs": 83,
            "rauc": 0.9429553689064559,
            "ap": 0.809557323287668,
            "f1": 0.7840909090909091,
            "avg_normal_score": 0.18665188550949097,
            "avg_abnormal_score": 3.927654504776001
        },
        {
            "run": 4,
            "train_time": 6.160785913467407,
            "test_time": 0.03278851509094238,
            "epochs": 88,
            "rauc": 0.9501125384277558,
            "ap": 0.8185826682983433,
            "f1": 0.7613636363636364,
            "avg_normal_score": 0.16015872359275818,
            "avg_abnormal_score": 2.3223249912261963
        },
        {
            "run": 5,
            "train_time": 7.528932094573975,
            "test_time": 0.03427267074584961,
            "epochs": 110,
            "rauc": 0.942735781730347,
            "ap": 0.8281317848505255,
            "f1": 0.75,
            "avg_normal_score": 0.1410021334886551,
            "avg_abnormal_score": 3.8114829063415527
        },
        {
            "run": 6,
            "train_time": 6.961103200912476,
            "test_time": 0.03399324417114258,
            "epochs": 103,
            "rauc": 0.9577843653930611,
            "ap": 0.853627040176971,
            "f1": 0.8068181818181818,
            "avg_normal_score": 0.1482485830783844,
            "avg_abnormal_score": 2.612428665161133
        },
        {
            "run": 7,
            "train_time": 6.319894313812256,
            "test_time": 0.03285360336303711,
            "epochs": 93,
            "rauc": 0.9558012187088274,
            "ap": 0.8262953517116727,
            "f1": 0.7784090909090909,
            "avg_normal_score": 0.17981897294521332,
            "avg_abnormal_score": 4.103596210479736
        },
        {
            "run": 8,
            "train_time": 4.990248203277588,
            "test_time": 0.02895188331604004,
            "epochs": 72,
            "rauc": 0.9485617039964864,
            "ap": 0.8127065810779218,
            "f1": 0.7727272727272727,
            "avg_normal_score": 0.23190058767795563,
            "avg_abnormal_score": 4.417289733886719
        },
        {
            "run": 9,
            "train_time": 6.631481885910034,
            "test_time": 0.03398919105529785,
            "epochs": 96,
            "rauc": 0.9226435551163813,
            "ap": 0.7908735196367043,
            "f1": 0.6875,
            "avg_normal_score": 0.17522728443145752,
            "avg_abnormal_score": 4.663515090942383
        }
    ]
}