{
    "model_config": {
        "num_features": 29,
        "hidden_dim": 128,
        "depth": 4,
        "num_heads": 4,
        "mlp_ratio": 4.0,
        "dropout_prob": 0.0,
        "temperature": 1.0,
        "contrastive_loss_weight": 0.1,
        "use_flash_attn": false
    },
    "train_config": {
        "data_dir": "Data/",
        "epochs": 200,
        "learning_rate": 0.001,
        "sche_gamma": 0.95,
        "batch_size": 2048,
        "random_seed": 42,
        "num_workers": 0,
        "preprocess": "standard",
        "patience": 20,
        "min_delta": 0,
        "use_amp": false,
        "model_type": "TAECL",
        "dataset_name": "fraud",
        "base_path": "results/TAECL-temp1.0-contra0.1/fraud/1.0",
        "exp_name": "TAECL-temp1.0-contra0.1",
        "runs": 10,
        "train_ratio": 1.0,
        "run": 9
    },
    "mean_metrics": {
        "rauc": 0.9667553233165387,
        "ap": 0.7193269836271721,
        "f1": 0.7516260162601627,
        "avg_normal": 0.004794108576606959,
        "avg_abnormal": 2.030326950550079,
        "contra_rauc": 0.9363360805056369,
        "contra_ap": 0.2729430098040172,
        "contra_f1": 0.3508819175734982,
        "contra_avg_normal": -1.1892803311347961,
        "contra_avg_abnormal": -1.1879676580429077,
        "combined_rauc": 0.9654279492004602,
        "combined_ap": 0.7183511184254001,
        "combined_f1": 0.7518292682926829,
        "combined_avg_normal": -1.1844862461090089,
        "combined_avg_abnormal": 0.8423593699932098
    },
    "std_metrics": {
        "rauc_std": 0.0014333196194673682,
        "ap_std": 0.027554322560075027,
        "f1_std": 0.02030079835639638,
        "avg_normal_std": 0.0033864491621423292,
        "avg_abnormal_std": 0.41905528785487695,
        "contra_rauc_std": 0.008429798815776286,
        "contra_ap_std": 0.11395610816261581,
        "contra_f1_std": 0.09903739311351173,
        "contra_avg_normal_std": 0.00010182383079547283,
        "contra_avg_abnormal_std": 0.00012674274257877215,
        "combined_rauc_std": 0.0020059791234070547,
        "combined_ap_std": 0.02768102751457861,
        "combined_f1_std": 0.020334347536494653,
        "combined_avg_normal_std": 0.0034634592200466488,
        "combined_avg_abnormal_std": 0.41904061519479924
    },
    "total_time": 13657.881854772568,
    "all_seeds": [
        {
            "run": 0,
            "train_time": 1322.7658641338348,
            "test_time": 7.4450976848602295,
            "epochs": 200,
            "rauc": 0.9689377884472298,
            "ap": 0.7304145056687785,
            "f1": 0.7560975609756098,
            "avg_normal": 0.008015558123588562,
            "avg_abnormal": 1.8723094463348389,
            "contra_rauc": 0.9337864948047615,
            "contra_ap": 0.09590303174844299,
            "contra_f1": 0.1363173957273652,
            "contra_avg_normal": -1.189173698425293,
            "contra_avg_abnormal": -1.188147783279419,
            "combined_rauc": 0.9677661489557537,
            "combined_ap": 0.7294093018499539,
            "combined_f1": 0.7560975609756098,
            "combined_avg_normal": -1.181158185005188,
            "combined_avg_abnormal": 0.6841616630554199
        },
        {
            "run": 1,
            "train_time": 1370.5513842105865,
            "test_time": 8.090847730636597,
            "epochs": 200,
            "rauc": 0.9659162306180105,
            "ap": 0.7362889809757203,
            "f1": 0.7540650406504065,
            "avg_normal": 0.0019233605125918984,
            "avg_abnormal": 2.2556886672973633,
            "contra_rauc": 0.9249754181108688,
            "contra_ap": 0.19831962191640662,
            "contra_f1": 0.2708757637474542,
            "contra_avg_normal": -1.189395546913147,
            "contra_avg_abnormal": -1.18820321559906,
            "combined_rauc": 0.9635058958216307,
            "combined_ap": 0.7353366215870939,
            "combined_f1": 0.7560975609756098,
            "combined_avg_normal": -1.1874721050262451,
            "combined_avg_abnormal": 1.0674855709075928
        },
        {
            "run": 2,
            "train_time": 1363.657589673996,
            "test_time": 7.980030059814453,
            "epochs": 200,
            "rauc": 0.9665908278284657,
            "ap": 0.7321724993264637,
            "f1": 0.758130081300813,
            "avg_normal": 0.0021417427342385054,
            "avg_abnormal": 1.919648289680481,
            "contra_rauc": 0.9474511327542685,
            "contra_ap": 0.4489806515958653,
            "contra_f1": 0.45934959349593496,
            "contra_avg_normal": -1.1894491910934448,
            "contra_avg_abnormal": -1.1879068613052368,
            "combined_rauc": 0.9661884500550573,
            "combined_ap": 0.7317765764011755,
            "combined_f1": 0.7601626016260162,
            "combined_avg_normal": -1.187307596206665,
            "combined_avg_abnormal": 0.7317413687705994
        },
        {
            "run": 3,
            "train_time": 1368.0621876716614,
            "test_time": 7.545238733291626,
            "epochs": 200,
            "rauc": 0.964681202651304,
            "ap": 0.7122017490076255,
            "f1": 0.7601626016260162,
            "avg_normal": 0.009364846162497997,
            "avg_abnormal": 2.0393073558807373,
            "contra_rauc": 0.9253451973225257,
            "contra_ap": 0.2605688597144676,
            "contra_f1": 0.39227642276422764,
            "contra_avg_normal": -1.189093828201294,
            "contra_avg_abnormal": -1.1878623962402344,
            "combined_rauc": 0.9621080895103891,
            "combined_ap": 0.7110445298936148,
            "combined_f1": 0.758130081300813,
            "combined_avg_normal": -1.1797291040420532,
            "combined_avg_abnormal": 0.8514450788497925
        },
        {
            "run": 4,
            "train_time": 1360.1509094238281,
            "test_time": 7.91899037361145,
            "epochs": 200,
            "rauc": 0.9645810764548368,
            "ap": 0.6810519525752516,
            "f1": 0.7296747967479674,
            "avg_normal": 0.007902995683252811,
            "avg_abnormal": 1.4416791200637817,
            "contra_rauc": 0.9263901599468449,
            "contra_ap": 0.13257768058222869,
            "contra_f1": 0.2682926829268293,
            "contra_avg_normal": -1.1892296075820923,
            "contra_avg_abnormal": -1.1880632638931274,
            "combined_rauc": 0.9621877701176877,
            "combined_ap": 0.6796940923204216,
            "combined_f1": 0.7296747967479674,
            "combined_avg_normal": -1.1813265085220337,
            "combined_avg_abnormal": 0.2536160945892334
        },
        {
            "run": 5,
            "train_time": 1367.397632598877,
            "test_time": 7.414836406707764,
            "epochs": 200,
            "rauc": 0.9674563124941594,
            "ap": 0.6672546237221515,
            "f1": 0.7154471544715447,
            "avg_normal": 0.010164165869355202,
            "avg_abnormal": 1.8866276741027832,
            "contra_rauc": 0.9358442432712851,
            "contra_ap": 0.34884183095672955,
            "contra_f1": 0.4247967479674797,
            "contra_avg_normal": -1.1892508268356323,
            "contra_avg_abnormal": -1.1878297328948975,
            "combined_rauc": 0.9657645400737551,
            "combined_ap": 0.6661843437051556,
            "combined_f1": 0.7154471544715447,
            "combined_avg_normal": -1.1790865659713745,
            "combined_avg_abnormal": 0.6987981796264648
        },
        {
            "run": 6,
            "train_time": 1363.6610865592957,
            "test_time": 7.453992128372192,
            "epochs": 200,
            "rauc": 0.9670734366673427,
            "ap": 0.7173122288861135,
            "f1": 0.733739837398374,
            "avg_normal": 0.0018230308778584003,
            "avg_abnormal": 1.7158888578414917,