{
    "model_config": {
        "num_features": 9,
        "hidden_dim": 128,
        "depth": 4,
        "num_heads": 4,
        "mlp_ratio": 4.0,
        "dropout_prob": 0.0,
        "temperature": 0.2,
        "contrastive_loss_weight": 0.01,
        "use_flash_attn": false
    },
    "train_config": {
        "data_dir": "Data/",
        "epochs": 200,
        "learning_rate": 0.001,
        "sche_gamma": 0.95,
        "batch_size": 512,
        "random_seed": 42,
        "num_workers": 0,
        "preprocess": "standard",
        "patience": 10,
        "min_delta": 0,
        "use_amp": false,
        "model_type": "TAECL",
        "dataset_name": "shuttle",
        "base_path": "results/TAECL-temp0.2-contra0.01-combined/shuttle/1.0",
        "exp_name": "TAECL-temp0.2-contra0.01-combined",
        "runs": 10,
        "train_ratio": 1.0
    },
    "mean_metrics": {
        "rauc": 0.9995797933634829,
        "ap": 0.9908943545360387,
        "f1": 0.9865850185132439,
        "avg_normal": 0.11312306337058545,
        "avg_abnormal": 141.06806631088256
    },
    "std_metrics": {
        "rauc_std": 0.00015972081466785482,
        "ap_std": 0.005306203310198178,
        "f1_std": 0.0012955357921440298,
        "avg_normal_std": 0.2649332943385403,
        "avg_abnormal_std": 130.3873952743238
    },
    "total_time": 2499.0200979709625,
    "all_seeds": [
        {
            "rauc": 0.9998692803482678,
            "ap": 0.9991597540592915,
            "f1": 0.9863286812873825,
            "avg_normal": -0.08797835558652878,
            "avg_abnormal": 390.8552551269531,
            "run": 0,
            "epochs": 195,
            "train_time": 302.9583420753479,
            "test_time": 0.5504665374755859
        },
        {
            "rauc": 0.9995599442447759,
            "ap": 0.9915332698235468,
            "f1": 0.9857590430076901,
            "avg_normal": 0.24919192492961884,
            "avg_abnormal": 251.86477661132812,
            "run": 1,
            "epochs": 200,
            "train_time": 300.37896251678467,
            "test_time": 0.4867434501647949
        },
        {
            "rauc": 0.9995876226721333,
            "ap": 0.9906350644584001,
            "f1": 0.9880375961264597,
            "avg_normal": -0.0491332970559597,
            "avg_abnormal": 13.712239265441895,
            "run": 2,
            "epochs": 199,
            "train_time": 122.18992018699646,
            "test_time": 0.5811738967895508
        },
        {
            "rauc": 0.9995768262110784,
            "ap": 0.9915268285304054,
            "f1": 0.9854742238678439,
            "avg_normal": -0.019625596702098846,
            "avg_abnormal": 85.55159759521484,
            "run": 3,
            "epochs": 190,
            "train_time": 113.36285185813904,
            "test_time": 0.47732973098754883
        },
        {
            "rauc": 0.9995518968826006,
            "ap": 0.9900032354178215,
            "f1": 0.9843349473084592,
            "avg_normal": -0.07723185420036316,
            "avg_abnormal": 18.985647201538086,
            "run": 4,
            "epochs": 200,
            "train_time": 289.4495985507965,
            "test_time": 0.586627721786499
        },
        {
            "rauc": 0.9993955481317668,
            "ap": 0.9818315322207423,
            "f1": 0.9874679578467673,
            "avg_normal": 0.33981063961982727,
            "avg_abnormal": 11.559150695800781,
            "run": 5,
            "epochs": 200,
            "train_time": 308.64486503601074,
            "test_time": 0.5135986804962158
        },
        {
            "rauc": 0.9998530231771654,
            "ap": 0.9989551336046897,
            "f1": 0.9863286812873825,
            "avg_normal": -0.08136703819036484,
            "avg_abnormal": 300.5910949707031,
            "run": 6,
            "epochs": 197,
            "train_time": 305.2759039402008,
            "test_time": 0.6650922298431396
        },
        {
            "rauc": 0.999547841961753,
            "ap": 0.9934837376972604,
            "f1": 0.9863286812873825,
            "avg_normal": -0.022717207670211792,
            "avg_abnormal": 77.49919128417969,
            "run": 7,
            "epochs": 200,
            "train_time": 318.4839541912079,
            "test_time": 0.5914797782897949
        },
        {
            "rauc": 0.9993432902612436,
            "ap": 0.9839052220093333,
            "f1": 0.9866135004272287,
            "avg_normal": 0.09285959601402283,
            "avg_abnormal": 44.5069465637207,
            "run": 8,
            "epochs": 185,
            "train_time": 168.65720987319946,
            "test_time": 0.5543618202209473
        },
        {
            "rauc": 0.9995126597440442,
            "ap": 0.9879097675388964,
            "f1": 0.9891768726858445,
            "avg_normal": 0.7874218225479126,
            "avg_abnormal": 215.5547637939453,
            "run": 9,
            "epochs": 200,
            "train_time": 261.93505597114563,
            "test_time": 0.5109715461730957
        }
    ]
}