{
    "model_config": {
        "num_heads": 4,
        "num_latents": 2,
        "num_memories": 15,
        "depth": 4,
        "hidden_dim": 16,
        "mlp_ratio": 4.0,
        "dropout_prob": 0.0,
        "temperature": 0.1,
        "sim_type": "cos",
        "use_oe": true,
        "oe_lambda": 1.0,
        "oe_shuffle_ratio": 0.1,
        "oe_lambda_memory": 0.0,
        "is_weight_sharing": false,
        "use_pos_enc_as_query": false,
        "use_mask_token": false,
        "num_features": 8
    },
    "train_config": {
        "data_dir": "Data/",
        "epochs": 250,
        "learning_rate": 0.01,
        "sche_gamma": 0.95,
        "batch_size": 512,
        "random_seed": 42,
        "num_workers": 0,
        "preprocess": "standard",
        "model_type": "OELATTE",
        "dataset_name": "pima",
        "train_ratio": 1.0,
        "base_path": "results/OELATTE-d16-oe_lam1.0-oe_rat0.1/pima/1.0",
        "not_use_power_of_two": false,
        "num_memories_not_use_power_of_two": false,
        "num_memories_twice": false,
        "contamination_ratio": null,
        "latent_ratio": null,
        "memory_ratio": null,
        "run": 9
    },
    "mean_metrics": {
        "AUC-ROC": 0.695865671641791,
        "AUC-PR": 0.6864051160327209,
        "f1": 0.6597014925373135
    },
    "total_time": 132.46968412399292,
    "all_seeds": [
        {
            "run": 0,
            "AUC-ROC": 0.6911641791044776,
            "AUC-PR": 0.6807972701212126,
            "f1": 0.6604477611940298,
            "train_time": 13.66223931312561,
            "test_time": 0.011813163757324219,
            "epochs": 250
        },
        {
            "run": 1,
            "AUC-ROC": 0.6761194029850746,
            "AUC-PR": 0.6523816447899352,
            "f1": 0.664179104477612,
            "train_time": 8.035566329956055,
            "test_time": 0.0266263484954834,
            "epochs": 250
        },
        {
            "run": 2,
            "AUC-ROC": 0.7231044776119404,
            "AUC-PR": 0.7145140517117612,
            "f1": 0.6791044776119403,
            "train_time": 14.346610307693481,
            "test_time": 0.024331092834472656,
            "epochs": 250
        },
        {
            "run": 3,
            "AUC-ROC": 0.7140447761194031,
            "AUC-PR": 0.7056326231201138,
            "f1": 0.6753731343283582,
            "train_time": 14.225030899047852,
            "test_time": 0.024575233459472656,
            "epochs": 250
        },
        {
            "run": 4,
            "AUC-ROC": 0.7032388059701492,
            "AUC-PR": 0.6963789922187744,
            "f1": 0.6529850746268657,
            "train_time": 14.596657037734985,
            "test_time": 0.025369882583618164,
            "epochs": 250
        },
        {
            "run": 5,
            "AUC-ROC": 0.7041194029850746,
            "AUC-PR": 0.6940928845212583,
            "f1": 0.6529850746268657,
            "train_time": 10.240028142929077,
            "test_time": 0.01178598403930664,
            "epochs": 250
        },
        {
            "run": 6,
            "AUC-ROC": 0.6713432835820895,
            "AUC-PR": 0.6640841508399578,
            "f1": 0.6268656716417911,
            "train_time": 12.247134447097778,
            "test_time": 0.024614334106445312,
            "epochs": 250
        },
        {
            "run": 7,
            "AUC-ROC": 0.6777910447761195,
            "AUC-PR": 0.6628832552490027,
            "f1": 0.6455223880597015,
            "train_time": 14.445932149887085,
            "test_time": 0.027120351791381836,
            "epochs": 250
        },
        {
            "run": 8,
            "AUC-ROC": 0.670268656716418,
            "AUC-PR": 0.6766434984944985,
            "f1": 0.6492537313432836,
            "train_time": 14.454657793045044,
            "test_time": 0.02461099624633789,
            "epochs": 250
        },
        {
            "run": 9,
            "AUC-ROC": 0.7274626865671643,
            "AUC-PR": 0.716642789260695,
            "f1": 0.6902985074626866,
            "train_time": 14.409857988357544,
            "test_time": 0.02651071548461914,
            "epochs": 250
        }
    ]
}