{
    "model_config": {
        "num_heads": 4,
        "num_latents": 3,
        "num_memories": 10,
        "depth": 4,
        "hidden_dim": 16,
        "mlp_ratio": 4.0,
        "dropout_prob": 0.0,
        "temperature": 0.1,
        "sim_type": "cos",
        "use_oe": true,
        "oe_lambda": 0.1,
        "oe_shuffle_ratio": 0.5,
        "oe_lambda_memory": 0.1,
        "is_weight_sharing": false,
        "use_pos_enc_as_query": false,
        "use_mask_token": false,
        "num_features": 9
    },
    "train_config": {
        "data_dir": "Data/",
        "epochs": 250,
        "learning_rate": 0.01,
        "sche_gamma": 0.95,
        "batch_size": 512,
        "random_seed": 42,
        "num_workers": 0,
        "preprocess": "standard",
        "model_type": "OELATTE",
        "dataset_name": "glass",
        "train_ratio": 1.0,
        "base_path": "results/OELATTE-d16-oe_lam0.1-oe_rat0.5-oe_lam_mem0.1/glass/1.0",
        "not_use_power_of_two": false,
        "num_memories_not_use_power_of_two": false,
        "num_memories_twice": false,
        "contamination_ratio": null,
        "latent_ratio": null,
        "memory_ratio": null,
        "run": 9
    },
    "mean_metrics": {
        "AUC-ROC": 0.8363538295577131,
        "AUC-PR": 0.28750179601966064,
        "f1": 0.2111111111111111
    },
    "total_time": 61.27133774757385,
    "all_seeds": [
        {
            "run": 0,
            "AUC-ROC": 0.8554476806903991,
            "AUC-PR": 0.25709809074504414,
            "f1": 0.2222222222222222,
            "train_time": 6.94068169593811,
            "test_time": 0.01787590980529785,
            "epochs": 124
        },
        {
            "run": 1,
            "AUC-ROC": 0.8878101402373246,
            "AUC-PR": 0.3988823704268626,
            "f1": 0.3333333333333333,
            "train_time": 6.333255290985107,
            "test_time": 0.019054889678955078,
            "epochs": 123
        },
        {
            "run": 2,
            "AUC-ROC": 0.7950377562028047,
            "AUC-PR": 0.33683313936300185,
            "f1": 0.3333333333333333,
            "train_time": 5.5299928188323975,
            "test_time": 0.018775224685668945,
            "epochs": 128
        },
        {
            "run": 3,
            "AUC-ROC": 0.8694714131607335,
            "AUC-PR": 0.25424719887955183,
            "f1": 0.1111111111111111,
            "train_time": 5.6174962520599365,
            "test_time": 0.01756739616394043,
            "epochs": 109
        },
        {
            "run": 4,
            "AUC-ROC": 0.7799352750809061,
            "AUC-PR": 0.24408939687605505,
            "f1": 0.2222222222222222,
            "train_time": 4.99693489074707,
            "test_time": 0.017227649688720703,
            "epochs": 100
        },
        {
            "run": 5,
            "AUC-ROC": 0.8112189859762675,
            "AUC-PR": 0.22596191600319568,
            "f1": 0.1111111111111111,
            "train_time": 5.597160577774048,
            "test_time": 0.016428709030151367,
            "epochs": 113
        },
        {
            "run": 6,
            "AUC-ROC": 0.9137001078748652,
            "AUC-PR": 0.33302347520613773,
            "f1": 0.1111111111111111,
            "train_time": 5.835932970046997,
            "test_time": 0.013573408126831055,
            "epochs": 114
        },
        {
            "run": 7,
            "AUC-ROC": 0.7195253505933117,
            "AUC-PR": 0.19884367162762848,
            "f1": 0.2222222222222222,
            "train_time": 6.465910196304321,
            "test_time": 0.019664287567138672,
            "epochs": 124
        },
        {
            "run": 8,
            "AUC-ROC": 0.884573894282632,
            "AUC-PR": 0.2934135622658297,
            "f1": 0.2222222222222222,
            "train_time": 6.448335409164429,
            "test_time": 0.014337778091430664,
            "epochs": 127
        },
        {
            "run": 9,
            "AUC-ROC": 0.8468176914778857,
            "AUC-PR": 0.3326251388032997,
            "f1": 0.2222222222222222,
            "train_time": 5.5334084033966064,
            "test_time": 0.01817631721496582,
            "epochs": 109
        }
    ]
}