{
    "model_config": {
        "num_features": 33,
        "hidden_dim": 64,
        "depth": 4,
        "num_heads": 4,
        "mlp_ratio": 4.0,
        "dropout_prob": 0.0,
        "temperature": 1.0,
        "contrastive_loss_weight": 0.01,
        "use_flash_attn": false
    },
    "train_config": {
        "data_dir": "Data/",
        "epochs": 200,
        "learning_rate": 0.01,
        "sche_gamma": 0.95,
        "batch_size": 512,
        "random_seed": 42,
        "num_workers": 0,
        "preprocess": "standard",
        "patience": 10,
        "min_delta": 0,
        "use_amp": false,
        "model_type": "TAECL",
        "dataset_name": "ionosphere",
        "base_path": "results/TAECL-temp1.0-contra0.01/ionosphere/1.0",
        "exp_name": "TAECL-temp1.0-contra0.01",
        "runs": 10,
        "train_ratio": 1.0,
        "run": 9
    },
    "mean_metrics": {
        "rauc": 0.9743573535608933,
        "ap": 0.9797584548803611,
        "f1": 0.9174603174603175,
        "avg_normal": 0.19096799343824386,
        "avg_abnormal": 3.0681989669799803,
        "contra_rauc": 0.6244416350611041,
        "contra_ap": 0.5767433064577505,
        "contra_f1": 0.6484126984126984,
        "contra_avg_normal": -0.05225096307694912,
        "contra_avg_abnormal": -0.05175880938768387,
        "combined_rauc": 0.9742098609355248,
        "combined_ap": 0.9796733818958183,
        "combined_f1": 0.9174603174603175,
        "combined_avg_normal": 0.13871702924370766,
        "combined_avg_abnormal": 3.0164401054382326
    },
    "std_metrics": {
        "rauc_std": 0.008196676809348147,
        "ap_std": 0.006110154956896158,
        "f1_std": 0.01634227006505874,
        "avg_normal_std": 0.05459785457975229,
        "avg_abnormal_std": 0.3920503176564253,
        "contra_rauc_std": 0.05367549831134894,
        "contra_ap_std": 0.05551073295618045,
        "contra_f1_std": 0.048801457586168925,
        "contra_avg_normal_std": 0.0007470707562673777,
        "contra_avg_abnormal_std": 0.0012253010150039287,
        "combined_rauc_std": 0.00825964674371836,
        "combined_ap_std": 0.006138973668931561,
        "combined_f1_std": 0.01634227006505874,
        "combined_avg_normal_std": 0.05450359284756205,
        "combined_avg_abnormal_std": 0.3918398998881329
    },
    "total_time": 103.4341151714325,
    "all_seeds": [
        {
            "run": 0,
            "train_time": 10.581243515014648,
            "test_time": 0.04083752632141113,
            "epochs": 200,
            "rauc": 0.97984267453294,
            "ap": 0.9852208449908024,
            "f1": 0.9206349206349206,
            "avg_normal": 0.1441362053155899,
            "avg_abnormal": 2.9610302448272705,
            "contra_rauc": 0.596291613990729,
            "contra_ap": 0.5339585601216649,
            "contra_f1": 0.6507936507936508,
            "contra_avg_normal": -0.051875244826078415,
            "contra_avg_abnormal": -0.052164845168590546,
            "combined_rauc": 0.9797724399494311,
            "combined_ap": 0.9852311484529837,
            "combined_f1": 0.9206349206349206,
            "combined_avg_normal": 0.09226097911596298,
            "combined_avg_abnormal": 2.9088656902313232
        },
        {
            "run": 1,
            "train_time": 10.777788877487183,
            "test_time": 0.03181648254394531,
            "epochs": 200,
            "rauc": 0.9613709790700942,
            "ap": 0.9706671243455217,
            "f1": 0.9047619047619048,
            "avg_normal": 0.11896193027496338,
            "avg_abnormal": 2.495678424835205,
            "contra_rauc": 0.5563281359741536,
            "contra_ap": 0.5107079598429095,
            "contra_f1": 0.6031746031746031,
            "contra_avg_normal": -0.0531960055232048,
            "contra_avg_abnormal": -0.05368645861744881,
            "combined_rauc": 0.9609495715690406,
            "combined_ap": 0.9704612515459392,
            "combined_f1": 0.9047619047619048,
            "combined_avg_normal": 0.06576592475175858,
            "combined_avg_abnormal": 2.4419913291931152
        },
        {
            "run": 2,
            "train_time": 9.55984115600586,
            "test_time": 0.04590153694152832,
            "epochs": 200,
            "rauc": 0.9816687737041719,
            "ap": 0.9855558324521174,
            "f1": 0.9285714285714286,
            "avg_normal": 0.25531938672065735,
            "avg_abnormal": 3.4762699604034424,
            "contra_rauc": 0.6451046495294284,
            "contra_ap": 0.6581370875628403,
            "contra_f1": 0.6190476190476191,
            "contra_avg_normal": -0.05178311839699745,
            "contra_avg_abnormal": -0.05081730708479881,
            "combined_rauc": 0.9814580699536453,
            "combined_ap": 0.9853833905592247,
            "combined_f1": 0.9285714285714286,
            "combined_avg_normal": 0.20353630185127258,
            "combined_avg_abnormal": 3.4254519939422607
        },
        {
            "run": 3,
            "train_time": 9.93550157546997,
            "test_time": 0.04687643051147461,
            "epochs": 200,
            "rauc": 0.9784379828627616,
            "ap": 0.9820688909072643,
            "f1": 0.9365079365079365,
            "avg_normal": 0.18805374205112457,
            "avg_abnormal": 2.844609022140503,
            "contra_rauc": 0.6588003933136677,
            "contra_ap": 0.5802604615444145,
            "contra_f1": 0.6825396825396826,
            "contra_avg_normal": -0.051458653062582016,
            "contra_avg_abnormal": -0.05031012371182442,
            "combined_rauc": 0.9784379828627616,
            "combined_ap": 0.982029756917137,
            "combined_f1": 0.9365079365079365,
            "combined_avg_normal": 0.13659510016441345,
            "combined_avg_abnormal": 2.7942988872528076
        },
        {
            "run": 4,
            "train_time": 9.927841424942017,
            "test_time": 0.04139971733093262,
            "epochs": 200,
            "rauc": 0.9771737603596011,
            "ap": 0.9812222643698698,
            "f1": 0.9126984126984127,
            "avg_normal": 0.2505272924900055,
            "avg_abnormal": 3.056666612625122,
            "contra_rauc": 0.6939176850681275,
            "contra_ap": 0.6061970039516823,
            "contra_f1": 0.7380952380952381,
            "contra_avg_normal": -0.05213918164372444,
            "contra_avg_abnormal": -0.05020593851804733,
            "combined_rauc": 0.9771035257760922,
            "combined_ap": 0.9811751581774653,
            "combined_f1": 0.9126984126984127,
            "combined_avg_normal": 0.19838811457157135,
            "combined_avg_abnormal": 3.006460666656494
        },
        {
            "run": 5,
            "train_time": 10.470479249954224,
            "test_time": 0.02965092658996582,
            "epochs": 200,
            "rauc": 0.9812473662031185,
            "ap": 0.9855534071351776,
            "f1": 0.9365079365079365,
            "avg_normal": 0.18107998371124268,
            "avg_abnormal": 3.440330743789673,
            "contra_rauc": 0.6767804466919511,
            "contra_ap": 0.6357702947022477,
            "contra_f1": 0.6825396825396826,
            "contra_avg_normal": -0.05278473347425461,
            "contra_avg_abnormal": -0.05170968174934387,
            "combined_rauc": 0.980896193285574,
            "combined_ap": 0.9853685639406431,
            "combined_f1": 0.9365079365079365,
            "combined_avg_normal": 0.12829524278640747,
            "combined_avg_abnormal": 3.3886213302612305
        },
        {
            "run": 6,
            "train_time": 9.711413621902466,
            "test_time": 0.03750896453857422,
            "epochs": 200,
            "rauc": 0.9626352015732547,
            "ap": 0.9703726826955674,
            "f1": 0.8888888888888888,
            "avg_normal": 0.15819105505943298,
            "avg_abnormal": 2.8077802658081055,