{
    "model_config": {
        "num_features": 9,
        "hidden_dim": 64,
        "depth": 4,
        "depth_enc": null,
        "depth_dec": null,
        "num_heads": 4,
        "mlp_ratio": 4.0,
        "dropout_prob": 0.0,
        "temperature": 0.1,
        "byol_loss_weight": 0.1,
        "dacl_alpha": 0.9,
        "projector_dim": null,
        "byol_momentum": 0.99,
        "use_flash_attn": false
    },
    "train_config": {
        "data_dir": "Data/",
        "epochs": 200,
        "learning_rate": 0.01,
        "sche_gamma": 0.95,
        "batch_size": 128,
        "random_seed": 42,
        "num_workers": 0,
        "preprocess": "standard",
        "patience": 10,
        "min_delta": 0,
        "use_amp": false,
        "model_type": "TAEDACL",
        "dataset_name": "breastw",
        "base_path": "results/TAEDACL-260125-bw0.1-ap0.9-ep200-ep60_combined/breastw/1.0",
        "exp_name": "TAEDACL-260125-bw0.1-ap0.9-ep200-ep60_combined",
        "runs": 10,
        "train_ratio": 1.0
    },
    "start_time_kst": "2026-01-25T16:14:55+09:00",
    "mean_metrics": {
        "rauc": 0.9877492555316824,
        "ap": 0.984107463226748,
        "f1": 0.9589958158995817,
        "avg_normal": -0.8639012575149536,
        "avg_abnormal": 12.901408195495605
    },
    "std_metrics": {
        "rauc_std": 0.002878532399753331,
        "ap_std": 0.0062361928449197355,
        "f1_std": 0.004879457652590192,
        "avg_normal_std": 0.18905398996026404,
        "avg_abnormal_std": 2.677604524987611
    },
    "total_time": 234.8850474357605,
    "all_seeds": [
        {
            "rauc": 0.9853933431339289,
            "ap": 0.9839757205510035,
            "f1": 0.9539748953974896,
            "avg_normal": -0.9612618088722229,
            "avg_abnormal": 13.613797187805176,
            "run": 0,
            "epochs": 143,
            "train_time": 26.396243810653687,
            "test_time": 0.06966638565063477
        },
        {
            "rauc": 0.9866372648799427,
            "ap": 0.9824803546984211,
            "f1": 0.9539748953974896,
            "avg_normal": -0.7491124868392944,
            "avg_abnormal": 11.95650863647461,
            "run": 1,
            "epochs": 131,
            "train_time": 23.2130708694458,
            "test_time": 0.05525088310241699
        },
        {
            "rauc": 0.9929134155075577,
            "ap": 0.9926033011801647,
            "f1": 0.9665271966527197,
            "avg_normal": -1.1434582471847534,
            "avg_abnormal": 10.777358055114746,
            "run": 2,
            "epochs": 158,
            "train_time": 28.528303146362305,
            "test_time": 0.05559277534484863
        },
        {
            "rauc": 0.9830185834369934,
            "ap": 0.9690447930913377,
            "f1": 0.9539748953974896,
            "avg_normal": -0.4751511216163635,
            "avg_abnormal": 18.488788604736328,
            "run": 3,
            "epochs": 147,
            "train_time": 26.780171632766724,
            "test_time": 0.06757521629333496
        },
        {
            "rauc": 0.9866938067774887,
            "ap": 0.9850212386293777,
            "f1": 0.9539748953974896,
            "avg_normal": -0.6841562390327454,
            "avg_abnormal": 14.878042221069336,
            "run": 4,
            "epochs": 133,
            "train_time": 24.01644015312195,
            "test_time": 0.0534060001373291
        },
        {
            "rauc": 0.9869765162652191,
            "ap": 0.9809837957908334,
            "f1": 0.9623430962343096,
            "avg_normal": -0.9921095371246338,
            "avg_abnormal": 10.305343627929688,
            "run": 5,
            "epochs": 98,
            "train_time": 15.992366313934326,
            "test_time": 0.05444693565368652
        },
        {
            "rauc": 0.9886539258924196,
            "ap": 0.9867092658503118,
            "f1": 0.9623430962343096,
            "avg_normal": -0.8446123003959656,
            "avg_abnormal": 13.654303550720215,
            "run": 6,
            "epochs": 142,
            "train_time": 25.460182666778564,
            "test_time": 0.05178713798522949
        },
        {
            "rauc": 0.9857702891175694,
            "ap": 0.9815473072744694,
            "f1": 0.9581589958158996,
            "avg_normal": -0.8448402285575867,
            "avg_abnormal": 12.115187644958496,
            "run": 7,
            "epochs": 107,
            "train_time": 16.712735176086426,
            "test_time": 0.05173516273498535
        },
        {
            "rauc": 0.9919333559500924,
            "ap": 0.9913787237923585,
            "f1": 0.9665271966527197,
            "avg_normal": -1.0997501611709595,
            "avg_abnormal": 8.497084617614746,
            "run": 8,
            "epochs": 121,
            "train_time": 21.45736074447632,
            "test_time": 0.05209541320800781
        },
        {
            "rauc": 0.9895020543556108,
            "ap": 0.9873301314092019,
            "f1": 0.9581589958158996,
            "avg_normal": -0.844560444355011,
            "avg_abnormal": 14.727667808532715,
            "run": 9,
            "epochs": 133,
            "train_time": 23.630661010742188,
            "test_time": 0.05144929885864258
        }
    ]
}