{
    "model_config": {
        "hidden_dim": 128,
        "depth": 4,
        "num_heads": 4,
        "mlp_ratio": 4.0,
        "dropout_prob": 0.0,
        "num_prototypes": 32,
        "temperature": 0.1,
        "sinkhorn_iters": 3,
        "sinkhorn_eps": 0.1,
        "contrastive_loss_weight": 1.0,
        "use_flash_attn": false,
        "num_features": 30
    },
    "train_config": {
        "data_dir": "Data/",
        "epochs": 250,
        "learning_rate": 0.01,
        "sche_gamma": 0.95,
        "batch_size": 16,
        "random_seed": 42,
        "num_workers": 0,
        "preprocess": "standard",
        "patience": 5,
        "use_amp": false,
        "model_type": "ProtoAD",
        "dataset_name": "wbc",
        "base_path": "results/ProtoAD-d128-proto32-eps0.1-contra1.0-temp0.1/wbc/1.0",
        "exp_name": "ProtoAD-d128-proto32-eps0.1-contra1.0-temp0.1",
        "runs": 10,
        "train_ratio": 1.0,
        "run": 9
    },
    "mean_metrics": {
        "rauc": 0.9399574354881617,
        "ap": 0.7481219573398062,
        "f1": 0.6619047619047619,
        "entropy_rauc": 0.2656557595105081,
        "entropy_ap": 0.08162597665307458,
        "entropy_f1": 0.03809523809523809,
        "avg_normal_entropy": 3.3564613580703737,
        "avg_abnormal_entropy": 3.2902641534805297,
        "avg_normal_recon": 1.0763675808906554,
        "avg_abnormal_recon": 9.824664735794068
    },
    "std_metrics": {
        "rauc_std": 0.023486252502734034,
        "ap_std": 0.05318991831332506,
        "f1_std": 0.04971574528052643,
        "entropy_rauc_std": 0.14605376719199717,
        "entropy_ap_std": 0.01991928586270784,
        "entropy_f1_std": 0.051287283877471466,
        "avg_normal_entropy_std": 0.0990177351799013,
        "avg_abnormal_entropy_std": 0.16661708437657857,
        "avg_normal_recon_std": 0.18036948850744225,
        "avg_abnormal_recon_std": 1.0632934232294107
    },
    "total_time": 30.285136222839355,
    "all_seeds": [
        {
            "run": 0,
            "train_time": 4.075271368026733,
            "test_time": 0.08469557762145996,
            "epochs": 6,
            "rauc": 0.9422718808193669,
            "ap": 0.7528430112791193,
            "f1": 0.6666666666666666,
            "entropy_rauc": 0.26097366320830007,
            "entropy_ap": 0.07319027529528067,
            "entropy_f1": 0.0,
            "avg_normal_entropy": 3.2415547370910645,
            "avg_abnormal_entropy": 3.0456326007843018,
            "avg_normal_recon": 1.328934669494629,
            "avg_abnormal_recon": 9.987975120544434
        },
        {
            "run": 1,
            "train_time": 4.012111186981201,
            "test_time": 0.08375811576843262,
            "epochs": 8,
            "rauc": 0.9297685554668795,
            "ap": 0.7032820624991579,
            "f1": 0.6666666666666666,
            "entropy_rauc": 0.18143123171056133,
            "entropy_ap": 0.06470273440334476,
            "entropy_f1": 0.0,
            "avg_normal_entropy": 3.2891757488250732,
            "avg_abnormal_entropy": 3.1793956756591797,
            "avg_normal_recon": 0.8880420923233032,
            "avg_abnormal_recon": 9.298096656799316
        },
        {
            "run": 2,
            "train_time": 2.4642841815948486,
            "test_time": 0.05213665962219238,
            "epochs": 7,
            "rauc": 0.9507847831870178,
            "ap": 0.8025590199947468,
            "f1": 0.6666666666666666,
            "entropy_rauc": 0.23623304070231446,
            "entropy_ap": 0.07627364283264418,
            "entropy_f1": 0.047619047619047616,
            "avg_normal_entropy": 3.3605854511260986,
            "avg_abnormal_entropy": 3.290853261947632,
            "avg_normal_recon": 0.8395096063613892,
            "avg_abnormal_recon": 7.830061435699463
        },
        {
            "run": 3,
            "train_time": 2.0012385845184326,
            "test_time": 0.042195796966552734,
            "epochs": 10,
            "rauc": 0.9257781324820431,
            "ap": 0.6709295997531606,
            "f1": 0.5714285714285714,
            "entropy_rauc": 0.4855014631550944,
            "entropy_ap": 0.10135709227661394,
            "entropy_f1": 0.0,
            "avg_normal_entropy": 3.4111900329589844,
            "avg_abnormal_entropy": 3.3891775608062744,
            "avg_normal_recon": 1.050430417060852,
            "avg_abnormal_recon": 9.382452964782715
        },
        {
            "run": 4,
            "train_time": 1.3820912837982178,
            "test_time": 0.04297018051147461,
            "epochs": 7,
            "rauc": 0.9470603884011705,
            "ap": 0.766974539941647,
            "f1": 0.6190476190476191,
            "entropy_rauc": 0.18488959829741952,
            "entropy_ap": 0.10255635604058391,
            "entropy_f1": 0.14285714285714285,
            "avg_normal_entropy": 3.2586445808410645,
            "avg_abnormal_entropy": 3.0247175693511963,
            "avg_normal_recon": 1.0790749788284302,
            "avg_abnormal_recon": 9.652433395385742
        },
        {
            "run": 5,
            "train_time": 2.1768903732299805,
            "test_time": 0.041993141174316406,
            "epochs": 11,
            "rauc": 0.9534450651769087,
            "ap": 0.7645317706975032,
            "f1": 0.7142857142857143,
            "entropy_rauc": 0.18156424581005587,
            "entropy_ap": 0.06416200536348111,
            "entropy_f1": 0.0,
            "avg_normal_entropy": 3.46532940864563,
            "avg_abnormal_entropy": 3.465299367904663,
            "avg_normal_recon": 1.1304892301559448,
            "avg_abnormal_recon": 11.527803421020508
        },
        {
            "run": 6,
            "train_time": 5.062896251678467,
            "test_time": 0.04194498062133789,
            "epochs": 24,
            "rauc": 0.9587656291566906,
            "ap": 0.7850486960477128,
            "f1": 0.6666666666666666,
            "entropy_rauc": 0.08034051609470605,
            "entropy_ap": 0.059553007700314804,
            "entropy_f1": 0.0,
            "avg_normal_entropy": 3.4654908180236816,
            "avg_abnormal_entropy": 3.463332414627075,
            "avg_normal_recon": 0.9102994799613953,
            "avg_abnormal_recon": 10.297587394714355
        },
        {
            "run": 7,
            "train_time": 1.2123095989227295,
            "test_time": 0.041665077209472656,
            "epochs": 6,
            "rauc": 0.8776270284650173,
            "ap": 0.6483433510681011,
            "f1": 0.6190476190476191,
            "entropy_rauc": 0.3825485501463155,
            "entropy_ap": 0.09423310800107501,
            "entropy_f1": 0.09523809523809523,
            "avg_normal_entropy": 3.188288450241089,
            "avg_abnormal_entropy": 3.158851146697998,
            "avg_normal_recon": 1.4369032382965088,
            "avg_abnormal_recon": 8.592940330505371
        },
        {
            "run": 8,
            "train_time": 3.9264659881591797,
            "test_time": 0.0427548885345459,
            "epochs": 21,
            "rauc": 0.9529130087789306,
            "ap": 0.7678505510617082,
            "f1": 0.6666666666666666,
            "entropy_rauc": 0.12330407023144453,
            "entropy_ap": 0.06131579095615533,
            "entropy_f1": 0.0,
            "avg_normal_entropy": 3.4647345542907715,
            "avg_abnormal_entropy": 3.4633030891418457,
            "avg_normal_recon": 0.9891335368156433,
            "avg_abnormal_recon": 10.614460945129395
        },
        {
            "run": 9,
            "train_time": 1.380796194076538,
            "test_time": 0.04245615005493164,
            "epochs": 7,
            "rauc": 0.9611598829475925,
            "ap": 0.8188569710552049,
            "f1": 0.7619047619047619,
            "entropy_rauc": 0.5397712157488693,
            "entropy_ap": 0.11891575366125204,
            "entropy_f1": 0.09523809523809523,