{
    "model_config": {
        "hidden_dim": 32,
        "depth": 4,
        "num_heads": 4,
        "mlp_ratio": 4.0,
        "dropout_prob": 0.0,
        "num_prototypes": 5,
        "temperature": 0.1,
        "sinkhorn_iters": 3,
        "sinkhorn_eps": 0.05,
        "contrastive_loss_weight": 1.0,
        "use_flash_attn": false,
        "num_features": 36
    },
    "train_config": {
        "data_dir": "Data/",
        "epochs": 250,
        "learning_rate": 0.01,
        "sche_gamma": 0.95,
        "batch_size": 512,
        "random_seed": 42,
        "num_workers": 0,
        "preprocess": "standard",
        "patience": 20,
        "use_amp": false,
        "model_type": "ProtoAD",
        "dataset_name": "satellite",
        "base_path": "results/ProtoAD-d32-proto5-eps0.05-contra1.0-temp0.1/satellite/1.0",
        "exp_name": "ProtoAD-d32-proto5-eps0.05-contra1.0-temp0.1",
        "runs": 10,
        "train_ratio": 1.0,
        "run": 9
    },
    "mean_metrics": {
        "rauc": 0.8308719414181104,
        "ap": 0.8576028331198945,
        "f1": 0.7408644400785855,
        "entropy_rauc": 0.6152753281836042,
        "entropy_ap": 0.5897574393623567,
        "entropy_f1": 0.5640471512770138,
        "avg_normal_entropy": 0.07242860719561577,
        "avg_abnormal_entropy": 0.12126228287816047,
        "avg_normal_recon": 0.16750427484512329,
        "avg_abnormal_recon": 2.2091296672821046
    },
    "std_metrics": {
        "rauc_std": 0.01563225709182977,
        "ap_std": 0.010786843939365805,
        "f1_std": 0.010839382494407638,
        "entropy_rauc_std": 0.07454736283419988,
        "entropy_ap_std": 0.08043828195293085,
        "entropy_f1_std": 0.0494361856569297,
        "avg_normal_entropy_std": 0.10042522589275785,
        "avg_abnormal_entropy_std": 0.1324780910194966,
        "avg_normal_recon_std": 0.03633406729967263,
        "avg_abnormal_recon_std": 0.4102713837800349
    },
    "total_time": 354.24042439460754,
    "all_seeds": [
        {
            "run": 0,
            "train_time": 37.141618490219116,
            "test_time": 0.09757399559020996,
            "epochs": 167,
            "rauc": 0.833171548490802,
            "ap": 0.8626984294044446,
            "f1": 0.7558939096267191,
            "entropy_rauc": 0.7032758081800321,
            "entropy_ap": 0.6876421664215155,
            "entropy_f1": 0.6144400785854617,
            "avg_normal_entropy": 0.03572797775268555,
            "avg_abnormal_entropy": 0.1384822577238083,
            "avg_normal_recon": 0.1522795408964157,
            "avg_abnormal_recon": 2.156379222869873
        },
        {
            "run": 1,
            "train_time": 42.44598698616028,
            "test_time": 0.09540224075317383,
            "epochs": 193,
            "rauc": 0.819265717092338,
            "ap": 0.8453868832050331,
            "f1": 0.7239685658153242,
            "entropy_rauc": 0.7254072155742095,
            "entropy_ap": 0.7307268016077165,
            "entropy_f1": 0.6222986247544204,
            "avg_normal_entropy": 0.06469665467739105,
            "avg_abnormal_entropy": 0.2197742909193039,
            "avg_normal_recon": 0.19636671245098114,
            "avg_abnormal_recon": 2.167325496673584
        },
        {
            "run": 2,
            "train_time": 42.99848985671997,
            "test_time": 0.09723854064941406,
            "epochs": 194,
            "rauc": 0.8013884175745669,
            "ap": 0.8396372676534992,
            "f1": 0.7357563850687623,
            "entropy_rauc": 0.5287178514020361,
            "entropy_ap": 0.5130754274056557,
            "entropy_f1": 0.5555009823182712,
            "avg_normal_entropy": 0.02693500742316246,
            "avg_abnormal_entropy": 0.029488591477274895,
            "avg_normal_recon": 0.1678249090909958,
            "avg_abnormal_recon": 2.013002872467041
        },
        {
            "run": 3,
            "train_time": 40.12308359146118,
            "test_time": 0.09742307662963867,
            "epochs": 181,
            "rauc": 0.8552241471691374,
            "ap": 0.8772114659451591,
            "f1": 0.7588408644400786,
            "entropy_rauc": 0.4961691819967851,
            "entropy_ap": 0.4767241637632408,
            "entropy_f1": 0.4724950884086444,
            "avg_normal_entropy": 0.052779123187065125,
            "avg_abnormal_entropy": 0.04899505153298378,
            "avg_normal_recon": 0.13988550007343292,
            "avg_abnormal_recon": 2.0536398887634277
        },
        {
            "run": 4,
            "train_time": 39.43624997138977,
            "test_time": 0.09511804580688477,
            "epochs": 180,
            "rauc": 0.8553453741739597,
            "ap": 0.8711289643681968,
            "f1": 0.75,
            "entropy_rauc": 0.6013886408287195,
            "entropy_ap": 0.5569871359821896,
            "entropy_f1": 0.5417485265225933,
            "avg_normal_entropy": 0.05681079253554344,
            "avg_abnormal_entropy": 0.07987534999847412,
            "avg_normal_recon": 0.18336978554725647,
            "avg_abnormal_recon": 3.212697982788086
        },
        {
            "run": 5,
            "train_time": 7.609119653701782,
            "test_time": 0.052011728286743164,
            "epochs": 34,
            "rauc": 0.8384280675120557,
            "ap": 0.8618069828746675,
            "f1": 0.731827111984283,
            "entropy_rauc": 0.6033178915877836,
            "entropy_ap": 0.5689588116999704,
            "entropy_f1": 0.5353634577603144,
            "avg_normal_entropy": 0.3702881336212158,
            "avg_abnormal_entropy": 0.4781458377838135,
            "avg_normal_recon": 0.26113995909690857,
            "avg_abnormal_recon": 2.654231548309326
        },
        {
            "run": 6,
            "train_time": 37.032933950424194,
            "test_time": 0.09513092041015625,
            "epochs": 171,
            "rauc": 0.8336754331130559,
            "ap": 0.8584936536416694,
            "f1": 0.7455795677799607,
            "entropy_rauc": 0.7198964100732272,
            "entropy_ap": 0.6397447850729019,
            "entropy_f1": 0.6414538310412574,
            "avg_normal_entropy": 0.015961384400725365,
            "avg_abnormal_entropy": 0.028327645733952522,
            "avg_normal_recon": 0.13982033729553223,
            "avg_abnormal_recon": 2.0432300567626953
        },
        {
            "run": 7,
            "train_time": 33.1967294216156,
            "test_time": 0.05041074752807617,
            "epochs": 163,
            "rauc": 0.8196760582246829,
            "ap": 0.8509893174266429,
            "f1": 0.7401768172888016,
            "entropy_rauc": 0.5789359707090551,
            "entropy_ap": 0.555348913348754,
            "entropy_f1": 0.5176817288801572,
            "avg_normal_entropy": 0.02819240838289261,
            "avg_abnormal_entropy": 0.041778016835451126,
            "avg_normal_recon": 0.1400030106306076,
            "avg_abnormal_recon": 1.8809641599655151
        },
        {
            "run": 8,
            "train_time": 30.75332736968994,
            "test_time": 0.09661364555358887,
            "epochs": 174,
            "rauc": 0.8284870066083228,
            "ap": 0.857041366493865,
            "f1": 0.730844793713163,
            "entropy_rauc": 0.5776933380960886,
            "entropy_ap": 0.5088789274004122,
            "entropy_f1": 0.5535363457760314,
            "avg_normal_entropy": 0.048506710678339005,
            "avg_abnormal_entropy": 0.03304632753133774,
            "avg_normal_recon": 0.14881955087184906,
            "avg_abnormal_recon": 2.2253940105438232
        },
        {
            "run": 9,
            "train_time": 40.63406586647034,
            "test_time": 0.09400439262390137,
            "epochs": 184,
            "rauc": 0.8240576442221826,
            "ap": 0.8516340001857672,
            "f1": 0.7357563850687623,
            "entropy_rauc": 0.617950973388105,