{
    "model_config": {
        "num_features": 8,
        "hidden_dim": 64,
        "depth": 4,
        "depth_enc": null,
        "depth_dec": null,
        "num_heads": 4,
        "mlp_ratio": 4.0,
        "dropout_prob": 0.0,
        "temperature": 0.1,
        "byol_loss_weight": 0.1,
        "dacl_alpha": 0.9,
        "projector_dim": null,
        "byol_momentum": 0.99,
        "use_flash_attn": false
    },
    "train_config": {
        "data_dir": "Data/",
        "epochs": 200,
        "learning_rate": 0.01,
        "sche_gamma": 0.95,
        "batch_size": 128,
        "random_seed": 42,
        "num_workers": 0,
        "preprocess": "standard",
        "patience": 10,
        "min_delta": 0,
        "use_amp": false,
        "model_type": "TAEDACL",
        "dataset_name": "pima",
        "base_path": "results/TAEDACL-260125-bw0.1-ap0.9-ep200-ep50_byol/pima/1.0",
        "exp_name": "TAEDACL-260125-bw0.1-ap0.9-ep200-ep50_byol",
        "runs": 10,
        "train_ratio": 1.0
    },
    "start_time_kst": "2026-01-25T16:22:59+09:00",
    "mean_metrics": {
        "rauc": 0.7005597014925373,
        "ap": 0.6775094392340947,
        "f1": 0.6730410447761194,
        "avg_normal": -1.3748401999473572,
        "avg_abnormal": -1.3334084302186966
    },
    "std_metrics": {
        "rauc_std": 0.031788875092382846,
        "ap_std": 0.04611186319995152,
        "f1_std": 0.025508412152752454,
        "avg_normal_std": 0.02876225396684757,
        "avg_abnormal_std": 0.036499699546457
    },
    "total_time": 257.83365392684937,
    "all_seeds": [
        {
            "rauc": 0.6539701492537313,
            "ap": 0.6188755660329848,
            "f1": 0.6455223880597015,
            "avg_normal": -1.3865692615509033,
            "avg_abnormal": -1.3660551309585571,
            "run": 0,
            "epochs": 184,
            "train_time": 33.0780827999115,
            "test_time": 0.05448031425476074
        },
        {
            "rauc": 0.7219253731343284,
            "ap": 0.7034389765625789,
            "f1": 0.6828358208955224,
            "avg_normal": -1.3411422967910767,
            "avg_abnormal": -1.280561089515686,
            "run": 1,
            "epochs": 166,
            "train_time": 28.57103395462036,
            "test_time": 0.05727744102478027
        },
        {
            "rauc": 0.7187313432835821,
            "ap": 0.7253533153434925,
            "f1": 0.667910447761194,
            "avg_normal": -1.3739936351776123,
            "avg_abnormal": -1.319340705871582,
            "run": 2,
            "epochs": 185,
            "train_time": 31.374303340911865,
            "test_time": 0.05163073539733887
        },
        {
            "rauc": 0.7156417910447762,
            "ap": 0.6781311817595753,
            "f1": 0.6977611940298507,
            "avg_normal": -1.3642287254333496,
            "avg_abnormal": -1.3146858215332031,
            "run": 3,
            "epochs": 175,
            "train_time": 32.74673008918762,
            "test_time": 0.06619572639465332
        },
        {
            "rauc": 0.7018059701492537,
            "ap": 0.6678809386992255,
            "f1": 0.6753731343283582,
            "avg_normal": -1.3251861333847046,
            "avg_abnormal": -1.2866798639297485,
            "run": 4,
            "epochs": 199,
            "train_time": 37.002819776535034,
            "test_time": 0.055533647537231445
        },
        {
            "rauc": 0.7258507462686568,
            "ap": 0.7186063792587449,
            "f1": 0.6865671641791045,
            "avg_normal": -1.4198366403579712,
            "avg_abnormal": -1.3796569108963013,
            "run": 5,
            "epochs": 182,
            "train_time": 33.326273918151855,
            "test_time": 0.0534055233001709
        },
        {
            "rauc": 0.6404925373134328,
            "ap": 0.5917908481449989,
            "f1": 0.6231343283582089,
            "avg_normal": -1.3910295963287354,
            "avg_abnormal": -1.3759344816207886,
            "run": 6,
            "epochs": 152,
            "train_time": 26.773441076278687,
            "test_time": 0.05140352249145508
        },
        {
            "rauc": 0.7260597014925372,
            "ap": 0.7159983080711568,
            "f1": 0.7052238805970149,
            "avg_normal": -1.3967353105545044,
            "avg_abnormal": -1.344353437423706,
            "run": 7,
            "epochs": 176,
            "train_time": 32.60799980163574,
            "test_time": 0.04913187026977539
        }
    ]
}