{
    "model_config": {
        "num_heads": 4,
        "num_latents": 2,
        "num_memories": 73,
        "depth": 4,
        "hidden_dim": 16,
        "mlp_ratio": 4.0,
        "dropout_prob": 0.0,
        "temperature": 0.1,
        "sim_type": "cos",
        "use_oe": true,
        "oe_lambda": 0.1,
        "oe_shuffle_ratio": 0.3,
        "oe_lambda_memory": 0.0,
        "is_weight_sharing": false,
        "use_pos_enc_as_query": false,
        "use_mask_token": false,
        "latent_loss_weight": 1.0,
        "entropy_loss_weight": 0.1,
        "num_features": 6
    },
    "train_config": {
        "data_dir": "Data/",
        "epochs": 250,
        "learning_rate": 0.01,
        "sche_gamma": 0.95,
        "batch_size": 512,
        "random_seed": 42,
        "num_workers": 0,
        "preprocess": "standard",
        "model_type": "OELATTE",
        "dataset_name": "mammography",
        "train_ratio": 1.0,
        "base_path": "results/OELATTE-d16-oe_lam0.1-oe_rat0.3-lat_lam1.0-mem_ent_lam0.1/mammography/1.0",
        "not_use_power_of_two": false,
        "num_memories_not_use_power_of_two": false,
        "num_memories_twice": false,
        "contamination_ratio": null,
        "latent_ratio": null,
        "memory_ratio": null,
        "run": 9
    },
    "mean_metrics": {
        "AUC-ROC": 0.8696196096104554,
        "AUC-PR": 0.428424942406797,
        "f1": 0.4276923076923077
    },
    "total_time": 430.03795170783997,
    "all_seeds": [
        {
            "run": 0,
            "AUC-ROC": 0.8739342449933808,
            "AUC-PR": 0.4300315733376365,
            "f1": 0.4269230769230769,
            "train_time": 39.6727991104126,
            "test_time": 0.10269546508789062,
            "epochs": 65
        },
        {
            "run": 1,
            "AUC-ROC": 0.8798541672534717,
            "AUC-PR": 0.4969864924830743,
            "f1": 0.5076923076923077,
            "train_time": 64.86526656150818,
            "test_time": 0.10752534866333008,
            "epochs": 113
        },
        {
            "run": 2,
            "AUC-ROC": 0.8707616257781033,
            "AUC-PR": 0.40968283822955015,
            "f1": 0.4115384615384615,
            "train_time": 69.46442556381226,
            "test_time": 0.10245513916015625,
            "epochs": 127
        },
        {
            "run": 3,
            "AUC-ROC": 0.86304115145199,
            "AUC-PR": 0.4244437007577136,
            "f1": 0.4153846153846154,
            "train_time": 12.479252576828003,
            "test_time": 0.0776214599609375,
            "epochs": 19
        },
        {
            "run": 4,
            "AUC-ROC": 0.8655043235782892,
            "AUC-PR": 0.4012187795175939,
            "f1": 0.4153846153846154,
            "train_time": 32.19606256484985,
            "test_time": 0.054166555404663086,
            "epochs": 66
        },
        {
            "run": 5,
            "AUC-ROC": 0.8802946229896066,
            "AUC-PR": 0.40729871533177686,
            "f1": 0.4076923076923077,
            "train_time": 33.47447395324707,
            "test_time": 0.10685443878173828,
            "epochs": 128
        },
        {
            "run": 6,
            "AUC-ROC": 0.8704025011970817,
            "AUC-PR": 0.45018250997628384,
            "f1": 0.43846153846153846,
            "train_time": 51.64126515388489,
            "test_time": 0.10307765007019043,
            "epochs": 95
        },
        {
            "run": 7,
            "AUC-ROC": 0.8692371067233755,
            "AUC-PR": 0.45439844819710784,
            "f1": 0.46153846153846156,
            "train_time": 47.26519775390625,
            "test_time": 0.10538506507873535,
            "epochs": 87
        },
        {
            "run": 8,
            "AUC-ROC": 0.8574472579781989,
            "AUC-PR": 0.4204782276061928,
            "f1": 0.3923076923076923,
            "train_time": 50.822898387908936,
            "test_time": 0.054730892181396484,
            "epochs": 108
        },
        {
            "run": 9,
            "AUC-ROC": 0.8657190941610567,
            "AUC-PR": 0.3895281386310403,
            "f1": 0.4,
            "train_time": 25.507697820663452,
            "test_time": 0.10856747627258301,
            "epochs": 45
        }
    ]
}