{
    "model_config": {
        "num_features": 33,
        "hidden_dim": 64,
        "depth": 4,
        "depth_enc": null,
        "depth_dec": null,
        "num_heads": 4,
        "mlp_ratio": 4.0,
        "dropout_prob": 0.0,
        "temperature": 0.2,
        "imix_loss_weight": 0.1,
        "mixup_alpha": 0.9,
        "projector_dim": null,
        "use_flash_attn": false
    },
    "train_config": {
        "data_dir": "Data/",
        "epochs": 200,
        "learning_rate": 0.01,
        "sche_gamma": 0.95,
        "batch_size": 512,
        "random_seed": 42,
        "num_workers": 0,
        "preprocess": "standard",
        "patience": 10,
        "min_delta": 0,
        "use_amp": false,
        "model_type": "TAEIMIX",
        "dataset_name": "ionosphere",
        "base_path": "results/TAEIMIX-260125-iw0.1-ap0.9-ep200-ep100/ionosphere/1.0",
        "exp_name": "TAEIMIX-260125-iw0.1-ap0.9-ep200-ep100",
        "runs": 10,
        "train_ratio": 1.0
    },
    "start_time_kst": "2026-01-25T15:56:53+09:00",
    "mean_metrics": {
        "rauc": 0.9443250456524792,
        "ap": 0.954860379463615,
        "f1": 0.8706349206349208,
        "avg_normal": 0.5416137620806694,
        "avg_abnormal": 3.3175565719604494
    },
    "std_metrics": {
        "rauc_std": 0.028624880646263232,
        "ap_std": 0.024638728123480433,
        "f1_std": 0.05020115746307451,
        "avg_normal_std": 0.2811581668546583,
        "avg_abnormal_std": 0.3256645828807082
    },
    "total_time": 122.86840462684631,
    "all_seeds": [
        {
            "rauc": 0.9721168703469588,
            "ap": 0.9789258537024427,
            "f1": 0.9126984126984127,
            "avg_normal": 0.39535194635391235,
            "avg_abnormal": 3.5714330673217773,
            "run": 0,
            "epochs": 135,
            "train_time": 12.316993951797485,
            "test_time": 0.05015254020690918
        },
        {
            "rauc": 0.9248489956454559,
            "ap": 0.9397042804682958,
            "f1": 0.8333333333333334,
            "avg_normal": 0.5611665844917297,
            "avg_abnormal": 3.081639528274536,
            "run": 1,
            "epochs": 108,
            "train_time": 9.46636176109314,
            "test_time": 0.05155372619628906
        },
        {
            "rauc": 0.9530832982160415,
            "ap": 0.9634345711987333,
            "f1": 0.8968253968253969,
            "avg_normal": 0.5609979629516602,
            "avg_abnormal": 3.621976137161255,
            "run": 2,
            "epochs": 132,
            "train_time": 11.80635142326355,
            "test_time": 0.04723381996154785
        },
        {
            "rauc": 0.9644613007444865,
            "ap": 0.9721197275457196,
            "f1": 0.8968253968253969,
            "avg_normal": 0.26217901706695557,
            "avg_abnormal": 2.847921371459961,
            "run": 3,
            "epochs": 122,
            "train_time": 10.352263689041138,
            "test_time": 0.02858591079711914
        },
        {
            "rauc": 0.9024441635061105,
            "ap": 0.9181959945093894,
            "f1": 0.7936507936507936,
            "avg_normal": 0.932850182056427,
            "avg_abnormal": 3.4586987495422363,
            "run": 4,
            "epochs": 200,
            "train_time": 18.347649097442627,
            "test_time": 0.03677868843078613
        },
        {
            "rauc": 0.9231633656412417,
            "ap": 0.9373962050616522,
            "f1": 0.8412698412698413,
            "avg_normal": 0.8866870999336243,
            "avg_abnormal": 3.754718065261841,
            "run": 5,
            "epochs": 155,
            "train_time": 10.005154371261597,
            "test_time": 0.048053741455078125
        },
        {
            "rauc": 0.960598398651496,
            "ap": 0.9672267728784518,
            "f1": 0.873015873015873,
            "avg_normal": 0.25668618083000183,
            "avg_abnormal": 2.924666404724121,
            "run": 6,
            "epochs": 114,
            "train_time": 9.550819158554077,
            "test_time": 0.05024385452270508
        },
        {
            "rauc": 0.9823711195392612,
            "ap": 0.9866325740050815,
            "f1": 0.9444444444444444,
            "avg_normal": 0.18179123103618622,
            "avg_abnormal": 2.9045205116271973,
            "run": 7,
            "epochs": 133,
            "train_time": 11.538043022155762,
            "test_time": 0.048065185546875
        },
        {
            "rauc": 0.9635482511588708,
            "ap": 0.9722528875836272,
            "f1": 0.9206349206349206,
            "avg_normal": 0.4029482901096344,
            "avg_abnormal": 3.402585506439209,
            "run": 8,
            "epochs": 140,
            "train_time": 12.449060678482056,
            "test_time": 0.03598332405090332
        },
        {
            "rauc": 0.8966146930748701,
            "ap": 0.9127149276827571,
            "f1": 0.7936507936507936,
            "avg_normal": 0.9754791259765625,
            "avg_abnormal": 3.6074063777923584,
            "run": 9,
            "epochs": 162,
            "train_time": 14.574283838272095,
            "test_time": 0.047258853912353516
        }
    ]
}