{
    "model_config": {
        "hidden_dim": 128,
        "depth": 4,
        "num_heads": 4,
        "mlp_ratio": 4.0,
        "dropout_prob": 0.0,
        "num_prototypes": 10,
        "temperature": 0.1,
        "sinkhorn_iters": 3,
        "sinkhorn_eps": 0.05,
        "contrastive_loss_weight": 0.1,
        "use_flash_attn": false,
        "num_features": 64
    },
    "train_config": {
        "data_dir": "Data/",
        "epochs": 250,
        "learning_rate": 0.01,
        "sche_gamma": 0.95,
        "batch_size": 512,
        "random_seed": 42,
        "num_workers": 0,
        "preprocess": "standard",
        "patience": 20,
        "use_amp": false,
        "model_type": "ProtoAD",
        "dataset_name": "optdigits",
        "base_path": "results/ProtoAD-d128-proto10-eps0.05-contra0.1-temp0.1/optdigits/1.0",
        "exp_name": "ProtoAD-d128-proto10-eps0.05-contra0.1-temp0.1",
        "runs": 10,
        "train_ratio": 1.0,
        "run": 9
    },
    "mean_metrics": {
        "rauc": 0.6503905777075931,
        "ap": 0.07263904518879014,
        "f1": 0.008666666666666666,
        "entropy_rauc": 0.5306996973285958,
        "entropy_ap": 0.06461738971743594,
        "entropy_f1": 0.0473422519509476,
        "avg_normal_entropy": 0.9073507934808731,
        "avg_abnormal_entropy": 0.9208592299371958,
        "avg_normal_recon": 0.9376579403877259,
        "avg_abnormal_recon": 0.7707279682159424
    },
    "std_metrics": {
        "rauc_std": 0.0401831333096738,
        "ap_std": 0.00785575478421673,
        "f1_std": 0.004268749491621899,
        "entropy_rauc_std": 0.12852331025100902,
        "entropy_ap_std": 0.020334775118578126,
        "entropy_f1_std": 0.040814878437931926,
        "avg_normal_entropy_std": 0.6606188573796032,
        "avg_abnormal_entropy_std": 0.8219229284023015,
        "avg_normal_recon_std": 0.14456529234102536,
        "avg_abnormal_recon_std": 0.03189923287499025
    },
    "total_time": 313.02432656288147,
    "all_seeds": [
        {
            "run": 0,
            "train_time": 8.48569631576538,
            "test_time": 0.08718061447143555,
            "epochs": 33,
            "rauc": 0.5946414001842348,
            "ap": 0.062292240716997134,
            "f1": 0.006666666666666667,
            "entropy_rauc": 0.6081602842479273,
            "entropy_ap": 0.07316759896795018,
            "entropy_f1": 0.026755852842809364,
            "avg_normal_entropy": 1.5776959657669067,
            "avg_abnormal_entropy": 1.7873460054397583,
            "avg_normal_recon": 0.9117874503135681,
            "avg_abnormal_recon": 0.8003241419792175
        },
        {
            "run": 1,
            "train_time": 33.309590339660645,
            "test_time": 0.08554625511169434,
            "epochs": 146,
            "rauc": 0.6808869588103698,
            "ap": 0.07924966743077524,
            "f1": 0.013333333333333334,
            "entropy_rauc": 0.5092551651533096,
            "entropy_ap": 0.06050319523801115,
            "entropy_f1": 0.11333333333333333,
            "avg_normal_entropy": 0.8039945960044861,
            "avg_abnormal_entropy": 0.8051493763923645,
            "avg_normal_recon": 0.7558695077896118,
            "avg_abnormal_recon": 0.7420880198478699
        },
        {
            "run": 2,
            "train_time": 13.997588396072388,
            "test_time": 0.08657073974609375,
            "epochs": 61,
            "rauc": 0.6023897881300171,
            "ap": 0.06307161246064448,
            "f1": 0.013333333333333334,
            "entropy_rauc": 0.6122147651006713,
            "entropy_ap": 0.06656054021238504,
            "entropy_f1": 0.006666666666666667,
            "avg_normal_entropy": 1.7569103240966797,
            "avg_abnormal_entropy": 1.9350191354751587,
            "avg_normal_recon": 1.0025831460952759,
            "avg_abnormal_recon": 0.7915921807289124
        },
        {
            "run": 3,
            "train_time": 43.92336082458496,
            "test_time": 0.08771395683288574,
            "epochs": 192,
            "rauc": 0.7013106987761548,
            "ap": 0.08259946628495958,
            "f1": 0.013333333333333334,
            "entropy_rauc": 0.4955652059481511,
            "entropy_ap": 0.05635163612619955,
            "entropy_f1": 0.05333333333333334,
            "avg_normal_entropy": 0.19751304388046265,
            "avg_abnormal_entropy": 0.19419829547405243,
            "avg_normal_recon": 0.8985905647277832,
            "avg_abnormal_recon": 0.7619448900222778
        },
        {
            "run": 4,
            "train_time": 48.27106308937073,
            "test_time": 0.06418347358703613,
            "epochs": 216,
            "rauc": 0.6792814844058429,
            "ap": 0.0771396727011655,
            "f1": 0.006666666666666667,
            "entropy_rauc": 0.3766416633767601,
            "entropy_ap": 0.041627990699428824,
            "entropy_f1": 0.0,
            "avg_normal_entropy": 0.2624310255050659,
            "avg_abnormal_entropy": 0.06029577925801277,
            "avg_normal_recon": 0.8199938535690308,
            "avg_abnormal_recon": 0.762019693851471
        },
        {
            "run": 5,
            "train_time": 12.68551778793335,
            "test_time": 0.0862579345703125,
            "epochs": 54,
            "rauc": 0.6003842610869852,
            "ap": 0.06275300358786498,
            "f1": 0.006666666666666667,
            "entropy_rauc": 0.7636583761021187,
            "entropy_ap": 0.10886789893924534,
            "entropy_f1": 0.02,
            "avg_normal_entropy": 2.099850654602051,
            "avg_abnormal_entropy": 2.2180423736572266,
            "avg_normal_recon": 0.9085633158683777,
            "avg_abnormal_recon": 0.794620931148529
        },
        {
            "run": 6,
            "train_time": 48.33198618888855,
            "test_time": 0.08598566055297852,
            "epochs": 212,
            "rauc": 0.6731175154625608,
            "ap": 0.07745335257410671,
            "f1": 0.013333333333333334,
            "entropy_rauc": 0.3661955520463219,
            "entropy_ap": 0.040723062608204824,
            "entropy_f1": 0.0,
            "avg_normal_entropy": 0.4990774095058441,
            "avg_abnormal_entropy": 0.09645973145961761,
            "avg_normal_recon": 0.9597008228302002,
            "avg_abnormal_recon": 0.6912112236022949
        },
        {
            "run": 7,
            "train_time": 45.90268874168396,
            "test_time": 0.07355332374572754,
            "epochs": 201,
            "rauc": 0.6749703908409002,
            "ap": 0.07648487300078753,
            "f1": 0.006666666666666667,
            "entropy_rauc": 0.4286063955783656,
            "entropy_ap": 0.051953824667505186,
            "entropy_f1": 0.08,
            "avg_normal_entropy": 0.2612196207046509,
            "avg_abnormal_entropy": 0.19418416917324066,
            "avg_normal_recon": 0.9436514973640442,
            "avg_abnormal_recon": 0.7934810519218445
        },
        {
            "run": 8,
            "train_time": 11.60332989692688,
            "test_time": 0.07988142967224121,
            "epochs": 49,
            "rauc": 0.6113909724963811,
            "ap": 0.0649380819003298,
            "f1": 0.0,
            "entropy_rauc": 0.6992801684432162,
            "entropy_ap": 0.09063521487834961,
            "entropy_f1": 0.06666666666666667,
            "avg_normal_entropy": 1.1511948108673096,
            "avg_abnormal_entropy": 1.591792345046997,
            "avg_normal_recon": 1.3215465545654297,
            "avg_abnormal_recon": 0.7910128235816956
        },
        {
            "run": 9,
            "train_time": 43.448537826538086,
            "test_time": 0.07535600662231445,
            "epochs": 189,
            "rauc": 0.6855323068824845,
            "ap": 0.08040848123027047,
            "f1": 0.006666666666666667,
            "entropy_rauc": 0.44741939728911695,