{
    "model_config": {
        "num_features": 16,
        "hidden_dim": 128,
        "depth": 4,
        "num_heads": 4,
        "mlp_ratio": 4.0,
        "dropout_prob": 0.0,
        "temperature": 0.1,
        "contrastive_loss_weight": 0.1,
        "use_flash_attn": false
    },
    "train_config": {
        "data_dir": "Data/",
        "epochs": 200,
        "learning_rate": 0.001,
        "sche_gamma": 0.95,
        "batch_size": 512,
        "random_seed": 42,
        "num_workers": 0,
        "preprocess": "standard",
        "patience": 10,
        "min_delta": 0,
        "use_amp": false,
        "model_type": "TAECL",
        "dataset_name": "pendigits",
        "base_path": "results/TAECL-temp0.1-contra0.1/pendigits/1.0",
        "exp_name": "TAECL-temp0.1-contra0.1",
        "runs": 10,
        "train_ratio": 1.0,
        "run": 9
    },
    "mean_metrics": {
        "rauc": 0.9916599833489913,
        "ap": 0.8702939705843695,
        "f1": 0.8128205128205128,
        "avg_normal": 0.019144985266029833,
        "avg_abnormal": 0.14997225627303123,
        "contra_rauc": 0.971147544740038,
        "contra_ap": 0.6621002572073077,
        "contra_f1": 0.6455128205128204,
        "contra_avg_normal": -1.0376498103141785,
        "contra_avg_abnormal": -0.9709282755851746,
        "combined_rauc": 0.9964971777304218,
        "combined_ap": 0.9133704634271187,
        "combined_f1": 0.8647435897435898,
        "combined_avg_normal": -1.01850483417511,
        "combined_avg_abnormal": -0.8209559798240662
    },
    "std_metrics": {
        "rauc_std": 0.007374744894000038,
        "ap_std": 0.06578331736347917,
        "f1_std": 0.05245454498840713,
        "avg_normal_std": 0.0005221385073170316,
        "avg_abnormal_std": 0.022783661594902443,
        "contra_rauc_std": 0.01650400552906777,
        "contra_ap_std": 0.16050543891909283,
        "contra_f1_std": 0.13421950335991703,
        "contra_avg_normal_std": 0.0040923401414273515,
        "contra_avg_abnormal_std": 0.007097589713552541,
        "combined_rauc_std": 0.001238887904199352,
        "combined_ap_std": 0.033722203618214215,
        "combined_f1_std": 0.03133166515346137,
        "combined_avg_normal_std": 0.0039470562666740535,
        "combined_avg_abnormal_std": 0.024177653355506503
    },
    "total_time": 300.4870331287384,
    "all_seeds": [
        {
            "run": 0,
            "train_time": 25.65347123146057,
            "test_time": 0.1764845848083496,
            "epochs": 93,
            "rauc": 0.9753557434522582,
            "ap": 0.704759312829151,
            "f1": 0.6794871794871795,
            "avg_normal": 0.019351564347743988,
            "avg_abnormal": 0.12003270536661148,
            "contra_rauc": 0.9830262826241378,
            "contra_ap": 0.8432227570829319,
            "contra_f1": 0.7692307692307693,
            "contra_avg_normal": -1.0457866191864014,
            "contra_avg_abnormal": -0.9668304324150085,
            "combined_rauc": 0.9938685334127694,
            "combined_ap": 0.8420577933026158,
            "combined_f1": 0.8012820512820513,
            "combined_avg_normal": -1.0264350175857544,
            "combined_avg_abnormal": -0.8467976450920105
        },
        {
            "run": 1,
            "train_time": 34.408870458602905,
            "test_time": 0.2751030921936035,
            "epochs": 127,
            "rauc": 0.99364130061181,
            "ap": 0.8704074693516889,
            "f1": 0.8141025641025641,
            "avg_normal": 0.019211525097489357,
            "avg_abnormal": 0.13685883581638336,
            "contra_rauc": 0.9812981676252455,
            "contra_ap": 0.7509280879735192,
            "contra_f1": 0.7564102564102564,
            "contra_avg_normal": -1.039540410041809,
            "contra_avg_abnormal": -0.9661076068878174,
            "combined_rauc": 0.9970822544549086,
            "combined_ap": 0.9154672872515816,
            "combined_f1": 0.8846153846153846,
            "combined_avg_normal": -1.0203289985656738,
            "combined_avg_abnormal": -0.8292486667633057
        },
        {
            "run": 2,
            "train_time": 37.31217050552368,
            "test_time": 0.1294102668762207,
            "epochs": 139,
            "rauc": 0.995926995256754,
            "ap": 0.915146745365102,
            "f1": 0.8461538461538461,
            "avg_normal": 0.01998331770300865,
            "avg_abnormal": 0.15945321321487427,
            "contra_rauc": 0.9770934060478298,
            "contra_ap": 0.6228121323272559,
            "contra_f1": 0.5705128205128205,
            "contra_avg_normal": -1.0391042232513428,
            "contra_avg_abnormal": -0.9744663834571838,
            "combined_rauc": 0.997355315719927,
            "combined_ap": 0.9383092346258542,
            "combined_f1": 0.8717948717948718,
            "combined_avg_normal": -1.0191209316253662,
            "combined_avg_abnormal": -0.8150132298469543
        },
        {
            "run": 3,
            "train_time": 30.03311014175415,
            "test_time": 0.18962860107421875,
            "epochs": 112,
            "rauc": 0.9962057850797796,
            "ap": 0.9139326145211606,
            "f1": 0.8525641025641025,
            "avg_normal": 0.019751181825995445,
            "avg_abnormal": 0.1669517606496811,
            "contra_rauc": 0.9904543128403718,
            "contra_ap": 0.8427524773670865,
            "contra_f1": 0.8012820512820513,
            "contra_avg_normal": -1.0323561429977417,
            "contra_avg_abnormal": -0.9555695652961731,
            "combined_rauc": 0.998038923642141,
            "combined_ap": 0.9564849088698351,
            "combined_f1": 0.9166666666666666,
            "combined_avg_normal": -1.0126049518585205,
            "combined_avg_abnormal": -0.788617730140686
        },
        {
            "run": 4,
            "train_time": 37.15783953666687,
            "test_time": 0.20542192459106445,
            "epochs": 133,
            "rauc": 0.9957570480358684,
            "ap": 0.929707229424074,
            "f1": 0.8333333333333334,
            "avg_normal": 0.01873474381864071,
            "avg_abnormal": 0.190499946475029,
            "contra_rauc": 0.973238086508864,
            "contra_ap": 0.6322183261336136,
            "contra_f1": 0.6153846153846154,
            "contra_avg_normal": -1.035022258758545,
            "contra_avg_abnormal": -0.9712522625923157,
            "combined_rauc": 0.9965399509635434,
            "combined_ap": 0.9380174685479958,
            "combined_f1": 0.8653846153846154,
            "combined_avg_normal": -1.0162875652313232,
            "combined_avg_abnormal": -0.7807523012161255
        },
        {
            "run": 5,
            "train_time": 23.13500428199768,
            "test_time": 0.43207573890686035,
            "epochs": 93,
            "rauc": 0.9791709630851722,
            "ap": 0.8236108714763097,
            "f1": 0.782051282051282,
            "avg_normal": 0.018809543922543526,
            "avg_abnormal": 0.14197058975696564,
            "contra_rauc": 0.9685406689428137,
            "contra_ap": 0.7781218781298955,
            "contra_f1": 0.7692307692307693,
            "contra_avg_normal": -1.0384610891342163,
            "contra_avg_abnormal": -0.9704201817512512,
            "combined_rauc": 0.9953350442626582,
            "combined_ap": 0.9036036081185077,
            "combined_f1": 0.8653846153846154,
            "combined_avg_normal": -1.0196514129638672,
            "combined_avg_abnormal": -0.828449547290802
        },
        {
            "run": 6,
            "train_time": 23.603862285614014,
            "test_time": 0.26045775413513184,
            "epochs": 94,
            "rauc": 0.9925528745904081,
            "ap": 0.8712324882508319,
            "f1": 0.7948717948717948,
            "avg_normal": 0.01881803199648857,
            "avg_abnormal": 0.12439891695976257,