{
    "model_config": {
        "num_features": 13,
        "hidden_dim": 64,
        "depth": 4,
        "depth_enc": null,
        "depth_dec": null,
        "num_heads": 4,
        "mlp_ratio": 4.0,
        "dropout_prob": 0.0,
        "temperature": 0.1,
        "byol_loss_weight": 0.01,
        "dacl_alpha": 0.9,
        "projector_dim": null,
        "byol_momentum": 0.99,
        "use_flash_attn": false
    },
    "train_config": {
        "data_dir": "Data/",
        "epochs": 200,
        "learning_rate": 0.01,
        "sche_gamma": 0.95,
        "batch_size": 64,
        "random_seed": 42,
        "num_workers": 0,
        "preprocess": "standard",
        "patience": 10,
        "min_delta": 0,
        "use_amp": false,
        "model_type": "TAEDACL",
        "dataset_name": "wine",
        "base_path": "results/TAEDACL-260125-bw0.01-ap0.9-ep200-byol/wine/1.0",
        "exp_name": "TAEDACL-260125-bw0.01-ap0.9-ep200-byol",
        "runs": 10,
        "train_ratio": 1.0
    },
    "start_time_kst": "2026-01-25T15:44:59+09:00",
    "mean_metrics": {
        "rauc": 0.8958333333333334,
        "ap": 0.5863007998052346,
        "f1": 0.5700000000000001,
        "avg_normal": -0.11775681599974633,
        "avg_abnormal": -0.1056180715560913
    },
    "std_metrics": {
        "rauc_std": 0.0671782454866653,
        "ap_std": 0.19004326167877744,
        "f1_std": 0.17349351572897473,
        "avg_normal_std": 0.003262818656463728,
        "avg_abnormal_std": 0.007928344789981999
    },
    "total_time": 205.00930285453796,
    "all_seeds": [
        {
            "rauc": 0.8883333333333333,
            "ap": 0.42658840643360774,
            "f1": 0.3,
            "avg_normal": -0.11942636966705322,
            "avg_abnormal": -0.10642369091510773,
            "run": 0,
            "epochs": 200,
            "train_time": 20.960259199142456,
            "test_time": 0.02748727798461914
        },
        {
            "rauc": 0.9716666666666668,
            "ap": 0.8968434343434343,
            "f1": 0.8,
            "avg_normal": -0.11670030653476715,
            "avg_abnormal": -0.08642213046550751,
            "run": 1,
            "epochs": 200,
            "train_time": 21.194432020187378,
            "test_time": 0.03346586227416992
        },
        {
            "rauc": 0.9,
            "ap": 0.555945009097183,
            "f1": 0.7,
            "avg_normal": -0.1156691163778305,
            "avg_abnormal": -0.10499222576618195,
            "run": 2,
            "epochs": 200,
            "train_time": 20.249927520751953,
            "test_time": 0.03414154052734375
        },
        {
            "rauc": 0.9116666666666666,
            "ap": 0.48353090837610957,
            "f1": 0.5,
            "avg_normal": -0.12043480575084686,
            "avg_abnormal": -0.11430259048938751,
            "run": 3,
            "epochs": 200,
            "train_time": 18.344843864440918,
            "test_time": 0.021628141403198242
        },
        {
            "rauc": 0.97,
            "ap": 0.89,
            "f1": 0.8,
            "avg_normal": -0.11758747696876526,
            "avg_abnormal": -0.10495598614215851,
            "run": 4,
            "epochs": 200,
            "train_time": 20.121825218200684,
            "test_time": 0.034533023834228516
        },
        {
            "rauc": 0.9266666666666666,
            "ap": 0.6823635422548465,
            "f1": 0.7,
            "avg_normal": -0.1194935217499733,
            "avg_abnormal": -0.10176442563533783,
            "run": 5,
            "epochs": 200,
            "train_time": 20.582228422164917,
            "test_time": 0.031212329864501953
        },
        {
            "rauc": 0.9099999999999999,
            "ap": 0.47515484000004127,
            "f1": 0.5,
            "avg_normal": -0.11302895843982697,
            "avg_abnormal": -0.10321684181690216,
            "run": 6,
            "epochs": 200,
            "train_time": 20.380122423171997,
            "test_time": 0.03215503692626953
        },
        {
            "rauc": 0.9216666666666667,
            "ap": 0.6776714513556618,
            "f1": 0.6,
            "avg_normal": -0.12363192439079285,
            "avg_abnormal": -0.11304132640361786,
            "run": 7,
            "epochs": 200,
            "train_time": 20.360421180725098,
            "test_time": 0.03099846839904785
        },
        {
            "rauc": 0.7316666666666667,
            "ap": 0.2723593857832988,
            "f1": 0.3,
            "avg_normal": -0.1192210391163826,
            "avg_abnormal": -0.11597190797328949,
            "run": 8,
            "epochs": 200,
            "train_time": 20.883100748062134,
            "test_time": 0.03394341468811035
        },
        {
            "rauc": 0.8266666666666667,
            "ap": 0.5025510204081632,
            "f1": 0.5,
            "avg_normal": -0.11237464100122452,
            "avg_abnormal": -0.10508958995342255,
            "run": 9,
            "epochs": 200,
            "train_time": 19.616841793060303,
            "test_time": 0.029491901397705078
        }
    ]
}