{
    "model_config": {
        "num_features": 30,
        "hidden_dim": 64,
        "depth": 4,
        "depth_enc": null,
        "depth_dec": null,
        "num_heads": 4,
        "mlp_ratio": 4.0,
        "dropout_prob": 0.0,
        "temperature": 0.1,
        "byol_loss_weight": 0.1,
        "dacl_alpha": 0.9,
        "projector_dim": null,
        "byol_momentum": 0.99,
        "use_flash_attn": false
    },
    "train_config": {
        "data_dir": "Data/",
        "epochs": 200,
        "learning_rate": 0.01,
        "sche_gamma": 0.95,
        "batch_size": 512,
        "random_seed": 42,
        "num_workers": 0,
        "preprocess": "standard",
        "patience": 10,
        "min_delta": 0,
        "use_amp": false,
        "model_type": "TAEDACL",
        "dataset_name": "wbc",
        "base_path": "results/TAEDACL-260125-bw0.1-ap0.9-ep200-ep140_combined/wbc/1.0",
        "exp_name": "TAEDACL-260125-bw0.1-ap0.9-ep200-ep140_combined",
        "runs": 10,
        "train_ratio": 1.0
    },
    "start_time_kst": "2026-01-25T15:55:05+09:00",
    "mean_metrics": {
        "rauc": 0.9530992285182229,
        "ap": 0.7737317868096851,
        "f1": 0.6714285714285715,
        "avg_normal": -0.9616441607475281,
        "avg_abnormal": 4.714209961891174
    },
    "std_metrics": {
        "rauc_std": 0.009779603299787281,
        "ap_std": 0.039012813057697715,
        "f1_std": 0.04971574528052642,
        "avg_normal_std": 0.1222527958129233,
        "avg_abnormal_std": 1.4326999996380878
    },
    "total_time": 207.33341455459595,
    "all_seeds": [
        {
            "rauc": 0.951316839584996,
            "ap": 0.7782432622874424,
            "f1": 0.7142857142857143,
            "avg_normal": -0.9164004921913147,
            "avg_abnormal": 4.682069778442383,
            "run": 0,
            "epochs": 190,
            "train_time": 19.950753688812256,
            "test_time": 0.03543877601623535
        },
        {
            "rauc": 0.9475924447991486,
            "ap": 0.7490116016432322,
            "f1": 0.6190476190476191,
            "avg_normal": -0.9334046840667725,
            "avg_abnormal": 5.1090216636657715,
            "run": 1,
            "epochs": 200,
            "train_time": 21.331600189208984,
            "test_time": 0.0340120792388916
        },
        {
            "rauc": 0.9616919393455707,
            "ap": 0.8114877186370539,
            "f1": 0.7619047619047619,
            "avg_normal": -0.6468132138252258,
            "avg_abnormal": 8.755805969238281,
            "run": 2,
            "epochs": 200,
            "train_time": 21.098015308380127,
            "test_time": 0.031438350677490234
        },
        {
            "rauc": 0.9348230912476723,
            "ap": 0.6864216840573494,
            "f1": 0.6190476190476191,
            "avg_normal": -0.9038092494010925,
            "avg_abnormal": 4.377828121185303,
            "run": 3,
            "epochs": 200,
            "train_time": 21.236529111862183,
            "test_time": 0.03396153450012207
        },
        {
            "rauc": 0.9667464751263634,
            "ap": 0.8092583268907714,
            "f1": 0.6666666666666666,
            "avg_normal": -1.0669540166854858,
            "avg_abnormal": 4.795707702636719,
            "run": 4,
            "epochs": 200,
            "train_time": 21.242482662200928,
            "test_time": 0.03124690055847168
        },
        {
            "rauc": 0.9497206703910615,
            "ap": 0.7518483401499594,
            "f1": 0.6190476190476191,
            "avg_normal": -0.9778500199317932,
            "avg_abnormal": 4.082344055175781,
            "run": 5,
            "epochs": 200,
            "train_time": 20.794024229049683,
            "test_time": 0.03477954864501953
        },
        {
            "rauc": 0.9619579675445596,
            "ap": 0.7932121591831904,
            "f1": 0.7142857142857143,
            "avg_normal": -1.095423698425293,
            "avg_abnormal": 3.9401869773864746,
            "run": 6,
            "epochs": 200,
            "train_time": 17.48624849319458,
            "test_time": 0.034123897552490234
        },
        {
            "rauc": 0.9574354881617451,
            "ap": 0.811624057418783,
            "f1": 0.6666666666666666,
            "avg_normal": -1.0353233814239502,
            "avg_abnormal": 3.623262643814087,
            "run": 7,
            "epochs": 200,
            "train_time": 21.068601369857788,
            "test_time": 0.032558441162109375
        },
        {
            "rauc": 0.939877627028465,
            "ap": 0.7416182485442502,
            "f1": 0.6190476190476191,
            "avg_normal": -0.9841324090957642,
            "avg_abnormal": 4.312849521636963,
            "run": 8,
            "epochs": 200,
            "train_time": 20.019254684448242,
            "test_time": 0.03098607063293457
        },
        {
            "rauc": 0.9598297419526469,
            "ap": 0.8045924692848192,
            "f1": 0.7142857142857143,
            "avg_normal": -1.0563304424285889,
            "avg_abnormal": 3.4630231857299805,
            "run": 9,
            "epochs": 200,
            "train_time": 20.724546194076538,
            "test_time": 0.030146360397338867
        }
    ]
}