{
    "model_config": {
        "num_features": 9,
        "hidden_dim": 64,
        "depth": 4,
        "depth_enc": null,
        "depth_dec": null,
        "num_heads": 4,
        "mlp_ratio": 4.0,
        "dropout_prob": 0.0,
        "temperature": 0.1,
        "byol_loss_weight": 0.01,
        "dacl_alpha": 0.9,
        "projector_dim": null,
        "byol_momentum": 0.99,
        "use_flash_attn": false
    },
    "train_config": {
        "data_dir": "Data/",
        "epochs": 200,
        "learning_rate": 0.01,
        "sche_gamma": 0.95,
        "batch_size": 128,
        "random_seed": 42,
        "num_workers": 0,
        "preprocess": "standard",
        "patience": 10,
        "min_delta": 0,
        "use_amp": false,
        "model_type": "TAEDACL",
        "dataset_name": "breastw",
        "base_path": "results/TAEDACL-260125-bw0.01-ap0.9-ep200-ep30/breastw/1.0",
        "exp_name": "TAEDACL-260125-bw0.01-ap0.9-ep200-ep30",
        "runs": 10,
        "train_ratio": 1.0
    },
    "start_time_kst": "2026-01-25T16:18:52+09:00",
    "mean_metrics": {
        "rauc": 0.9846922236043575,
        "ap": 0.9797840820384064,
        "f1": 0.9506276150627615,
        "avg_normal": 0.7364554196596146,
        "avg_abnormal": 15.133764362335205
    },
    "std_metrics": {
        "rauc_std": 0.0030949285364316012,
        "ap_std": 0.006371928991051043,
        "f1_std": 0.007437819596080008,
        "avg_normal_std": 0.2385719716816786,
        "avg_abnormal_std": 3.4921320763897397
    },
    "total_time": 243.48165154457092,
    "all_seeds": [
        {
            "rauc": 0.9843001997813714,
            "ap": 0.9804185051877232,
            "f1": 0.9581589958158996,
            "avg_normal": 0.6254855394363403,
            "avg_abnormal": 15.713455200195312,
            "run": 0,
            "epochs": 144,
            "train_time": 27.20992946624756,
            "test_time": 0.053519248962402344
        },
        {
            "rauc": 0.9860718459044818,
            "ap": 0.9827655018438823,
            "f1": 0.9539748953974896,
            "avg_normal": 0.7565207481384277,
            "avg_abnormal": 17.436941146850586,
            "run": 1,
            "epochs": 151,
            "train_time": 22.813356399536133,
            "test_time": 0.05390453338623047
        },
        {
            "rauc": 0.9881450488145049,
            "ap": 0.9850066868182094,
            "f1": 0.9665271966527197,
            "avg_normal": 0.4961586892604828,
            "avg_abnormal": 12.542465209960938,
            "run": 2,
            "epochs": 157,
            "train_time": 28.477975606918335,
            "test_time": 0.05810093879699707
        },
        {
            "rauc": 0.9797203060801387,
            "ap": 0.964874771234896,
            "f1": 0.9456066945606695,
            "avg_normal": 1.2697831392288208,
            "avg_abnormal": 21.777441024780273,
            "run": 3,
            "epochs": 142,
            "train_time": 26.495221614837646,
            "test_time": 0.05559492111206055
        },
        {
            "rauc": 0.9817746616909797,
            "ap": 0.9772566384964311,
            "f1": 0.9456066945606695,
            "avg_normal": 0.9351394176483154,
            "avg_abnormal": 18.942182540893555,
            "run": 4,
            "epochs": 133,
            "train_time": 23.59176540374756,
            "test_time": 0.05895352363586426
        },
        {
            "rauc": 0.9823400806664405,
            "ap": 0.975892338395989,
            "f1": 0.9414225941422594,
            "avg_normal": 0.6063255667686462,
            "avg_abnormal": 12.196788787841797,
            "run": 5,
            "epochs": 124,
            "train_time": 22.046059608459473,
            "test_time": 0.05354166030883789
        },
        {
            "rauc": 0.9851671755437446,
            "ap": 0.9820440921273412,
            "f1": 0.9414225941422594,
            "avg_normal": 0.7212303280830383,
            "avg_abnormal": 12.795561790466309,
            "run": 6,
            "epochs": 142,
            "train_time": 26.03754472732544,
            "test_time": 0.05195283889770508
        },
        {
            "rauc": 0.982000829281164,
            "ap": 0.9759641334882723,
            "f1": 0.9497907949790795,
            "avg_normal": 0.9203730225563049,
            "avg_abnormal": 15.746817588806152,
            "run": 7,
            "epochs": 107,
            "train_time": 19.037733554840088,
            "test_time": 0.04925894737243652
        },
        {
            "rauc": 0.9900109314335256,
            "ap": 0.9887098527050391,
            "f1": 0.9539748953974896,
            "avg_normal": 0.3999848961830139,
            "avg_abnormal": 9.093789100646973,
            "run": 8,
            "epochs": 121,
            "train_time": 21.87227511405945,
            "test_time": 0.05461287498474121
        },
        {
            "rauc": 0.9873911568472238,
            "ap": 0.9849083000862798,
            "f1": 0.9497907949790795,
            "avg_normal": 0.6335528492927551,
            "avg_abnormal": 15.092201232910156,
            "run": 9,
            "epochs": 130,
            "train_time": 23.423600673675537,
            "test_time": 0.044522762298583984
        }
    ]
}