{
    "model_config": {
        "hidden_dim": 64,
        "depth": 4,
        "num_heads": 4,
        "mlp_ratio": 4.0,
        "dropout_prob": 0.0,
        "num_prototypes": 10,
        "temperature": 0.1,
        "sinkhorn_iters": 3,
        "sinkhorn_eps": 0.05,
        "contrastive_loss_weight": 0.1,
        "use_flash_attn": false,
        "num_features": 6
    },
    "train_config": {
        "data_dir": "Data/",
        "epochs": 250,
        "learning_rate": 0.01,
        "sche_gamma": 0.95,
        "batch_size": 512,
        "random_seed": 42,
        "num_workers": 0,
        "preprocess": "standard",
        "patience": 20,
        "use_amp": false,
        "model_type": "ProtoAD",
        "dataset_name": "mammography",
        "base_path": "results/ProtoAD-d64-proto10-eps0.05-contra0.1-temp0.1/mammography/1.0",
        "exp_name": "ProtoAD-d64-proto10-eps0.05-contra0.1-temp0.1",
        "runs": 10,
        "train_ratio": 1.0,
        "run": 9
    },
    "mean_metrics": {
        "rauc": 0.8677696251021041,
        "ap": 0.43919496647933814,
        "f1": 0.4438461538461539,
        "entropy_rauc": 0.3600974213446751,
        "entropy_ap": 0.03380243628117056,
        "entropy_f1": 0.004311538954843666,
        "avg_normal_entropy": 0.2414278894662857,
        "avg_abnormal_entropy": 0.043319270759820935,
        "avg_normal_recon": 0.12235297337174415,
        "avg_abnormal_recon": 3.581972908973694
    },
    "std_metrics": {
        "rauc_std": 0.010672316051323742,
        "ap_std": 0.051993846050506644,
        "f1_std": 0.051578629582277574,
        "entropy_rauc_std": 0.09639688824056722,
        "entropy_ap_std": 0.005218817694730619,
        "entropy_f1_std": 0.005740173656364633,
        "avg_normal_entropy_std": 0.03250514998028615,
        "avg_abnormal_entropy_std": 0.00469407297398046,
        "avg_normal_recon_std": 0.047582915145717025,
        "avg_abnormal_recon_std": 0.48736354607945664
    },
    "total_time": 577.7198779582977,
    "all_seeds": [
        {
            "run": 0,
            "train_time": 35.28878450393677,
            "test_time": 0.1228492259979248,
            "epochs": 81,
            "rauc": 0.8655008027490634,
            "ap": 0.3423086365337282,
            "f1": 0.3730769230769231,
            "entropy_rauc": 0.43820064501591416,
            "entropy_ap": 0.03699999562345096,
            "entropy_f1": 0.0,
            "avg_normal_entropy": 0.23785549402236938,
            "avg_abnormal_entropy": 0.0467090904712677,
            "avg_normal_recon": 0.24352124333381653,
            "avg_abnormal_recon": 3.45755672454834
        },
        {
            "run": 1,
            "train_time": 69.50333881378174,
            "test_time": 0.1353011131286621,
            "epochs": 161,
            "rauc": 0.8448602934963243,
            "ap": 0.3937940397126343,
            "f1": 0.3923076923076923,
            "entropy_rauc": 0.4006788158747149,
            "entropy_ap": 0.036441057681505504,
            "entropy_f1": 0.014388489208633094,
            "avg_normal_entropy": 0.22629529237747192,
            "avg_abnormal_entropy": 0.04133832827210426,
            "avg_normal_recon": 0.0925426259636879,
            "avg_abnormal_recon": 3.3320093154907227
        },
        {
            "run": 2,
            "train_time": 57.169081687927246,
            "test_time": 0.12668490409851074,
            "epochs": 132,
            "rauc": 0.8764773399431034,
            "ap": 0.4481786321260229,
            "f1": 0.4346153846153846,
            "entropy_rauc": 0.41538003830662196,
            "entropy_ap": 0.03597518869340971,
            "entropy_f1": 0.0,
            "avg_normal_entropy": 0.22158202528953552,
            "avg_abnormal_entropy": 0.04964789003133774,
            "avg_normal_recon": 0.09646886587142944,
            "avg_abnormal_recon": 2.9005985260009766
        },
        {
            "run": 3,
            "train_time": 60.117347955703735,
            "test_time": 0.12932872772216797,
            "epochs": 138,
            "rauc": 0.8754548911359603,
            "ap": 0.49333146014404133,
            "f1": 0.5076923076923077,
            "entropy_rauc": 0.24537574289496664,
            "entropy_ap": 0.027661681254636798,
            "entropy_f1": 0.0,
            "avg_normal_entropy": 0.33766674995422363,
            "avg_abnormal_entropy": 0.040329709649086,
            "avg_normal_recon": 0.07992412894964218,
            "avg_abnormal_recon": 3.37192964553833
        },
        {
            "run": 4,
            "train_time": 63.21975636482239,
            "test_time": 0.1375443935394287,
            "epochs": 151,
            "rauc": 0.8797897360786413,
            "ap": 0.4784659361787423,
            "f1": 0.5038461538461538,
            "entropy_rauc": 0.23510724445821476,
            "entropy_ap": 0.027139656094470478,
            "entropy_f1": 0.0,
            "avg_normal_entropy": 0.23108085989952087,
            "avg_abnormal_entropy": 0.035715289413928986,
            "avg_normal_recon": 0.1391512006521225,
            "avg_abnormal_recon": 4.281901836395264
        },
        {
            "run": 5,
            "train_time": 54.535539865493774,
            "test_time": 0.12883782386779785,
            "epochs": 124,
            "rauc": 0.8804460186463116,
            "ap": 0.48356080966730736,
            "f1": 0.49615384615384617,
            "entropy_rauc": 0.5028117342196434,
            "entropy_ap": 0.04286310359480616,
            "entropy_f1": 0.007168458781362007,
            "avg_normal_entropy": 0.23271071910858154,
            "avg_abnormal_entropy": 0.044500887393951416,
            "avg_normal_recon": 0.10720813274383545,
            "avg_abnormal_recon": 4.075901508331299
        },
        {
            "run": 6,
            "train_time": 51.460442304611206,
            "test_time": 0.1366584300994873,
            "epochs": 116,
            "rauc": 0.8617560487846097,
            "ap": 0.405073833111787,
            "f1": 0.38076923076923075,
            "entropy_rauc": 0.2460911753936287,
            "entropy_ap": 0.029208286327761086,
            "entropy_f1": 0.014285714285714285,
            "avg_normal_entropy": 0.23846949636936188,
            "avg_abnormal_entropy": 0.05129849910736084,
            "avg_normal_recon": 0.12854088842868805,
            "avg_abnormal_recon": 3.3127238750457764
        },
        {
            "run": 7,
            "train_time": 59.01486682891846,
            "test_time": 0.13806843757629395,
            "epochs": 135,
            "rauc": 0.8705179843956848,
            "ap": 0.488051041525865,
            "f1": 0.4576923076923077,
            "entropy_rauc": 0.4746746753795454,
            "entropy_ap": 0.04008049993631735,
            "entropy_f1": 0.007272727272727273,
            "avg_normal_entropy": 0.22365069389343262,
            "avg_abnormal_entropy": 0.038105666637420654,
            "avg_normal_recon": 0.06217310577630997,
            "avg_abnormal_recon": 3.1736254692077637
        },
        {
            "run": 8,
            "train_time": 71.30053329467773,
            "test_time": 0.09093308448791504,
            "epochs": 169,
            "rauc": 0.866203560262513,
            "ap": 0.4812056917314027,
            "f1": 0.49230769230769234,
            "entropy_rauc": 0.27752161789144575,
            "entropy_ap": 0.028823152226726316,
            "entropy_f1": 0.0,
            "avg_normal_entropy": 0.23297809064388275,
            "avg_abnormal_entropy": 0.04439808800816536,
            "avg_normal_recon": 0.1366628259420395,
            "avg_abnormal_recon": 4.473882675170898
        },
        {
            "run": 9,
            "train_time": 53.245198011398315,
            "test_time": 0.12009072303771973,
            "epochs": 131,
            "rauc": 0.8566895755288286,
            "ap": 0.37797958406185045,
            "f1": 0.4,
            "entropy_rauc": 0.3651325240120553,