{
    "model_config": {
        "hidden_dim": 32,
        "depth": 4,
        "num_heads": 4,
        "mlp_ratio": 4.0,
        "dropout_prob": 0.0,
        "num_prototypes": 128,
        "temperature": 0.1,
        "sinkhorn_iters": 3,
        "sinkhorn_eps": 0.05,
        "contrastive_loss_weight": 1.0,
        "use_flash_attn": false,
        "num_features": 64
    },
    "train_config": {
        "data_dir": "Data/",
        "epochs": 250,
        "learning_rate": 0.01,
        "sche_gamma": 0.95,
        "batch_size": 512,
        "random_seed": 42,
        "num_workers": 0,
        "preprocess": "standard",
        "patience": 20,
        "use_amp": false,
        "model_type": "ProtoAD",
        "dataset_name": "optdigits",
        "base_path": "results/ProtoAD-d32-proto128-eps0.05-contra1.0-temp0.1/optdigits/1.0",
        "exp_name": "ProtoAD-d32-proto128-eps0.05-contra1.0-temp0.1",
        "runs": 10,
        "train_ratio": 1.0,
        "run": 9
    },
    "mean_metrics": {
        "rauc": 0.8623966311356757,
        "ap": 0.18483517316734618,
        "f1": 0.15933333333333333,
        "entropy_rauc": 0.5477823397815502,
        "entropy_ap": 0.09158515452831575,
        "entropy_f1": 0.11133333333333333,
        "avg_normal_entropy": 1.4313099384307861,
        "avg_abnormal_entropy": 1.531786608695984,
        "avg_normal_recon": 0.5514285504817963,
        "avg_abnormal_recon": 0.693141758441925
    },
    "std_metrics": {
        "rauc_std": 0.04107900957987413,
        "ap_std": 0.04508364001957399,
        "f1_std": 0.06432210610150552,
        "entropy_rauc_std": 0.09800225974377748,
        "entropy_ap_std": 0.04825394001589843,
        "entropy_f1_std": 0.08718052789725722,
        "avg_normal_entropy_std": 0.05873359377331869,
        "avg_abnormal_entropy_std": 0.19894133315296084,
        "avg_normal_recon_std": 0.1116499765289817,
        "avg_abnormal_recon_std": 0.06019248928269136
    },
    "total_time": 324.27818512916565,
    "all_seeds": [
        {
            "run": 0,
            "train_time": 33.2977237701416,
            "test_time": 0.07467126846313477,
            "epochs": 130,
            "rauc": 0.9057349651269905,
            "ap": 0.2215461029628153,
            "f1": 0.17333333333333334,
            "entropy_rauc": 0.5488064218976181,
            "entropy_ap": 0.0818946715976821,
            "entropy_f1": 0.14,
            "avg_normal_entropy": 1.51185941696167,
            "avg_abnormal_entropy": 1.6196428537368774,
            "avg_normal_recon": 0.4490787088871002,
            "avg_abnormal_recon": 0.7126359939575195
        },
        {
            "run": 1,
            "train_time": 33.459134578704834,
            "test_time": 0.07627701759338379,
            "epochs": 137,
            "rauc": 0.9205448085274378,
            "ap": 0.26316863829358855,
            "f1": 0.2733333333333333,
            "entropy_rauc": 0.5859323595209895,
            "entropy_ap": 0.1769549936632358,
            "entropy_f1": 0.22,
            "avg_normal_entropy": 1.4094140529632568,
            "avg_abnormal_entropy": 1.6583583354949951,
            "avg_normal_recon": 0.45060789585113525,
            "avg_abnormal_recon": 0.7782365083694458
        },
        {
            "run": 2,
            "train_time": 40.868744134902954,
            "test_time": 0.07589411735534668,
            "epochs": 164,
            "rauc": 0.7910935649427557,
            "ap": 0.1193697061039557,
            "f1": 0.08666666666666667,
            "entropy_rauc": 0.40934333464929595,
            "entropy_ap": 0.043767078482002245,
            "entropy_f1": 0.013333333333333334,
            "avg_normal_entropy": 1.3888911008834839,
            "avg_abnormal_entropy": 1.2339143753051758,
            "avg_normal_recon": 0.5512052178382874,
            "avg_abnormal_recon": 0.5855812430381775
        },
        {
            "run": 3,
            "train_time": 38.98364067077637,
            "test_time": 0.0772714614868164,
            "epochs": 167,
            "rauc": 0.8656086327148308,
            "ap": 0.17528752352749855,
            "f1": 0.14666666666666667,
            "entropy_rauc": 0.6676904855902092,
            "entropy_ap": 0.15043035029015353,
            "entropy_f1": 0.25333333333333335,
            "avg_normal_entropy": 1.5592992305755615,
            "avg_abnormal_entropy": 1.854404091835022,
            "avg_normal_recon": 0.5312086343765259,
            "avg_abnormal_recon": 0.6513069868087769
        },
        {
            "run": 4,
            "train_time": 21.27382802963257,
            "test_time": 0.07300877571105957,
            "epochs": 120,
            "rauc": 0.8650217133833399,
            "ap": 0.17639751813056004,
            "f1": 0.14666666666666667,
            "entropy_rauc": 0.533509672325306,
            "entropy_ap": 0.0672675535807119,
            "entropy_f1": 0.1,
            "avg_normal_entropy": 1.3778282403945923,
            "avg_abnormal_entropy": 1.457265019416809,
            "avg_normal_recon": 0.45277637243270874,
            "avg_abnormal_recon": 0.6874592900276184
        },
        {
            "run": 5,
            "train_time": 28.73123073577881,
            "test_time": 0.04412961006164551,
            "epochs": 136,
            "rauc": 0.8284037373338597,
            "ap": 0.14408734306283555,
            "f1": 0.11333333333333333,
            "entropy_rauc": 0.5164390051322543,
            "entropy_ap": 0.05554276103517383,
            "entropy_f1": 0.04,
            "avg_normal_entropy": 1.467960000038147,
            "avg_abnormal_entropy": 1.4950169324874878,
            "avg_normal_recon": 0.4708540141582489,
            "avg_abnormal_recon": 0.6056633591651917
        },
        {
            "run": 6,
            "train_time": 27.34083318710327,
            "test_time": 0.07406902313232422,
            "epochs": 131,
            "rauc": 0.8794815107250954,
            "ap": 0.19682196361808962,
            "f1": 0.16,
            "entropy_rauc": 0.7001894986182392,
            "entropy_ap": 0.15908545167074692,
            "entropy_f1": 0.22,
            "avg_normal_entropy": 1.3851470947265625,
            "avg_abnormal_entropy": 1.7563505172729492,
            "avg_normal_recon": 0.6788505911827087,
            "avg_abnormal_recon": 0.6950283646583557
        },
        {
            "run": 7,
            "train_time": 33.72910976409912,
            "test_time": 0.07701396942138672,
            "epochs": 151,
            "rauc": 0.8608053691275168,
            "ap": 0.17379183099871945,
            "f1": 0.12,
            "entropy_rauc": 0.6140465850769838,
            "entropy_ap": 0.08013668672127117,
            "entropy_f1": 0.07333333333333333,
            "avg_normal_entropy": 1.3879412412643433,
            "avg_abnormal_entropy": 1.6060882806777954,
            "avg_normal_recon": 0.536669909954071,
            "avg_abnormal_recon": 0.7277145981788635
        },
        {
            "run": 8,
            "train_time": 39.91644906997681,
            "test_time": 0.07293176651000977,
            "epochs": 177,
            "rauc": 0.9031872614817739,
            "ap": 0.24565787941035538,
            "f1": 0.28,
            "entropy_rauc": 0.5330306619292012,
            "entropy_ap": 0.05989096439361698,
            "entropy_f1": 0.04666666666666667,
            "avg_normal_entropy": 1.397957444190979,
            "avg_abnormal_entropy": 1.4309197664260864,
            "avg_normal_recon": 0.8165752291679382,
            "avg_abnormal_recon": 0.768948495388031
        },
        {
            "run": 9,
            "train_time": 23.74370813369751,
            "test_time": 0.04787158966064453,
            "epochs": 160,
            "rauc": 0.804084747993157,
            "ap": 0.13222322556504362,
            "f1": 0.09333333333333334,
            "entropy_rauc": 0.3688353730754047,
            "entropy_ap": 0.04088103384856309,