{
    "model_config": {
        "num_features": 36,
        "hidden_dim": 32,
        "depth": 4,
        "num_heads": 4,
        "mlp_ratio": 4.0,
        "dropout_prob": 0.0,
        "use_flash_attn": false,
        "mask_ratio": 0.1,
        "num_eval_repeat": 50,
        "eval_chunk_size": 50
    },
    "train_config": {
        "data_dir": "Data/",
        "epochs": 200,
        "learning_rate": 0.01,
        "sche_gamma": 0.95,
        "batch_size": 512,
        "random_seed": 42,
        "num_workers": 0,
        "preprocess": "standard",
        "patience": 10,
        "min_delta": 0,
        "use_amp": false,
        "model_type": "TMLM",
        "dataset_name": "satellite",
        "base_path": "results/TMLM-d32-lr0.01-mask0.1-r50/satellite/1.0",
        "exp_name": "TMLM-d32-lr0.01-mask0.1-r50",
        "runs": 10,
        "train_ratio": 1.0
    },
    "mean_metrics": {
        "avg_normal_score": 0.08967293649911881,
        "avg_abnormal_score": 1.648846983909607,
        "f1": 0.7366895874263262,
        "rauc": 0.810930355867119,
        "ap": 0.8451785073330296
    },
    "std_metrics": {
        "avg_normal_score_std": 0.012524934657516725,
        "avg_abnormal_score_std": 0.06694380614734877,
        "f1_std": 0.005767513398914567,
        "rauc_std": 0.00665660544325057,
        "ap_std": 0.0076210077754154774
    },
    "total_time": 244.12156319618225,
    "all_seeds": [
        {
            "run": 0,
            "train_time": 30.98363471031189,
            "test_time": 0.9542407989501953,
            "epochs": 121,
            "rauc": 0.8189637658510448,
            "ap": 0.859055426852898,
            "f1": 0.7416502946954814,
            "avg_normal_score": 0.06528610736131668,
            "avg_abnormal_score": 1.637913465499878
        },
        {
            "run": 1,
            "train_time": 19.870273113250732,
            "test_time": 0.9483461380004883,
            "epochs": 79,
            "rauc": 0.8180617074477585,
            "ap": 0.844824426439918,
            "f1": 0.737721021611002,
            "avg_normal_score": 0.10730306059122086,
            "avg_abnormal_score": 1.5865528583526611
        },
        {
            "run": 2,
            "train_time": 11.020678281784058,
            "test_time": 0.9648232460021973,
            "epochs": 45,
            "rauc": 0.8108298356849437,
            "ap": 0.8437946564477348,
            "f1": 0.7382121807465619,
            "avg_normal_score": 0.09074059873819351,
            "avg_abnormal_score": 1.753493070602417
        },
        {
            "run": 3,
            "train_time": 31.255401372909546,
            "test_time": 0.9521596431732178,
            "epochs": 123,
            "rauc": 0.822946285050902,
            "ap": 0.8603643246630824,
            "f1": 0.75049115913556,
            "avg_normal_score": 0.07388782501220703,
            "avg_abnormal_score": 1.7034308910369873
        },
        {
            "run": 4,
            "train_time": 23.13172149658203,
            "test_time": 0.9499032497406006,
            "epochs": 89,
            "rauc": 0.8076640918021075,
            "ap": 0.8416254222729393,
            "f1": 0.7362475442043221,
            "avg_normal_score": 0.09967038780450821,
            "avg_abnormal_score": 1.6979930400848389
        },
        {
            "run": 5,
            "train_time": 21.08727264404297,
            "test_time": 0.9542744159698486,
            "epochs": 85,
            "rauc": 0.8050379532059295,
            "ap": 0.8419268959273151,
            "f1": 0.7328094302554028,
            "avg_normal_score": 0.08346620947122574,
            "avg_abnormal_score": 1.6079484224319458
        },
        {
            "run": 6,
            "train_time": 19.098957538604736,
            "test_time": 0.9550321102142334,
            "epochs": 76,
            "rauc": 0.8074573584568673,
            "ap": 0.8403942282593346,
            "f1": 0.731335952848723,
            "avg_normal_score": 0.08931408077478409,
            "avg_abnormal_score": 1.5097312927246094
        },
        {
            "run": 7,
            "train_time": 22.835278511047363,
            "test_time": 0.9589736461639404,
            "epochs": 90,
            "rauc": 0.8115971602071799,
            "ap": 0.8396539291005747,
            "f1": 0.7298624754420432,
            "avg_normal_score": 0.09966294467449188,
            "avg_abnormal_score": 1.6452049016952515
        },
        {
            "run": 8,
            "train_time": 24.20201563835144,
            "test_time": 0.9557130336761475,
            "epochs": 97,
            "rauc": 0.8057378549741026,
            "ap": 0.8437359901722441,
            "f1": 0.7367387033398821,
            "avg_normal_score": 0.08527083694934845,
            "avg_abnormal_score": 1.6395342350006104
        },
        {
            "run": 9,
            "train_time": 29.70346975326538,
            "test_time": 0.9558568000793457,
            "epochs": 118,
            "rauc": 0.8010075459903554,
            "ap": 0.8364097731942548,
            "f1": 0.731827111984283,
            "avg_normal_score": 0.1021273136138916,
            "avg_abnormal_score": 1.7066676616668701
        }
    ]
}