{
    "model_config": {
        "num_features": 9,
        "hidden_dim": 64,
        "depth": 4,
        "depth_enc": null,
        "depth_dec": null,
        "num_heads": 4,
        "mlp_ratio": 4.0,
        "dropout_prob": 0.0,
        "temperature": 0.1,
        "byol_loss_weight": 0.1,
        "dacl_alpha": 0.9,
        "projector_dim": null,
        "byol_momentum": 0.99,
        "use_flash_attn": false
    },
    "train_config": {
        "data_dir": "Data/",
        "epochs": 200,
        "learning_rate": 0.01,
        "sche_gamma": 0.95,
        "batch_size": 128,
        "random_seed": 42,
        "num_workers": 0,
        "preprocess": "standard",
        "patience": 10,
        "min_delta": 0,
        "use_amp": false,
        "model_type": "TAEDACL",
        "dataset_name": "breastw",
        "base_path": "results/TAEDACL-260125-bw0.1-ap0.9-ep200-ep50_byol/breastw/1.0",
        "exp_name": "TAEDACL-260125-bw0.1-ap0.9-ep200-ep50_byol",
        "runs": 10,
        "train_ratio": 1.0
    },
    "start_time_kst": "2026-01-25T16:14:55+09:00",
    "mean_metrics": {
        "rauc": 0.965786497794866,
        "ap": 0.9324310886901508,
        "f1": 0.9424523916037298,
        "avg_normal": -1.392380142211914,
        "avg_abnormal": -1.0987165451049805
    },
    "std_metrics": {
        "rauc_std": 0.017858352642507704,
        "ap_std": 0.04248575565424806,
        "f1_std": 0.021457330070261307,
        "avg_normal_std": 0.03634551751117966,
        "avg_abnormal_std": 0.05903361626146457
    },
    "total_time": 234.8850474357605,
    "all_seeds": [
        {
            "rauc": 0.9608164650005654,
            "ap": 0.938078092123587,
            "f1": 0.9497907949790795,
            "avg_normal": -1.388002634048462,
            "avg_abnormal": -0.9770103693008423,
            "run": 0,
            "epochs": 143,
            "train_time": 26.396243810653687,
            "test_time": 0.06966638565063477
        },
        {
            "rauc": 0.9262128237023636,
            "ap": 0.8432311049609917,
            "f1": 0.899581589958159,
            "avg_normal": -1.379226565361023,
            "avg_abnormal": -1.1439132690429688,
            "run": 1,
            "epochs": 131,
            "train_time": 23.2130708694458,
            "test_time": 0.05525088310241699
        },
        {
            "rauc": 0.9737834068378001,
            "ap": 0.9564791239967557,
            "f1": 0.9414225941422594,
            "avg_normal": -1.3764898777008057,
            "avg_abnormal": -1.111653208732605,
            "run": 2,
            "epochs": 158,
            "train_time": 28.528303146362305,
            "test_time": 0.05559277534484863
        },
        {
            "rauc": 0.9744430623091711,
            "ap": 0.9517546888301514,
            "f1": 0.9414225941422594,
            "avg_normal": -1.4058316946029663,
            "avg_abnormal": -1.0771524906158447,
            "run": 3,
            "epochs": 147,
            "train_time": 26.780171632766724,
            "test_time": 0.06757521629333496
        },
        {
            "rauc": 0.9616834407629387,
            "ap": 0.9286729591177258,
            "f1": 0.9224318658280922,
            "avg_normal": -1.3281540870666504,
            "avg_abnormal": -1.056150197982788,
            "run": 4,
            "epochs": 133,
            "train_time": 24.01644015312195,
            "test_time": 0.0534060001373291
        },
        {
            "rauc": 0.9712578687474085,
            "ap": 0.9508876972703968,
            "f1": 0.9539748953974896,
            "avg_normal": -1.3889437913894653,
            "avg_abnormal": -1.1987426280975342,
            "run": 5,
            "epochs": 98,
            "train_time": 15.992366313934326,
            "test_time": 0.05444693565368652
        },
        {
            "rauc": 0.9785517735308531,
            "ap": 0.9531469950170668,
            "f1": 0.9623430962343096,
            "avg_normal": -1.4590867757797241,
            "avg_abnormal": -1.0508447885513306,
            "run": 6,
            "epochs": 142,
            "train_time": 25.460182666778564,
            "test_time": 0.05178713798522949
        },
        {
            "rauc": 0.9446454823023861,
            "ap": 0.8616192409654793,
            "f1": 0.9372384937238494,
            "avg_normal": -1.3637282848358154,
            "avg_abnormal": -1.1314289569854736,
            "run": 7,
            "epochs": 107,
            "train_time": 16.712735176086426,
            "test_time": 0.05173516273498535
        },
        {
            "rauc": 0.993083041200196,
            "ap": 0.9853175867727317,
            "f1": 0.9832635983263598,
            "avg_normal": -1.4483768939971924,
            "avg_abnormal": -1.145292043685913,
            "run": 8,
            "epochs": 121,
            "train_time": 21.45736074447632,
            "test_time": 0.05209541320800781
        },
        {
            "rauc": 0.9733876135549776,
            "ap": 0.9551233978466221,
            "f1": 0.9330543933054394,
            "avg_normal": -1.3859608173370361,
            "avg_abnormal": -1.0949774980545044,
            "run": 9,
            "epochs": 133,
            "train_time": 23.630661010742188,
            "test_time": 0.05144929885864258
        }
    ]
}