{
    "model_config": {
        "num_features": 30,
        "hidden_dim": 64,
        "depth": 4,
        "depth_enc": null,
        "depth_dec": null,
        "num_heads": 4,
        "mlp_ratio": 4.0,
        "dropout_prob": 0.0,
        "temperature": 0.1,
        "byol_loss_weight": 0.01,
        "dacl_alpha": 0.9,
        "projector_dim": null,
        "byol_momentum": 0.99,
        "use_flash_attn": false
    },
    "train_config": {
        "data_dir": "Data/",
        "epochs": 200,
        "learning_rate": 0.01,
        "sche_gamma": 0.95,
        "batch_size": 512,
        "random_seed": 42,
        "num_workers": 0,
        "preprocess": "standard",
        "patience": 10,
        "min_delta": 0,
        "use_amp": false,
        "model_type": "TAEDACL",
        "dataset_name": "wbc",
        "base_path": "results/TAEDACL-260125-bw0.01-ap0.9-ep200-ep80_combined/wbc/1.0",
        "exp_name": "TAEDACL-260125-bw0.01-ap0.9-ep200-ep80_combined",
        "runs": 10,
        "train_ratio": 1.0
    },
    "start_time_kst": "2026-01-25T15:58:35+09:00",
    "mean_metrics": {
        "rauc": 0.9531524341580206,
        "ap": 0.7755043990720033,
        "f1": 0.6666666666666667,
        "avg_normal": 0.2613691255450249,
        "avg_abnormal": 5.5375302791595455
    },
    "std_metrics": {
        "rauc_std": 0.012556108270870362,
        "ap_std": 0.0495915746553774,
        "f1_std": 0.05634361698190111,
        "avg_normal_std": 0.08096413887048268,
        "avg_abnormal_std": 0.7402639406269645
    },
    "total_time": 208.68656587600708,
    "all_seeds": [
        {
            "rauc": 0.9491886139930832,
            "ap": 0.776114043980952,
            "f1": 0.7142857142857143,
            "avg_normal": 0.31768208742141724,
            "avg_abnormal": 5.7558465003967285,
            "run": 0,
            "epochs": 200,
            "train_time": 19.669395208358765,
            "test_time": 0.025075197219848633
        },
        {
            "rauc": 0.9430699654163341,
            "ap": 0.7311978980301963,
            "f1": 0.6190476190476191,
            "avg_normal": 0.3563079833984375,
            "avg_abnormal": 6.167346954345703,
            "run": 1,
            "epochs": 200,
            "train_time": 21.227200746536255,
            "test_time": 0.033010005950927734
        },
        {
            "rauc": 0.9531790369779197,
            "ap": 0.7906444083535753,
            "f1": 0.7142857142857143,
            "avg_normal": 0.3104025721549988,
            "avg_abnormal": 7.199792861938477,
            "run": 2,
            "epochs": 200,
            "train_time": 17.43734574317932,
            "test_time": 0.03050684928894043
        },
        {
            "rauc": 0.930832668262836,
            "ap": 0.674426434157132,
            "f1": 0.5714285714285714,
            "avg_normal": 0.39614033699035645,
            "avg_abnormal": 5.558815002441406,
            "run": 3,
            "epochs": 200,
            "train_time": 21.712514877319336,
            "test_time": 0.028737306594848633
        },
        {
            "rauc": 0.9662144187283852,
            "ap": 0.8073575700198912,
            "f1": 0.6666666666666666,
            "avg_normal": 0.1722424328327179,
            "avg_abnormal": 5.723452568054199,
            "run": 4,
            "epochs": 200,
            "train_time": 19.04154896736145,
            "test_time": 0.030361175537109375
        },
        {
            "rauc": 0.9497206703910615,
            "ap": 0.7515617782013346,
            "f1": 0.6190476190476191,
            "avg_normal": 0.2222023606300354,
            "avg_abnormal": 5.163699150085449,
            "run": 5,
            "epochs": 200,
            "train_time": 20.871344804763794,
            "test_time": 0.03155374526977539
        },
        {
            "rauc": 0.9627560521415269,
            "ap": 0.8009560744380837,
            "f1": 0.7142857142857143,
            "avg_normal": 0.17974869906902313,
            "avg_abnormal": 5.121016502380371,
            "run": 6,
            "epochs": 200,
            "train_time": 21.685850143432617,
            "test_time": 0.03402447700500488
        },
        {
            "rauc": 0.9587656291566906,
            "ap": 0.8221466404839048,
            "f1": 0.6666666666666666,
            "avg_normal": 0.20530879497528076,
            "avg_abnormal": 4.843644618988037,
            "run": 7,
            "epochs": 200,
            "train_time": 21.719614028930664,
            "test_time": 0.033672332763671875
        },
        {
            "rauc": 0.9417398244213887,
            "ap": 0.7431309163164639,
            "f1": 0.6190476190476191,
            "avg_normal": 0.3014315664768219,
            "avg_abnormal": 5.504849910736084,
            "run": 8,
            "epochs": 200,
            "train_time": 21.58792996406555,
            "test_time": 0.02963542938232422
        },
        {
            "rauc": 0.9760574620909817,
            "ap": 0.8575082267384995,
            "f1": 0.7619047619047619,
            "avg_normal": 0.15222442150115967,
            "avg_abnormal": 4.336838722229004,
            "run": 9,
            "epochs": 200,
            "train_time": 21.308836936950684,
            "test_time": 0.029546022415161133
        }
    ]
}