{
    "model_config": {
        "num_features": 30,
        "hidden_dim": 64,
        "depth": 4,
        "depth_enc": null,
        "depth_dec": null,
        "num_heads": 4,
        "mlp_ratio": 4.0,
        "dropout_prob": 0.0,
        "temperature": 0.1,
        "byol_loss_weight": 0.1,
        "dacl_alpha": 0.9,
        "projector_dim": null,
        "byol_momentum": 0.99,
        "use_flash_attn": false
    },
    "train_config": {
        "data_dir": "Data/",
        "epochs": 200,
        "learning_rate": 0.01,
        "sche_gamma": 0.95,
        "batch_size": 512,
        "random_seed": 42,
        "num_workers": 0,
        "preprocess": "standard",
        "patience": 10,
        "min_delta": 0,
        "use_amp": false,
        "model_type": "TAEDACL",
        "dataset_name": "wbc",
        "base_path": "results/TAEDACL-260125-bw0.1-ap0.9-ep200-ep100_byol/wbc/1.0",
        "exp_name": "TAEDACL-260125-bw0.1-ap0.9-ep200-ep100_byol",
        "runs": 10,
        "train_ratio": 1.0
    },
    "start_time_kst": "2026-01-25T15:55:05+09:00",
    "mean_metrics": {
        "rauc": 0.8916999201915402,
        "ap": 0.5765726069156634,
        "f1": 0.5761904761904763,
        "avg_normal": -1.40428227186203,
        "avg_abnormal": -1.261983621120453
    },
    "std_metrics": {
        "rauc_std": 0.031424101728906535,
        "ap_std": 0.11151060579517988,
        "f1_std": 0.10952380952380951,
        "avg_normal_std": 0.03935402340591497,
        "avg_abnormal_std": 0.08714519933620345
    },
    "total_time": 207.33341455459595,
    "all_seeds": [
        {
            "rauc": 0.9297685554668795,
            "ap": 0.6209051546654275,
            "f1": 0.7142857142857143,
            "avg_normal": -1.3730969429016113,
            "avg_abnormal": -1.1783288717269897,
            "run": 0,
            "epochs": 190,
            "train_time": 19.950753688812256,
            "test_time": 0.03543877601623535
        },
        {
            "rauc": 0.922585794094174,
            "ap": 0.7536805728700979,
            "f1": 0.6666666666666666,
            "avg_normal": -1.4231669902801514,
            "avg_abnormal": -1.2475887537002563,
            "run": 1,
            "epochs": 200,
            "train_time": 21.331600189208984,
            "test_time": 0.0340120792388916
        },
        {
            "rauc": 0.9031657355679701,
            "ap": 0.634428778201369,
            "f1": 0.6666666666666666,
            "avg_normal": -1.475583553314209,
            "avg_abnormal": -1.4293255805969238,
            "run": 2,
            "epochs": 200,
            "train_time": 21.098015308380127,
            "test_time": 0.031438350677490234
        },
        {
            "rauc": 0.8938547486033519,
            "ap": 0.504957578174571,
            "f1": 0.42857142857142855,
            "avg_normal": -1.4472850561141968,
            "avg_abnormal": -1.32089102268219,
            "run": 3,
            "epochs": 200,
            "train_time": 21.236529111862183,
            "test_time": 0.03396153450012207
        },
        {
            "rauc": 0.8962490023942538,
            "ap": 0.6829484475003388,
            "f1": 0.6666666666666666,
            "avg_normal": -1.3799731731414795,
            "avg_abnormal": -1.1830835342407227,
            "run": 4,
            "epochs": 200,
            "train_time": 21.242482662200928,
            "test_time": 0.03124690055847168
        },
        {
            "rauc": 0.8943868050013302,
            "ap": 0.5188095233842791,
            "f1": 0.6190476190476191,
            "avg_normal": -1.3447927236557007,
            "avg_abnormal": -1.1713669300079346,
            "run": 5,
            "epochs": 200,
            "train_time": 20.794024229049683,
            "test_time": 0.03477954864501953
        },
        {
            "rauc": 0.9005054535780792,
            "ap": 0.5273541490681332,
            "f1": 0.47619047619047616,
            "avg_normal": -1.4180694818496704,
            "avg_abnormal": -1.3015475273132324,
            "run": 6,
            "epochs": 200,
            "train_time": 17.48624849319458,
            "test_time": 0.034123897552490234
        },
        {
            "rauc": 0.9079542431497738,
            "ap": 0.6873571139362737,
            "f1": 0.6190476190476191,
            "avg_normal": -1.3871345520019531,
            "avg_abnormal": -1.1541798114776611,
            "run": 7,
            "epochs": 200,
            "train_time": 21.068601369857788,
            "test_time": 0.032558441162109375
        },
        {
            "rauc": 0.8478318701782389,
            "ap": 0.45419236258533147,
            "f1": 0.5238095238095238,
            "avg_normal": -1.4322216510772705,
            "avg_abnormal": -1.3594187498092651,
            "run": 8,
            "epochs": 200,
            "train_time": 20.019254684448242,
            "test_time": 0.03098607063293457
        },
        {
            "rauc": 0.8206969938813514,
            "ap": 0.3810923887708114,
            "f1": 0.38095238095238093,
            "avg_normal": -1.3614985942840576,
            "avg_abnormal": -1.274105429649353,
            "run": 9,
            "epochs": 200,
            "train_time": 20.724546194076538,
            "test_time": 0.030146360397338867
        }
    ]
}