{
    "model_config": {
        "num_heads": 4,
        "num_latents": 2,
        "num_memories": 15,
        "depth": 4,
        "hidden_dim": 16,
        "mlp_ratio": 4.0,
        "dropout_prob": 0.0,
        "temperature": 0.1,
        "sim_type": "cos",
        "use_oe": true,
        "oe_lambda": 0.1,
        "oe_shuffle_ratio": 0.5,
        "oe_lambda_memory": 1.0,
        "is_weight_sharing": false,
        "use_pos_enc_as_query": false,
        "use_mask_token": false,
        "num_features": 8
    },
    "train_config": {
        "data_dir": "Data/",
        "epochs": 250,
        "learning_rate": 0.01,
        "sche_gamma": 0.95,
        "batch_size": 512,
        "random_seed": 42,
        "num_workers": 0,
        "preprocess": "standard",
        "model_type": "OELATTE",
        "dataset_name": "pima",
        "train_ratio": 1.0,
        "base_path": "results/OELATTE-d16-oe_lam0.1-oe_rat0.5-oe_lam_mem1.0/pima/1.0",
        "not_use_power_of_two": false,
        "num_memories_not_use_power_of_two": false,
        "num_memories_twice": false,
        "contamination_ratio": null,
        "latent_ratio": null,
        "memory_ratio": null,
        "run": 9
    },
    "mean_metrics": {
        "AUC-ROC": 0.7092298507462687,
        "AUC-PR": 0.6920229221617431,
        "f1": 0.6798507462686566
    },
    "total_time": 17.575876235961914,
    "all_seeds": [
        {
            "run": 0,
            "AUC-ROC": 0.7076417910447762,
            "AUC-PR": 0.6839820614078846,
            "f1": 0.6902985074626866,
            "train_time": 2.5185067653656006,
            "test_time": 0.03058624267578125,
            "epochs": 29
        },
        {
            "run": 1,
            "AUC-ROC": 0.6652537313432836,
            "AUC-PR": 0.6347505724470142,
            "f1": 0.6604477611940298,
            "train_time": 1.5510833263397217,
            "test_time": 0.025349855422973633,
            "epochs": 29
        },
        {
            "run": 2,
            "AUC-ROC": 0.7322835820895521,
            "AUC-PR": 0.7258246861004192,
            "f1": 0.6940298507462687,
            "train_time": 1.5037527084350586,
            "test_time": 0.0263516902923584,
            "epochs": 29
        },
        {
            "run": 3,
            "AUC-ROC": 0.7059253731343282,
            "AUC-PR": 0.6913271863643309,
            "f1": 0.6865671641791045,
            "train_time": 1.6619701385498047,
            "test_time": 0.02615070343017578,
            "epochs": 29
        },
        {
            "run": 4,
            "AUC-ROC": 0.6769253731343283,
            "AUC-PR": 0.6596110841662023,
            "f1": 0.6380597014925373,
            "train_time": 1.6759109497070312,
            "test_time": 0.02677011489868164,
            "epochs": 29
        },
        {
            "run": 5,
            "AUC-ROC": 0.7530149253731343,
            "AUC-PR": 0.7450253813094112,
            "f1": 0.7052238805970149,
            "train_time": 1.683530330657959,
            "test_time": 0.025914430618286133,
            "epochs": 29
        },
        {
            "run": 6,
            "AUC-ROC": 0.7260149253731343,
            "AUC-PR": 0.7001144037655165,
            "f1": 0.7014925373134329,
            "train_time": 1.7257654666900635,
            "test_time": 0.027549266815185547,
            "epochs": 29
        },
        {
            "run": 7,
            "AUC-ROC": 0.6759104477611939,
            "AUC-PR": 0.657949712448805,
            "f1": 0.6529850746268657,
            "train_time": 1.567704677581787,
            "test_time": 0.013673543930053711,
            "epochs": 29
        },
        {
            "run": 8,
            "AUC-ROC": 0.7331791044776119,
            "AUC-PR": 0.7171691153315894,
            "f1": 0.6865671641791045,
            "train_time": 0.6290638446807861,
            "test_time": 0.010476112365722656,
            "epochs": 28
        },
        {
            "run": 9,
            "AUC-ROC": 0.7161492537313432,
            "AUC-PR": 0.7044750182762576,
            "f1": 0.6828358208955224,
            "train_time": 0.6488080024719238,
            "test_time": 0.011271238327026367,
            "epochs": 29
        }
    ]
}