{
    "model_config": {
        "num_heads": 4,
        "num_latents": 2,
        "num_memories": 15,
        "depth": 4,
        "hidden_dim": 32,
        "mlp_ratio": 4.0,
        "dropout_prob": 0.0,
        "temperature": 0.1,
        "sim_type": "cos",
        "use_oe": true,
        "oe_lambda": 0.2,
        "oe_shuffle_ratio": 0.1,
        "oe_lambda_memory": 0.0,
        "is_weight_sharing": false,
        "use_pos_enc_as_query": false,
        "use_mask_token": false,
        "num_features": 8
    },
    "train_config": {
        "data_dir": "Data/",
        "epochs": 250,
        "learning_rate": 0.01,
        "sche_gamma": 0.95,
        "batch_size": 512,
        "random_seed": 42,
        "num_workers": 0,
        "preprocess": "standard",
        "model_type": "OELATTE",
        "dataset_name": "pima",
        "train_ratio": 1.0,
        "base_path": "results/OELATTE-d32-oe_lam0.2-oe_rat0.1/pima/1.0",
        "not_use_power_of_two": false,
        "num_memories_not_use_power_of_two": false,
        "num_memories_twice": false,
        "contamination_ratio": null,
        "latent_ratio": null,
        "memory_ratio": null,
        "run": 9
    },
    "mean_metrics": {
        "AUC-ROC": 0.690010447761194,
        "AUC-PR": 0.6785144984708855,
        "f1": 0.6578358208955224
    },
    "total_time": 134.92186498641968,
    "all_seeds": [
        {
            "run": 0,
            "AUC-ROC": 0.6885970149253732,
            "AUC-PR": 0.6742801530338521,
            "f1": 0.6567164179104478,
            "train_time": 14.96163010597229,
            "test_time": 0.028547286987304688,
            "epochs": 250
        },
        {
            "run": 1,
            "AUC-ROC": 0.6946417910447761,
            "AUC-PR": 0.6587746418875925,
            "f1": 0.6791044776119403,
            "train_time": 5.134431838989258,
            "test_time": 0.012212514877319336,
            "epochs": 139
        },
        {
            "run": 2,
            "AUC-ROC": 0.664641791044776,
            "AUC-PR": 0.6633828099113864,
            "f1": 0.6305970149253731,
            "train_time": 11.833398342132568,
            "test_time": 0.02671337127685547,
            "epochs": 250
        },
        {
            "run": 3,
            "AUC-ROC": 0.7025223880597016,
            "AUC-PR": 0.6921711349773499,
            "f1": 0.6791044776119403,
            "train_time": 14.36291241645813,
            "test_time": 0.02637767791748047,
            "epochs": 250
        },
        {
            "run": 4,
            "AUC-ROC": 0.6720597014925374,
            "AUC-PR": 0.6808205883999574,
            "f1": 0.6194029850746269,
            "train_time": 14.409984588623047,
            "test_time": 0.02768707275390625,
            "epochs": 250
        },
        {
            "run": 5,
            "AUC-ROC": 0.7313880597014925,
            "AUC-PR": 0.7219407505765678,
            "f1": 0.7014925373134329,
            "train_time": 14.457251787185669,
            "test_time": 0.024531126022338867,
            "epochs": 250
        },
        {
            "run": 6,
            "AUC-ROC": 0.6542835820895522,
            "AUC-PR": 0.6329292406986163,
            "f1": 0.6231343283582089,
            "train_time": 14.373891115188599,
            "test_time": 0.02494359016418457,
            "epochs": 250
        },
        {
            "run": 7,
            "AUC-ROC": 0.7036119402985075,
            "AUC-PR": 0.6779165741571217,
            "f1": 0.6791044776119403,
            "train_time": 14.403987169265747,
            "test_time": 0.024678468704223633,
            "epochs": 250
        },
        {
            "run": 8,
            "AUC-ROC": 0.6945671641791045,
            "AUC-PR": 0.6899693976312355,
            "f1": 0.6492537313432836,
            "train_time": 14.492111682891846,
            "test_time": 0.025418758392333984,
            "epochs": 250
        },
        {
            "run": 9,
            "AUC-ROC": 0.6937910447761193,
            "AUC-PR": 0.6929596934351764,
            "f1": 0.6604477611940298,
            "train_time": 14.636695861816406,
            "test_time": 0.024500370025634766,
            "epochs": 250
        }
    ]
}