{
    "model_config": {
        "num_features": 8,
        "hidden_dim": 64,
        "depth": 4,
        "num_heads": 4,
        "mlp_ratio": 4.0,
        "dropout_prob": 0.0,
        "use_flash_attn": false
    },
    "train_config": {
        "data_dir": "Data/",
        "epochs": 200,
        "learning_rate": 0.01,
        "sche_gamma": 0.95,
        "batch_size": 512,
        "random_seed": 42,
        "num_workers": 0,
        "preprocess": "standard",
        "patience": 10,
        "min_delta": 0,
        "use_amp": false,
        "model_type": "TAE",
        "dataset_name": "pima",
        "base_path": "results/TAE-d64-lr0.01/pima/1.0",
        "exp_name": "TAE-d64-lr0.01",
        "runs": 10,
        "train_ratio": 1.0,
        "run": 9
    },
    "mean_metrics": {
        "rauc": 0.6973507462686567,
        "ap": 0.6895058295316805,
        "f1": 0.6626865671641791,
        "avg_normal_score": 0.3880709558725357,
        "avg_abnormal_score": 0.718910813331604
    },
    "std_metrics": {
        "rauc_std": 0.024086152870066165,
        "ap_std": 0.02054439819952063,
        "f1_std": 0.018218739724975678,
        "avg_normal_score_std": 0.07967036497843065,
        "avg_abnormal_score_std": 0.13974162098970216
    },
    "total_time": 88.57508873939514,
    "all_seeds": [
        {
            "run": 0,
            "train_time": 9.272667407989502,
            "test_time": 0.026988744735717773,
            "epochs": 200,
            "rauc": 0.6833582089552239,
            "ap": 0.6635240697254433,
            "f1": 0.667910447761194,
            "avg_normal_score": 0.46660327911376953,
            "avg_abnormal_score": 0.7654734253883362
        },
        {
            "run": 1,
            "train_time": 8.636688232421875,
            "test_time": 0.02698540687561035,
            "epochs": 200,
            "rauc": 0.7159850746268657,
            "ap": 0.6856118871181988,
            "f1": 0.6753731343283582,
            "avg_normal_score": 0.45090773701667786,
            "avg_abnormal_score": 0.8540894985198975
        },
        {
            "run": 2,
            "train_time": 8.2163827419281,
            "test_time": 0.025984764099121094,
            "epochs": 200,
            "rauc": 0.6909552238805972,
            "ap": 0.6931541047433631,
            "f1": 0.6604477611940298,
            "avg_normal_score": 0.2892950475215912,
            "avg_abnormal_score": 0.5499352216720581
        },
        {
            "run": 3,
            "train_time": 8.467994689941406,
            "test_time": 0.026470661163330078,
            "epochs": 200,
            "rauc": 0.7007014925373134,
            "ap": 0.6870458440760399,
            "f1": 0.6567164179104478,
            "avg_normal_score": 0.38617217540740967,
            "avg_abnormal_score": 0.7144217491149902
        },
        {
            "run": 4,
            "train_time": 8.761079549789429,
            "test_time": 0.025546789169311523,
            "epochs": 200,
            "rauc": 0.6982985074626865,
            "ap": 0.7019118703135558,
            "f1": 0.664179104477612,
            "avg_normal_score": 0.5554112792015076,
            "avg_abnormal_score": 1.0174710750579834
        },
        {
            "run": 5,
            "train_time": 8.268880367279053,
            "test_time": 0.026808977127075195,
            "epochs": 200,
            "rauc": 0.6915671641791045,
            "ap": 0.6831115163761107,
            "f1": 0.6492537313432836,
            "avg_normal_score": 0.27934733033180237,
            "avg_abnormal_score": 0.5113263130187988
        },
        {
            "run": 6,
            "train_time": 8.851521968841553,
            "test_time": 0.02694416046142578,
            "epochs": 200,
            "rauc": 0.6718358208955224,
            "ap": 0.6742878128617142,
            "f1": 0.6343283582089553,
            "avg_normal_score": 0.38562193512916565,
            "avg_abnormal_score": 0.6972955465316772
        },
        {
            "run": 7,
            "train_time": 8.711054801940918,
            "test_time": 0.02674269676208496,
            "epochs": 200,
            "rauc": 0.7038059701492536,
            "ap": 0.682848937354979,
            "f1": 0.6753731343283582,
            "avg_normal_score": 0.34331434965133667,
            "avg_abnormal_score": 0.6273501515388489
        },
        {
            "run": 8,
            "train_time": 8.53922176361084,
            "test_time": 0.026546239852905273,
            "epochs": 200,
            "rauc": 0.7544925373134329,
            "ap": 0.7437816722359287,
            "f1": 0.7014925373134329,
            "avg_normal_score": 0.3477468192577362,
            "avg_abnormal_score": 0.7763001918792725
        },
        {
            "run": 9,
            "train_time": 8.71298885345459,
            "test_time": 0.02464437484741211,
            "epochs": 200,
            "rauc": 0.6625074626865671,
            "ap": 0.679780580511472,
            "f1": 0.6417910447761194,
            "avg_normal_score": 0.37628960609436035,
            "avg_abnormal_score": 0.6754449605941772
        }
    ]
}