{
    "model_config": {
        "hidden_dim": 64,
        "depth": 4,
        "num_heads": 4,
        "mlp_ratio": 4.0,
        "dropout_prob": 0.0,
        "num_prototypes": 16,
        "temperature": 0.1,
        "sinkhorn_iters": 3,
        "sinkhorn_eps": 0.1,
        "contrastive_loss_weight": 0.1,
        "use_flash_attn": false,
        "num_features": 33
    },
    "train_config": {
        "data_dir": "Data/",
        "epochs": 250,
        "learning_rate": 0.01,
        "sche_gamma": 0.95,
        "batch_size": 32,
        "random_seed": 42,
        "num_workers": 0,
        "preprocess": "standard",
        "patience": 5,
        "use_amp": false,
        "model_type": "ProtoAD",
        "dataset_name": "ionosphere",
        "base_path": "results/ProtoAD-d64-proto16-eps0.1-contra0.1-temp0.1/ionosphere/1.0",
        "exp_name": "ProtoAD-d64-proto16-eps0.1-contra0.1-temp0.1",
        "runs": 10,
        "train_ratio": 1.0,
        "run": 9
    },
    "mean_metrics": {
        "rauc": 0.9562859952240481,
        "ap": 0.9653131856188726,
        "f1": 0.8936507936507937,
        "entropy_rauc": 0.3875544318022194,
        "entropy_ap": 0.4762202662528119,
        "entropy_f1": 0.4396825396825396,
        "avg_normal_entropy": 2.4541638135910033,
        "avg_abnormal_entropy": 2.369965898990631,
        "avg_normal_recon": 0.5550838023424148,
        "avg_abnormal_recon": 3.609668731689453
    },
    "std_metrics": {
        "rauc_std": 0.014841356907169152,
        "ap_std": 0.012965577625244373,
        "f1_std": 0.025396825396825376,
        "entropy_rauc_std": 0.12147439847389475,
        "entropy_ap_std": 0.06560930847335084,
        "entropy_f1_std": 0.08888888888888888,
        "avg_normal_entropy_std": 0.18187586137588674,
        "avg_abnormal_entropy_std": 0.25411683730392953,
        "avg_normal_recon_std": 0.1097445672126993,
        "avg_abnormal_recon_std": 0.2229318985602227
    },
    "total_time": 33.242790937423706,
    "all_seeds": [
        {
            "run": 0,
            "train_time": 5.344264268875122,
            "test_time": 0.074371337890625,
            "epochs": 26,
            "rauc": 0.9728894507655569,
            "ap": 0.9802676794656638,
            "f1": 0.9206349206349206,
            "entropy_rauc": 0.39366484056749546,
            "entropy_ap": 0.43294213096281275,
            "entropy_f1": 0.42857142857142855,
            "avg_normal_entropy": 2.146853446960449,
            "avg_abnormal_entropy": 1.9844774007797241,
            "avg_normal_recon": 0.4276563227176666,
            "avg_abnormal_recon": 3.751823902130127
        },
        {
            "run": 1,
            "train_time": 1.8851001262664795,
            "test_time": 0.06407427787780762,
            "epochs": 10,
            "rauc": 0.935173479421267,
            "ap": 0.9467986705905589,
            "f1": 0.8650793650793651,
            "entropy_rauc": 0.3514538558786347,
            "entropy_ap": 0.4654565449947722,
            "entropy_f1": 0.4603174603174603,
            "avg_normal_entropy": 2.4794414043426514,
            "avg_abnormal_entropy": 2.3917014598846436,
            "avg_normal_recon": 0.6861306428909302,
            "avg_abnormal_recon": 3.3928933143615723
        },
        {
            "run": 2,
            "train_time": 7.773543357849121,
            "test_time": 0.06393289566040039,
            "epochs": 47,
            "rauc": 0.9648124736620312,
            "ap": 0.9729897510215243,
            "f1": 0.9206349206349206,
            "entropy_rauc": 0.5140469167017839,
            "entropy_ap": 0.5680084270165657,
            "entropy_f1": 0.49206349206349204,
            "avg_normal_entropy": 2.741183280944824,
            "avg_abnormal_entropy": 2.732297420501709,
            "avg_normal_recon": 0.4905071556568146,
            "avg_abnormal_recon": 3.9192028045654297
        },
        {
            "run": 3,
            "train_time": 1.8238964080810547,
            "test_time": 0.06300973892211914,
            "epochs": 10,
            "rauc": 0.9453574940300603,
            "ap": 0.9542607235175175,
            "f1": 0.8809523809523809,
            "entropy_rauc": 0.2300182609917123,
            "entropy_ap": 0.4028292729374764,
            "entropy_f1": 0.38095238095238093,
            "avg_normal_entropy": 2.3270440101623535,
            "avg_abnormal_entropy": 2.1082823276519775,
            "avg_normal_recon": 0.630410373210907,
            "avg_abnormal_recon": 3.4434733390808105
        },
        {
            "run": 4,
            "train_time": 4.033765554428101,
            "test_time": 0.04134726524353027,
            "epochs": 24,
            "rauc": 0.9705717095097626,
            "ap": 0.9779342506369398,
            "f1": 0.9126984126984127,
            "entropy_rauc": 0.6495294282904901,
            "entropy_ap": 0.5995792846501924,
            "entropy_f1": 0.6587301587301587,
            "avg_normal_entropy": 2.6909124851226807,
            "avg_abnormal_entropy": 2.7269551753997803,
            "avg_normal_recon": 0.3987502455711365,
            "avg_abnormal_recon": 3.343989849090576
        },
        {
            "run": 5,
            "train_time": 1.9665961265563965,
            "test_time": 0.06419658660888672,
            "epochs": 11,
            "rauc": 0.958772299480264,
            "ap": 0.9692243501317345,
            "f1": 0.8809523809523809,
            "entropy_rauc": 0.49023739289226015,
            "entropy_ap": 0.5457380831306423,
            "entropy_f1": 0.4603174603174603,
            "avg_normal_entropy": 2.334195613861084,
            "avg_abnormal_entropy": 2.5042033195495605,
            "avg_normal_recon": 0.6186166405677795,
            "avg_abnormal_recon": 3.8420753479003906
        },
        {
            "run": 6,
            "train_time": 1.8014922142028809,
            "test_time": 0.06290769577026367,
            "epochs": 10,
            "rauc": 0.9298356510745891,
            "ap": 0.9433660315005356,
            "f1": 0.8412698412698413,
            "entropy_rauc": 0.3595308329821604,
            "entropy_ap": 0.42162391342275896,
            "entropy_f1": 0.4603174603174603,
            "avg_normal_entropy": 2.5591394901275635,
            "avg_abnormal_entropy": 2.523120403289795,
            "avg_normal_recon": 0.7250919342041016,
            "avg_abnormal_recon": 3.819070339202881
        },
        {
            "run": 7,
            "train_time": 1.805797815322876,
            "test_time": 0.04772043228149414,
            "epochs": 10,
            "rauc": 0.9495013344570867,
            "ap": 0.9584660203229132,
            "f1": 0.8888888888888888,
            "entropy_rauc": 0.3047478578452031,
            "entropy_ap": 0.45354406204121933,
            "entropy_f1": 0.3412698412698413,
            "avg_normal_entropy": 2.4794600009918213,
            "avg_abnormal_entropy": 2.375354528427124,
            "avg_normal_recon": 0.6306594610214233,
            "avg_abnormal_recon": 3.6046934127807617
        },
        {
            "run": 8,
            "train_time": 2.2615723609924316,
            "test_time": 0.04562067985534668,
            "epochs": 13,
            "rauc": 0.962494732406237,
            "ap": 0.970110116189837,
            "f1": 0.9126984126984127,
            "entropy_rauc": 0.2912628178114904,
            "entropy_ap": 0.4203700538060301,
            "entropy_f1": 0.36507936507936506,
            "avg_normal_entropy": 2.2379746437072754,
            "avg_abnormal_entropy": 2.0135135650634766,
            "avg_normal_recon": 0.47933146357536316,
            "avg_abnormal_recon": 3.2561590671539307
        },
        {
            "run": 9,
            "train_time": 1.9777026176452637,
            "test_time": 0.06529474258422852,
            "epochs": 11,
            "rauc": 0.9734513274336283,
            "ap": 0.9797142628115026,
            "f1": 0.9126984126984127,
            "entropy_rauc": 0.29105211406096365,