{
    "model_config": {
        "num_features": 6,
        "hidden_dim": 32,
        "depth": 4,
        "num_heads": 4,
        "mlp_ratio": 4.0,
        "dropout_prob": 0.0,
        "use_flash_attn": false,
        "ema_decay": 0.999,
        "contrastive_loss_weight": 0.1
    },
    "train_config": {
        "data_dir": "Data/",
        "epochs": 200,
        "learning_rate": 0.01,
        "sche_gamma": 0.95,
        "batch_size": 512,
        "random_seed": 42,
        "num_workers": 0,
        "preprocess": "standard",
        "patience": 10,
        "min_delta": 0,
        "use_amp": false,
        "model_type": "TKDAD",
        "dataset_name": "mammography",
        "base_path": "results/TKDAD-d32-lr0.01-contra0.1/mammography/1.0",
        "exp_name": "TKDAD-d32-lr0.01-contra0.1",
        "runs": 10,
        "train_ratio": 1.0
    },
    "mean_metrics": {
        "ap": 0.1293078366600614,
        "f1": 0.14307692307692305,
        "rauc": 0.7304725304903812,
        "avg_normal_score": 0.009813709370791911,
        "avg_abnormal_score": 0.016439008805900813
    },
    "std_metrics": {
        "ap_std": 0.054300542700692754,
        "f1_std": 0.08131318662754908,
        "rauc_std": 0.09133681704372633,
        "avg_normal_score_std": 0.0030881416766001296,
        "avg_abnormal_score_std": 0.0033380379175909337
    },
    "total_time": 73.21161580085754,
    "all_seeds": [
        {
            "run": 0,
            "train_time": 8.572823286056519,
            "test_time": 0.11007571220397949,
            "epochs": 15,
            "rauc": 0.8116317635129426,
            "ap": 0.1600479512154447,
            "f1": 0.2,
            "avg_normal_score": 0.007428446784615517,
            "avg_abnormal_score": 0.016301296651363373
        },
        {
            "run": 1,
            "train_time": 6.563442945480347,
            "test_time": 0.11616873741149902,
            "epochs": 14,
            "rauc": 0.7082352195589104,
            "ap": 0.11276266835520815,
            "f1": 0.16538461538461538,
            "avg_normal_score": 0.008780509233474731,
            "avg_abnormal_score": 0.014803396537899971
        },
        {
            "run": 2,
            "train_time": 5.845292329788208,
            "test_time": 0.1305248737335205,
            "epochs": 14,
            "rauc": 0.7911743373799398,
            "ap": 0.20229848998121147,
            "f1": 0.2153846153846154,
            "avg_normal_score": 0.011394944973289967,
            "avg_abnormal_score": 0.0222790464758873
        },
        {
            "run": 3,
            "train_time": 6.669947147369385,
            "test_time": 0.11110472679138184,
            "epochs": 14,
            "rauc": 0.623947272061516,
            "ap": 0.07102166127254786,
            "f1": 0.06538461538461539,
            "avg_normal_score": 0.012095917947590351,
            "avg_abnormal_score": 0.014739105477929115
        },
        {
            "run": 4,
            "train_time": 6.933595895767212,
            "test_time": 0.11539697647094727,
            "epochs": 15,
            "rauc": 0.7460661775061261,
            "ap": 0.08305652336815364,
            "f1": 0.023076923076923078,
            "avg_normal_score": 0.00984132383018732,
            "avg_abnormal_score": 0.014703742228448391
        },
        {
            "run": 5,
            "train_time": 6.418938636779785,
            "test_time": 0.11679291725158691,
            "epochs": 14,
            "rauc": 0.5335358983747852,
            "ap": 0.045380747606332886,
            "f1": 0.03076923076923077,
            "avg_normal_score": 0.013305386528372765,
            "avg_abnormal_score": 0.014794058166444302
        },
        {
            "run": 6,
            "train_time": 6.544955730438232,
            "test_time": 0.11430525779724121,
            "epochs": 14,
            "rauc": 0.7700997098836719,
            "ap": 0.2001037093438156,
            "f1": 0.23461538461538461,
            "avg_normal_score": 0.007194313686341047,
            "avg_abnormal_score": 0.016842292621731758
        },
        {
            "run": 7,
            "train_time": 5.9738593101501465,
            "test_time": 0.11275792121887207,
            "epochs": 13,
            "rauc": 0.6742923133256344,
            "ap": 0.08296473258753151,
            "f1": 0.09230769230769231,
            "avg_normal_score": 0.01545400358736515,
            "avg_abnormal_score": 0.02119574137032032
        },
        {
            "run": 8,
            "train_time": 6.975855350494385,
            "test_time": 0.11267733573913574,
            "epochs": 15,
            "rauc": 0.8383904177111793,
            "ap": 0.17885795283662798,
            "f1": 0.25769230769230766,
            "avg_normal_score": 0.008000020869076252,
            "avg_abnormal_score": 0.018526937812566757
        },
        {
            "run": 9,
            "train_time": 9.249623537063599,
            "test_time": 0.11253237724304199,
            "epochs": 20,
            "rauc": 0.8073521955891052,
            "ap": 0.15658393003374046,
            "f1": 0.14615384615384616,
            "avg_normal_score": 0.00464222626760602,
            "avg_abnormal_score": 0.010204470716416836
        }
    ]
}