{
    "model_config": {
        "num_heads": 4,
        "num_latents": 3,
        "num_memories": 10,
        "depth": 4,
        "hidden_dim": 16,
        "mlp_ratio": 4.0,
        "dropout_prob": 0.0,
        "temperature": 0.1,
        "sim_type": "cos",
        "use_oe": true,
        "oe_lambda": 0.1,
        "oe_shuffle_ratio": 0.1,
        "oe_lambda_memory": 0.0,
        "is_weight_sharing": false,
        "use_pos_enc_as_query": false,
        "use_mask_token": false,
        "latent_loss_weight": 1.0,
        "entropy_loss_weight": 1.0,
        "num_features": 9
    },
    "train_config": {
        "data_dir": "Data/",
        "epochs": 250,
        "learning_rate": 0.01,
        "sche_gamma": 0.95,
        "batch_size": 512,
        "random_seed": 42,
        "num_workers": 0,
        "preprocess": "standard",
        "model_type": "OELATTE",
        "dataset_name": "glass",
        "train_ratio": 1.0,
        "base_path": "results/OELATTE-d16-oe_lam0.1-oe_rat0.1-lat_lam1.0-mem_ent_lam1.0/glass/1.0",
        "not_use_power_of_two": false,
        "num_memories_not_use_power_of_two": false,
        "num_memories_twice": false,
        "contamination_ratio": null,
        "latent_ratio": null,
        "memory_ratio": null,
        "run": 9
    },
    "mean_metrics": {
        "AUC-ROC": 0.7837108953613808,
        "AUC-PR": 0.2469360720322673,
        "f1": 0.2111111111111111
    },
    "total_time": 142.22457933425903,
    "all_seeds": [
        {
            "run": 0,
            "AUC-ROC": 0.8813376483279396,
            "AUC-PR": 0.3249539912583391,
            "f1": 0.3333333333333333,
            "train_time": 14.832252979278564,
            "test_time": 0.020111560821533203,
            "epochs": 250
        },
        {
            "run": 1,
            "AUC-ROC": 0.8220064724919094,
            "AUC-PR": 0.34947353300294476,
            "f1": 0.3333333333333333,
            "train_time": 13.507382869720459,
            "test_time": 0.02062058448791504,
            "epochs": 250
        },
        {
            "run": 2,
            "AUC-ROC": 0.8381877022653722,
            "AUC-PR": 0.3154143976716909,
            "f1": 0.2222222222222222,
            "train_time": 14.109514713287354,
            "test_time": 0.01750802993774414,
            "epochs": 250
        },
        {
            "run": 3,
            "AUC-ROC": 0.6655879180151025,
            "AUC-PR": 0.13290173351843182,
            "f1": 0.1111111111111111,
            "train_time": 13.808884143829346,
            "test_time": 0.019848108291625977,
            "epochs": 250
        },
        {
            "run": 4,
            "AUC-ROC": 0.6763754045307443,
            "AUC-PR": 0.1542119321570471,
            "f1": 0.1111111111111111,
            "train_time": 14.018019199371338,
            "test_time": 0.018575191497802734,
            "epochs": 250
        },
        {
            "run": 5,
            "AUC-ROC": 0.8047464940668825,
            "AUC-PR": 0.25596039449994823,
            "f1": 0.2222222222222222,
            "train_time": 14.058898210525513,
            "test_time": 0.017700672149658203,
            "epochs": 250
        },
        {
            "run": 6,
            "AUC-ROC": 0.837108953613808,
            "AUC-PR": 0.22582585571091318,
            "f1": 0.1111111111111111,
            "train_time": 14.026803016662598,
            "test_time": 0.0179750919342041,
            "epochs": 250
        },
        {
            "run": 7,
            "AUC-ROC": 0.7475728155339805,
            "AUC-PR": 0.20152528662969257,
            "f1": 0.1111111111111111,
            "train_time": 14.251097679138184,
            "test_time": 0.025390625,
            "epochs": 250
        },
        {
            "run": 8,
            "AUC-ROC": 0.732470334412082,
            "AUC-PR": 0.17204176362204088,
            "f1": 0.2222222222222222,
            "train_time": 14.103431463241577,
            "test_time": 0.019933700561523438,
            "epochs": 250
        },
        {
            "run": 9,
            "AUC-ROC": 0.8317152103559871,
            "AUC-PR": 0.3370518322516246,
            "f1": 0.3333333333333333,
            "train_time": 13.660543441772461,
            "test_time": 0.018018007278442383,
            "epochs": 250
        }
    ]
}