{
    "model_config": {
        "num_features": 29,
        "hidden_dim": 128,
        "depth": 4,
        "depth_enc": null,
        "depth_dec": null,
        "num_heads": 4,
        "mlp_ratio": 4.0,
        "dropout_prob": 0.0,
        "temperature": 0.2,
        "byol_loss_weight": 0.1,
        "dacl_alpha": 0.9,
        "projector_dim": null,
        "byol_momentum": 0.99,
        "use_flash_attn": false
    },
    "train_config": {
        "data_dir": "Data/",
        "epochs": 200,
        "learning_rate": 0.001,
        "sche_gamma": 0.95,
        "batch_size": 2048,
        "random_seed": 42,
        "num_workers": 0,
        "preprocess": "standard",
        "patience": 20,
        "min_delta": 0,
        "use_amp": false,
        "model_type": "TAEDACL",
        "dataset_name": "fraud",
        "base_path": "results/TAEDACL-bw0.1/fraud/1.0",
        "exp_name": "TAEDACL-bw0.1",
        "runs": 10,
        "train_ratio": 1.0
    },
    "mean_metrics": {
        "combined_avg_normal": -1.639873436519078,
        "byol_f1": 0.545876887340302,
        "combined_f1": 0.6803135888501741,
        "byol_avg_abnormal": -1.5018171242305212,
        "byol_rauc": 0.9527877756913065,
        "avg_abnormal": 1.7706030436924525,
        "rauc": 0.9582905313809035,
        "f1": 0.6913472706155632,
        "combined_ap": 0.6577673493017514,
        "combined_avg_abnormal": 0.268785905625139,
        "byol_ap": 0.5347740355437286,
        "byol_avg_normal": -1.6445687668664115,
        "avg_normal": 0.004695309209637344,
        "combined_rauc": 0.9544939917664366,
        "ap": 0.6627567006392285
    },
    "std_metrics": {
        "combined_avg_normal_std": 0.0045923637642681075,
        "byol_f1_std": 0.03286075342809548,
        "combined_f1_std": 0.01675052857358415,
        "byol_avg_abnormal_std": 0.018119355502668792,
        "byol_rauc_std": 0.0016149785470186149,
        "avg_abnormal_std": 0.31249123312707405,
        "rauc_std": 0.0017328819712832157,
        "f1_std": 0.01172278120684454,
        "combined_ap_std": 0.025649988152827253,
        "combined_avg_abnormal_std": 0.31496853714356793,
        "byol_ap_std": 0.041026590099537144,
        "byol_avg_normal_std": 0.004019979904661793,
        "avg_normal_std": 0.0030355022854598518,
        "combined_rauc_std": 0.001539698655594715,
        "ap_std": 0.021326642826622794
    },
    "total_time": 19516.37146806717,
    "all_seeds": [
        {
            "run": 0,
            "train_time": 2796.1400275230408,
            "test_time": 5.46416711807251,
            "epochs": 200,
            "rauc": 0.9569327532848199,
            "ap": 0.6395888791512221,
            "f1": 0.676829268292683,
            "avg_normal": 0.006424433551728725,
            "avg_abnormal": 1.4430280923843384,
            "byol_rauc": 0.9504475553766638,
            "byol_ap": 0.5833730280633673,
            "byol_f1": 0.5934959349593496,
            "byol_avg_normal": -1.6410821676254272,
            "byol_avg_abnormal": -1.483658790588379,
            "combined_rauc": 0.9516365092796668,
            "combined_ap": 0.6416156709355376,
            "combined_f1": 0.6707317073170732,
            "combined_avg_normal": -1.6346579790115356,
            "combined_avg_abnormal": -0.04063074290752411
        },
        {
            "run": 1,
            "train_time": 2781.460657119751,
            "test_time": 5.334637641906738,
            "epochs": 200,
            "rauc": 0.955602367376183,
            "ap": 0.6802974135686126,
            "f1": 0.6971544715447154,
            "avg_normal": 0.0013310128124430776,
            "avg_abnormal": 2.1200125217437744,
            "byol_rauc": 0.9517128227986793,
            "byol_ap": 0.5064016076161675,
            "byol_f1": 0.508130081300813,
            "byol_avg_normal": -1.6514811515808105,
            "byol_avg_abnormal": -1.5311237573623657,
            "combined_rauc": 0.9539877019924127,
            "combined_ap": 0.6759305858654275,
            "combined_f1": 0.6869918699186992,
            "combined_avg_normal": -1.650149941444397,
            "combined_avg_abnormal": 0.5888888835906982
        },
        {
            "run": 2,
            "train_time": 2773.6484196186066,
            "test_time": 5.330406665802002,
            "epochs": 200,
            "rauc": 0.9573196753366258,
            "ap": 0.6720486848317696,
            "f1": 0.6829268292682927,
            "avg_normal": 0.0011130523635074496,
            "avg_abnormal": 1.6338510513305664,
            "byol_rauc": 0.9524912778830655,
            "byol_ap": 0.5700390439720734,
            "byol_f1": 0.5589430894308943,
            "byol_avg_normal": -1.6408292055130005,
            "byol_avg_abnormal": -1.4978240728378296,
            "combined_rauc": 0.9540267845224774,
            "combined_ap": 0.6764091527579125,
            "combined_f1": 0.6951219512195121,
            "combined_avg_normal": -1.639716386795044,
            "combined_avg_abnormal": 0.13602687418460846
        },
        {
            "run": 3,
            "train_time": 2776.472174882889,
            "test_time": 5.372606515884399,
            "epochs": 200,
            "rauc": 0.9578994579145133,
            "ap": 0.6793945348874357,
            "f1": 0.7012195121951219,
            "avg_normal": 0.007907154969871044,
            "avg_abnormal": 2.21738600730896,
            "byol_rauc": 0.9543981364717627,
            "byol_ap": 0.5879031147188041,
            "byol_f1": 0.5914634146341463,
            "byol_avg_normal": -1.6454871892929077,
            "byol_avg_abnormal": -1.4747828245162964,
            "combined_rauc": 0.9556264660059338,
            "combined_ap": 0.683248120033857,
            "combined_f1": 0.7052845528455285,
            "combined_avg_normal": -1.6375799179077148,
            "combined_avg_abnormal": 0.7426029443740845
        },
        {
            "run": 4,
            "train_time": 2786.2487046718597,
            "test_time": 4.913901329040527,
            "epochs": 200,
            "rauc": 0.9606402534818409,
            "ap": 0.6508845107151091,
            "f1": 0.6951219512195121,
            "avg_normal": 0.006535867229104042,
            "avg_abnormal": 1.4511454105377197,
            "byol_rauc": 0.9515043993188845,
            "byol_ap": 0.48113928180101334,
            "byol_f1": 0.5182926829268293,
            "byol_avg_normal": -1.6435881853103638,
            "byol_avg_abnormal": -1.5144908428192139,
            "combined_rauc": 0.9539704876641895,
            "combined_ap": 0.6365522056219174,
            "combined_f1": 0.6666666666666666,
            "combined_avg_normal": -1.6370521783828735,
            "combined_avg_abnormal": -0.06334540992975235
        },
        {
            "run": 5,
            "train_time": 2778.651478767395,
            "test_time": 5.117821216583252,
            "epochs": 200,
            "rauc": 0.9603929905314332,
            "ap": 0.6285438484941167,
            "f1": 0.676829268292683,
            "avg_normal": 0.008215973153710365,
            "avg_abnormal": 1.5058292150497437,
            "byol_rauc": 0.9553657418511887,
            "byol_ap": 0.4983178355363629,
            "byol_f1": 0.5284552845528455,
            "byol_avg_normal": -1.6490767002105713,
            "byol_avg_abnormal": -1.514805793762207,
            "combined_rauc": 0.9568820610915348,
            "combined_ap": 0.6117122708971087,
            "combined_f1": 0.6524390243902439,
            "combined_avg_normal": -1.6408604383468628,
            "combined_avg_abnormal": -0.008976370096206665
        },
        {
            "run": 6,
            "train_time": 2781.872486591339,
            "test_time": 5.002980709075928,
            "epochs": 200,
            "rauc": 0.9592462217409073,
            "ap": 0.6885390328263349,
            "f1": 0.709349593495935,
            "avg_normal": 0.001339670387096703,
            "avg_abnormal": 2.0229690074920654,