{
    "model_config": {
        "num_features": 29,
        "hidden_dim": 128,
        "depth": 4,
        "depth_enc": null,
        "depth_dec": null,
        "num_heads": 4,
        "mlp_ratio": 4.0,
        "dropout_prob": 0.0,
        "temperature": 0.2,
        "byol_loss_weight": 0.1,
        "dacl_alpha": 0.9,
        "projector_dim": null,
        "byol_momentum": 0.99,
        "use_flash_attn": false
    },
    "train_config": {
        "data_dir": "Data/",
        "epochs": 200,
        "learning_rate": 0.001,
        "sche_gamma": 0.95,
        "batch_size": 2048,
        "random_seed": 42,
        "num_workers": 0,
        "preprocess": "standard",
        "patience": 20,
        "min_delta": 0,
        "use_amp": false,
        "model_type": "TAEDACL",
        "dataset_name": "fraud",
        "base_path": "results/TAEDACL-bw0.1/fraud/1.0",
        "exp_name": "TAEDACL-bw0.1",
        "runs": 10,
        "train_ratio": 1.0
    },
    "mean_metrics": {
        "combined_avg_normal": -1.6405260562896729,
        "byol_f1": 0.5630081300813008,
        "combined_f1": 0.6895325203252032,
        "byol_avg_abnormal": -1.4968473613262177,
        "byol_rauc": 0.9522624481325428,
        "avg_abnormal": 1.8535694181919098,
        "rauc": 0.9569385634780355,
        "f1": 0.6895325203252033,
        "combined_ap": 0.6693008823981836,
        "combined_avg_abnormal": 0.35672198981046677,
        "byol_ap": 0.561929198592603,
        "byol_avg_normal": -1.6447199285030365,
        "avg_normal": 0.004193913424387574,
        "combined_rauc": 0.9538193654501227,
        "ap": 0.6678323781097599
    },
    "std_metrics": {
        "combined_avg_normal_std": 0.005839280616430595,
        "byol_f1_std": 0.03452294258427443,
        "combined_f1_std": 0.012642129374618618,
        "byol_avg_abnormal_std": 0.02142782929595955,
        "byol_rauc_std": 0.0014326070169424472,
        "avg_abnormal_std": 0.32410445032395363,
        "rauc_std": 0.0008446919775520381,
        "f1_std": 0.00999609531143594,
        "combined_ap_std": 0.016244051580255128,
        "combined_avg_abnormal_std": 0.3199222975669468,
        "byol_ap_std": 0.03272447514104462,
        "byol_avg_normal_std": 0.004320701801066505,
        "avg_normal_std": 0.0030187450871139335,
        "combined_rauc_std": 0.0014231859807099013,
        "ap_std": 0.016617258002879127
    },
    "total_time": 11153.068073034286,
    "all_seeds": [
        {
            "run": 0,
            "train_time": 2796.1400275230408,
            "test_time": 5.46416711807251,
            "epochs": 200,
            "rauc": 0.9569327532848199,
            "ap": 0.6395888791512221,
            "f1": 0.676829268292683,
            "avg_normal": 0.006424433551728725,
            "avg_abnormal": 1.4430280923843384,
            "byol_rauc": 0.9504475553766638,
            "byol_ap": 0.5833730280633673,
            "byol_f1": 0.5934959349593496,
            "byol_avg_normal": -1.6410821676254272,
            "byol_avg_abnormal": -1.483658790588379,
            "combined_rauc": 0.9516365092796668,
            "combined_ap": 0.6416156709355376,
            "combined_f1": 0.6707317073170732,
            "combined_avg_normal": -1.6346579790115356,
            "combined_avg_abnormal": -0.04063074290752411
        },
        {
            "run": 1,
            "train_time": 2781.460657119751,
            "test_time": 5.334637641906738,
            "epochs": 200,
            "rauc": 0.955602367376183,
            "ap": 0.6802974135686126,
            "f1": 0.6971544715447154,
            "avg_normal": 0.0013310128124430776,
            "avg_abnormal": 2.1200125217437744,
            "byol_rauc": 0.9517128227986793,
            "byol_ap": 0.5064016076161675,
            "byol_f1": 0.508130081300813,
            "byol_avg_normal": -1.6514811515808105,
            "byol_avg_abnormal": -1.5311237573623657,
            "combined_rauc": 0.9539877019924127,
            "combined_ap": 0.6759305858654275,
            "combined_f1": 0.6869918699186992,
            "combined_avg_normal": -1.650149941444397,
            "combined_avg_abnormal": 0.5888888835906982
        },
        {
            "run": 2,
            "train_time": 2773.6484196186066,
            "test_time": 5.330406665802002,
            "epochs": 200,
            "rauc": 0.9573196753366258,
            "ap": 0.6720486848317696,
            "f1": 0.6829268292682927,
            "avg_normal": 0.0011130523635074496,
            "avg_abnormal": 1.6338510513305664,
            "byol_rauc": 0.9524912778830655,
            "byol_ap": 0.5700390439720734,
            "byol_f1": 0.5589430894308943,
            "byol_avg_normal": -1.6408292055130005,
            "byol_avg_abnormal": -1.4978240728378296,
            "combined_rauc": 0.9540267845224774,
            "combined_ap": 0.6764091527579125,
            "combined_f1": 0.6951219512195121,
            "combined_avg_normal": -1.639716386795044,
            "combined_avg_abnormal": 0.13602687418460846
        },
        {
            "run": 3,
            "train_time": 2776.472174882889,
            "test_time": 5.372606515884399,
            "epochs": 200,
            "rauc": 0.9578994579145133,
            "ap": 0.6793945348874357,
            "f1": 0.7012195121951219,
            "avg_normal": 0.007907154969871044,
            "avg_abnormal": 2.21738600730896,
            "byol_rauc": 0.9543981364717627,
            "byol_ap": 0.5879031147188041,
            "byol_f1": 0.5914634146341463,
            "byol_avg_normal": -1.6454871892929077,
            "byol_avg_abnormal": -1.4747828245162964,
            "combined_rauc": 0.9556264660059338,
            "combined_ap": 0.683248120033857,
            "combined_f1": 0.7052845528455285,
            "combined_avg_normal": -1.6375799179077148,
            "combined_avg_abnormal": 0.7426029443740845
        }
    ]
}