{
    "model_config": {
        "num_heads": 4,
        "num_latents": 3,
        "num_memories": 150,
        "depth": 4,
        "hidden_dim": 16,
        "mlp_ratio": 4.0,
        "dropout_prob": 0.0,
        "temperature": 0.1,
        "sim_type": "cos",
        "use_oe": true,
        "oe_lambda": 1.0,
        "oe_shuffle_ratio": 0.3,
        "oe_lambda_memory": 1.0,
        "is_weight_sharing": false,
        "use_pos_enc_as_query": false,
        "use_mask_token": false,
        "num_features": 9
    },
    "train_config": {
        "data_dir": "Data/",
        "epochs": 250,
        "learning_rate": 0.01,
        "sche_gamma": 0.95,
        "batch_size": 512,
        "random_seed": 42,
        "num_workers": 0,
        "preprocess": "standard",
        "model_type": "OELATTE",
        "dataset_name": "shuttle",
        "train_ratio": 1.0,
        "base_path": "results/OELATTE-d16-oe_lam1.0-oe_rat0.3-oe_lam_mem1.0/shuttle/1.0",
        "not_use_power_of_two": false,
        "num_memories_not_use_power_of_two": false,
        "num_memories_twice": false,
        "contamination_ratio": null,
        "latent_ratio": null,
        "memory_ratio": null,
        "run": 9
    },
    "mean_metrics": {
        "AUC-ROC": 0.9978670629001195,
        "AUC-PR": 0.9704910679106531,
        "f1": 0.9799772144688121
    },
    "total_time": 659.284592628479,
    "all_seeds": [
        {
            "run": 0,
            "AUC-ROC": 0.9974442377469195,
            "AUC-PR": 0.9692155655884487,
            "f1": 0.9766448305326118,
            "train_time": 66.23255014419556,
            "test_time": 0.2598721981048584,
            "epochs": 28
        },
        {
            "run": 1,
            "AUC-ROC": 0.9983475791429017,
            "AUC-PR": 0.9657239373235167,
            "f1": 0.9809171176303048,
            "train_time": 67.9899914264679,
            "test_time": 0.22766590118408203,
            "epochs": 29
        },
        {
            "run": 2,
            "AUC-ROC": 0.9985076641690313,
            "AUC-PR": 0.9778830613707543,
            "f1": 0.9803474793506124,
            "train_time": 64.63123750686646,
            "test_time": 0.24999070167541504,
            "epochs": 28
        },
        {
            "run": 3,
            "AUC-ROC": 0.9966004518293958,
            "AUC-PR": 0.9690469849995106,
            "f1": 0.9794930219310738,
            "train_time": 64.13400053977966,
            "test_time": 0.22388982772827148,
            "epochs": 29
        },
        {
            "run": 4,
            "AUC-ROC": 0.9979377884671627,
            "AUC-PR": 0.978235131118993,
            "f1": 0.9809171176303048,
            "train_time": 64.72449111938477,
            "test_time": 0.2887556552886963,
            "epochs": 27
        },
        {
            "run": 5,
            "AUC-ROC": 0.9979865349886624,
            "AUC-PR": 0.9659368486196778,
            "f1": 0.9792082027912276,
            "train_time": 64.42459845542908,
            "test_time": 0.2923617362976074,
            "epochs": 27
        },
        {
            "run": 6,
            "AUC-ROC": 0.9972130010434205,
            "AUC-PR": 0.9714560161061778,
            "f1": 0.9786385645115352,
            "train_time": 67.09475541114807,
            "test_time": 0.20385432243347168,
            "epochs": 29
        },
        {
            "run": 7,
            "AUC-ROC": 0.9974920845633312,
            "AUC-PR": 0.9701909471459084,
            "f1": 0.978353745371689,
            "train_time": 64.4974524974823,
            "test_time": 0.29254961013793945,
            "epochs": 27
        },
        {
            "run": 8,
            "AUC-ROC": 0.9987692409274396,
            "AUC-PR": 0.9721092601104295,
            "f1": 0.9823412133295357,
            "train_time": 68.53844237327576,
            "test_time": 0.19119882583618164,
            "epochs": 29
        },
        {
            "run": 9,
            "AUC-ROC": 0.9983720461229315,
            "AUC-PR": 0.9651129267231138,
            "f1": 0.9829108516092281,
            "train_time": 62.38551616668701,
            "test_time": 0.261505126953125,
            "epochs": 27
        }
    ]
}