{
    "model_config": {
        "num_heads": 4,
        "num_latents": 2,
        "num_memories": 15,
        "depth": 4,
        "hidden_dim": 64,
        "mlp_ratio": 4.0,
        "dropout_prob": 0.0,
        "temperature": 0.1,
        "sim_type": "cos",
        "use_oe": true,
        "oe_lambda": 1.0,
        "oe_shuffle_ratio": 0.1,
        "oe_lambda_memory": 0.1,
        "is_weight_sharing": false,
        "use_pos_enc_as_query": false,
        "use_mask_token": false,
        "num_features": 8
    },
    "train_config": {
        "data_dir": "Data/",
        "epochs": 250,
        "learning_rate": 0.01,
        "sche_gamma": 0.95,
        "batch_size": 512,
        "random_seed": 42,
        "num_workers": 0,
        "preprocess": "standard",
        "model_type": "OELATTE",
        "dataset_name": "pima",
        "train_ratio": 1.0,
        "base_path": "results/OELATTE-d64-oe_lam1.0-oe_rat0.1-oe_lam_mem0.1/pima/1.0",
        "not_use_power_of_two": false,
        "num_memories_not_use_power_of_two": false,
        "num_memories_twice": false,
        "contamination_ratio": null,
        "latent_ratio": null,
        "memory_ratio": null,
        "run": 9
    },
    "mean_metrics": {
        "AUC-ROC": 0.7065402985074627,
        "AUC-PR": 0.6919416943332791,
        "f1": 0.6791044776119403
    },
    "total_time": 52.23504900932312,
    "all_seeds": [
        {
            "run": 0,
            "AUC-ROC": 0.6802238805970149,
            "AUC-PR": 0.655633182792073,
            "f1": 0.6455223880597015,
            "train_time": 7.712422132492065,
            "test_time": 0.028914690017700195,
            "epochs": 140
        },
        {
            "run": 1,
            "AUC-ROC": 0.6865820895522388,
            "AUC-PR": 0.6526922182427846,
            "f1": 0.6529850746268657,
            "train_time": 6.098999738693237,
            "test_time": 0.026996850967407227,
            "epochs": 112
        },
        {
            "run": 2,
            "AUC-ROC": 0.7277611940298507,
            "AUC-PR": 0.7151579010136628,
            "f1": 0.7014925373134329,
            "train_time": 7.4113874435424805,
            "test_time": 0.028168201446533203,
            "epochs": 133
        },
        {
            "run": 3,
            "AUC-ROC": 0.6886119402985076,
            "AUC-PR": 0.6901122866705984,
            "f1": 0.6455223880597015,
            "train_time": 4.3271942138671875,
            "test_time": 0.011130332946777344,
            "epochs": 117
        },
        {
            "run": 4,
            "AUC-ROC": 0.7223283582089551,
            "AUC-PR": 0.699254044684537,
            "f1": 0.6977611940298507,
            "train_time": 1.4078474044799805,
            "test_time": 0.011032581329345703,
            "epochs": 65
        },
        {
            "run": 5,
            "AUC-ROC": 0.7212537313432836,
            "AUC-PR": 0.7175975037154088,
            "f1": 0.6865671641791045,
            "train_time": 4.8193278312683105,
            "test_time": 0.028494834899902344,
            "epochs": 106
        },
        {
            "run": 6,
            "AUC-ROC": 0.6826119402985076,
            "AUC-PR": 0.6671530090747807,
            "f1": 0.6716417910447762,
            "train_time": 6.224913597106934,
            "test_time": 0.028666257858276367,
            "epochs": 118
        },
        {
            "run": 7,
            "AUC-ROC": 0.7065820895522388,
            "AUC-PR": 0.7000520503777179,
            "f1": 0.6865671641791045,
            "train_time": 4.982893943786621,
            "test_time": 0.02928018569946289,
            "epochs": 95
        },
        {
            "run": 8,
            "AUC-ROC": 0.7331641791044776,
            "AUC-PR": 0.7264203359692027,
            "f1": 0.6977611940298507,
            "train_time": 5.806253671646118,
            "test_time": 0.011240243911743164,
            "epochs": 124
        },
        {
            "run": 9,
            "AUC-ROC": 0.7162835820895523,
            "AUC-PR": 0.6953444107920254,
            "f1": 0.7052238805970149,
            "train_time": 1.2425343990325928,
            "test_time": 0.011085748672485352,
            "epochs": 57
        }
    ]
}