{
    "model_config": {
        "num_features": 274,
        "hidden_dim": 64,
        "depth": 4,
        "depth_enc": null,
        "depth_dec": null,
        "num_heads": 4,
        "mlp_ratio": 4.0,
        "dropout_prob": 0.0,
        "temperature": 0.1,
        "byol_loss_weight": 0.1,
        "dacl_alpha": 0.9,
        "projector_dim": null,
        "byol_momentum": 0.99,
        "use_flash_attn": false
    },
    "train_config": {
        "data_dir": "Data/",
        "epochs": 200,
        "learning_rate": 0.01,
        "sche_gamma": 0.95,
        "batch_size": 512,
        "random_seed": 42,
        "num_workers": 0,
        "preprocess": "standard",
        "patience": 10,
        "min_delta": 0,
        "use_amp": false,
        "model_type": "TAEDACL",
        "dataset_name": "arrhythmia",
        "base_path": "results/TAEDACL-260125-bw0.1-ap0.9-ep200-ep60_byol/arrhythmia/1.0",
        "exp_name": "TAEDACL-260125-bw0.1-ap0.9-ep200-ep60_byol",
        "runs": 10,
        "train_ratio": 1.0
    },
    "start_time_kst": "2026-01-25T16:09:27+09:00",
    "mean_metrics": {
        "rauc": 0.6939236928874235,
        "ap": 0.5167891110481224,
        "f1": 0.49306037473976405,
        "avg_normal": -1.5261955738067627,
        "avg_abnormal": -1.5261284708976746
    },
    "std_metrics": {
        "rauc_std": 0.05174480884154488,
        "ap_std": 0.09507155073690855,
        "f1_std": 0.06889317613029099,
        "avg_normal_std": 7.224268249930062e-05,
        "avg_abnormal_std": 0.0001847768848774926
    },
    "total_time": 141.39280319213867,
    "all_seeds": [
        {
            "rauc": 0.7019155283403989,
            "ap": 0.43980762826773356,
            "f1": 0.4393939393939394,
            "avg_normal": -1.5262442827224731,
            "avg_abnormal": -1.526236891746521,
            "run": 0,
            "epochs": 79,
            "train_time": 14.120518445968628,
            "test_time": 0.1298220157623291
        },
        {
            "rauc": 0.7028183388287015,
            "ap": 0.5149705794514315,
            "f1": 0.48484848484848486,
            "avg_normal": -1.526188611984253,
            "avg_abnormal": -1.5261521339416504,
            "run": 1,
            "epochs": 86,
            "train_time": 14.522140502929688,
            "test_time": 0.126662015914917
        },
        {
            "rauc": 0.658305856492385,
            "ap": 0.45570078277426773,
            "f1": 0.4696969696969697,
            "avg_normal": -1.5262218713760376,
            "avg_abnormal": -1.526207447052002,
            "run": 2,
            "epochs": 82,
            "train_time": 14.063038349151611,
            "test_time": 0.1429281234741211
        },
        {
            "rauc": 0.7068613597111006,
            "ap": 0.577355268740927,
            "f1": 0.48484848484848486,
            "avg_normal": -1.5262277126312256,
            "avg_abnormal": -1.526201605796814,
            "run": 3,
            "epochs": 82,
            "train_time": 14.912930727005005,
            "test_time": 0.16731810569763184
        },
        {
            "rauc": 0.6061391113204585,
            "ap": 0.36921646195311086,
            "f1": 0.366412213740458,
            "avg_normal": -1.5262638330459595,
            "avg_abnormal": -1.5262627601623535,
            "run": 4,
            "epochs": 81,
            "train_time": 14.900151014328003,
            "test_time": 0.15426206588745117
        },
        {
            "rauc": 0.7052127492542001,
            "ap": 0.5625524168583852,
            "f1": 0.5757575757575758,
            "avg_normal": -1.526142954826355,
            "avg_abnormal": -1.5260533094406128,
            "run": 5,
            "epochs": 88,
            "train_time": 16.22165083885193,
            "test_time": 0.17134904861450195
        },
        {
            "rauc": 0.6772256241168157,
            "ap": 0.557392304069332,
            "f1": 0.4732824427480916,
            "avg_normal": -1.5262008905410767,
            "avg_abnormal": -1.5261355638504028,
            "run": 6,
            "epochs": 81,
            "train_time": 14.696582317352295,
            "test_time": 0.16917157173156738
        },
        {
            "rauc": 0.8211257654262835,
            "ap": 0.7134551889562868,
            "f1": 0.6363636363636364,
            "avg_normal": -1.5260019302368164,
            "avg_abnormal": -1.5256016254425049,
            "run": 7,
            "epochs": 78,
            "train_time": 14.164878368377686,
            "test_time": 0.15107131004333496
        },
        {
            "rauc": 0.6957136128120585,
            "ap": 0.41361150832783045,
            "f1": 0.5,
            "avg_normal": -1.5262166261672974,
            "avg_abnormal": -1.5261985063552856,
            "run": 8,
            "epochs": 85,
            "train_time": 15.461362600326538,
            "test_time": 0.14449501037597656
        },
        {
            "rauc": 0.6639189825718322,
            "ap": 0.5638289710819187,
            "f1": 0.5,
            "avg_normal": -1.5262470245361328,
            "avg_abnormal": -1.5262348651885986,
            "run": 9,
            "epochs": 26,
            "train_time": 4.595430374145508,
            "test_time": 0.16350197792053223
        }
    ]
}