{
    "model_config": {
        "hidden_dim": 64,
        "depth": 4,
        "num_heads": 4,
        "mlp_ratio": 4.0,
        "dropout_prob": 0.0,
        "num_prototypes": 16,
        "temperature": 0.1,
        "sinkhorn_iters": 3,
        "sinkhorn_eps": 0.05,
        "contrastive_loss_weight": 0.1,
        "use_flash_attn": false,
        "num_features": 21
    },
    "train_config": {
        "data_dir": "Data/",
        "epochs": 250,
        "learning_rate": 0.01,
        "sche_gamma": 0.95,
        "batch_size": 256,
        "random_seed": 42,
        "num_workers": 0,
        "preprocess": "standard",
        "patience": 20,
        "use_amp": false,
        "model_type": "ProtoAD",
        "dataset_name": "cardio",
        "base_path": "results/ProtoAD-d64-proto16-eps0.05-contra0.1-temp0.1/cardio/1.0",
        "exp_name": "ProtoAD-d64-proto16-eps0.05-contra0.1-temp0.1",
        "runs": 10,
        "train_ratio": 1.0,
        "run": 9
    },
    "mean_metrics": {
        "rauc": 0.9236550285463329,
        "ap": 0.7603913040463764,
        "f1": 0.68125,
        "entropy_rauc": 0.45232213438735175,
        "entropy_ap": 0.16582904973739213,
        "entropy_f1": 0.12386363636363637,
        "avg_normal_entropy": 0.30042661130428316,
        "avg_abnormal_entropy": 0.26095159649848937,
        "avg_normal_recon": 0.41753687262535094,
        "avg_abnormal_recon": 4.044339036941528
    },
    "std_metrics": {
        "rauc_std": 0.014515428314680633,
        "ap_std": 0.0332109525395386,
        "f1_std": 0.03915510716822739,
        "entropy_rauc_std": 0.10344322802506566,
        "entropy_ap_std": 0.031397597614532376,
        "entropy_f1_std": 0.05274000629941951,
        "avg_normal_entropy_std": 0.0534883456219819,
        "avg_abnormal_entropy_std": 0.08705515096558981,
        "avg_normal_recon_std": 0.04196594008023911,
        "avg_abnormal_recon_std": 0.9350819226263153
    },
    "total_time": 210.96097445487976,
    "all_seeds": [
        {
            "run": 0,
            "train_time": 28.742466926574707,
            "test_time": 0.0516817569732666,
            "epochs": 166,
            "rauc": 0.9386940052700922,
            "ap": 0.7900421646088137,
            "f1": 0.75,
            "entropy_rauc": 0.550717775581906,
            "entropy_ap": 0.21815939239998028,
            "entropy_f1": 0.23295454545454544,
            "avg_normal_entropy": 0.3415343165397644,
            "avg_abnormal_entropy": 0.3867427706718445,
            "avg_normal_recon": 0.45152997970581055,
            "avg_abnormal_recon": 4.432852745056152
        },
        {
            "run": 1,
            "train_time": 19.336748838424683,
            "test_time": 0.022908926010131836,
            "epochs": 134,
            "rauc": 0.9280989240228371,
            "ap": 0.7921068734517765,
            "f1": 0.6534090909090909,
            "entropy_rauc": 0.5821461901624945,
            "entropy_ap": 0.21626102549069065,
            "entropy_f1": 0.19318181818181818,
            "avg_normal_entropy": 0.23687396943569183,
            "avg_abnormal_entropy": 0.2898070812225342,
            "avg_normal_recon": 0.36956870555877686,
            "avg_abnormal_recon": 5.917779922485352
        },
        {
            "run": 2,
            "train_time": 11.608239889144897,
            "test_time": 0.021916627883911133,
            "epochs": 166,
            "rauc": 0.9420564339042601,
            "ap": 0.7861438514292722,
            "f1": 0.7386363636363636,
            "entropy_rauc": 0.2208909749670619,
            "entropy_ap": 0.11679507688945573,
            "entropy_f1": 0.056818181818181816,
            "avg_normal_entropy": 0.29185786843299866,
            "avg_abnormal_entropy": 0.13055706024169922,
            "avg_normal_recon": 0.44057151675224304,
            "avg_abnormal_recon": 4.415050983428955
        },
        {
            "run": 3,
            "train_time": 9.656795263290405,
            "test_time": 0.05295205116271973,
            "epochs": 143,
            "rauc": 0.9171950483091788,
            "ap": 0.7372886742371755,
            "f1": 0.6647727272727273,
            "entropy_rauc": 0.46896958717610887,
            "entropy_ap": 0.15768360706307558,
            "entropy_f1": 0.13636363636363635,
            "avg_normal_entropy": 0.30164167284965515,
            "avg_abnormal_entropy": 0.25027549266815186,
            "avg_normal_recon": 0.42455634474754333,
            "avg_abnormal_recon": 3.109640598297119
        },
        {
            "run": 4,
            "train_time": 22.98347806930542,
            "test_time": 0.05187487602233887,
            "epochs": 147,
            "rauc": 0.8949755709266579,
            "ap": 0.7051077570431755,
            "f1": 0.6363636363636364,
            "entropy_rauc": 0.4343091238471673,
            "entropy_ap": 0.1494017422572333,
            "entropy_f1": 0.08522727272727272,
            "avg_normal_entropy": 0.31343159079551697,
            "avg_abnormal_entropy": 0.23798474669456482,
            "avg_normal_recon": 0.3778291344642639,
            "avg_abnormal_recon": 2.484036684036255
        },
        {
            "run": 5,
            "train_time": 23.157715320587158,
            "test_time": 0.04853010177612305,
            "epochs": 138,
            "rauc": 0.9303153820816864,
            "ap": 0.7800634975419887,
            "f1": 0.6988636363636364,
            "entropy_rauc": 0.3976517896354853,
            "entropy_ap": 0.14696048565039,
            "entropy_f1": 0.14772727272727273,
            "avg_normal_entropy": 0.26693618297576904,
            "avg_abnormal_entropy": 0.21139739453792572,
            "avg_normal_recon": 0.34796035289764404,
            "avg_abnormal_recon": 4.052743434906006
        },
        {
            "run": 6,
            "train_time": 26.276779174804688,
            "test_time": 0.05076742172241211,
            "epochs": 157,
            "rauc": 0.9408967391304348,
            "ap": 0.8018050478097354,
            "f1": 0.7045454545454546,
            "entropy_rauc": 0.43072024593763725,
            "entropy_ap": 0.16499974589899258,
            "entropy_f1": 0.10227272727272728,
            "avg_normal_entropy": 0.31518039107322693,
            "avg_abnormal_entropy": 0.27000513672828674,
            "avg_normal_recon": 0.3917328417301178,
            "avg_abnormal_recon": 2.9860098361968994
        },
        {
            "run": 7,
            "train_time": 20.90000319480896,
            "test_time": 0.05385732650756836,
            "epochs": 123,
            "rauc": 0.9217171717171717,
            "ap": 0.7093255347580343,
            "f1": 0.6704545454545454,
            "entropy_rauc": 0.3625864624505929,
            "entropy_ap": 0.1319536441967938,
            "entropy_f1": 0.07954545454545454,
            "avg_normal_entropy": 0.24901269376277924,
            "avg_abnormal_entropy": 0.1619008481502533,
            "avg_normal_recon": 0.45840373635292053,
            "avg_abnormal_recon": 4.009838581085205
        },
        {
            "run": 8,
            "train_time": 20.23821520805359,
            "test_time": 0.05274486541748047,
            "epochs": 121,
            "rauc": 0.9093585309617918,
            "ap": 0.7527154027189281,
            "f1": 0.6704545454545454,
            "entropy_rauc": 0.5487826635924462,
            "entropy_ap": 0.18212091463763644,
            "entropy_f1": 0.125,
            "avg_normal_entropy": 0.25765806436538696,
            "avg_abnormal_entropy": 0.24043531715869904,
            "avg_normal_recon": 0.426872581243515,
            "avg_abnormal_recon": 4.702012062072754
        },
        {
            "run": 9,
            "train_time": 25.480473518371582,
            "test_time": 0.052396297454833984,
            "epochs": 152,
            "rauc": 0.9132424791392183,
            "ap": 0.7493142368648643,
            "f1": 0.625,
            "entropy_rauc": 0.5264465305226175,