{
    "model_config": {
        "hidden_dim": 128,
        "depth": 4,
        "num_heads": 4,
        "mlp_ratio": 4.0,
        "dropout_prob": 0.0,
        "num_prototypes": 16,
        "temperature": 0.1,
        "sinkhorn_iters": 3,
        "sinkhorn_eps": 0.05,
        "contrastive_loss_weight": 1.0,
        "use_flash_attn": false,
        "num_features": 36
    },
    "train_config": {
        "data_dir": "Data/",
        "epochs": 250,
        "learning_rate": 0.01,
        "sche_gamma": 0.95,
        "batch_size": 512,
        "random_seed": 42,
        "num_workers": 0,
        "preprocess": "standard",
        "patience": 10,
        "use_amp": false,
        "model_type": "ProtoAD",
        "dataset_name": "satimage-2",
        "base_path": "results/ProtoAD-d128-proto16-eps0.05-contra1.0-temp0.1/satimage-2/1.0",
        "exp_name": "ProtoAD-d128-proto16-eps0.05-contra1.0-temp0.1",
        "runs": 10,
        "train_ratio": 1.0,
        "run": 9
    },
    "mean_metrics": {
        "rauc": 0.9968946266573623,
        "ap": 0.9676257086498614,
        "f1": 0.9169014084507042,
        "entropy_rauc": 0.4035643729789765,
        "entropy_ap": 0.022483547537422644,
        "entropy_f1": 0.005633802816901409,
        "avg_normal_entropy": 0.4150701373815536,
        "avg_abnormal_entropy": 0.19776908606290816,
        "avg_normal_recon": 0.2766628533601761,
        "avg_abnormal_recon": 5.248925352096558
    },
    "std_metrics": {
        "rauc_std": 0.0016504796643846747,
        "ap_std": 0.007541655059400259,
        "f1_std": 0.018309859154929553,
        "entropy_rauc_std": 0.16522910922379166,
        "entropy_ap_std": 0.010468844576528871,
        "entropy_f1_std": 0.01290866392945307,
        "avg_normal_entropy_std": 0.33208740046800067,
        "avg_abnormal_entropy_std": 0.11181661509373765,
        "avg_normal_recon_std": 0.07516731926400513,
        "avg_abnormal_recon_std": 0.5829504523587014
    },
    "total_time": 195.32338905334473,
    "all_seeds": [
        {
            "run": 0,
            "train_time": 6.724070310592651,
            "test_time": 0.09239888191223145,
            "epochs": 25,
            "rauc": 0.9937538700451136,
            "ap": 0.9635026798739527,
            "f1": 0.9014084507042254,
            "entropy_rauc": 0.158404017966838,
            "entropy_ap": 0.014114014464074136,
            "entropy_f1": 0.0,
            "avg_normal_entropy": 1.2852885723114014,
            "avg_abnormal_entropy": 0.27047020196914673,
            "avg_normal_recon": 0.39937278628349304,
            "avg_abnormal_recon": 5.7585039138793945
        },
        {
            "run": 1,
            "train_time": 16.093026638031006,
            "test_time": 0.08423280715942383,
            "epochs": 68,
            "rauc": 0.9966336750439834,
            "ap": 0.9676108487932066,
            "f1": 0.9154929577464789,
            "entropy_rauc": 0.32290182125551636,
            "entropy_ap": 0.017006540020627136,
            "entropy_f1": 0.0,
            "avg_normal_entropy": 0.3202841281890869,
            "avg_abnormal_entropy": 0.14464332163333893,
            "avg_normal_recon": 0.3197345733642578,
            "avg_abnormal_recon": 6.013503074645996
        },
        {
            "run": 2,
            "train_time": 16.95072650909424,
            "test_time": 0.0840919017791748,
            "epochs": 74,
            "rauc": 0.9977836313063306,
            "ap": 0.9724241355016173,
            "f1": 0.9295774647887324,
            "entropy_rauc": 0.6403831221803956,
            "entropy_ap": 0.035574445411249114,
            "entropy_f1": 0.0,
            "avg_normal_entropy": 0.2612030804157257,
            "avg_abnormal_entropy": 0.4032755196094513,
            "avg_normal_recon": 0.2338172346353531,
            "avg_abnormal_recon": 5.294851779937744
        },
        {
            "run": 3,
            "train_time": 42.673935890197754,
            "test_time": 0.08645868301391602,
            "epochs": 185,
            "rauc": 0.9988991871676676,
            "ap": 0.9802352958817148,
            "f1": 0.9577464788732394,
            "entropy_rauc": 0.3748660841532096,
            "entropy_ap": 0.01771769478909659,
            "entropy_f1": 0.0,
            "avg_normal_entropy": 0.12601874768733978,
            "avg_abnormal_entropy": 0.06889263540506363,
            "avg_normal_recon": 0.19196802377700806,
            "avg_abnormal_recon": 4.638370513916016
        },
        {
            "run": 4,
            "train_time": 14.724807024002075,
            "test_time": 0.0850675106048584,
            "epochs": 62,
            "rauc": 0.9980047767413975,
            "ap": 0.9659689572840986,
            "f1": 0.9014084507042254,
            "entropy_rauc": 0.1656133591500152,
            "entropy_ap": 0.013535019846289862,
            "entropy_f1": 0.0,
            "avg_normal_entropy": 0.29850083589553833,
            "avg_abnormal_entropy": 0.06261857599020004,
            "avg_normal_recon": 0.20944105088710785,
            "avg_abnormal_recon": 4.995827674865723
        },
        {
            "run": 5,
            "train_time": 26.39459252357483,
            "test_time": 0.08490657806396484,
            "epochs": 111,
            "rauc": 0.997837689079347,
            "ap": 0.9641333107849765,
            "f1": 0.9014084507042254,
            "entropy_rauc": 0.4462911453367799,
            "entropy_ap": 0.020791283077987836,
            "entropy_f1": 0.014084507042253521,
            "avg_normal_entropy": 0.1529468297958374,
            "avg_abnormal_entropy": 0.08101151883602142,
            "avg_normal_recon": 0.2018497735261917,
            "avg_abnormal_recon": 4.430393695831299
        },
        {
            "run": 6,
            "train_time": 6.340102195739746,
            "test_time": 0.08591794967651367,
            "epochs": 26,
            "rauc": 0.9951544578005367,
            "ap": 0.9641750649902955,
            "f1": 0.9014084507042254,
            "entropy_rauc": 0.3937764760229205,
            "entropy_ap": 0.018629319962186287,
            "entropy_f1": 0.0,
            "avg_normal_entropy": 0.6197394132614136,
            "avg_abnormal_entropy": 0.3571777939796448,
            "avg_normal_recon": 0.3667159676551819,
            "avg_abnormal_recon": 5.399965763092041
        },
        {
            "run": 7,
            "train_time": 23.760103225708008,
            "test_time": 0.08948707580566406,
            "epochs": 101,
            "rauc": 0.9966975615030027,
            "ap": 0.9519406202844325,
            "f1": 0.9014084507042254,
            "entropy_rauc": 0.4675702505332062,
            "entropy_ap": 0.02118605097181619,
            "entropy_f1": 0.0,
            "avg_normal_entropy": 0.42680278420448303,
            "avg_abnormal_entropy": 0.17991630733013153,
            "avg_normal_recon": 0.3376799523830414,
            "avg_abnormal_recon": 5.556075096130371
        },
        {
            "run": 8,
            "train_time": 15.553334474563599,
            "test_time": 0.16609787940979004,
            "epochs": 68,
            "rauc": 0.9951888582015471,
            "ap": 0.9688783008061204,
            "f1": 0.9295774647887324,
            "entropy_rauc": 0.3695389363396008,
            "entropy_ap": 0.017726057154447864,
            "entropy_f1": 0.0,
            "avg_normal_entropy": 0.5427000522613525,
            "avg_abnormal_entropy": 0.21810536086559296,
            "avg_normal_recon": 0.31431668996810913,
            "avg_abnormal_recon": 6.014316082000732
        },
        {
            "run": 9,
            "train_time": 23.161116361618042,
            "test_time": 0.08208084106445312,
            "epochs": 101,
            "rauc": 0.9989925596846957,
            "ap": 0.9773878722982001,
            "f1": 0.9295774647887324,
            "entropy_rauc": 0.6962985168512821,
            "entropy_ap": 0.048555049676451426,