{
    "model_config": {
        "hidden_dim": 64,
        "depth": 4,
        "num_heads": 4,
        "mlp_ratio": 4.0,
        "dropout_prob": 0.0,
        "num_prototypes": 5,
        "temperature": 0.1,
        "sinkhorn_iters": 3,
        "sinkhorn_eps": 0.05,
        "contrastive_loss_weight": 1.0,
        "use_flash_attn": false,
        "num_features": 30
    },
    "train_config": {
        "data_dir": "Data/",
        "epochs": 250,
        "learning_rate": 0.01,
        "sche_gamma": 0.95,
        "batch_size": 16,
        "random_seed": 42,
        "num_workers": 0,
        "preprocess": "standard",
        "patience": 5,
        "use_amp": false,
        "model_type": "ProtoAD",
        "dataset_name": "wbc",
        "base_path": "results/ProtoAD-d64-proto5-eps0.05-contra1.0-temp0.1/wbc/1.0",
        "exp_name": "ProtoAD-d64-proto5-eps0.05-contra1.0-temp0.1",
        "runs": 10,
        "train_ratio": 1.0,
        "run": 9
    },
    "mean_metrics": {
        "rauc": 0.9356477786645385,
        "ap": 0.7487293661974042,
        "f1": 0.6619047619047619,
        "entropy_rauc": 0.36999201915403035,
        "entropy_ap": 0.09369271476749037,
        "entropy_f1": 0.03809523809523809,
        "avg_normal_entropy": 0.5116399556398392,
        "avg_abnormal_entropy": 0.3640217065811157,
        "avg_normal_recon": 0.8058132350444793,
        "avg_abnormal_recon": 8.851553058624267
    },
    "std_metrics": {
        "rauc_std": 0.02303947043058186,
        "ap_std": 0.05351879793573127,
        "f1_std": 0.039555351728181316,
        "entropy_rauc_std": 0.19086016219206145,
        "entropy_ap_std": 0.029306124276914286,
        "entropy_f1_std": 0.041513323271815936,
        "avg_normal_entropy_std": 0.14966799480047463,
        "avg_abnormal_entropy_std": 0.13920461538372453,
        "avg_normal_recon_std": 0.10259780550354304,
        "avg_abnormal_recon_std": 0.8803141924094099
    },
    "total_time": 79.76849627494812,
    "all_seeds": [
        {
            "run": 0,
            "train_time": 8.277951002120972,
            "test_time": 0.08365631103515625,
            "epochs": 16,
            "rauc": 0.9154030327214684,
            "ap": 0.6959786237292891,
            "f1": 0.6666666666666666,
            "entropy_rauc": 0.6916733173716414,
            "entropy_ap": 0.1526603213672867,
            "entropy_f1": 0.0,
            "avg_normal_entropy": 0.38281577825546265,
            "avg_abnormal_entropy": 0.5514455437660217,
            "avg_normal_recon": 0.8238414525985718,
            "avg_abnormal_recon": 7.797158241271973
        },
        {
            "run": 1,
            "train_time": 15.285646200180054,
            "test_time": 0.08618688583374023,
            "epochs": 33,
            "rauc": 0.9505187549880287,
            "ap": 0.7528589558717631,
            "f1": 0.6666666666666666,
            "entropy_rauc": 0.1372705506783719,
            "entropy_ap": 0.06186675791818807,
            "entropy_f1": 0.0,
            "avg_normal_entropy": 0.578876793384552,
            "avg_abnormal_entropy": 0.18686476349830627,
            "avg_normal_recon": 0.872555673122406,
            "avg_abnormal_recon": 9.662321090698242
        },
        {
            "run": 2,
            "train_time": 12.914916515350342,
            "test_time": 0.08254289627075195,
            "epochs": 32,
            "rauc": 0.934291034849694,
            "ap": 0.7719844238589888,
            "f1": 0.6666666666666666,
            "entropy_rauc": 0.5884543761638733,
            "entropy_ap": 0.1345699843693297,
            "entropy_f1": 0.14285714285714285,
            "avg_normal_entropy": 0.3234436511993408,
            "avg_abnormal_entropy": 0.3683824837207794,
            "avg_normal_recon": 0.6234879493713379,
            "avg_abnormal_recon": 8.244932174682617
        },
        {
            "run": 3,
            "train_time": 5.955622673034668,
            "test_time": 0.08446860313415527,
            "epochs": 12,
            "rauc": 0.9209896249002394,
            "ap": 0.6667218523981855,
            "f1": 0.6190476190476191,
            "entropy_rauc": 0.4823091247672253,
            "entropy_ap": 0.10040355100071573,
            "entropy_f1": 0.047619047619047616,
            "avg_normal_entropy": 0.46666082739830017,
            "avg_abnormal_entropy": 0.4578886926174164,
            "avg_normal_recon": 0.9004576206207275,
            "avg_abnormal_recon": 8.899703025817871
        },
        {
            "run": 4,
            "train_time": 8.582840919494629,
            "test_time": 0.08333992958068848,
            "epochs": 18,
            "rauc": 0.9579675445597233,
            "ap": 0.8122373333126514,
            "f1": 0.7142857142857143,
            "entropy_rauc": 0.4711359404096834,
            "entropy_ap": 0.0975900348448539,
            "entropy_f1": 0.047619047619047616,
            "avg_normal_entropy": 0.2857304811477661,
            "avg_abnormal_entropy": 0.19227083027362823,
            "avg_normal_recon": 0.6679225564002991,
            "avg_abnormal_recon": 8.81830883026123
        },
        {
            "run": 5,
            "train_time": 8.038673877716064,
            "test_time": 0.07098150253295898,
            "epochs": 17,
            "rauc": 0.9449321628092577,
            "ap": 0.7548202665043682,
            "f1": 0.6666666666666666,
            "entropy_rauc": 0.08273476988560788,
            "entropy_ap": 0.06373107765421884,
            "entropy_f1": 0.047619047619047616,
            "avg_normal_entropy": 0.5339468121528625,
            "avg_abnormal_entropy": 0.15066294372081757,
            "avg_normal_recon": 0.8662909865379333,
            "avg_abnormal_recon": 9.743767738342285
        },
        {
            "run": 6,
            "train_time": 7.254892826080322,
            "test_time": 0.08189225196838379,
            "epochs": 15,
            "rauc": 0.9686086725192871,
            "ap": 0.8161438279765352,
            "f1": 0.7142857142857143,
            "entropy_rauc": 0.31284916201117313,
            "entropy_ap": 0.07664185388666571,
            "entropy_f1": 0.047619047619047616,
            "avg_normal_entropy": 0.707672119140625,
            "avg_abnormal_entropy": 0.5288300514221191,
            "avg_normal_recon": 0.7480646967887878,
            "avg_abnormal_recon": 9.984689712524414
        },
        {
            "run": 7,
            "train_time": 3.1208298206329346,
            "test_time": 0.08501362800598145,
            "epochs": 6,
            "rauc": 0.9364192604416068,
            "ap": 0.7866918316306526,
            "f1": 0.6666666666666666,
            "entropy_rauc": 0.14950784783187018,
            "entropy_ap": 0.06307371012394784,
            "entropy_f1": 0.0,
            "avg_normal_entropy": 0.784200131893158,
            "avg_abnormal_entropy": 0.31152471899986267,
            "avg_normal_recon": 0.8892225623130798,
            "avg_abnormal_recon": 9.851564407348633
        },
        {
            "run": 8,
            "train_time": 3.07021164894104,
            "test_time": 0.08283710479736328,
            "epochs": 6,
            "rauc": 0.8834796488427773,
            "ap": 0.6590908047053761,
            "f1": 0.5714285714285714,
            "entropy_rauc": 0.3732375631816972,
            "entropy_ap": 0.08222239747222641,
            "entropy_f1": 0.0,
            "avg_normal_entropy": 0.5459441542625427,
            "avg_abnormal_entropy": 0.44544729590415955,
            "avg_normal_recon": 0.942291259765625,
            "avg_abnormal_recon": 7.500748634338379
        },
        {
            "run": 9,
            "train_time": 4.509775876998901,
            "test_time": 0.08261275291442871,
            "epochs": 9,
            "rauc": 0.9438680500133014,
            "ap": 0.7707657419862313,
            "f1": 0.6666666666666666,
            "entropy_rauc": 0.4107475392391593,
            "entropy_ap": 0.10416745903747085,