{
    "model_config": {
        "num_heads": 4,
        "num_latents": 4,
        "num_memories": 8,
        "depth": 4,
        "hidden_dim": 8,
        "mlp_ratio": 4.0,
        "dropout_prob": 0.0,
        "temperature": 1,
        "sim_type": "cos",
        "shrink_thred": 0,
        "use_entropy_loss_as_score": null,
        "top_k": null,
        "not_use_memory": false,
        "not_use_decoder": false,
        "use_pos_embedding": true,
        "num_features": 30
    },
    "train_config": {
        "data_dir": "Data/",
        "epochs": 200,
        "learning_rate": 0.001,
        "sche_gamma": 0.98,
        "batch_size": 512,
        "random_seed": 42,
        "num_workers": 0,
        "preprocess": "standard",
        "not_use_power_of_two": false,
        "use_num_memories_sqrt_NF": false,
        "use_num_memories_power_2": true,
        "use_num_latents_power_2": true,
        "use_latent_F": false,
        "patience": 20,
        "min_delta": 1e-05,
        "model_type": "MemSet",
        "dataset_name": "wbc",
        "train_ratio": 1.0,
        "base_path": "results/MemSet-use_pos/wbc/1.0",
        "num_memories_not_use_power_of_two": false,
        "num_memories_twice": false,
        "contamination_ratio": null,
        "latent_ratio": 1.0,
        "memory_ratio": 1.0,
        "run": 9
    },
    "mean_metrics": {
        "AUC-ROC": 0.9527533918595372,
        "AUC-PR": 0.7694418378681485,
        "f1": 0.6714285714285715
    },
    "total_time": 128.77363395690918,
    "all_seeds": [
        {
            "run": 0,
            "AUC-ROC": 0.9566374035647779,
            "AUC-PR": 0.7702079117126044,
            "f1": 0.7142857142857143,
            "train_time": 13.328688621520996,
            "test_time": 0.02446889877319336,
            "epochs": 200
        },
        {
            "run": 1,
            "AUC-ROC": 0.9502527267890396,
            "AUC-PR": 0.7325437772491408,
            "f1": 0.6190476190476191,
            "train_time": 12.669447898864746,
            "test_time": 0.02004837989807129,
            "epochs": 200
        },
        {
            "run": 2,
            "AUC-ROC": 0.9595637137536579,
            "AUC-PR": 0.8082912015779902,
            "f1": 0.7619047619047619,
            "train_time": 12.545092105865479,
            "test_time": 0.020831584930419922,
            "epochs": 200
        },
        {
            "run": 3,
            "AUC-ROC": 0.9420058526203777,
            "AUC-PR": 0.7063930187059999,
            "f1": 0.6190476190476191,
            "train_time": 12.618613004684448,
            "test_time": 0.021613121032714844,
            "epochs": 200
        },
        {
            "run": 4,
            "AUC-ROC": 0.954243149773876,
            "AUC-PR": 0.7882946400798716,
            "f1": 0.6666666666666666,
            "train_time": 12.741179943084717,
            "test_time": 0.018893003463745117,
            "epochs": 200
        },
        {
            "run": 5,
            "AUC-ROC": 0.9478584729981379,
            "AUC-PR": 0.7493229308667098,
            "f1": 0.6666666666666666,
            "train_time": 12.642446279525757,
            "test_time": 0.02212047576904297,
            "epochs": 200
        },
        {
            "run": 6,
            "AUC-ROC": 0.9584996009577016,
            "AUC-PR": 0.7843539100794346,
            "f1": 0.6666666666666666,
            "train_time": 12.57578420639038,
            "test_time": 0.019796371459960938,
            "epochs": 200
        },
        {
            "run": 7,
            "AUC-ROC": 0.9561053471667997,
            "AUC-PR": 0.8057707924917745,
            "f1": 0.6666666666666666,
            "train_time": 12.624115705490112,
            "test_time": 0.021400928497314453,
            "epochs": 200
        },
        {
            "run": 8,
            "AUC-ROC": 0.9497206703910615,
            "AUC-PR": 0.7627709101983025,
            "f1": 0.6666666666666666,
            "train_time": 12.674957990646362,
            "test_time": 0.018844127655029297,
            "epochs": 200
        },
        {
            "run": 9,
            "AUC-ROC": 0.9526469805799415,
            "AUC-PR": 0.7864692857196565,
            "f1": 0.6666666666666666,
            "train_time": 12.559174537658691,
            "test_time": 0.01914215087890625,
            "epochs": 200
        }
    ]
}