{
    "model_config": {
        "hidden_dim": 32,
        "depth": 4,
        "num_heads": 4,
        "mlp_ratio": 4.0,
        "dropout_prob": 0.0,
        "num_prototypes": 5,
        "temperature": 0.1,
        "sinkhorn_iters": 3,
        "sinkhorn_eps": 0.05,
        "contrastive_loss_weight": 1.0,
        "use_flash_attn": false,
        "num_features": 274
    },
    "train_config": {
        "data_dir": "Data/",
        "epochs": 250,
        "learning_rate": 0.01,
        "sche_gamma": 0.95,
        "batch_size": 32,
        "random_seed": 42,
        "num_workers": 0,
        "preprocess": "standard",
        "patience": 20,
        "use_amp": false,
        "model_type": "ProtoAD",
        "dataset_name": "arrhythmia",
        "base_path": "results/ProtoAD-d32-proto5-eps0.05-contra1.0-temp0.1/arrhythmia/1.0",
        "exp_name": "ProtoAD-d32-proto5-eps0.05-contra1.0-temp0.1",
        "runs": 10,
        "train_ratio": 1.0,
        "run": 9
    },
    "mean_metrics": {
        "rauc": 0.8000942063118229,
        "ap": 0.611460998551283,
        "f1": 0.5666666666666667,
        "entropy_rauc": 0.37246428010676713,
        "entropy_ap": 0.22742258493048798,
        "entropy_f1": 0.17620989697325573,
        "avg_normal_entropy": 1.143258447945118,
        "avg_abnormal_entropy": 1.088506633043289,
        "avg_normal_recon": 1.126422756910324,
        "avg_abnormal_recon": 5.621627759933472
    },
    "std_metrics": {
        "rauc_std": 0.01484784156791346,
        "ap_std": 0.027807654414541055,
        "f1_std": 0.02553378719144354,
        "entropy_rauc_std": 0.12797522895258878,
        "entropy_ap_std": 0.06172138633089484,
        "entropy_f1_std": 0.10481550977703803,
        "avg_normal_entropy_std": 0.6008378445772996,
        "avg_abnormal_entropy_std": 0.645281774569419,
        "avg_normal_recon_std": 0.21522258184317922,
        "avg_abnormal_recon_std": 1.7984711306302565
    },
    "total_time": 191.35509729385376,
    "all_seeds": [
        {
            "run": 0,
            "train_time": 12.735469102859497,
            "test_time": 0.06291580200195312,
            "epochs": 43,
            "rauc": 0.808368660700267,
            "ap": 0.6092484863366605,
            "f1": 0.5757575757575758,
            "entropy_rauc": 0.3631653320772492,
            "entropy_ap": 0.22602983940055152,
            "entropy_f1": 0.24242424242424243,
            "avg_normal_entropy": 1.6093782186508179,
            "avg_abnormal_entropy": 1.609283447265625,
            "avg_normal_recon": 1.0534491539001465,
            "avg_abnormal_recon": 5.154994010925293
        },
        {
            "run": 1,
            "train_time": 48.26492166519165,
            "test_time": 0.06720447540283203,
            "epochs": 180,
            "rauc": 0.793845187627571,
            "ap": 0.5824926754360812,
            "f1": 0.5454545454545454,
            "entropy_rauc": 0.24077563196734178,
            "entropy_ap": 0.16846771956251608,
            "entropy_f1": 0.07575757575757576,
            "avg_normal_entropy": 0.9086907505989075,
            "avg_abnormal_entropy": 0.5780336856842041,
            "avg_normal_recon": 1.1719651222229004,
            "avg_abnormal_recon": 4.803508281707764
        },
        {
            "run": 2,
            "train_time": 28.681565284729004,
            "test_time": 0.07015085220336914,
            "epochs": 117,
            "rauc": 0.7701365991521432,
            "ap": 0.5941756348612919,
            "f1": 0.5303030303030303,
            "entropy_rauc": 0.6036269430051813,
            "entropy_ap": 0.31286807502140956,
            "entropy_f1": 0.25757575757575757,
            "avg_normal_entropy": 0.20997340977191925,
            "avg_abnormal_entropy": 0.24251475930213928,
            "avg_normal_recon": 1.3173989057540894,
            "avg_abnormal_recon": 7.12366247177124
        },
        {
            "run": 3,
            "train_time": 13.181137323379517,
            "test_time": 0.07098126411437988,
            "epochs": 48,
            "rauc": 0.8177107866227038,
            "ap": 0.683935729784549,
            "f1": 0.5909090909090909,
            "entropy_rauc": 0.2834824933270529,
            "entropy_ap": 0.18365770048920654,
            "entropy_f1": 0.1076923076923077,
            "avg_normal_entropy": 1.6094295978546143,
            "avg_abnormal_entropy": 1.6093829870224,
            "avg_normal_recon": 0.6947695016860962,
            "avg_abnormal_recon": 4.353559494018555
        },
        {
            "run": 4,
            "train_time": 9.751506805419922,
            "test_time": 0.06849527359008789,
            "epochs": 35,
            "rauc": 0.8046789134872037,
            "ap": 0.6050250135257473,
            "f1": 0.5757575757575758,
            "entropy_rauc": 0.3375726173653635,
            "entropy_ap": 0.20686201804783183,
            "entropy_f1": 0.19696969696969696,
            "avg_normal_entropy": 1.6090840101242065,
            "avg_abnormal_entropy": 1.6092792749404907,
            "avg_normal_recon": 1.3387418985366821,
            "avg_abnormal_recon": 4.435356616973877
        },
        {
            "run": 5,
            "train_time": 19.17256212234497,
            "test_time": 0.06914329528808594,
            "epochs": 70,
            "rauc": 0.7859946616423301,
            "ap": 0.5870392843774515,
            "f1": 0.5757575757575758,
            "entropy_rauc": 0.25961689433192026,
            "entropy_ap": 0.1731071620432056,
            "entropy_f1": 0.07575757575757576,
            "avg_normal_entropy": 1.6092274188995361,
            "avg_abnormal_entropy": 1.606917142868042,
            "avg_normal_recon": 1.1911225318908691,
            "avg_abnormal_recon": 5.335316181182861
        },
        {
            "run": 6,
            "train_time": 24.405835151672363,
            "test_time": 0.05854177474975586,
            "epochs": 89,
            "rauc": 0.8213220285759145,
            "ap": 0.6324290171885272,
            "f1": 0.5909090909090909,
            "entropy_rauc": 0.5009420631182289,
            "entropy_ap": 0.26284236422600504,
            "entropy_f1": 0.2727272727272727,
            "avg_normal_entropy": 0.16320392489433289,
            "avg_abnormal_entropy": 0.16452573239803314,
            "avg_normal_recon": 0.9314883351325989,
            "avg_abnormal_recon": 5.074734687805176
        },
        {
            "run": 7,
            "train_time": 10.512924909591675,
            "test_time": 0.06825113296508789,
            "epochs": 38,
            "rauc": 0.7970639032815199,
            "ap": 0.6150352296165399,
            "f1": 0.5454545454545454,
            "entropy_rauc": 0.3081331449207097,
            "entropy_ap": 0.21122153178371145,
            "entropy_f1": 0.10606060606060606,
            "avg_normal_entropy": 0.49491843581199646,
            "avg_abnormal_entropy": 0.24652616679668427,
            "avg_normal_recon": 0.9235292673110962,
            "avg_abnormal_recon": 4.467634201049805
        },
        {
            "run": 8,
            "train_time": 12.05875277519226,
            "test_time": 0.06706762313842773,
            "epochs": 47,
            "rauc": 0.8111163447951013,
            "ap": 0.5958902667947125,
            "f1": 0.6060606060606061,
            "entropy_rauc": 0.26036269430051817,
            "entropy_ap": 0.1703791009167608,
            "entropy_f1": 0.045454545454545456,
            "avg_normal_entropy": 1.6093826293945312,
            "avg_abnormal_entropy": 1.6093233823776245,
            "avg_normal_recon": 1.2005633115768433,
            "avg_abnormal_recon": 4.945240497589111
        },
        {
            "run": 9,
            "train_time": 9.95803689956665,
            "test_time": 0.06871700286865234,
            "epochs": 36,
            "rauc": 0.7907049772334747,
            "ap": 0.6093386475912693,
            "f1": 0.5303030303030303,
            "entropy_rauc": 0.5669649866541057,