{
    "model_config": {
        "hidden_dim": 32,
        "depth": 4,
        "num_heads": 4,
        "mlp_ratio": 4.0,
        "dropout_prob": 0.0,
        "num_prototypes": 32,
        "temperature": 0.1,
        "sinkhorn_iters": 3,
        "sinkhorn_eps": 0.05,
        "contrastive_loss_weight": 1.0,
        "use_flash_attn": false,
        "num_features": 21
    },
    "train_config": {
        "data_dir": "Data/",
        "epochs": 250,
        "learning_rate": 0.01,
        "sche_gamma": 0.95,
        "batch_size": 256,
        "random_seed": 42,
        "num_workers": 0,
        "preprocess": "standard",
        "patience": 20,
        "use_amp": false,
        "model_type": "ProtoAD",
        "dataset_name": "cardio",
        "base_path": "results/ProtoAD-d32-proto32-eps0.05-contra1.0-temp0.1/cardio/1.0",
        "exp_name": "ProtoAD-d32-proto32-eps0.05-contra1.0-temp0.1",
        "runs": 10,
        "train_ratio": 1.0,
        "run": 9
    },
    "mean_metrics": {
        "rauc": 0.9241065546772068,
        "ap": 0.7724571800009289,
        "f1": 0.7090909090909091,
        "entropy_rauc": 0.5230642018006149,
        "entropy_ap": 0.2031482334599109,
        "entropy_f1": 0.19261363636363635,
        "avg_normal_entropy": 0.7093709647655487,
        "avg_abnormal_entropy": 0.7354245394468307,
        "avg_normal_recon": 0.36733366549015045,
        "avg_abnormal_recon": 3.9458774089813233
    },
    "std_metrics": {
        "rauc_std": 0.019682028732476,
        "ap_std": 0.051157147355096876,
        "f1_std": 0.05536785325036288,
        "entropy_rauc_std": 0.11253236578353251,
        "entropy_ap_std": 0.05645036671413198,
        "entropy_f1_std": 0.09593527486180418,
        "avg_normal_entropy_std": 0.05644525052415994,
        "avg_abnormal_entropy_std": 0.1335175630496592,
        "avg_normal_recon_std": 0.029323321833944944,
        "avg_abnormal_recon_std": 0.9537340922245546
    },
    "total_time": 210.62684226036072,
    "all_seeds": [
        {
            "run": 0,
            "train_time": 20.361167192459106,
            "test_time": 0.053644418716430664,
            "epochs": 117,
            "rauc": 0.9455423803249889,
            "ap": 0.8406629854813272,
            "f1": 0.7954545454545454,
            "entropy_rauc": 0.48878732981993855,
            "entropy_ap": 0.16467945711027182,
            "entropy_f1": 0.10795454545454546,
            "avg_normal_entropy": 0.685748279094696,
            "avg_abnormal_entropy": 0.6670414209365845,
            "avg_normal_recon": 0.3938295245170593,
            "avg_abnormal_recon": 5.059444427490234
        },
        {
            "run": 1,
            "train_time": 18.773791790008545,
            "test_time": 0.05285024642944336,
            "epochs": 112,
            "rauc": 0.9375137241985068,
            "ap": 0.7807677662395581,
            "f1": 0.6931818181818182,
            "entropy_rauc": 0.4144913812033377,
            "entropy_ap": 0.1779329429209076,
            "entropy_f1": 0.2215909090909091,
            "avg_normal_entropy": 0.824769914150238,
            "avg_abnormal_entropy": 0.7014284729957581,
            "avg_normal_recon": 0.3593512773513794,
            "avg_abnormal_recon": 4.0426344871521
        },
        {
            "run": 2,
            "train_time": 22.536444664001465,
            "test_time": 0.044426679611206055,
            "epochs": 136,
            "rauc": 0.9204751317523057,
            "ap": 0.7384114492633741,
            "f1": 0.7159090909090909,
            "entropy_rauc": 0.5230086187966623,
            "entropy_ap": 0.1820424156608149,
            "entropy_f1": 0.19318181818181818,
            "avg_normal_entropy": 0.7303093671798706,
            "avg_abnormal_entropy": 0.7515562176704407,
            "avg_normal_recon": 0.4035591781139374,
            "avg_abnormal_recon": 4.514108657836914
        },
        {
            "run": 3,
            "train_time": 19.003293752670288,
            "test_time": 0.05122542381286621,
            "epochs": 114,
            "rauc": 0.9353041282389108,
            "ap": 0.8309274182932652,
            "f1": 0.7443181818181818,
            "entropy_rauc": 0.6690272288098374,
            "entropy_ap": 0.2519269295553253,
            "entropy_f1": 0.2897727272727273,
            "avg_normal_entropy": 0.6138097643852234,
            "avg_abnormal_entropy": 0.8002121448516846,
            "avg_normal_recon": 0.3922177255153656,
            "avg_abnormal_recon": 3.9879515171051025
        },
        {
            "run": 4,
            "train_time": 24.828956842422485,
            "test_time": 0.05437517166137695,
            "epochs": 151,
            "rauc": 0.8839893500219587,
            "ap": 0.6887882948708318,
            "f1": 0.625,
            "entropy_rauc": 0.4991490996925779,
            "entropy_ap": 0.17614438408600389,
            "entropy_f1": 0.17045454545454544,
            "avg_normal_entropy": 0.7346318960189819,
            "avg_abnormal_entropy": 0.7318878173828125,
            "avg_normal_recon": 0.33833128213882446,
            "avg_abnormal_recon": 2.2957513332366943
        },
        {
            "run": 5,
            "train_time": 20.592336893081665,
            "test_time": 0.053817033767700195,
            "epochs": 124,
            "rauc": 0.9024003623188406,
            "ap": 0.7115610564591512,
            "f1": 0.6363636363636364,
            "entropy_rauc": 0.32848182916117696,
            "entropy_ap": 0.12308739099064253,
            "entropy_f1": 0.028409090909090908,
            "avg_normal_entropy": 0.7119500637054443,
            "avg_abnormal_entropy": 0.49467745423316956,
            "avg_normal_recon": 0.34761902689933777,
            "avg_abnormal_recon": 3.9135873317718506
        },
        {
            "run": 6,
            "train_time": 19.98949408531189,
            "test_time": 0.0505368709564209,
            "epochs": 121,
            "rauc": 0.9393047321036452,
            "ap": 0.8026718891081608,
            "f1": 0.7329545454545454,
            "entropy_rauc": 0.703667105841019,
            "entropy_ap": 0.3224004972758659,
            "entropy_f1": 0.3409090909090909,
            "avg_normal_entropy": 0.698601484298706,
            "avg_abnormal_entropy": 0.9690158367156982,
            "avg_normal_recon": 0.3227449059486389,
            "avg_abnormal_recon": 2.267611503601074
        },
        {
            "run": 7,
            "train_time": 23.42249894142151,
            "test_time": 0.05066680908203125,
            "epochs": 142,
            "rauc": 0.9387832125603865,
            "ap": 0.788531181867735,
            "f1": 0.7215909090909091,
            "entropy_rauc": 0.5337134936319718,
            "entropy_ap": 0.23941546546593073,
            "entropy_f1": 0.26704545454545453,
            "avg_normal_entropy": 0.7620570063591003,
            "avg_abnormal_entropy": 0.822516679763794,
            "avg_normal_recon": 0.411343514919281,
            "avg_abnormal_recon": 5.349995136260986
        },
        {
            "run": 8,
            "train_time": 18.849615812301636,
            "test_time": 0.05309486389160156,
            "epochs": 113,
            "rauc": 0.9349129885814669,
            "ap": 0.821064275125778,
            "f1": 0.7784090909090909,
            "entropy_rauc": 0.6374066754501538,
            "entropy_ap": 0.24260564396602474,
            "entropy_f1": 0.24431818181818182,
            "avg_normal_entropy": 0.6893904805183411,
            "avg_abnormal_entropy": 0.8601863384246826,
            "avg_normal_recon": 0.3641413748264313,
            "avg_abnormal_recon": 4.032763957977295
        },
        {
            "run": 9,
            "train_time": 20.142390489578247,
            "test_time": 0.05167841911315918,
            "epochs": 124,
            "rauc": 0.9028395366710583,
            "ap": 0.721185483300108,
            "f1": 0.6477272727272727,
            "entropy_rauc": 0.432909255599473,