{
    "model_config": {
        "num_features": 500,
        "hidden_dim": 128,
        "depth": 4,
        "depth_enc": null,
        "depth_dec": null,
        "num_heads": 4,
        "mlp_ratio": 4.0,
        "dropout_prob": 0.0,
        "temperature": 0.2,
        "contrastive_loss_weight": 0.01,
        "use_flash_attn": true
    },
    "train_config": {
        "data_dir": "Data/",
        "epochs": 50,
        "learning_rate": 0.001,
        "sche_gamma": 0.95,
        "batch_size": 256,
        "random_seed": 42,
        "num_workers": 0,
        "preprocess": "standard",
        "patience": 20,
        "min_delta": 0,
        "use_amp": true,
        "model_type": "TAECL",
        "dataset_name": "census",
        "base_path": "results/TAECL/census/1.0",
        "exp_name": "TAECL",
        "runs": 10,
        "train_ratio": 1.0
    },
    "mean_metrics": {
        "contra_f1": 0.20180493269646038,
        "contra_ap": 0.19625267669668855,
        "contra_avg_abnormal": -0.12070862110704184,
        "combined_avg_abnormal": -0.031895574647933245,
        "combined_f1": 0.3050745906936665,
        "combined_avg_normal": -0.09952849056571722,
        "avg_abnormal": 0.0888130459934473,
        "rauc": 0.7108799400234422,
        "contra_avg_normal": -0.1218778183683753,
        "ap": 0.24753380117691703,
        "combined_rauc": 0.7490541187070925,
        "f1": 0.3039234166307626,
        "avg_normal": 0.022349327569827437,
        "contra_rauc": 0.7150100209831078,
        "combined_ap": 0.2587268426529411
    },
    "std_metrics": {
        "contra_f1_std": 0.044103501530806215,
        "contra_ap_std": 0.02561546488124777,
        "contra_avg_abnormal_std": 0.00010825434426305023,
        "combined_avg_abnormal_std": 0.01074675508568806,
        "combined_f1_std": 0.016448672390432066,
        "combined_avg_normal_std": 0.005086037721597572,
        "avg_abnormal_std": 0.010830501923959793,
        "rauc_std": 0.018041399765625358,
        "contra_avg_normal_std": 0.0004387322676267871,
        "ap_std": 0.012628202345390114,
        "combined_rauc_std": 0.011592564440597317,
        "f1_std": 0.01712032598915759,
        "avg_normal_std": 0.005066707773774231,
        "contra_rauc_std": 0.025464906960335574,
        "combined_ap_std": 0.011834238621655266
    },
    "total_time": 42261.93101143837,
    "all_seeds": [
        {
            "run": 0,
            "train_time": 5104.4722032547,
            "test_time": 60.613157510757446,
            "epochs": 50,
            "rauc": 0.6923896346731537,
            "ap": 0.24571388498315974,
            "f1": 0.31398104265402843,
            "avg_normal": 0.01827760599553585,
            "avg_abnormal": 0.07961424440145493,
            "contra_rauc": 0.6894292838921615,
            "contra_ap": 0.17118415988002464,
            "contra_f1": 0.15769489699744177,
            "contra_avg_normal": -0.12141051888465881,
            "contra_avg_abnormal": -0.12068292498588562,
            "combined_rauc": 0.741014279567635,
            "combined_ap": 0.2566368315193969,
            "combined_f1": 0.3106958207669108,
            "combined_avg_normal": -0.10313291847705841,
            "combined_avg_abnormal": -0.04106868430972099
        },
        {
            "run": 1,
            "train_time": 5296.611442804337,
            "test_time": 63.72767114639282,
            "epochs": 50,
            "rauc": 0.7451185491252091,
            "ap": 0.2738551022490163,
            "f1": 0.3312149935372684,
            "avg_normal": 0.03410805016756058,
            "avg_abnormal": 0.11136304587125778,
            "contra_rauc": 0.6916999875947454,
            "contra_ap": 0.17721299238768415,
            "contra_f1": 0.1788022404136148,
            "contra_avg_normal": -0.12181086838245392,
            "contra_avg_abnormal": -0.1209535226225853,
            "combined_rauc": 0.7595913648695988,
            "combined_ap": 0.27921128739582735,
            "combined_f1": 0.33358466178371393,
            "combined_avg_normal": -0.08770281821489334,
            "combined_avg_abnormal": -0.009590471163392067
        },
        {
            "run": 2,
            "train_time": 5175.128074645996,
            "test_time": 61.084715604782104,
            "epochs": 50,
            "rauc": 0.6916385999940897,
            "ap": 0.23118501577059455,
            "f1": 0.28166738474795344,
            "avg_normal": 0.02008618600666523,
            "avg_abnormal": 0.09449110180139542,
            "contra_rauc": 0.7181432822510017,
            "contra_ap": 0.1905529182246256,
            "contra_f1": 0.18872192599773793,
            "contra_avg_normal": -0.12289564311504364,
            "contra_avg_abnormal": -0.12080015987157822,
            "combined_rauc": 0.7442428454812398,
            "combined_ap": 0.24437319612285363,
            "combined_f1": 0.2804286945282206,
            "combined_avg_normal": -0.10280946642160416,
            "combined_avg_abnormal": -0.026309054344892502
        },
        {
            "run": 3,
            "train_time": 5137.303914546967,
            "test_time": 60.38397455215454,
            "epochs": 50,
            "rauc": 0.7003398420641912,
            "ap": 0.24126013737748092,
            "f1": 0.3038022404136148,
            "avg_normal": 0.021480828523635864,
            "avg_abnormal": 0.08564025163650513,
            "contra_rauc": 0.7306348573339998,
            "contra_ap": 0.21670600255212286,
            "contra_f1": 0.23676415145149998,
            "contra_avg_normal": -0.12162763625383377,
            "contra_avg_abnormal": -0.12068738043308258,
            "combined_rauc": 0.7417100658857372,
            "combined_ap": 0.25321049326579514,
            "combined_f1": 0.30320982335200347,
            "combined_avg_normal": -0.1001468077301979,
            "combined_avg_abnormal": -0.03504713252186775
        },
        {
            "run": 4,
            "train_time": 5207.340171813965,
            "test_time": 63.82347393035889,
            "epochs": 50,
            "rauc": 0.7157506994842507,
            "ap": 0.24231600388200336,
            "f1": 0.279297716501508,
            "avg_normal": 0.01964569091796875,
            "avg_abnormal": 0.09355345368385315,
            "contra_rauc": 0.6788780293276331,
            "contra_ap": 0.16188218634598808,
            "contra_f1": 0.13356311934510987,
            "contra_avg_normal": -0.1215643659234047,
            "contra_avg_abnormal": -0.12066382169723511,
            "combined_rauc": 0.7332095853950729,
            "combined_ap": 0.24818770570744364,
            "combined_f1": 0.28958423093494184,
            "combined_avg_normal": -0.10191866010427475,
            "combined_avg_abnormal": -0.02711036428809166
        },
        {
            "run": 5,
            "train_time": 5249.589046239853,
            "test_time": 63.38516044616699,
            "epochs": 50,
            "rauc": 0.7032047186509386,
            "ap": 0.24315814371854966,
            "f1": 0.30369452822059456,
            "avg_normal": 0.0190164502710104,
            "avg_abnormal": 0.07538919150829315,
            "contra_rauc": 0.7139861430959956,
            "contra_ap": 0.19100807149212795,
            "contra_f1": 0.19910598879793193,
            "contra_avg_normal": -0.12165955454111099,
            "contra_avg_abnormal": -0.12066154927015305,
            "combined_rauc": 0.7450949007739092,
            "combined_ap": 0.2535889494126119,
            "combined_f1": 0.3013248599741491,
            "combined_avg_normal": -0.10264310240745544,
            "combined_avg_abnormal": -0.0452723503112793
        },
        {
            "run": 6,
            "train_time": 5282.1817715168,
            "test_time": 64.4295334815979,
            "epochs": 50,
            "rauc": 0.7054413461199003,
            "ap": 0.24146940158506436,
            "f1": 0.29566996984058597,
            "avg_normal": 0.01954483613371849,