{
    "model_config": {
        "num_heads": 4,
        "num_latents": 2,
        "num_memories": 15,
        "depth": 4,
        "hidden_dim": 32,
        "mlp_ratio": 4.0,
        "dropout_prob": 0.0,
        "temperature": 0.1,
        "sim_type": "cos",
        "use_oe": true,
        "oe_lambda": 0.1,
        "oe_shuffle_ratio": 0.5,
        "oe_lambda_memory": 1.0,
        "is_weight_sharing": false,
        "use_pos_enc_as_query": false,
        "use_mask_token": false,
        "num_features": 8
    },
    "train_config": {
        "data_dir": "Data/",
        "epochs": 250,
        "learning_rate": 0.01,
        "sche_gamma": 0.95,
        "batch_size": 512,
        "random_seed": 42,
        "num_workers": 0,
        "preprocess": "standard",
        "model_type": "OELATTE",
        "dataset_name": "pima",
        "train_ratio": 1.0,
        "base_path": "results/OELATTE-d32-oe_lam0.1-oe_rat0.5-oe_lam_mem1.0/pima/1.0",
        "not_use_power_of_two": false,
        "num_memories_not_use_power_of_two": false,
        "num_memories_twice": false,
        "contamination_ratio": null,
        "latent_ratio": null,
        "memory_ratio": null,
        "run": 9
    },
    "mean_metrics": {
        "AUC-ROC": 0.6806537313432837,
        "AUC-PR": 0.6682998305328611,
        "f1": 0.6611940298507462
    },
    "total_time": 18.114301681518555,
    "all_seeds": [
        {
            "run": 0,
            "AUC-ROC": 0.6750298507462688,
            "AUC-PR": 0.6476637349074109,
            "f1": 0.6529850746268657,
            "train_time": 2.639880418777466,
            "test_time": 0.026401519775390625,
            "epochs": 29
        },
        {
            "run": 1,
            "AUC-ROC": 0.6623880597014925,
            "AUC-PR": 0.6457014434557201,
            "f1": 0.6529850746268657,
            "train_time": 1.6510214805603027,
            "test_time": 0.025413036346435547,
            "epochs": 29
        },
        {
            "run": 2,
            "AUC-ROC": 0.5633134328358209,
            "AUC-PR": 0.5823424480718371,
            "f1": 0.5671641791044776,
            "train_time": 1.1682140827178955,
            "test_time": 0.02697277069091797,
            "epochs": 20
        },
        {
            "run": 3,
            "AUC-ROC": 0.7123283582089552,
            "AUC-PR": 0.6989655805179196,
            "f1": 0.6791044776119403,
            "train_time": 1.5892810821533203,
            "test_time": 0.024952173233032227,
            "epochs": 29
        },
        {
            "run": 4,
            "AUC-ROC": 0.6809999999999999,
            "AUC-PR": 0.6660956057415595,
            "f1": 0.667910447761194,
            "train_time": 1.5984869003295898,
            "test_time": 0.022298574447631836,
            "epochs": 29
        },
        {
            "run": 5,
            "AUC-ROC": 0.697223880597015,
            "AUC-PR": 0.697829522014157,
            "f1": 0.664179104477612,
            "train_time": 1.6731915473937988,
            "test_time": 0.028793811798095703,
            "epochs": 29
        },
        {
            "run": 6,
            "AUC-ROC": 0.7227014925373134,
            "AUC-PR": 0.7005978354902209,
            "f1": 0.6940298507462687,
            "train_time": 1.665024995803833,
            "test_time": 0.026921749114990234,
            "epochs": 29
        },
        {
            "run": 7,
            "AUC-ROC": 0.6622537313432836,
            "AUC-PR": 0.6417795521099998,
            "f1": 0.6492537313432836,
            "train_time": 1.6220042705535889,
            "test_time": 0.02596735954284668,
            "epochs": 29
        },
        {
            "run": 8,
            "AUC-ROC": 0.7185074626865671,
            "AUC-PR": 0.7096230859404418,
            "f1": 0.6902985074626866,
            "train_time": 0.8406398296356201,
            "test_time": 0.012063741683959961,
            "epochs": 29
        },
        {
            "run": 9,
            "AUC-ROC": 0.7117910447761194,
            "AUC-PR": 0.6923994970793437,
            "f1": 0.6940298507462687,
            "train_time": 1.422471523284912,
            "test_time": 0.02441263198852539,
            "epochs": 29
        }
    ]
}