{
    "model_config": {
        "num_features": 13,
        "hidden_dim": 128,
        "depth": 4,
        "num_heads": 4,
        "mlp_ratio": 4.0,
        "dropout_prob": 0.0,
        "use_flash_attn": false
    },
    "train_config": {
        "data_dir": "Data/",
        "epochs": 200,
        "learning_rate": 0.001,
        "sche_gamma": 0.95,
        "batch_size": 512,
        "random_seed": 42,
        "num_workers": 0,
        "preprocess": "standard",
        "patience": 10,
        "min_delta": 0,
        "use_amp": false,
        "model_type": "TAE",
        "dataset_name": "wine",
        "base_path": "results/TAE-d128-lr0.001/wine/1.0",
        "exp_name": "TAE-d128-lr0.001",
        "runs": 10,
        "train_ratio": 1.0,
        "run": 9
    },
    "mean_metrics": {
        "rauc": 0.9581666666666665,
        "ap": 0.779174577251169,
        "f1": 0.7100000000000001,
        "avg_normal_score": 0.23891133368015288,
        "avg_abnormal_score": 1.0899576246738434
    },
    "std_metrics": {
        "rauc_std": 0.02160825459556293,
        "ap_std": 0.11414113974642913,
        "f1_std": 0.10440306508910552,
        "avg_normal_score_std": 0.038927991855895176,
        "avg_abnormal_score_std": 0.2329588324277634
    },
    "total_time": 82.19916772842407,
    "all_seeds": [
        {
            "run": 0,
            "train_time": 8.734850645065308,
            "test_time": 0.017998456954956055,
            "epochs": 200,
            "rauc": 0.96,
            "ap": 0.8476449275362318,
            "f1": 0.7,
            "avg_normal_score": 0.18746107816696167,
            "avg_abnormal_score": 1.0650355815887451
        },
        {
            "run": 1,
            "train_time": 7.746840715408325,
            "test_time": 0.018744707107543945,
            "epochs": 200,
            "rauc": 0.9633333333333334,
            "ap": 0.7995129870129869,
            "f1": 0.7,
            "avg_normal_score": 0.27537307143211365,
            "avg_abnormal_score": 1.105579137802124
        },
        {
            "run": 2,
            "train_time": 8.018043279647827,
            "test_time": 0.01814723014831543,
            "epochs": 200,
            "rauc": 0.9516666666666667,
            "ap": 0.760718954248366,
            "f1": 0.7,
            "avg_normal_score": 0.22673867642879486,
            "avg_abnormal_score": 1.0047500133514404
        },
        {
            "run": 3,
            "train_time": 7.943028688430786,
            "test_time": 0.018700122833251953,
            "epochs": 200,
            "rauc": 0.9466666666666668,
            "ap": 0.6677913752913752,
            "f1": 0.7,
            "avg_normal_score": 0.2533153295516968,
            "avg_abnormal_score": 1.0716214179992676
        },
        {
            "run": 4,
            "train_time": 8.061786651611328,
            "test_time": 0.018884658813476562,
            "epochs": 200,
            "rauc": 0.98,
            "ap": 0.8233658008658008,
            "f1": 0.8,
            "avg_normal_score": 0.17484340071678162,
            "avg_abnormal_score": 0.9756720662117004
        },
        {
            "run": 5,
            "train_time": 8.220394849777222,
            "test_time": 0.01793694496154785,
            "epochs": 200,
            "rauc": 0.9433333333333334,
            "ap": 0.7514185762637775,
            "f1": 0.5,
            "avg_normal_score": 0.3120099902153015,
            "avg_abnormal_score": 1.3066834211349487
        },
        {
            "run": 6,
            "train_time": 8.055343389511108,
            "test_time": 0.017931461334228516,
            "epochs": 200,
            "rauc": 0.9183333333333333,
            "ap": 0.5540476190476191,
            "f1": 0.6,
            "avg_normal_score": 0.25387483835220337,
            "avg_abnormal_score": 0.6760016083717346
        },
        {
            "run": 7,
            "train_time": 7.821414947509766,
            "test_time": 0.018729209899902344,
            "epochs": 200,
            "rauc": 0.9816666666666667,
            "ap": 0.9064213564213565,
            "f1": 0.8,
            "avg_normal_score": 0.20997974276542664,
            "avg_abnormal_score": 1.2946528196334839
        },
        {
            "run": 8,
            "train_time": 7.895596027374268,
            "test_time": 0.017817974090576172,
            "epochs": 200,
            "rauc": 0.9416666666666667,
            "ap": 0.7074908424908425,
            "f1": 0.7,
            "avg_normal_score": 0.23892559111118317,
            "avg_abnormal_score": 0.8556831479072571
        },
        {
            "run": 9,
            "train_time": 7.6141064167022705,
            "test_time": 0.016392230987548828,
            "epochs": 200,
            "rauc": 0.995,
            "ap": 0.9733333333333333,
            "f1": 0.9,
            "avg_normal_score": 0.2565916180610657,
            "avg_abnormal_score": 1.543897032737732
        }
    ]
}