{
    "model_config": {
        "hidden_dim": 64,
        "depth": 4,
        "num_heads": 4,
        "mlp_ratio": 4.0,
        "dropout_prob": 0.0,
        "num_prototypes": 16,
        "temperature": 0.1,
        "sinkhorn_iters": 3,
        "sinkhorn_eps": 0.1,
        "contrastive_loss_weight": 1.0,
        "use_flash_attn": false,
        "num_features": 274
    },
    "train_config": {
        "data_dir": "Data/",
        "epochs": 250,
        "learning_rate": 0.01,
        "sche_gamma": 0.95,
        "batch_size": 32,
        "random_seed": 42,
        "num_workers": 0,
        "preprocess": "standard",
        "patience": 20,
        "use_amp": false,
        "model_type": "ProtoAD",
        "dataset_name": "arrhythmia",
        "base_path": "results/ProtoAD-d64-proto16-eps0.1-contra1.0-temp0.1/arrhythmia/1.0",
        "exp_name": "ProtoAD-d64-proto16-eps0.1-contra1.0-temp0.1",
        "runs": 10,
        "train_ratio": 1.0,
        "run": 9
    },
    "mean_metrics": {
        "rauc": 0.8016957136128122,
        "ap": 0.613714581772389,
        "f1": 0.5651515151515152,
        "entropy_rauc": 0.3693476212906265,
        "entropy_ap": 0.2368507575883338,
        "entropy_f1": 0.2171156869984058,
        "avg_normal_entropy": 2.772041749954224,
        "avg_abnormal_entropy": 2.7712240695953367,
        "avg_normal_recon": 1.1345019876956939,
        "avg_abnormal_recon": 5.661702013015747
    },
    "std_metrics": {
        "rauc_std": 0.013637518342447925,
        "ap_std": 0.02695819062165388,
        "f1_std": 0.028787878787878807,
        "entropy_rauc_std": 0.0943728643802191,
        "entropy_ap_std": 0.06227956995868123,
        "entropy_f1_std": 0.09973817873517317,
        "avg_normal_entropy_std": 0.0010633089225569308,
        "avg_abnormal_entropy_std": 0.00229584454350072,
        "avg_normal_recon_std": 0.21451698902053506,
        "avg_abnormal_recon_std": 1.8249195223426564
    },
    "total_time": 121.38314032554626,
    "all_seeds": [
        {
            "run": 0,
            "train_time": 14.798233032226562,
            "test_time": 0.06765556335449219,
            "epochs": 50,
            "rauc": 0.8119013973936253,
            "ap": 0.6123959146803329,
            "f1": 0.5606060606060606,
            "entropy_rauc": 0.48661485319516407,
            "entropy_ap": 0.3380641964982342,
            "entropy_f1": 0.36363636363636365,
            "avg_normal_entropy": 2.771031618118286,
            "avg_abnormal_entropy": 2.766810178756714,
            "avg_normal_recon": 1.0436453819274902,
            "avg_abnormal_recon": 5.115029335021973
        },
        {
            "run": 1,
            "train_time": 14.571781158447266,
            "test_time": 0.06719136238098145,
            "epochs": 54,
            "rauc": 0.7951012717852097,
            "ap": 0.591505690460527,
            "f1": 0.5606060606060606,
            "entropy_rauc": 0.28756476683937826,
            "entropy_ap": 0.18252180812315055,
            "entropy_f1": 0.14516129032258066,
            "avg_normal_entropy": 2.7725818157196045,
            "avg_abnormal_entropy": 2.7725558280944824,
            "avg_normal_recon": 1.1543599367141724,
            "avg_abnormal_recon": 4.774083137512207
        },
        {
            "run": 2,
            "train_time": 11.899300575256348,
            "test_time": 0.0677957534790039,
            "epochs": 43,
            "rauc": 0.7757889778615167,
            "ap": 0.5989243207342353,
            "f1": 0.5151515151515151,
            "entropy_rauc": 0.27665253571989323,
            "entropy_ap": 0.1814217842257626,
            "entropy_f1": 0.15384615384615385,
            "avg_normal_entropy": 2.7725818157196045,
            "avg_abnormal_entropy": 2.772517204284668,
            "avg_normal_recon": 1.3592455387115479,
            "avg_abnormal_recon": 7.462416648864746
        },
        {
            "run": 3,
            "train_time": 9.20005464553833,
            "test_time": 0.06670498847961426,
            "epochs": 34,
            "rauc": 0.8232846600722249,
            "ap": 0.6874744159422804,
            "f1": 0.5909090909090909,
            "entropy_rauc": 0.3579839849269901,
            "entropy_ap": 0.21825072565104953,
            "entropy_f1": 0.21374045801526717,
            "avg_normal_entropy": 2.772555112838745,
            "avg_abnormal_entropy": 2.7724738121032715,
            "avg_normal_recon": 0.7015208601951599,
            "avg_abnormal_recon": 4.364162921905518
        },
        {
            "run": 4,
            "train_time": 9.924559354782104,
            "test_time": 0.06914019584655762,
            "epochs": 37,
            "rauc": 0.8040508714083844,
            "ap": 0.6045636924341844,
            "f1": 0.5606060606060606,
            "entropy_rauc": 0.5830193122939238,
            "entropy_ap": 0.3670468931410863,
            "entropy_f1": 0.4393939393939394,
            "avg_normal_entropy": 2.7724804878234863,
            "avg_abnormal_entropy": 2.7723898887634277,
            "avg_normal_recon": 1.344089388847351,
            "avg_abnormal_recon": 4.446008682250977
        },
        {
            "run": 5,
            "train_time": 14.04740834236145,
            "test_time": 0.0666646957397461,
            "epochs": 51,
            "rauc": 0.7920395666509656,
            "ap": 0.5908351503626768,
            "f1": 0.5757575757575758,
            "entropy_rauc": 0.2647197362223269,
            "entropy_ap": 0.1736614893495231,
            "entropy_f1": 0.09230769230769231,
            "avg_normal_entropy": 2.772536516189575,
            "avg_abnormal_entropy": 2.772298812866211,
            "avg_normal_recon": 1.1929023265838623,
            "avg_abnormal_recon": 5.360588073730469
        },
        {
            "run": 6,
            "train_time": 10.844226360321045,
            "test_time": 0.06042671203613281,
            "epochs": 39,
            "rauc": 0.8151986183074267,
            "ap": 0.6274445946797602,
            "f1": 0.6060606060606061,
            "entropy_rauc": 0.38569634165489086,
            "entropy_ap": 0.22909188550028334,
            "entropy_f1": 0.18181818181818182,
            "avg_normal_entropy": 2.769150495529175,
            "avg_abnormal_entropy": 2.766493320465088,
            "avg_normal_recon": 0.9739653468132019,
            "avg_abnormal_recon": 5.098886489868164
        },
        {
            "run": 7,
            "train_time": 11.056801319122314,
            "test_time": 0.06516265869140625,
            "epochs": 40,
            "rauc": 0.7959648296435863,
            "ap": 0.6177312972675514,
            "f1": 0.5454545454545454,
            "entropy_rauc": 0.3854608258753336,
            "entropy_ap": 0.21546499813565062,
            "entropy_f1": 0.17054263565891473,
            "avg_normal_entropy": 2.7725648880004883,
            "avg_abnormal_entropy": 2.7725422382354736,
            "avg_normal_recon": 0.9297721982002258,
            "avg_abnormal_recon": 4.504081726074219
        },
        {
            "run": 8,
            "train_time": 9.326640605926514,
            "test_time": 0.06780219078063965,
            "epochs": 34,
            "rauc": 0.8132359868111163,
            "ap": 0.5969101040241606,
            "f1": 0.6060606060606061,
            "entropy_rauc": 0.34035955409012403,
            "entropy_ap": 0.24958081969962365,
            "entropy_f1": 0.19696969696969696,
            "avg_normal_entropy": 2.772523880004883,
            "avg_abnormal_entropy": 2.7723276615142822,
            "avg_normal_recon": 1.2052046060562134,
            "avg_abnormal_recon": 4.9730329513549805
        },
        {
            "run": 9,
            "train_time": 13.021830558776855,
            "test_time": 0.0666346549987793,
            "epochs": 47,
            "rauc": 0.7903909561940651,
            "ap": 0.6093606371381823,
            "f1": 0.5303030303030303,
            "entropy_rauc": 0.32540430208823995,