{
    "model_config": {
        "hidden_dim": 32,
        "depth": 4,
        "num_heads": 4,
        "mlp_ratio": 4.0,
        "dropout_prob": 0.0,
        "num_prototypes": 16,
        "temperature": 0.1,
        "sinkhorn_iters": 3,
        "sinkhorn_eps": 0.05,
        "contrastive_loss_weight": 0.1,
        "use_flash_attn": false,
        "num_features": 36
    },
    "train_config": {
        "data_dir": "Data/",
        "epochs": 250,
        "learning_rate": 0.01,
        "sche_gamma": 0.95,
        "batch_size": 512,
        "random_seed": 42,
        "num_workers": 0,
        "preprocess": "standard",
        "patience": 20,
        "use_amp": false,
        "model_type": "ProtoAD",
        "dataset_name": "satellite",
        "base_path": "results/ProtoAD-d32-proto16-eps0.05-contra0.1-temp0.1/satellite/1.0",
        "exp_name": "ProtoAD-d32-proto16-eps0.05-contra0.1-temp0.1",
        "runs": 10,
        "train_ratio": 1.0,
        "run": 9
    },
    "mean_metrics": {
        "rauc": 0.8162626919985712,
        "ap": 0.8493149818790446,
        "f1": 0.7437622789783891,
        "entropy_rauc": 0.621163812734417,
        "entropy_ap": 0.5916259468432022,
        "entropy_f1": 0.5760314341846758,
        "avg_normal_entropy": 0.23292813152074815,
        "avg_abnormal_entropy": 0.3384612053632736,
        "avg_normal_recon": 0.14369883239269257,
        "avg_abnormal_recon": 1.934300696849823
    },
    "std_metrics": {
        "rauc_std": 0.008422752742012238,
        "ap_std": 0.005617160520709065,
        "f1_std": 0.006111132944265803,
        "entropy_rauc_std": 0.08774136089071541,
        "entropy_ap_std": 0.08807111701749791,
        "entropy_f1_std": 0.07444611639616389,
        "avg_normal_entropy_std": 0.06349863565875426,
        "avg_abnormal_entropy_std": 0.13648299775405417,
        "avg_normal_recon_std": 0.004654897751981485,
        "avg_abnormal_recon_std": 0.10272182701213853
    },
    "total_time": 390.4043986797333,
    "all_seeds": [
        {
            "run": 0,
            "train_time": 40.617533683776855,
            "test_time": 0.09887313842773438,
            "epochs": 207,
            "rauc": 0.8108202357563851,
            "ap": 0.8441259459678073,
            "f1": 0.7445972495088409,
            "entropy_rauc": 0.7669262368280051,
            "entropy_ap": 0.6950145073528606,
            "entropy_f1": 0.7185658153241651,
            "avg_normal_entropy": 0.1872560679912567,
            "avg_abnormal_entropy": 0.4160122871398926,
            "avg_normal_recon": 0.1433797925710678,
            "avg_abnormal_recon": 1.9515982866287231
        },
        {
            "run": 1,
            "train_time": 40.1978223323822,
            "test_time": 0.11822152137756348,
            "epochs": 176,
            "rauc": 0.8181735577781746,
            "ap": 0.8532324728251456,
            "f1": 0.7426326129666012,
            "entropy_rauc": 0.6763866315413467,
            "entropy_ap": 0.7003480304470586,
            "entropy_f1": 0.611984282907662,
            "avg_normal_entropy": 0.2725895047187805,
            "avg_abnormal_entropy": 0.5055206418037415,
            "avg_normal_recon": 0.15135425329208374,
            "avg_abnormal_recon": 1.8028005361557007
        },
        {
            "run": 2,
            "train_time": 35.82561159133911,
            "test_time": 0.09942936897277832,
            "epochs": 156,
            "rauc": 0.8209412395070548,
            "ap": 0.853006191678441,
            "f1": 0.75049115913556,
            "entropy_rauc": 0.6310673781032327,
            "entropy_ap": 0.5768614844002018,
            "entropy_f1": 0.5599214145383105,
            "avg_normal_entropy": 0.15629306435585022,
            "avg_abnormal_entropy": 0.21477235853672028,
            "avg_normal_recon": 0.14086416363716125,
            "avg_abnormal_recon": 2.0026144981384277
        },
        {
            "run": 3,
            "train_time": 35.00262784957886,
            "test_time": 0.1000370979309082,
            "epochs": 153,
            "rauc": 0.833553089837471,
            "ap": 0.8550998964628387,
            "f1": 0.7445972495088409,
            "entropy_rauc": 0.5839306126093946,
            "entropy_ap": 0.5625517146099746,
            "entropy_f1": 0.5284872298624754,
            "avg_normal_entropy": 0.16704107820987701,
            "avg_abnormal_entropy": 0.23373660445213318,
            "avg_normal_recon": 0.14177648723125458,
            "avg_abnormal_recon": 1.9696816205978394
        },
        {
            "run": 4,
            "train_time": 30.45538020133972,
            "test_time": 0.0504305362701416,
            "epochs": 216,
            "rauc": 0.8184912484372209,
            "ap": 0.8511869852553425,
            "f1": 0.7401768172888016,
            "entropy_rauc": 0.541585774245401,
            "entropy_ap": 0.47150168974109874,
            "entropy_f1": 0.5078585461689588,
            "avg_normal_entropy": 0.2909367084503174,
            "avg_abnormal_entropy": 0.264303594827652,
            "avg_normal_recon": 0.1445593386888504,
            "avg_abnormal_recon": 1.968741774559021
        },
        {
            "run": 5,
            "train_time": 37.3514609336853,
            "test_time": 0.0965733528137207,
            "epochs": 184,
            "rauc": 0.8064364172173603,
            "ap": 0.8471708016134976,
            "f1": 0.7391944990176817,
            "entropy_rauc": 0.7444458831934273,
            "entropy_ap": 0.7309127320318565,
            "entropy_f1": 0.6890962671905697,
            "avg_normal_entropy": 0.37406906485557556,
            "avg_abnormal_entropy": 0.6412931084632874,
            "avg_normal_recon": 0.1433040201663971,
            "avg_abnormal_recon": 1.9297829866409302
        },
        {
            "run": 6,
            "train_time": 41.15956664085388,
            "test_time": 0.07900834083557129,
            "epochs": 179,
            "rauc": 0.8253426951241293,
            "ap": 0.8572790992747406,
            "f1": 0.7509823182711198,
            "entropy_rauc": 0.59339178871227,
            "entropy_ap": 0.5538362003500186,
            "entropy_f1": 0.5776031434184676,
            "avg_normal_entropy": 0.2231147587299347,
            "avg_abnormal_entropy": 0.2959326207637787,
            "avg_normal_recon": 0.13333898782730103,
            "avg_abnormal_recon": 2.16707444190979
        },
        {
            "run": 7,
            "train_time": 30.467106342315674,
            "test_time": 0.09812021255493164,
            "epochs": 133,
            "rauc": 0.8147168021075192,
            "ap": 0.8474917401536992,
            "f1": 0.7475442043222004,
            "entropy_rauc": 0.656684452580818,
            "entropy_ap": 0.623749499175741,
            "entropy_f1": 0.581041257367387,
            "avg_normal_entropy": 0.2289232313632965,
            "avg_abnormal_entropy": 0.3403281271457672,
            "avg_normal_recon": 0.14929823577404022,
            "avg_abnormal_recon": 1.8402023315429688
        },
        {
            "run": 8,
            "train_time": 47.95157527923584,
            "test_time": 0.0980072021484375,
            "epochs": 211,
            "rauc": 0.806798758706912,
            "ap": 0.8473910703323189,
            "f1": 0.7480353634577603,
            "entropy_rauc": 0.4746698071084122,
            "entropy_ap": 0.4764339603055885,
            "entropy_f1": 0.4911591355599214,
            "avg_normal_entropy": 0.1800861656665802,
            "avg_abnormal_entropy": 0.1806005984544754,
            "avg_normal_recon": 0.14616826176643372,
            "avg_abnormal_recon": 1.9065707921981812
        },
        {
            "run": 9,
            "train_time": 48.31658411026001,
            "test_time": 0.09484291076660156,
            "epochs": 210,
            "rauc": 0.8073528755134846,
            "ap": 0.8371656152266156,
            "f1": 0.7293713163064833,
            "entropy_rauc": 0.542549562421861,