{
    "model_config": {
        "hidden_dim": 128,
        "depth": 4,
        "num_heads": 4,
        "mlp_ratio": 4.0,
        "dropout_prob": 0.0,
        "num_prototypes": 32,
        "temperature": 0.1,
        "sinkhorn_iters": 3,
        "sinkhorn_eps": 0.1,
        "contrastive_loss_weight": 1.0,
        "use_flash_attn": false,
        "num_features": 33
    },
    "train_config": {
        "data_dir": "Data/",
        "epochs": 250,
        "learning_rate": 0.01,
        "sche_gamma": 0.95,
        "batch_size": 32,
        "random_seed": 42,
        "num_workers": 0,
        "preprocess": "standard",
        "patience": 5,
        "use_amp": false,
        "model_type": "ProtoAD",
        "dataset_name": "ionosphere",
        "base_path": "results/ProtoAD-d128-proto32-eps0.1-contra1.0-temp0.1/ionosphere/1.0",
        "exp_name": "ProtoAD-d128-proto32-eps0.1-contra1.0-temp0.1",
        "runs": 10,
        "train_ratio": 1.0,
        "run": 9
    },
    "mean_metrics": {
        "rauc": 0.9233108582666105,
        "ap": 0.9363907443881375,
        "f1": 0.8460317460317459,
        "entropy_rauc": 0.40469167017839586,
        "entropy_ap": 0.4951897679265718,
        "entropy_f1": 0.4341269841269841,
        "avg_normal_entropy": 3.146850347518921,
        "avg_abnormal_entropy": 3.111974811553955,
        "avg_normal_recon": 1.012899500131607,
        "avg_abnormal_recon": 4.070807909965515
    },
    "std_metrics": {
        "rauc_std": 0.02877915431067255,
        "ap_std": 0.023278800896865,
        "f1_std": 0.03691969317337464,
        "entropy_rauc_std": 0.184823936584768,
        "entropy_ap_std": 0.14147923231523363,
        "entropy_f1_std": 0.13714552099117766,
        "avg_normal_entropy_std": 0.1916498624497663,
        "avg_abnormal_entropy_std": 0.19889040008699474,
        "avg_normal_recon_std": 0.30970719768970606,
        "avg_abnormal_recon_std": 0.4792932914490403
    },
    "total_time": 21.847870588302612,
    "all_seeds": [
        {
            "run": 0,
            "train_time": 2.3615944385528564,
            "test_time": 0.07300114631652832,
            "epochs": 8,
            "rauc": 0.9471133586177833,
            "ap": 0.9572396484159211,
            "f1": 0.8809523809523809,
            "entropy_rauc": 0.17038909959263943,
            "entropy_ap": 0.36134685455400384,
            "entropy_f1": 0.2777777777777778,
            "avg_normal_entropy": 3.268068790435791,
            "avg_abnormal_entropy": 3.1977317333221436,
            "avg_normal_recon": 0.8076532483100891,
            "avg_abnormal_recon": 4.30983829498291
        },
        {
            "run": 1,
            "train_time": 1.6632575988769531,
            "test_time": 0.06123614311218262,
            "epochs": 9,
            "rauc": 0.9217586739710634,
            "ap": 0.932324444380937,
            "f1": 0.8174603174603174,
            "entropy_rauc": 0.5422812192723697,
            "entropy_ap": 0.5227454606719448,
            "entropy_f1": 0.5476190476190477,
            "avg_normal_entropy": 2.9745662212371826,
            "avg_abnormal_entropy": 2.9771392345428467,
            "avg_normal_recon": 1.053469181060791,
            "avg_abnormal_recon": 3.932621479034424
        },
        {
            "run": 2,
            "train_time": 1.9818999767303467,
            "test_time": 0.06575131416320801,
            "epochs": 11,
            "rauc": 0.9501334457086669,
            "ap": 0.961410287048111,
            "f1": 0.8968253968253969,
            "entropy_rauc": 0.5091304958561595,
            "entropy_ap": 0.5778698227443582,
            "entropy_f1": 0.5,
            "avg_normal_entropy": 3.282366991043091,
            "avg_abnormal_entropy": 3.289931058883667,
            "avg_normal_recon": 0.6307242512702942,
            "avg_abnormal_recon": 3.770714044570923
        },
        {
            "run": 3,
            "train_time": 1.6889030933380127,
            "test_time": 0.06121683120727539,
            "epochs": 9,
            "rauc": 0.8767383059418458,
            "ap": 0.8993946484995666,
            "f1": 0.7936507936507936,
            "entropy_rauc": 0.8477314229526618,
            "entropy_ap": 0.8764002920341746,
            "entropy_f1": 0.7698412698412699,
            "avg_normal_entropy": 3.280578851699829,
            "avg_abnormal_entropy": 3.3073980808258057,
            "avg_normal_recon": 1.0360581874847412,
            "avg_abnormal_recon": 3.460131883621216
        },
        {
            "run": 4,
            "train_time": 1.5908219814300537,
            "test_time": 0.0538945198059082,
            "epochs": 9,
            "rauc": 0.9544177553027111,
            "ap": 0.9491779143396212,
            "f1": 0.8888888888888888,
            "entropy_rauc": 0.3694339092569181,
            "entropy_ap": 0.47526496368642795,
            "entropy_f1": 0.3492063492063492,
            "avg_normal_entropy": 2.9332473278045654,
            "avg_abnormal_entropy": 2.8916544914245605,
            "avg_normal_recon": 0.825768232345581,
            "avg_abnormal_recon": 4.621427059173584
        },
        {
            "run": 5,
            "train_time": 1.0981457233428955,
            "test_time": 0.06469273567199707,
            "epochs": 6,
            "rauc": 0.8825677763730861,
            "ap": 0.8993242998213631,
            "f1": 0.7936507936507936,
            "entropy_rauc": 0.3865711476330945,
            "entropy_ap": 0.42788581933926395,
            "entropy_f1": 0.4444444444444444,
            "avg_normal_entropy": 2.812079429626465,
            "avg_abnormal_entropy": 2.832392454147339,
            "avg_normal_recon": 1.7464728355407715,
            "avg_abnormal_recon": 4.482950210571289
        },
        {
            "run": 6,
            "train_time": 1.648711919784546,
            "test_time": 0.06899428367614746,
            "epochs": 9,
            "rauc": 0.9075712881022615,
            "ap": 0.9214198454574064,
            "f1": 0.8174603174603174,
            "entropy_rauc": 0.19026548672566373,
            "entropy_ap": 0.3795595103462869,
            "entropy_f1": 0.30158730158730157,
            "avg_normal_entropy": 3.176096200942993,
            "avg_abnormal_entropy": 3.0550098419189453,
            "avg_normal_recon": 1.3089579343795776,
            "avg_abnormal_recon": 4.430698871612549
        },
        {
            "run": 7,
            "train_time": 1.3981139659881592,
            "test_time": 0.06329178810119629,
            "epochs": 8,
            "rauc": 0.9573676078100857,
            "ap": 0.9667809490709687,
            "f1": 0.873015873015873,
            "entropy_rauc": 0.3459755583649389,
            "entropy_ap": 0.4432162473237624,
            "entropy_f1": 0.35714285714285715,
            "avg_normal_entropy": 3.0218610763549805,
            "avg_abnormal_entropy": 2.911653518676758,
            "avg_normal_recon": 0.845245897769928,
            "avg_abnormal_recon": 4.742691993713379
        },
        {
            "run": 8,
            "train_time": 3.5253069400787354,
            "test_time": 0.0628662109375,
            "epochs": 20,
            "rauc": 0.8986514959966286,
            "ap": 0.9265901300963928,
            "f1": 0.8412698412698413,
            "entropy_rauc": 0.373086107599382,
            "entropy_ap": 0.4828792237335884,
            "entropy_f1": 0.3888888888888889,
            "avg_normal_entropy": 3.464188575744629,
            "avg_abnormal_entropy": 3.463332414627075,
            "avg_normal_recon": 1.122375726699829,
            "avg_abnormal_recon": 3.5128865242004395
        },
        {
            "run": 9,
            "train_time": 1.8325302600860596,
            "test_time": 0.03978776931762695,
            "epochs": 10,
            "rauc": 0.9367888748419723,
            "ap": 0.9502452767510862,
            "f1": 0.8571428571428571,
            "entropy_rauc": 0.31205225453013063,
            "entropy_ap": 0.4047294848319072,