{
    "model_config": {
        "num_features": 9,
        "hidden_dim": 32,
        "depth": 4,
        "num_heads": 4,
        "mlp_ratio": 4.0,
        "dropout_prob": 0.0,
        "use_flash_attn": false,
        "mask_ratio": 0.1,
        "num_eval_repeat": 50,
        "eval_chunk_size": 50
    },
    "train_config": {
        "data_dir": "Data/",
        "epochs": 200,
        "learning_rate": 0.001,
        "sche_gamma": 0.95,
        "batch_size": 512,
        "random_seed": 42,
        "num_workers": 0,
        "preprocess": "standard",
        "patience": 10,
        "min_delta": 0,
        "use_amp": false,
        "model_type": "TMLM",
        "dataset_name": "glass",
        "base_path": "results/TMLM-d32-lr0.001-mask0.1-r50/glass/1.0",
        "exp_name": "TMLM-d32-lr0.001-mask0.1-r50",
        "runs": 10,
        "train_ratio": 1.0
    },
    "mean_metrics": {
        "avg_abnormal_score": 0.9901389658451081,
        "avg_normal_score": 0.48906843215227125,
        "ap": 0.2978962991731705,
        "f1": 0.2,
        "rauc": 0.8449838187702264
    },
    "std_metrics": {
        "avg_abnormal_score_std": 0.24458414416248092,
        "avg_normal_score_std": 0.3374184282422643,
        "ap_std": 0.06816306939120548,
        "f1_std": 0.09686442096757052,
        "rauc_std": 0.053589058337320195
    },
    "total_time": 85.95416927337646,
    "all_seeds": [
        {
            "run": 0,
            "train_time": 8.76199460029602,
            "test_time": 0.01681065559387207,
            "epochs": 200,
            "rauc": 0.7594390507011866,
            "ap": 0.25750524042787326,
            "f1": 0.1111111111111111,
            "avg_normal_score": 0.21295003592967987,
            "avg_abnormal_score": 0.5584580898284912
        },
        {
            "run": 1,
            "train_time": 8.288334846496582,
            "test_time": 0.017523527145385742,
            "epochs": 200,
            "rauc": 0.7486515641855447,
            "ap": 0.29102241651235106,
            "f1": 0.3333333333333333,
            "avg_normal_score": 0.16680924594402313,
            "avg_abnormal_score": 0.7310729622840881
        },
        {
            "run": 2,
            "train_time": 8.22656512260437,
            "test_time": 0.01890707015991211,
            "epochs": 200,
            "rauc": 0.9039913700107874,
            "ap": 0.46333374265063065,
            "f1": 0.3333333333333333,
            "avg_normal_score": 0.17782679200172424,
            "avg_abnormal_score": 1.0750104188919067
        },
        {
            "run": 3,
            "train_time": 8.301143407821655,
            "test_time": 0.01900339126586914,
            "epochs": 200,
            "rauc": 0.8500539374325782,
            "ap": 0.2280877127787883,
            "f1": 0.1111111111111111,
            "avg_normal_score": 1.2172054052352905,
            "avg_abnormal_score": 1.1385674476623535
        },
        {
            "run": 4,
            "train_time": 8.713244676589966,
            "test_time": 0.01799798011779785,
            "epochs": 200,
            "rauc": 0.866235167206041,
            "ap": 0.2839958226015198,
            "f1": 0.1111111111111111,
            "avg_normal_score": 0.40583330392837524,
            "avg_abnormal_score": 1.231632947921753
        },
        {
            "run": 5,
            "train_time": 8.607833862304688,
            "test_time": 0.01842951774597168,
            "epochs": 200,
            "rauc": 0.9169363538295577,
            "ap": 0.3691772824125765,
            "f1": 0.2222222222222222,
            "avg_normal_score": 0.38188648223876953,
            "avg_abnormal_score": 1.3529750108718872
        },
        {
            "run": 6,
            "train_time": 8.35170865058899,
            "test_time": 0.02418208122253418,
            "epochs": 200,
            "rauc": 0.8845738942826321,
            "ap": 0.29729301343078435,
            "f1": 0.3333333333333333,
            "avg_normal_score": 0.8658162355422974,
            "avg_abnormal_score": 1.2519211769104004
        },
        {
            "run": 7,
            "train_time": 8.357796430587769,
            "test_time": 0.017313480377197266,
            "epochs": 200,
            "rauc": 0.8338727076591155,
            "ap": 0.22215855270939516,
            "f1": 0.1111111111111111,
            "avg_normal_score": 0.4428459703922272,
            "avg_abnormal_score": 0.8825687766075134
        },
        {
            "run": 8,
            "train_time": 8.316724300384521,
            "test_time": 0.01708698272705078,
            "epochs": 200,
            "rauc": 0.8683926645091693,
            "ap": 0.2597690382542833,
            "f1": 0.1111111111111111,
            "avg_normal_score": 0.799597978591919,
            "avg_abnormal_score": 0.8319578170776367
        },
        {
            "run": 9,
            "train_time": 8.493216753005981,
            "test_time": 0.018473148345947266,
            "epochs": 200,
            "rauc": 0.8176914778856526,
            "ap": 0.3066201699535033,
            "f1": 0.2222222222222222,
            "avg_normal_score": 0.21991287171840668,
            "avg_abnormal_score": 0.84722501039505
        }
    ]
}