{
    "model_config": {
        "num_features": 9,
        "hidden_dim": 64,
        "depth": 4,
        "depth_enc": null,
        "depth_dec": null,
        "num_heads": 4,
        "mlp_ratio": 4.0,
        "dropout_prob": 0.0,
        "temperature": 0.1,
        "byol_loss_weight": 0.01,
        "dacl_alpha": 0.9,
        "projector_dim": null,
        "byol_momentum": 0.99,
        "use_flash_attn": false
    },
    "train_config": {
        "data_dir": "Data/",
        "epochs": 200,
        "learning_rate": 0.01,
        "sche_gamma": 0.95,
        "batch_size": 64,
        "random_seed": 42,
        "num_workers": 0,
        "preprocess": "standard",
        "patience": 10,
        "min_delta": 0,
        "use_amp": false,
        "model_type": "TAEDACL",
        "dataset_name": "glass",
        "base_path": "results/TAEDACL-260125-bw0.01-ap0.9-ep200-ep30_combined/glass/1.0",
        "exp_name": "TAEDACL-260125-bw0.01-ap0.9-ep200-ep30_combined",
        "runs": 10,
        "train_ratio": 1.0
    },
    "start_time_kst": "2026-01-25T15:51:50+09:00",
    "mean_metrics": {
        "rauc": 0.8063646170442287,
        "ap": 0.2824261937948568,
        "f1": 0.2111111111111111,
        "avg_normal": 0.40701374877244234,
        "avg_abnormal": 1.1072262108325959
    },
    "std_metrics": {
        "rauc_std": 0.0814198006202756,
        "ap_std": 0.06953393308951539,
        "f1_std": 0.10482201257840672,
        "avg_normal_std": 0.3562274537923988,
        "avg_abnormal_std": 0.4991374156973426
    },
    "total_time": 192.2562255859375,
    "all_seeds": [
        {
            "rauc": 0.790722761596548,
            "ap": 0.21849599361794483,
            "f1": 0.1111111111111111,
            "avg_normal": 0.34089940786361694,
            "avg_abnormal": 0.869801938533783,
            "run": 0,
            "epochs": 113,
            "train_time": 20.580878973007202,
            "test_time": 0.03841257095336914
        },
        {
            "rauc": 0.7259978425026969,
            "ap": 0.2719555912347674,
            "f1": 0.2222222222222222,
            "avg_normal": 0.08944220840930939,
            "avg_abnormal": 0.7247250080108643,
            "run": 1,
            "epochs": 141,
            "train_time": 24.488617658615112,
            "test_time": 0.022207975387573242
        },
        {
            "rauc": 0.7055016181229773,
            "ap": 0.34909405766893686,
            "f1": 0.3333333333333333,
            "avg_normal": 0.023454396054148674,
            "avg_abnormal": 0.6913548707962036,
            "run": 2,
            "epochs": 102,
            "train_time": 18.26530694961548,
            "test_time": 0.038575172424316406
        },
        {
            "rauc": 0.8392664509169363,
            "ap": 0.24477519231905198,
            "f1": 0.1111111111111111,
            "avg_normal": 1.234250783920288,
            "avg_abnormal": 1.5688319206237793,
            "run": 3,
            "epochs": 92,
            "train_time": 15.798861742019653,
            "test_time": 0.03487539291381836
        },
        {
            "rauc": 0.6483279395900755,
            "ap": 0.1590789158970129,
            "f1": 0.1111111111111111,
            "avg_normal": 0.3828486204147339,
            "avg_abnormal": 0.9059172868728638,
            "run": 4,
            "epochs": 99,
            "train_time": 17.400609016418457,
            "test_time": 0.04416918754577637
        },
        {
            "rauc": 0.9083063646170442,
            "ap": 0.42575064673420143,
            "f1": 0.4444444444444444,
            "avg_normal": 0.3200709819793701,
            "avg_abnormal": 2.405404806137085,
            "run": 5,
            "epochs": 108,
            "train_time": 19.06297731399536,
            "test_time": 0.03847193717956543
        },
        {
            "rauc": 0.8748651564185544,
            "ap": 0.272596752157266,
            "f1": 0.2222222222222222,
            "avg_normal": 0.7351781129837036,
            "avg_abnormal": 1.1171543598175049,
            "run": 6,
            "epochs": 94,
            "train_time": 16.652617931365967,
            "test_time": 0.04153633117675781
        },
        {
            "rauc": 0.8629989212513485,
            "ap": 0.2763201804581115,
            "f1": 0.1111111111111111,
            "avg_normal": 0.23535193502902985,
            "avg_abnormal": 1.001842975616455,
            "run": 7,
            "epochs": 112,
            "train_time": 19.965599298477173,
            "test_time": 0.03906369209289551
        },
        {
            "rauc": 0.8705501618122977,
            "ap": 0.275295938629272,
            "f1": 0.2222222222222222,
            "avg_normal": 0.6555368304252625,
            "avg_abnormal": 1.0865111351013184,
            "run": 8,
            "epochs": 107,
            "train_time": 18.87846302986145,
            "test_time": 0.04161667823791504
        },
        {
            "rauc": 0.8371089536138079,
            "ap": 0.33089866923200256,
            "f1": 0.2222222222222222,
            "avg_normal": 0.0531042106449604,
            "avg_abnormal": 0.7007178068161011,
            "run": 9,
            "epochs": 107,
            "train_time": 18.71058416366577,
            "test_time": 0.03884744644165039
        }
    ]
}