{
    "model_config": {
        "num_features": 33,
        "hidden_dim": 64,
        "depth": 4,
        "num_heads": 4,
        "mlp_ratio": 4.0,
        "dropout_prob": 0.0,
        "use_flash_attn": false,
        "mask_ratio": 0.3,
        "num_eval_repeat": 50
    },
    "train_config": {
        "data_dir": "Data/",
        "epochs": 200,
        "learning_rate": 0.01,
        "sche_gamma": 0.95,
        "batch_size": 512,
        "random_seed": 42,
        "num_workers": 0,
        "preprocess": "standard",
        "patience": 10,
        "min_delta": 0,
        "use_amp": false,
        "model_type": "TMLM",
        "dataset_name": "ionosphere",
        "base_path": "results/TMLM-d64-lr0.01-mask0.3-r50/ionosphere/1.0",
        "exp_name": "TMLM-d64-lr0.01-mask0.3-r50",
        "runs": 10,
        "train_ratio": 1.0
    },
    "mean_metrics": {
        "ap": 0.9822738094537578,
        "f1": 0.9190476190476191,
        "avg_abnormal_score": 3.1699570178985597,
        "avg_normal_score": 0.21851991564035417,
        "rauc": 0.9769068689422673
    },
    "std_metrics": {
        "ap_std": 0.005399653189281556,
        "f1_std": 0.01904761904761905,
        "avg_abnormal_score_std": 0.317509422323332,
        "avg_normal_score_std": 0.04749821061131973,
        "rauc_std": 0.006821278787114343
    },
    "total_time": 241.43748712539673,
    "all_seeds": [
        {
            "run": 0,
            "train_time": 24.58545160293579,
            "test_time": 0.07820630073547363,
            "epochs": 200,
            "rauc": 0.9804747857845203,
            "ap": 0.9853769068921254,
            "f1": 0.9285714285714286,
            "avg_normal_score": 0.16902312636375427,
            "avg_abnormal_score": 3.2633728981018066
        },
        {
            "run": 1,
            "train_time": 23.80379295349121,
            "test_time": 0.07828855514526367,
            "epochs": 200,
            "rauc": 0.9655850540806293,
            "ap": 0.9734576968946704,
            "f1": 0.8888888888888888,
            "avg_normal_score": 0.17227594554424286,
            "avg_abnormal_score": 2.893155813217163
        },
        {
            "run": 2,
            "train_time": 23.84583616256714,
            "test_time": 0.078033447265625,
            "epochs": 200,
            "rauc": 0.9731001545160837,
            "ap": 0.9794197309845404,
            "f1": 0.9047619047619048,
            "avg_normal_score": 0.208784282207489,
            "avg_abnormal_score": 3.013502836227417
        },
        {
            "run": 3,
            "train_time": 23.811906814575195,
            "test_time": 0.07841849327087402,
            "epochs": 200,
            "rauc": 0.9721168703469589,
            "ap": 0.9781810132493036,
            "f1": 0.9126984126984127,
            "avg_normal_score": 0.23121939599514008,
            "avg_abnormal_score": 2.7474324703216553
        },
        {
            "run": 4,
            "train_time": 23.67399001121521,
            "test_time": 0.07825565338134766,
            "epochs": 200,
            "rauc": 0.9830032307908414,
            "ap": 0.9871150381464235,
            "f1": 0.9285714285714286,
            "avg_normal_score": 0.3274069130420685,
            "avg_abnormal_score": 3.5516750812530518
        },
        {
            "run": 5,
            "train_time": 23.73834466934204,
            "test_time": 0.07835006713867188,
            "epochs": 200,
            "rauc": 0.9817390082876808,
            "ap": 0.9859325662311451,
            "f1": 0.9365079365079365,
            "avg_normal_score": 0.22031106054782867,
            "avg_abnormal_score": 3.614729642868042
        },
        {
            "run": 6,
            "train_time": 23.874756813049316,
            "test_time": 0.07788610458374023,
            "epochs": 200,
            "rauc": 0.9723978086809947,
            "ap": 0.978818557102606,
            "f1": 0.9047619047619048,
            "avg_normal_score": 0.15998749434947968,
            "avg_abnormal_score": 2.913419246673584
        },
        {
            "run": 7,
            "train_time": 23.9006404876709,
            "test_time": 0.0786285400390625,
            "epochs": 200,
            "rauc": 0.987708947885939,
            "ap": 0.9904922224669458,
            "f1": 0.9444444444444444,
            "avg_normal_score": 0.2668192386627197,
            "avg_abnormal_score": 3.63895845413208
        },
        {
            "run": 8,
            "train_time": 23.91632843017578,
            "test_time": 0.0784003734588623,
            "epochs": 200,
            "rauc": 0.9697991290911645,
            "ap": 0.9763674640833762,
            "f1": 0.8968253968253969,
            "avg_normal_score": 0.20883570611476898,
            "avg_abnormal_score": 2.8700828552246094
        },
        {
            "run": 9,
            "train_time": 23.91922950744629,
            "test_time": 0.07842731475830078,
            "epochs": 200,
            "rauc": 0.9831436999578593,
            "ap": 0.9875768984864409,
            "f1": 0.9444444444444444,
            "avg_normal_score": 0.2205359935760498,
            "avg_abnormal_score": 3.1932408809661865
        }
    ]
}