{
    "model_config": {
        "num_features": 30,
        "hidden_dim": 64,
        "depth": 4,
        "depth_enc": null,
        "depth_dec": null,
        "num_heads": 4,
        "mlp_ratio": 4.0,
        "dropout_prob": 0.0,
        "temperature": 0.2,
        "imix_loss_weight": 0.1,
        "mixup_alpha": 0.9,
        "projector_dim": null,
        "use_flash_attn": false
    },
    "train_config": {
        "data_dir": "Data/",
        "epochs": 200,
        "learning_rate": 0.01,
        "sche_gamma": 0.95,
        "batch_size": 512,
        "random_seed": 42,
        "num_workers": 0,
        "preprocess": "standard",
        "patience": 10,
        "min_delta": 0,
        "use_amp": false,
        "model_type": "TAEIMIX",
        "dataset_name": "wbc",
        "base_path": "results/TAEIMIX-260125-iw0.1-ap0.9-ep200-ep80_imix/wbc/1.0",
        "exp_name": "TAEIMIX-260125-iw0.1-ap0.9-ep200-ep80_imix",
        "runs": 10,
        "train_ratio": 1.0
    },
    "start_time_kst": "2026-01-25T15:52:18+09:00",
    "mean_metrics": {
        "rauc": 0.8822027134876297,
        "ap": 0.5443302809938909,
        "f1": 0.5238095238095238,
        "avg_normal": -0.9630645155906677,
        "avg_abnormal": -0.9096330821514129
    },
    "std_metrics": {
        "rauc_std": 0.05715630558938096,
        "ap_std": 0.16882204856740055,
        "f1_std": 0.21081851067789195,
        "avg_normal_std": 0.03286338614272036,
        "avg_abnormal_std": 0.0635525876667432
    },
    "total_time": 126.71473503112793,
    "all_seeds": [
        {
            "rauc": 0.7390263367916998,
            "ap": 0.18822410088437005,
            "f1": 0.047619047619047616,
            "avg_normal": -0.9537995457649231,
            "avg_abnormal": -0.9379742741584778,
            "run": 0,
            "epochs": 165,
            "train_time": 15.510305166244507,
            "test_time": 0.026312828063964844
        },
        {
            "rauc": 0.9595637137536579,
            "ap": 0.7796132775142801,
            "f1": 0.7619047619047619,
            "avg_normal": -1.017993450164795,
            "avg_abnormal": -1.0176125764846802,
            "run": 1,
            "epochs": 123,
            "train_time": 10.864776611328125,
            "test_time": 0.04552888870239258
        },
        {
            "rauc": 0.9066241021548285,
            "ap": 0.704953646517686,
            "f1": 0.7142857142857143,
            "avg_normal": -0.9477168917655945,
            "avg_abnormal": -0.888274610042572,
            "run": 2,
            "epochs": 122,
            "train_time": 10.991806983947754,
            "test_time": 0.047133445739746094
        },
        {
            "rauc": 0.9358872040436286,
            "ap": 0.6987549837339755,
            "f1": 0.6666666666666666,
            "avg_normal": -0.9610109925270081,
            "avg_abnormal": -0.8665847778320312,
            "run": 3,
            "epochs": 155,
            "train_time": 13.860637187957764,
            "test_time": 0.046829938888549805
        },
        {
            "rauc": 0.8480978983772279,
            "ap": 0.48135982061190796,
            "f1": 0.5238095238095238,
            "avg_normal": -1.0180381536483765,
            "avg_abnormal": -1.0178806781768799,
            "run": 4,
            "epochs": 146,
            "train_time": 13.06593656539917,
            "test_time": 0.044342994689941406
        },
        {
            "rauc": 0.8909284384144719,
            "ap": 0.5796187024912771,
            "f1": 0.6666666666666666,
            "avg_normal": -0.9764239192008972,
            "avg_abnormal": -0.9383918046951294,
            "run": 5,
            "epochs": 134,
            "train_time": 12.207277536392212,
            "test_time": 0.04741334915161133
        },
        {
            "rauc": 0.8970470869912212,
            "ap": 0.47795056215644716,
            "f1": 0.5238095238095238,
            "avg_normal": -0.9270243048667908,
            "avg_abnormal": -0.8765822052955627,
            "run": 6,
            "epochs": 195,
            "train_time": 17.210493803024292,
            "test_time": 0.04877519607543945
        },
        {
            "rauc": 0.894120776802341,
            "ap": 0.5758954000980119,
            "f1": 0.5238095238095238,
            "avg_normal": -0.9095221161842346,
            "avg_abnormal": -0.8191739320755005,
            "run": 7,
            "epochs": 118,
            "train_time": 10.504801988601685,
            "test_time": 0.040459394454956055
        },
        {
            "rauc": 0.8978451715881883,
            "ap": 0.6086639799489482,
            "f1": 0.5714285714285714,
            "avg_normal": -0.9653187394142151,
            "avg_abnormal": -0.858270525932312,
            "run": 8,
            "epochs": 97,
            "train_time": 8.780640363693237,
            "test_time": 0.04585075378417969
        },
        {
            "rauc": 0.8528864059590316,
            "ap": 0.34826833598200474,
            "f1": 0.23809523809523808,
            "avg_normal": -0.9537970423698425,
            "avg_abnormal": -0.8755854368209839,
            "run": 9,
            "epochs": 125,
            "train_time": 11.205511331558228,
            "test_time": 0.04259204864501953
        }
    ]
}