{
    "model_config": {
        "hidden_dim": 64,
        "depth": 4,
        "num_heads": 4,
        "mlp_ratio": 4.0,
        "dropout_prob": 0.0,
        "num_prototypes": 5,
        "temperature": 0.1,
        "sinkhorn_iters": 3,
        "sinkhorn_eps": 0.05,
        "contrastive_loss_weight": 0.1,
        "use_flash_attn": false,
        "num_features": 9
    },
    "train_config": {
        "data_dir": "Data/",
        "epochs": 250,
        "learning_rate": 0.01,
        "sche_gamma": 0.95,
        "batch_size": 64,
        "random_seed": 42,
        "num_workers": 0,
        "preprocess": "standard",
        "patience": 20,
        "use_amp": false,
        "model_type": "ProtoAD",
        "dataset_name": "breastw",
        "base_path": "results/ProtoAD-d64-proto5-eps0.05-contra0.1-temp0.1/breastw/1.0",
        "exp_name": "ProtoAD-d64-proto5-eps0.05-contra0.1-temp0.1",
        "runs": 10,
        "train_ratio": 1.0,
        "run": 9
    },
    "mean_metrics": {
        "rauc": 0.9845565230502469,
        "ap": 0.9809301574621582,
        "f1": 0.9468619246861925,
        "entropy_rauc": 0.5994967771118399,
        "entropy_ap": 0.6415449953068532,
        "entropy_f1": 0.5902378651968349,
        "avg_normal_entropy": 0.06071148253977299,
        "avg_abnormal_entropy": 0.12137209214270114,
        "avg_normal_recon": 0.6418262690305709,
        "avg_abnormal_recon": 14.976688671112061
    },
    "std_metrics": {
        "rauc_std": 0.0029074144520804847,
        "ap_std": 0.005877715665432603,
        "f1_std": 0.011389671622440345,
        "entropy_rauc_std": 0.19310545860171152,
        "entropy_ap_std": 0.13908844539030726,
        "entropy_f1_std": 0.15624901722187332,
        "avg_normal_entropy_std": 0.009124502600342005,
        "avg_abnormal_entropy_std": 0.05902416258835329,
        "avg_normal_recon_std": 0.15649987764012832,
        "avg_abnormal_recon_std": 3.085827549813322
    },
    "total_time": 167.8531494140625,
    "all_seeds": [
        {
            "run": 0,
            "train_time": 21.63798451423645,
            "test_time": 0.05599164962768555,
            "epochs": 129,
            "rauc": 0.9830185834369936,
            "ap": 0.9822306759988604,
            "f1": 0.9372384937238494,
            "entropy_rauc": 0.21913754758943044,
            "entropy_ap": 0.36689548205205347,
            "entropy_f1": 0.31446540880503143,
            "avg_normal_entropy": 0.06528475135564804,
            "avg_abnormal_entropy": 0.022880900651216507,
            "avg_normal_recon": 0.6168038249015808,
            "avg_abnormal_recon": 16.28253746032715
        },
        {
            "run": 1,
            "train_time": 20.989982843399048,
            "test_time": 0.06320333480834961,
            "epochs": 131,
            "rauc": 0.9818500508877078,
            "ap": 0.97505587520954,
            "f1": 0.9414225941422594,
            "entropy_rauc": 0.5315692261298955,
            "entropy_ap": 0.5839899065623219,
            "entropy_f1": 0.5313807531380753,
            "avg_normal_entropy": 0.054269254207611084,
            "avg_abnormal_entropy": 0.10141327977180481,
            "avg_normal_recon": 0.7459889054298401,
            "avg_abnormal_recon": 15.413046836853027
        },
        {
            "run": 2,
            "train_time": 13.654085397720337,
            "test_time": 0.064483642578125,
            "epochs": 111,
            "rauc": 0.9899543895359796,
            "ap": 0.9893810405077004,
            "f1": 0.9665271966527197,
            "entropy_rauc": 0.6652154246296506,
            "entropy_ap": 0.625307004595036,
            "entropy_f1": 0.5774058577405857,
            "avg_normal_entropy": 0.07792003452777863,
            "avg_abnormal_entropy": 0.11593428999185562,
            "avg_normal_recon": 0.4257786273956299,
            "avg_abnormal_recon": 13.185550689697266
        },
        {
            "run": 3,
            "train_time": 16.684840202331543,
            "test_time": 0.06481003761291504,
            "epochs": 102,
            "rauc": 0.9797391533793207,
            "ap": 0.9675609940307205,
            "f1": 0.9414225941422594,
            "entropy_rauc": 0.7076406950883938,
            "entropy_ap": 0.7613721745238643,
            "entropy_f1": 0.6965811965811965,
            "avg_normal_entropy": 0.06318516284227371,
            "avg_abnormal_entropy": 0.2130282074213028,
            "avg_normal_recon": 0.8910008072853088,
            "avg_abnormal_recon": 18.88153839111328
        },
        {
            "run": 4,
            "train_time": 20.260929584503174,
            "test_time": 0.06740188598632812,
            "epochs": 133,
            "rauc": 0.983414376719816,
            "ap": 0.980871849161171,
            "f1": 0.9414225941422594,
            "entropy_rauc": 0.779769309058012,
            "entropy_ap": 0.7482238583009858,
            "entropy_f1": 0.7196652719665272,
            "avg_normal_entropy": 0.053241413086652756,
            "avg_abnormal_entropy": 0.13007326424121857,
            "avg_normal_recon": 0.7448269724845886,
            "avg_abnormal_recon": 16.12626075744629
        },
        {
            "run": 5,
            "train_time": 15.691120147705078,
            "test_time": 0.0648641586303711,
            "epochs": 94,
            "rauc": 0.9824720117607147,
            "ap": 0.9791168915596212,
            "f1": 0.9372384937238494,
            "entropy_rauc": 0.6791435787251687,
            "entropy_ap": 0.7557063505199324,
            "entropy_f1": 0.6778242677824268,
            "avg_normal_entropy": 0.05249445140361786,
            "avg_abnormal_entropy": 0.2091062217950821,
            "avg_normal_recon": 0.505861222743988,
            "avg_abnormal_recon": 11.105742454528809
        },
        {
            "run": 6,
            "train_time": 15.341765642166138,
            "test_time": 0.06660866737365723,
            "epochs": 93,
            "rauc": 0.98475253496174,
            "ap": 0.9845436206064702,
            "f1": 0.9330543933054394,
            "entropy_rauc": 0.5345094048022918,
            "entropy_ap": 0.6521965924312386,
            "entropy_f1": 0.5294117647058824,
            "avg_normal_entropy": 0.05969851464033127,
            "avg_abnormal_entropy": 0.15933939814567566,
            "avg_normal_recon": 0.8162077069282532,
            "avg_abnormal_recon": 19.82709503173828
        },
        {
            "run": 7,
            "train_time": 11.19542384147644,
            "test_time": 0.03030228614807129,
            "epochs": 96,
            "rauc": 0.9856760526216594,
            "ap": 0.9798971979432953,
            "f1": 0.9665271966527197,
            "entropy_rauc": 0.2989558596253157,
            "entropy_ap": 0.4265999773720194,
            "entropy_f1": 0.33263157894736844,
            "avg_normal_entropy": 0.07386745512485504,
            "avg_abnormal_entropy": 0.052191346883773804,
            "avg_normal_recon": 0.6354880332946777,
            "avg_abnormal_recon": 14.84555721282959
        },
        {
            "run": 8,
            "train_time": 14.086839199066162,
            "test_time": 0.06459975242614746,
            "epochs": 104,
            "rauc": 0.9874288514455879,
            "ap": 0.9865742946975314,
            "f1": 0.9497907949790795,
            "entropy_rauc": 0.8210825888650156,
            "entropy_ap": 0.8062062031590057,
            "entropy_f1": 0.7615062761506276,
            "avg_normal_entropy": 0.04771758243441582,
            "avg_abnormal_entropy": 0.13458037376403809,
            "avg_normal_recon": 0.3867247998714447,
            "avg_abnormal_recon": 9.05907154083252
        },
        {
            "run": 9,
            "train_time": 15.613353252410889,
            "test_time": 0.06777310371398926,
            "epochs": 96,
            "rauc": 0.9872592257529496,
            "ap": 0.9840691349066708,
            "f1": 0.9539748953974896,