{
    "model_config": {
        "hidden_dim": 64,
        "depth": 4,
        "num_heads": 4,
        "mlp_ratio": 4.0,
        "dropout_prob": 0.0,
        "num_prototypes": 16,
        "temperature": 0.1,
        "sinkhorn_iters": 3,
        "sinkhorn_eps": 0.1,
        "contrastive_loss_weight": 1.0,
        "use_flash_attn": false,
        "num_features": 9
    },
    "train_config": {
        "data_dir": "Data/",
        "epochs": 250,
        "learning_rate": 0.01,
        "sche_gamma": 0.95,
        "batch_size": 64,
        "random_seed": 42,
        "num_workers": 0,
        "preprocess": "standard",
        "patience": 20,
        "use_amp": false,
        "model_type": "ProtoAD",
        "dataset_name": "breastw",
        "base_path": "results/ProtoAD-d64-proto16-eps0.1-contra1.0-temp0.1/breastw/1.0",
        "exp_name": "ProtoAD-d64-proto16-eps0.1-contra1.0-temp0.1",
        "runs": 10,
        "train_ratio": 1.0,
        "run": 9
    },
    "mean_metrics": {
        "rauc": 0.9895793282822574,
        "ap": 0.9879829249457309,
        "f1": 0.9640167364016736,
        "entropy_rauc": 0.272555505296091,
        "entropy_ap": 0.4012651118334928,
        "entropy_f1": 0.33556485355648535,
        "avg_normal_entropy": 2.0830123662948608,
        "avg_abnormal_entropy": 1.8015939593315125,
        "avg_normal_recon": 0.9867197155952454,
        "avg_abnormal_recon": 26.284722328186035
    },
    "std_metrics": {
        "rauc_std": 0.003215190702698214,
        "ap_std": 0.005426087895418393,
        "f1_std": 0.007295228357390257,
        "entropy_rauc_std": 0.19955827161964657,
        "entropy_ap_std": 0.07527963449192024,
        "entropy_f1_std": 0.16344576563267402,
        "avg_normal_entropy_std": 0.16086690406996482,
        "avg_abnormal_entropy_std": 0.3417960500654707,
        "avg_normal_recon_std": 0.27453143348048464,
        "avg_abnormal_recon_std": 5.232352969174349
    },
    "total_time": 42.30966258049011,
    "all_seeds": [
        {
            "run": 0,
            "train_time": 4.372708082199097,
            "test_time": 0.06438565254211426,
            "epochs": 22,
            "rauc": 0.9880319650194127,
            "ap": 0.9872848537045328,
            "f1": 0.9581589958158996,
            "entropy_rauc": 0.5508123185947453,
            "entropy_ap": 0.5312883516636213,
            "entropy_f1": 0.5104602510460251,
            "avg_normal_entropy": 2.3384439945220947,
            "avg_abnormal_entropy": 2.392066240310669,
            "avg_normal_recon": 1.1441189050674438,
            "avg_abnormal_recon": 28.655094146728516
        },
        {
            "run": 1,
            "train_time": 3.541057825088501,
            "test_time": 0.049802303314208984,
            "epochs": 22,
            "rauc": 0.9898036111425232,
            "ap": 0.9886045418608881,
            "f1": 0.9581589958158996,
            "entropy_rauc": 0.09399148102076972,
            "entropy_ap": 0.33976071313757356,
            "entropy_f1": 0.18828451882845187,
            "avg_normal_entropy": 2.0830061435699463,
            "avg_abnormal_entropy": 1.5155836343765259,
            "avg_normal_recon": 1.0872225761413574,
            "avg_abnormal_recon": 27.076526641845703
        },
        {
            "run": 2,
            "train_time": 3.5873749256134033,
            "test_time": 0.06411027908325195,
            "epochs": 22,
            "rauc": 0.993083041200196,
            "ap": 0.9928458488679031,
            "f1": 0.9707112970711297,
            "entropy_rauc": 0.08515209770439897,
            "entropy_ap": 0.33874332690078435,
            "entropy_f1": 0.17154811715481172,
            "avg_normal_entropy": 1.8525276184082031,
            "avg_abnormal_entropy": 1.2618342638015747,
            "avg_normal_recon": 0.7594218850135803,
            "avg_abnormal_recon": 21.115753173828125
        },
        {
            "run": 3,
            "train_time": 4.011912822723389,
            "test_time": 0.06283140182495117,
            "epochs": 25,
            "rauc": 0.9842248105846432,
            "ap": 0.9745634269374588,
            "f1": 0.9665271966527197,
            "entropy_rauc": 0.6300652116551697,
            "entropy_ap": 0.5350235753298551,
            "entropy_f1": 0.6527196652719666,
            "avg_normal_entropy": 1.8955821990966797,
            "avg_abnormal_entropy": 1.9408016204833984,
            "avg_normal_recon": 1.5016217231750488,
            "avg_abnormal_recon": 37.79545974731445
        },
        {
            "run": 4,
            "train_time": 3.793013572692871,
            "test_time": 0.06614065170288086,
            "epochs": 23,
            "rauc": 0.9866938067774889,
            "ap": 0.9863811528503615,
            "f1": 0.9497907949790795,
            "entropy_rauc": 0.11811602397376454,
            "entropy_ap": 0.345845767682281,
            "entropy_f1": 0.20502092050209206,
            "avg_normal_entropy": 2.134019374847412,
            "avg_abnormal_entropy": 1.6710180044174194,
            "avg_normal_recon": 1.2902530431747437,
            "avg_abnormal_recon": 31.867849349975586
        },
        {
            "run": 5,
            "train_time": 3.9354140758514404,
            "test_time": 0.04222726821899414,
            "epochs": 24,
            "rauc": 0.9908967544950809,
            "ap": 0.9893750030819588,
            "f1": 0.9707112970711297,
            "entropy_rauc": 0.1688152587734178,
            "entropy_ap": 0.3542241086587849,
            "entropy_f1": 0.301255230125523,
            "avg_normal_entropy": 2.352541208267212,
            "avg_abnormal_entropy": 2.1165831089019775,
            "avg_normal_recon": 0.788920521736145,
            "avg_abnormal_recon": 23.380151748657227
        },
        {
            "run": 6,
            "train_time": 3.609849691390991,
            "test_time": 0.06506061553955078,
            "epochs": 22,
            "rauc": 0.9901805571261638,
            "ap": 0.990651455916383,
            "f1": 0.9581589958158996,
            "entropy_rauc": 0.09429303780768215,
            "entropy_ap": 0.34275608675661373,
            "entropy_f1": 0.1799163179916318,
            "avg_normal_entropy": 1.9127719402313232,
            "avg_abnormal_entropy": 1.3122869729995728,
            "avg_normal_recon": 1.088270902633667,
            "avg_abnormal_recon": 27.72441291809082
        },
        {
            "run": 7,
            "train_time": 4.080434322357178,
            "test_time": 0.06329345703125,
            "epochs": 25,
            "rauc": 0.9884277583022353,
            "ap": 0.9857783239281982,
            "f1": 0.9665271966527197,
            "entropy_rauc": 0.3361415809114554,
            "entropy_ap": 0.4089356223657217,
            "entropy_f1": 0.3682008368200837,
            "avg_normal_entropy": 2.112062454223633,
            "avg_abnormal_entropy": 1.9957478046417236,
            "avg_normal_recon": 0.8364030122756958,
            "avg_abnormal_recon": 21.43744659423828
        },
        {
            "run": 8,
            "train_time": 4.403158187866211,
            "test_time": 0.06313395500183105,
            "epochs": 27,
            "rauc": 0.9963624712578688,
            "ap": 0.9965445443770514,
            "f1": 0.9748953974895398,
            "entropy_rauc": 0.1655829469637001,
            "entropy_ap": 0.3564466380387107,
            "entropy_f1": 0.2510460251046025,
            "avg_normal_entropy": 2.06876540184021,
            "avg_abnormal_entropy": 1.8266123533248901,
            "avg_normal_recon": 0.5176153182983398,
            "avg_abnormal_recon": 20.374431610107422
        },
        {
            "run": 9,
            "train_time": 4.218080520629883,
            "test_time": 0.06472611427307129,
            "epochs": 26,
            "rauc": 0.9880885069169588,
            "ap": 0.9878000979325725,
            "f1": 0.9665271966527197,
            "entropy_rauc": 0.48258509555580686,