{
    "model_config": {
        "hidden_dim": 128,
        "depth": 4,
        "num_heads": 4,
        "mlp_ratio": 4.0,
        "dropout_prob": 0.0,
        "num_prototypes": 128,
        "temperature": 0.1,
        "sinkhorn_iters": 3,
        "sinkhorn_eps": 0.05,
        "contrastive_loss_weight": 1.0,
        "use_flash_attn": false,
        "num_features": 21
    },
    "train_config": {
        "data_dir": "Data/",
        "epochs": 250,
        "learning_rate": 0.01,
        "sche_gamma": 0.95,
        "batch_size": 256,
        "random_seed": 42,
        "num_workers": 0,
        "preprocess": "standard",
        "patience": 20,
        "use_amp": false,
        "model_type": "ProtoAD",
        "dataset_name": "cardio",
        "base_path": "results/ProtoAD-d128-proto128-eps0.05-contra1.0-temp0.1/cardio/1.0",
        "exp_name": "ProtoAD-d128-proto128-eps0.05-contra1.0-temp0.1",
        "runs": 10,
        "train_ratio": 1.0,
        "run": 9
    },
    "mean_metrics": {
        "rauc": 0.9275726010101011,
        "ap": 0.7759993448721334,
        "f1": 0.7125,
        "entropy_rauc": 0.5569945377689943,
        "entropy_ap": 0.2125904112251124,
        "entropy_f1": 0.21420454545454543,
        "avg_normal_entropy": 1.876884639263153,
        "avg_abnormal_entropy": 1.9513294100761414,
        "avg_normal_recon": 0.47595628499984743,
        "avg_abnormal_recon": 4.593563103675843
    },
    "std_metrics": {
        "rauc_std": 0.018915414879320563,
        "ap_std": 0.050290710980198265,
        "f1_std": 0.05562381022963825,
        "entropy_rauc_std": 0.10247182561875627,
        "entropy_ap_std": 0.06807183487193916,
        "entropy_f1_std": 0.0947706153023889,
        "avg_normal_entropy_std": 0.05763438393421449,
        "avg_abnormal_entropy_std": 0.1648891693280648,
        "avg_normal_recon_std": 0.04771838263526648,
        "avg_abnormal_recon_std": 1.121954054088463
    },
    "total_time": 243.03274703025818,
    "all_seeds": [
        {
            "run": 0,
            "train_time": 20.351986169815063,
            "test_time": 0.05258607864379883,
            "epochs": 116,
            "rauc": 0.9333552920509441,
            "ap": 0.7783999567612437,
            "f1": 0.7443181818181818,
            "entropy_rauc": 0.5224665129556434,
            "entropy_ap": 0.17645131223459318,
            "entropy_f1": 0.17613636363636365,
            "avg_normal_entropy": 1.8084828853607178,
            "avg_abnormal_entropy": 1.8064824342727661,
            "avg_normal_recon": 0.44766438007354736,
            "avg_abnormal_recon": 3.3306756019592285
        },
        {
            "run": 1,
            "train_time": 22.404625177383423,
            "test_time": 0.022600889205932617,
            "epochs": 132,
            "rauc": 0.9600351339481775,
            "ap": 0.8680899350237176,
            "f1": 0.8068181818181818,
            "entropy_rauc": 0.4922938625384278,
            "entropy_ap": 0.1656943229675043,
            "entropy_f1": 0.17045454545454544,
            "avg_normal_entropy": 1.902970314025879,
            "avg_abnormal_entropy": 1.8893475532531738,
            "avg_normal_recon": 0.442134290933609,
            "avg_abnormal_recon": 5.772596836090088
        },
        {
            "run": 2,
            "train_time": 28.23105549812317,
            "test_time": 0.03684568405151367,
            "epochs": 182,
            "rauc": 0.9165500109793587,
            "ap": 0.7571916332219555,
            "f1": 0.7215909090909091,
            "entropy_rauc": 0.7851339481774264,
            "entropy_ap": 0.3771388163761322,
            "entropy_f1": 0.4090909090909091,
            "avg_normal_entropy": 1.9465610980987549,
            "avg_abnormal_entropy": 2.2809784412384033,
            "avg_normal_recon": 0.5293023586273193,
            "avg_abnormal_recon": 5.215631484985352
        },
        {
            "run": 3,
            "train_time": 21.444777488708496,
            "test_time": 0.049376487731933594,
            "epochs": 124,
            "rauc": 0.9557806324110671,
            "ap": 0.833993985235079,
            "f1": 0.7897727272727273,
            "entropy_rauc": 0.44309261089152396,
            "entropy_ap": 0.16998404345032014,
            "entropy_f1": 0.17613636363636365,
            "avg_normal_entropy": 1.8969522714614868,
            "avg_abnormal_entropy": 1.8648642301559448,
            "avg_normal_recon": 0.5042266845703125,
            "avg_abnormal_recon": 5.317538261413574
        },
        {
            "run": 4,
            "train_time": 22.595752716064453,
            "test_time": 0.050533294677734375,
            "epochs": 132,
            "rauc": 0.9140453447518665,
            "ap": 0.7506990328772658,
            "f1": 0.6818181818181818,
            "entropy_rauc": 0.5775966183574879,
            "entropy_ap": 0.21432681793892444,
            "entropy_f1": 0.2727272727272727,
            "avg_normal_entropy": 1.9323865175247192,
            "avg_abnormal_entropy": 2.040212392807007,
            "avg_normal_recon": 0.4289432764053345,
            "avg_abnormal_recon": 2.634612798690796
        },
        {
            "run": 5,
            "train_time": 23.574021577835083,
            "test_time": 0.05150175094604492,
            "epochs": 138,
            "rauc": 0.9248600131752306,
            "ap": 0.7624550317950372,
            "f1": 0.6590909090909091,
            "entropy_rauc": 0.6264135924462011,
            "entropy_ap": 0.2814265376477245,
            "entropy_f1": 0.2784090909090909,
            "avg_normal_entropy": 1.9560458660125732,
            "avg_abnormal_entropy": 2.1608216762542725,
            "avg_normal_recon": 0.4297337532043457,
            "avg_abnormal_recon": 4.735362529754639
        },
        {
            "run": 6,
            "train_time": 27.986655712127686,
            "test_time": 0.05170893669128418,
            "epochs": 165,
            "rauc": 0.9019062911725955,
            "ap": 0.6972777812929186,
            "f1": 0.6306818181818182,
            "entropy_rauc": 0.5985191589811155,
            "entropy_ap": 0.2087162049403386,
            "entropy_f1": 0.2556818181818182,
            "avg_normal_entropy": 1.858132004737854,
            "avg_abnormal_entropy": 1.9592746496200562,
            "avg_normal_recon": 0.5416483283042908,
            "avg_abnormal_recon": 3.010969638824463
        },
        {
            "run": 7,
            "train_time": 25.261111974716187,
            "test_time": 0.05282330513000488,
            "epochs": 153,
            "rauc": 0.9142717940272288,
            "ap": 0.743728041171281,
            "f1": 0.6590909090909091,
            "entropy_rauc": 0.4678098924022837,
            "entropy_ap": 0.15166053190886092,
            "entropy_f1": 0.09659090909090909,
            "avg_normal_entropy": 1.861535906791687,
            "avg_abnormal_entropy": 1.8287863731384277,
            "avg_normal_recon": 0.46367308497428894,
            "avg_abnormal_recon": 4.600666522979736
        },
        {
            "run": 8,
            "train_time": 23.15642809867859,
            "test_time": 0.05098366737365723,
            "epochs": 136,
            "rauc": 0.9109162274923145,
            "ap": 0.7346049428281154,
            "f1": 0.6875,
            "entropy_rauc": 0.43334156785243744,
            "entropy_ap": 0.14295497672494129,
            "entropy_f1": 0.0625,
            "avg_normal_entropy": 1.7736002206802368,
            "avg_abnormal_entropy": 1.7001585960388184,
            "avg_normal_recon": 0.549998939037323,
            "avg_abnormal_recon": 5.48552942276001
        },
        {
            "run": 9,
            "train_time": 24.954962968826294,
            "test_time": 0.05239129066467285,
            "epochs": 146,
            "rauc": 0.9440052700922267,
            "ap": 0.8335531085147196,
            "f1": 0.7443181818181818,
            "entropy_rauc": 0.6232776130873958,