{
    "model_config": {
        "hidden_dim": 128,
        "depth": 4,
        "num_heads": 4,
        "mlp_ratio": 4.0,
        "dropout_prob": 0.0,
        "num_prototypes": 64,
        "temperature": 0.1,
        "sinkhorn_iters": 3,
        "sinkhorn_eps": 0.05,
        "contrastive_loss_weight": 0.01,
        "use_flash_attn": false,
        "num_features": 13
    },
    "train_config": {
        "data_dir": "Data/",
        "epochs": 250,
        "learning_rate": 0.01,
        "sche_gamma": 0.95,
        "batch_size": 512,
        "random_seed": 42,
        "num_workers": 0,
        "preprocess": "standard",
        "patience": 5,
        "use_amp": false,
        "model_type": "ProtoAD",
        "dataset_name": "wine",
        "base_path": "results/ProtoAD-d128-proto64-eps0.05-contra0.01-temp0.1/wine/1.0",
        "exp_name": "ProtoAD-d128-proto64-eps0.05-contra0.01-temp0.1",
        "runs": 10,
        "train_ratio": 1.0,
        "run": 9
    },
    "mean_metrics": {
        "rauc": 0.6446666666666667,
        "ap": 0.3617823235236222,
        "f1": 0.31,
        "entropy_rauc": 0.3728333333333333,
        "entropy_ap": 0.18583177570876064,
        "entropy_f1": 0.11000000000000001,
        "avg_normal_entropy": 3.680924415588379,
        "avg_abnormal_entropy": 3.6376677989959716,
        "avg_normal_recon": 2.863241958618164,
        "avg_abnormal_recon": 3.622026467323303
    },
    "std_metrics": {
        "rauc_std": 0.27442444821439976,
        "ap_std": 0.2508855624426217,
        "f1_std": 0.2343074902771996,
        "entropy_rauc_std": 0.27872233295681365,
        "entropy_ap_std": 0.1378594404319075,
        "entropy_f1_std": 0.19209372712298547,
        "avg_normal_entropy_std": 0.04409889508167283,
        "avg_abnormal_entropy_std": 0.10034561281252033,
        "avg_normal_recon_std": 0.6880407721731432,
        "avg_abnormal_recon_std": 1.2216989852164741
    },
    "total_time": 6.7898759841918945,
    "all_seeds": [
        {
            "run": 0,
            "train_time": 0.9736957550048828,
            "test_time": 0.029201507568359375,
            "epochs": 5,
            "rauc": 0.975,
            "ap": 0.8768939393939393,
            "f1": 0.7,
            "entropy_rauc": 0.145,
            "entropy_ap": 0.09046875149231973,
            "entropy_f1": 0.0,
            "avg_normal_entropy": 3.6745498180389404,
            "avg_abnormal_entropy": 3.607252836227417,
            "avg_normal_recon": 1.9861414432525635,
            "avg_abnormal_recon": 5.837045669555664
        },
        {
            "run": 1,
            "train_time": 0.2626197338104248,
            "test_time": 0.02755260467529297,
            "epochs": 5,
            "rauc": 0.4966666666666667,
            "ap": 0.14296151314932104,
            "f1": 0.0,
            "entropy_rauc": 0.050000000000000024,
            "entropy_ap": 0.08475058694746121,
            "entropy_f1": 0.0,
            "avg_normal_entropy": 3.7103638648986816,
            "avg_abnormal_entropy": 3.572612762451172,
            "avg_normal_recon": 2.6792335510253906,
            "avg_abnormal_recon": 2.469520330429077
        },
        {
            "run": 2,
            "train_time": 0.27048611640930176,
            "test_time": 0.024384498596191406,
            "epochs": 5,
            "rauc": 0.038333333333333344,
            "ap": 0.08472336964764741,
            "f1": 0.0,
            "entropy_rauc": 0.615,
            "entropy_ap": 0.17847522847522845,
            "entropy_f1": 0.0,
            "avg_normal_entropy": 3.6772749423980713,
            "avg_abnormal_entropy": 3.6941208839416504,
            "avg_normal_recon": 4.223681926727295,
            "avg_abnormal_recon": 1.6454885005950928
        },
        {
            "run": 3,
            "train_time": 0.281097412109375,
            "test_time": 0.027245044708251953,
            "epochs": 5,
            "rauc": 0.93,
            "ap": 0.5918223443223443,
            "f1": 0.5,
            "entropy_rauc": 0.5883333333333333,
            "entropy_ap": 0.32675312923263744,
            "entropy_f1": 0.2,
            "avg_normal_entropy": 3.5675759315490723,
            "avg_abnormal_entropy": 3.6291465759277344,
            "avg_normal_recon": 1.8862221240997314,
            "avg_abnormal_recon": 4.119106292724609
        },
        {
            "run": 4,
            "train_time": 0.2866649627685547,
            "test_time": 0.021516084671020508,
            "epochs": 5,
            "rauc": 0.6266666666666667,
            "ap": 0.2502120844615011,
            "f1": 0.4,
            "entropy_rauc": 0.835,
            "entropy_ap": 0.5385299842276586,
            "entropy_f1": 0.6,
            "avg_normal_entropy": 3.723541736602783,
            "avg_abnormal_entropy": 3.8220150470733643,
            "avg_normal_recon": 2.6942715644836426,
            "avg_abnormal_recon": 3.1338350772857666
        },
        {
            "run": 5,
            "train_time": 0.2709660530090332,
            "test_time": 0.02637481689453125,
            "epochs": 5,
            "rauc": 0.7183333333333333,
            "ap": 0.34454529388739913,
            "f1": 0.3,
            "entropy_rauc": 0.6133333333333333,
            "entropy_ap": 0.1765175670352879,
            "entropy_f1": 0.0,
            "avg_normal_entropy": 3.6486668586730957,
            "avg_abnormal_entropy": 3.6822948455810547,
            "avg_normal_recon": 2.9793596267700195,
            "avg_abnormal_recon": 3.7773842811584473
        },
        {
            "run": 6,
            "train_time": 0.29914116859436035,
            "test_time": 0.027085304260253906,
            "epochs": 5,
            "rauc": 0.7983333333333333,
            "ap": 0.4132394739546986,
            "f1": 0.5,
            "entropy_rauc": 0.05833333333333336,
            "entropy_ap": 0.08467946997809747,
            "entropy_f1": 0.0,
            "avg_normal_entropy": 3.6793949604034424,
            "avg_abnormal_entropy": 3.486361265182495,
            "avg_normal_recon": 2.486074686050415,
            "avg_abnormal_recon": 3.190542697906494
        },
        {
            "run": 7,
            "train_time": 0.4099690914154053,
            "test_time": 0.04264187812805176,
            "epochs": 5,
            "rauc": 0.45333333333333337,
            "ap": 0.13732294662293193,
            "f1": 0.1,
            "entropy_rauc": 0.33666666666666667,
            "entropy_ap": 0.11225939466602272,
            "entropy_f1": 0.0,
            "avg_normal_entropy": 3.7242226600646973,
            "avg_abnormal_entropy": 3.7000527381896973,
            "avg_normal_recon": 3.0295000076293945,
            "avg_abnormal_recon": 2.8494346141815186
        },
        {
            "run": 8,
            "train_time": 0.4283714294433594,
            "test_time": 0.041001081466674805,
            "epochs": 5,
            "rauc": 0.9283333333333333,
            "ap": 0.6323645308939425,
            "f1": 0.5,
            "entropy_rauc": 0.008333333333333349,
            "entropy_ap": 0.08241641253922743,
            "entropy_f1": 0.0,
            "avg_normal_entropy": 3.695871114730835,
            "avg_abnormal_entropy": 3.4790825843811035,
            "avg_normal_recon": 2.8490054607391357,
            "avg_abnormal_recon": 5.488559246063232
        },
        {
            "run": 9,
            "train_time": 0.38515543937683105,
            "test_time": 0.02542257308959961,
            "epochs": 5,
            "rauc": 0.4816666666666667,
            "ap": 0.14373773890249675,
            "f1": 0.1,
            "entropy_rauc": 0.47833333333333333,
            "entropy_ap": 0.18346723249366517,
            "entropy_f1": 0.3,
            "avg_normal_entropy": 3.70778226852417,
            "avg_abnormal_entropy": 3.7037384510040283,
            "avg_normal_recon": 3.8189291954040527,
            "avg_abnormal_recon": 3.70934796333313
        }
    ]
}