{
    "model_config": {
        "num_features": 9,
        "hidden_dim": 32,
        "depth": 4,
        "num_heads": 4,
        "mlp_ratio": 4.0,
        "dropout_prob": 0.0,
        "use_flash_attn": false,
        "mixup_alpha": 0.1,
        "mixup_prob": 0.3
    },
    "train_config": {
        "data_dir": "Data/",
        "epochs": 200,
        "learning_rate": 0.01,
        "sche_gamma": 0.95,
        "batch_size": 512,
        "random_seed": 42,
        "num_workers": 0,
        "preprocess": "standard",
        "patience": 10,
        "min_delta": 0,
        "use_amp": false,
        "model_type": "TMLMMixup",
        "dataset_name": "glass",
        "base_path": "results/TMLMMixup-alpha0.1-prob0.3/glass/1.0",
        "exp_name": "TMLMMixup-alpha0.1-prob0.3",
        "runs": 10,
        "train_ratio": 1.0
    },
    "mean_metrics": {
        "rauc": 0.8104638619201726,
        "ap": 0.2676208754416235,
        "avg_abnormal_score": 0.9968645393848419,
        "avg_normal_score": 0.4714183256030083,
        "f1": 0.17777777777777776
    },
    "std_metrics": {
        "rauc_std": 0.08320789111840263,
        "ap_std": 0.07557767618801324,
        "avg_abnormal_score_std": 0.38621172129349624,
        "avg_normal_score_std": 0.2888867337609661,
        "f1_std": 0.10183501544346311
    },
    "total_time": 101.27475428581238,
    "all_seeds": [
        {
            "run": 0,
            "train_time": 10.56130838394165,
            "test_time": 0.015601634979248047,
            "epochs": 200,
            "rauc": 0.8565264293419633,
            "ap": 0.2752333185270367,
            "f1": 0.1111111111111111,
            "avg_normal_score": 0.33657222986221313,
            "avg_abnormal_score": 0.7997780442237854
        },
        {
            "run": 1,
            "train_time": 9.769420862197876,
            "test_time": 0.0157926082611084,
            "epochs": 200,
            "rauc": 0.6192017259978425,
            "ap": 0.16604771844531183,
            "f1": 0.1111111111111111,
            "avg_normal_score": 0.2240144908428192,
            "avg_abnormal_score": 0.5578120350837708
        },
        {
            "run": 2,
            "train_time": 9.881415367126465,
            "test_time": 0.016529560089111328,
            "epochs": 200,
            "rauc": 0.7486515641855448,
            "ap": 0.2841261619039397,
            "f1": 0.2222222222222222,
            "avg_normal_score": 0.13407711684703827,
            "avg_abnormal_score": 0.6757586002349854
        },
        {
            "run": 3,
            "train_time": 9.812724590301514,
            "test_time": 0.015277385711669922,
            "epochs": 200,
            "rauc": 0.7820927723840345,
            "ap": 0.17960287555269636,
            "f1": 0.1111111111111111,
            "avg_normal_score": 1.1244792938232422,
            "avg_abnormal_score": 0.8794039487838745
        },
        {
            "run": 4,
            "train_time": 9.997671365737915,
            "test_time": 0.016058921813964844,
            "epochs": 200,
            "rauc": 0.8759439050701185,
            "ap": 0.30348539007959296,
            "f1": 0.2222222222222222,
            "avg_normal_score": 0.4516755938529968,
            "avg_abnormal_score": 1.4490835666656494
        },
        {
            "run": 5,
            "train_time": 9.941873788833618,
            "test_time": 0.015427589416503906,
            "epochs": 200,
            "rauc": 0.7993527508090614,
            "ap": 0.23262134863442052,
            "f1": 0.1111111111111111,
            "avg_normal_score": 0.3844865560531616,
            "avg_abnormal_score": 0.994863748550415
        },
        {
            "run": 6,
            "train_time": 9.89777421951294,
            "test_time": 0.015631675720214844,
            "epochs": 200,
            "rauc": 0.9374325782092773,
            "ap": 0.41393637226970564,
            "f1": 0.4444444444444444,
            "avg_normal_score": 0.8011347055435181,
            "avg_abnormal_score": 1.9032198190689087
        },
        {
            "run": 7,
            "train_time": 9.776477336883545,
            "test_time": 0.016591310501098633,
            "epochs": 200,
            "rauc": 0.7918015102481122,
            "ap": 0.23675313617842356,
            "f1": 0.1111111111111111,
            "avg_normal_score": 0.39577504992485046,
            "avg_abnormal_score": 1.1012461185455322
        },
        {
            "run": 8,
            "train_time": 9.77193284034729,
            "test_time": 0.014747381210327148,
            "epochs": 200,
            "rauc": 0.8122977346278316,
            "ap": 0.21268849877720847,
            "f1": 0.1111111111111111,
            "avg_normal_score": 0.642199695110321,
            "avg_abnormal_score": 0.6780359148979187
        },
        {
            "run": 9,
            "train_time": 9.989282846450806,
            "test_time": 0.014719963073730469,
            "epochs": 200,
            "rauc": 0.8813376483279396,
            "ap": 0.3717139340478999,
            "f1": 0.2222222222222222,
            "avg_normal_score": 0.21976852416992188,
            "avg_abnormal_score": 0.9294435977935791
        }
    ]
}