{
    "model_config": {
        "num_features": 13,
        "hidden_dim": 64,
        "depth": 4,
        "depth_enc": null,
        "depth_dec": null,
        "num_heads": 4,
        "mlp_ratio": 4.0,
        "dropout_prob": 0.0,
        "temperature": 0.1,
        "byol_loss_weight": 0.1,
        "dacl_alpha": 0.9,
        "projector_dim": null,
        "byol_momentum": 0.99,
        "use_flash_attn": false
    },
    "train_config": {
        "data_dir": "Data/",
        "epochs": 80,
        "learning_rate": 0.01,
        "sche_gamma": 0.95,
        "batch_size": 64,
        "random_seed": 42,
        "num_workers": 0,
        "preprocess": "standard",
        "patience": 10,
        "min_delta": 0,
        "use_amp": false,
        "model_type": "TAEDACL",
        "dataset_name": "wine",
        "base_path": "results/TAEDACL-bw0.1/wine/1.0",
        "exp_name": "TAEDACL-bw0.1",
        "runs": 10,
        "train_ratio": 1.0
    },
    "mean_metrics": {
        "byol_ap": 0.6083330563541829,
        "combined_f1": 0.74,
        "combined_avg_normal": -0.6448396533727646,
        "avg_abnormal": 2.179625725746155,
        "byol_avg_abnormal": -1.0801652729511262,
        "combined_rauc": 0.9691666666666666,
        "byol_f1": 0.58,
        "f1": 0.7,
        "combined_ap": 0.8234557327777143,
        "byol_avg_normal": -1.1943535447120666,
        "rauc": 0.966,
        "combined_avg_abnormal": 1.0994603842496873,
        "byol_rauc": 0.8548333333333333,
        "ap": 0.808743783993784,
        "avg_normal": 0.5495139092206955
    },
    "std_metrics": {
        "byol_ap_std": 0.2320148388867852,
        "combined_f1_std": 0.10198039027185572,
        "combined_avg_normal_std": 0.12503775611351298,
        "avg_abnormal_std": 0.5926992152349446,
        "byol_avg_abnormal_std": 0.12168651883021984,
        "combined_rauc_std": 0.015316113519210169,
        "byol_f1_std": 0.21817424229271432,
        "f1_std": 0.0894427190999916,
        "combined_ap_std": 0.07958022623305736,
        "byol_avg_normal_std": 0.04329674333157698,
        "rauc_std": 0.015369522511197971,
        "combined_avg_abnormal_std": 0.5537862945213942,
        "byol_rauc_std": 0.18167347082059065,
        "ap_std": 0.07545796000271873,
        "avg_normal_std": 0.15079147099919918
    },
    "total_time": 88.03793406486511,
    "all_seeds": [
        {
            "run": 0,
            "train_time": 9.151829719543457,
            "test_time": 0.028122901916503906,
            "epochs": 80,
            "rauc": 0.9583333333333334,
            "ap": 0.8185786435786435,
            "f1": 0.7,
            "avg_normal": 0.5888041853904724,
            "avg_abnormal": 2.5483460426330566,
            "byol_rauc": 0.9683333333333333,
            "byol_ap": 0.8403463203463203,
            "byol_f1": 0.7,
            "byol_avg_normal": -1.1970981359481812,
            "byol_avg_abnormal": -1.0454092025756836,
            "combined_rauc": 0.9683333333333333,
            "combined_ap": 0.8437426900584795,
            "combined_f1": 0.8,
            "combined_avg_normal": -0.6082938313484192,
            "combined_avg_abnormal": 1.5029369592666626
        },
        {
            "run": 1,
            "train_time": 8.310421705245972,
            "test_time": 0.02686309814453125,
            "epochs": 80,
            "rauc": 0.9883333333333333,
            "ap": 0.9272546897546897,
            "f1": 0.8,
            "avg_normal": 0.46785879135131836,
            "avg_abnormal": 2.1687464714050293,
            "byol_rauc": 0.9766666666666668,
            "byol_ap": 0.9272727272727274,
            "byol_f1": 0.8,
            "byol_avg_normal": -1.1791847944259644,
            "byol_avg_abnormal": -0.7774143815040588,
            "combined_rauc": 0.9933333333333333,
            "combined_ap": 0.9622222222222222,
            "combined_f1": 0.9,
            "combined_avg_normal": -0.711326003074646,
            "combined_avg_abnormal": 1.3913320302963257
        },
        {
            "run": 2,
            "train_time": 8.635673761367798,
            "test_time": 0.03292536735534668,
            "epochs": 80,
            "rauc": 0.9450000000000001,
            "ap": 0.7096993284493284,
            "f1": 0.6,
            "avg_normal": 0.4223838746547699,
            "avg_abnormal": 1.389707088470459,
            "byol_rauc": 0.9383333333333335,
            "byol_ap": 0.7004365079365079,
            "byol_f1": 0.8,
            "byol_avg_normal": -1.2059391736984253,
            "byol_avg_abnormal": -1.0813170671463013,
            "combined_rauc": 0.9533333333333334,
            "combined_ap": 0.7362625313283208,
            "combined_f1": 0.7,
            "combined_avg_normal": -0.783555269241333,
            "combined_avg_abnormal": 0.3083900511264801
        },
        {
            "run": 3,
            "train_time": 8.611660480499268,
            "test_time": 0.03220343589782715,
            "epochs": 80,
            "rauc": 0.9550000000000001,
            "ap": 0.7116558441558442,
            "f1": 0.7,
            "avg_normal": 0.6621769070625305,
            "avg_abnormal": 2.3348116874694824,
            "byol_rauc": 0.8883333333333334,
            "byol_ap": 0.4365061327561328,
            "byol_f1": 0.5,
            "byol_avg_normal": -1.2132093906402588,
            "byol_avg_abnormal": -1.1645824909210205,
            "combined_rauc": 0.9533333333333334,
            "combined_ap": 0.7079793735676088,
            "combined_f1": 0.7,
            "combined_avg_normal": -0.5510326027870178,
            "combined_avg_abnormal": 1.170229196548462
        },
        {
            "run": 4,
            "train_time": 8.575502395629883,
            "test_time": 0.03693985939025879,
            "epochs": 80,
            "rauc": 0.9733333333333334,
            "ap": 0.7973701298701298,
            "f1": 0.7,
            "avg_normal": 0.3404163420200348,
            "avg_abnormal": 1.4263665676116943,
            "byol_rauc": 0.9616666666666667,
            "byol_ap": 0.8571078431372549,
            "byol_f1": 0.7,
            "byol_avg_normal": -1.1779133081436157,
            "byol_avg_abnormal": -1.0580432415008545,
            "combined_rauc": 0.98,
            "combined_ap": 0.8523595848595847,
            "combined_f1": 0.8,
            "combined_avg_normal": -0.8374967575073242,
            "combined_avg_abnormal": 0.3683231472969055
        },
        {
            "run": 5,
            "train_time": 8.634482622146606,
            "test_time": 0.032167911529541016,
            "epochs": 80,
            "rauc": 0.9450000000000001,
            "ap": 0.748722804972805,
            "f1": 0.5,
            "avg_normal": 0.8786122798919678,
            "avg_abnormal": 3.246649980545044,
            "byol_rauc": 0.3416666666666667,
            "byol_ap": 0.20333393650585116,
            "byol_f1": 0.1,
            "byol_avg_normal": -1.2663302421569824,
            "byol_avg_abnormal": -1.2663559913635254,
            "combined_rauc": 0.9450000000000001,
            "combined_ap": 0.748722804972805,
            "combined_f1": 0.5,
            "combined_avg_normal": -0.3877181112766266,
            "combined_avg_abnormal": 1.98029363155365
        },
        {
            "run": 6,
            "train_time": 8.623731851577759,
            "test_time": 0.02646350860595703,
            "epochs": 80,
            "rauc": 0.9783333333333333,
            "ap": 0.8190262515262514,
            "f1": 0.8,
            "avg_normal": 0.37205103039741516,
            "avg_abnormal": 1.2986018657684326,
            "byol_rauc": 0.9416666666666667,
            "byol_ap": 0.5708225108225109,
            "byol_f1": 0.7,
            "byol_avg_normal": -1.128235101699829,
            "byol_avg_abnormal": -1.0310907363891602,
            "combined_rauc": 0.9783333333333333,
            "combined_ap": 0.8190262515262514,
            "combined_f1": 0.8,
            "combined_avg_normal": -0.7561840415000916,