{
    "model_config": {
        "num_heads": 4,
        "num_latents": 16,
        "num_memories": 13,
        "depth": 4,
        "hidden_dim": 64,
        "mlp_ratio": 4.0,
        "dropout_prob": 0.0,
        "temperature": 0.1,
        "sim_type": "cos",
        "use_oe": true,
        "oe_lambda": 1.0,
        "oe_shuffle_ratio": 0.1,
        "oe_lambda_memory": 0.1,
        "is_weight_sharing": false,
        "use_pos_enc_as_query": false,
        "use_mask_token": false,
        "num_features": 274
    },
    "train_config": {
        "data_dir": "Data/",
        "epochs": 250,
        "learning_rate": 0.01,
        "sche_gamma": 0.95,
        "batch_size": 512,
        "random_seed": 42,
        "num_workers": 0,
        "preprocess": "standard",
        "model_type": "OELATTE",
        "dataset_name": "arrhythmia",
        "train_ratio": 1.0,
        "base_path": "results/OELATTE-d64-oe_lam1.0-oe_rat0.1-oe_lam_mem0.1/arrhythmia/1.0",
        "not_use_power_of_two": false,
        "num_memories_not_use_power_of_two": false,
        "num_memories_twice": false,
        "contamination_ratio": null,
        "latent_ratio": null,
        "memory_ratio": null,
        "run": 9
    },
    "mean_metrics": {
        "AUC-ROC": 0.7979196106139111,
        "AUC-PR": 0.6119801860244168,
        "f1": 0.559090909090909
    },
    "total_time": 16.311174392700195,
    "all_seeds": [
        {
            "run": 0,
            "AUC-ROC": 0.8075836081017429,
            "AUC-PR": 0.6129663165190873,
            "f1": 0.5606060606060606,
            "train_time": 2.12056040763855,
            "test_time": 0.024213314056396484,
            "epochs": 20
        },
        {
            "run": 1,
            "AUC-ROC": 0.8041293766682368,
            "AUC-PR": 0.597564023998929,
            "f1": 0.5606060606060606,
            "train_time": 1.3044581413269043,
            "test_time": 0.027899980545043945,
            "epochs": 20
        },
        {
            "run": 2,
            "AUC-ROC": 0.7720992306484535,
            "AUC-PR": 0.5960781575471339,
            "f1": 0.5151515151515151,
            "train_time": 1.3229255676269531,
            "test_time": 0.024836301803588867,
            "epochs": 20
        },
        {
            "run": 3,
            "AUC-ROC": 0.8174752708431464,
            "AUC-PR": 0.6829804798632437,
            "f1": 0.5909090909090909,
            "train_time": 1.803290843963623,
            "test_time": 0.023864269256591797,
            "epochs": 29
        },
        {
            "run": 4,
            "AUC-ROC": 0.8011461767938451,
            "AUC-PR": 0.6011281033832203,
            "f1": 0.5606060606060606,
            "train_time": 1.230320692062378,
            "test_time": 0.020409584045410156,
            "epochs": 20
        },
        {
            "run": 5,
            "AUC-ROC": 0.7751609357826974,
            "AUC-PR": 0.5821815696873897,
            "f1": 0.5606060606060606,
            "train_time": 1.3515450954437256,
            "test_time": 0.022226810455322266,
            "epochs": 20
        },
        {
            "run": 6,
            "AUC-ROC": 0.8065630397236615,
            "AUC-PR": 0.6253369311963171,
            "f1": 0.5606060606060606,
            "train_time": 0.9164345264434814,
            "test_time": 0.024472713470458984,
            "epochs": 20
        },
        {
            "run": 7,
            "AUC-ROC": 0.7942377139268331,
            "AUC-PR": 0.6166292533221878,
            "f1": 0.5606060606060606,
            "train_time": 1.2526750564575195,
            "test_time": 0.012098550796508789,
            "epochs": 20
        },
        {
            "run": 8,
            "AUC-ROC": 0.8085256712199718,
            "AUC-PR": 0.5945772128510199,
            "f1": 0.5909090909090909,
            "train_time": 1.3302679061889648,
            "test_time": 0.02273082733154297,
            "epochs": 20
        },
        {
            "run": 9,
            "AUC-ROC": 0.7922750824305228,
            "AUC-PR": 0.6103598118756401,
            "f1": 0.5303030303030303,
            "train_time": 1.3326334953308105,
            "test_time": 0.022607803344726562,
            "epochs": 20
        }
    ]
}