{
    "model_config": {
        "model_type": "ICL",
        "dataset_name": "breastw",
        "train_ratio": 1.0
    },
    "mean_metrics": {
        "run": 2,
        "AUC-ROC": 0.9063854649628709,
        "AUC-PR": 0.8683281211816298,
        "f1": 0.8451882845188284
    },
    "total_time": 27.9187970161438,
    "all_seeds": []
}