{
    "model_config": {
        "hidden_dim": 64,
        "depth": 4,
        "num_heads": 4,
        "mlp_ratio": 4.0,
        "dropout_prob": 0.0,
        "num_prototypes": 64,
        "temperature": 0.1,
        "sinkhorn_iters": 3,
        "sinkhorn_eps": 0.1,
        "contrastive_loss_weight": 0.1,
        "use_flash_attn": false,
        "num_features": 8
    },
    "train_config": {
        "data_dir": "Data/",
        "epochs": 250,
        "learning_rate": 0.01,
        "sche_gamma": 0.95,
        "batch_size": 64,
        "random_seed": 42,
        "num_workers": 0,
        "preprocess": "standard",
        "patience": 20,
        "use_amp": false,
        "model_type": "ProtoAD",
        "dataset_name": "pima",
        "base_path": "results/ProtoAD-d64-proto64-eps0.1-contra0.1-temp0.1/pima/1.0",
        "exp_name": "ProtoAD-d64-proto64-eps0.1-contra0.1-temp0.1",
        "runs": 10,
        "train_ratio": 1.0,
        "run": 9
    },
    "mean_metrics": {
        "rauc": 0.6690223880597015,
        "ap": 0.6614735319447116,
        "f1": 0.6414179104477612,
        "entropy_rauc": 0.44565298507462686,
        "entropy_ap": 0.4886976884244955,
        "entropy_f1": 0.4794776119402985,
        "avg_normal_entropy": 3.614738917350769,
        "avg_abnormal_entropy": 3.5677857637405395,
        "avg_normal_recon": 0.7647748649120331,
        "avg_abnormal_recon": 1.176837193965912
    },
    "std_metrics": {
        "rauc_std": 0.02708015728702719,
        "ap_std": 0.025373809367975425,
        "f1_std": 0.02432252013094367,
        "entropy_rauc_std": 0.09975091350704,
        "entropy_ap_std": 0.07315022728853299,
        "entropy_f1_std": 0.07459420927275984,
        "avg_normal_entropy_std": 0.07085737438564782,
        "avg_abnormal_entropy_std": 0.10142884659563552,
        "avg_normal_recon_std": 0.07381540733608469,
        "avg_abnormal_recon_std": 0.0907493052360155
    },
    "total_time": 41.92467403411865,
    "all_seeds": [
        {
            "run": 0,
            "train_time": 4.665611505508423,
            "test_time": 0.06910037994384766,
            "epochs": 23,
            "rauc": 0.6807313432835821,
            "ap": 0.6395528374832877,
            "f1": 0.6529850746268657,
            "entropy_rauc": 0.3865223880597015,
            "entropy_ap": 0.46840593452377954,
            "entropy_f1": 0.43283582089552236,
            "avg_normal_entropy": 3.639448642730713,
            "avg_abnormal_entropy": 3.5507638454437256,
            "avg_normal_recon": 0.7925896644592285,
            "avg_abnormal_recon": 1.1439448595046997
        },
        {
            "run": 1,
            "train_time": 4.360924243927002,
            "test_time": 0.07035946846008301,
            "epochs": 23,
            "rauc": 0.6963283582089552,
            "ap": 0.6561345356690623,
            "f1": 0.6828358208955224,
            "entropy_rauc": 0.27537313432835825,
            "entropy_ap": 0.3845757220069564,
            "entropy_f1": 0.34701492537313433,
            "avg_normal_entropy": 3.652087926864624,
            "avg_abnormal_entropy": 3.485192060470581,
            "avg_normal_recon": 0.823857307434082,
            "avg_abnormal_recon": 1.2740815877914429
        },
        {
            "run": 2,
            "train_time": 3.7298319339752197,
            "test_time": 0.07233953475952148,
            "epochs": 22,
            "rauc": 0.6383880597014926,
            "ap": 0.6449490329488275,
            "f1": 0.6007462686567164,
            "entropy_rauc": 0.34941791044776116,
            "entropy_ap": 0.4089220367783015,
            "entropy_f1": 0.43283582089552236,
            "avg_normal_entropy": 3.4760780334472656,
            "avg_abnormal_entropy": 3.3557276725769043,
            "avg_normal_recon": 0.6989418864250183,
            "avg_abnormal_recon": 1.029749870300293
        },
        {
            "run": 3,
            "train_time": 3.704683780670166,
            "test_time": 0.07131719589233398,
            "epochs": 22,
            "rauc": 0.6558358208955223,
            "ap": 0.6710669186397198,
            "f1": 0.6492537313432836,
            "entropy_rauc": 0.5453432835820895,
            "entropy_ap": 0.5488886940382695,
            "entropy_f1": 0.5485074626865671,
            "avg_normal_entropy": 3.613241672515869,
            "avg_abnormal_entropy": 3.6302614212036133,
            "avg_normal_recon": 0.7645828127861023,
            "avg_abnormal_recon": 1.174976110458374
        },
        {
            "run": 4,
            "train_time": 3.9233882427215576,
            "test_time": 0.12633371353149414,
            "epochs": 23,
            "rauc": 0.7052238805970149,
            "ap": 0.7045099055910771,
            "f1": 0.6604477611940298,
            "entropy_rauc": 0.40762686567164175,
            "entropy_ap": 0.46079475665533504,
            "entropy_f1": 0.44776119402985076,
            "avg_normal_entropy": 3.554307699203491,
            "avg_abnormal_entropy": 3.5124406814575195,
            "avg_normal_recon": 0.710448145866394,
            "avg_abnormal_recon": 1.2798163890838623
        },
        {
            "run": 5,
            "train_time": 3.8829381465911865,
            "test_time": 0.07392597198486328,
            "epochs": 23,
            "rauc": 0.6777164179104478,
            "ap": 0.6841582794273955,
            "f1": 0.6343283582089553,
            "entropy_rauc": 0.44119402985074624,
            "entropy_ap": 0.46320567547437796,
            "entropy_f1": 0.4664179104477612,
            "avg_normal_entropy": 3.770228862762451,
            "avg_abnormal_entropy": 3.7538199424743652,
            "avg_normal_recon": 0.6541279554367065,
            "avg_abnormal_recon": 1.0542373657226562
        },
        {
            "run": 6,
            "train_time": 3.773519515991211,
            "test_time": 0.07026267051696777,
            "epochs": 22,
            "rauc": 0.6192686567164178,
            "ap": 0.6194771802988146,
            "f1": 0.6007462686567164,
            "entropy_rauc": 0.6391194029850747,
            "entropy_ap": 0.6427667632710894,
            "entropy_f1": 0.6305970149253731,
            "avg_normal_entropy": 3.6018166542053223,
            "avg_abnormal_entropy": 3.6471028327941895,
            "avg_normal_recon": 0.8503749966621399,
            "avg_abnormal_recon": 1.170449137687683
        },
        {
            "run": 7,
            "train_time": 3.868906021118164,
            "test_time": 0.06802058219909668,
            "epochs": 23,
            "rauc": 0.6636567164179104,
            "ap": 0.6472829725393202,
            "f1": 0.6343283582089553,
            "entropy_rauc": 0.4702238805970149,
            "entropy_ap": 0.5461230959955912,
            "entropy_f1": 0.47388059701492535,
            "avg_normal_entropy": 3.6240575313568115,
            "avg_abnormal_entropy": 3.541351318359375,
            "avg_normal_recon": 0.7425534129142761,
            "avg_abnormal_recon": 1.112511157989502
        },
        {
            "run": 8,
            "train_time": 3.895260810852051,
            "test_time": 0.04877901077270508,
            "epochs": 23,
            "rauc": 0.7023731343283581,
            "ap": 0.6953473803461123,
            "f1": 0.6567164179104478,
            "entropy_rauc": 0.41151492537313433,
            "entropy_ap": 0.4385976457087467,
            "entropy_f1": 0.4664179104477612,
            "avg_normal_entropy": 3.6280736923217773,
            "avg_abnormal_entropy": 3.6069085597991943,
            "avg_normal_recon": 0.7061025500297546,
            "avg_abnormal_recon": 1.213987112045288
        },
        {
            "run": 9,
            "train_time": 3.7183287143707275,
            "test_time": 0.07364201545715332,
            "epochs": 22,
            "rauc": 0.6507014925373134,
            "ap": 0.6522562765034983,
            "f1": 0.6417910447761194,
            "entropy_rauc": 0.5301940298507463,