{
    "model_config": {
        "hidden_dim": 64,
        "depth": 4,
        "num_heads": 4,
        "mlp_ratio": 4.0,
        "dropout_prob": 0.0,
        "num_prototypes": 5,
        "temperature": 0.1,
        "sinkhorn_iters": 3,
        "sinkhorn_eps": 0.1,
        "contrastive_loss_weight": 0.1,
        "use_flash_attn": false,
        "num_features": 21
    },
    "train_config": {
        "data_dir": "Data/",
        "epochs": 250,
        "learning_rate": 0.01,
        "sche_gamma": 0.95,
        "batch_size": 256,
        "random_seed": 42,
        "num_workers": 0,
        "preprocess": "standard",
        "patience": 20,
        "use_amp": false,
        "model_type": "ProtoAD",
        "dataset_name": "cardio",
        "base_path": "results/ProtoAD-d64-proto5-eps0.1-contra0.1-temp0.1/cardio/1.0",
        "exp_name": "ProtoAD-d64-proto5-eps0.1-contra0.1-temp0.1",
        "runs": 10,
        "train_ratio": 1.0,
        "run": 9
    },
    "mean_metrics": {
        "rauc": 0.9412624890206411,
        "ap": 0.8213109586750651,
        "f1": 0.7460227272727273,
        "entropy_rauc": 0.25787254336846727,
        "entropy_ap": 0.11827294476801262,
        "entropy_f1": 0.02784090909090909,
        "avg_normal_entropy": 1.285049742460251,
        "avg_abnormal_entropy": 1.1584112405776978,
        "avg_normal_recon": 0.7716099262237549,
        "avg_abnormal_recon": 6.161430883407593
    },
    "std_metrics": {
        "rauc_std": 0.018116049132002144,
        "ap_std": 0.03444949592784444,
        "f1_std": 0.05555702620872562,
        "entropy_rauc_std": 0.12390586149600778,
        "entropy_ap_std": 0.017766085625212022,
        "entropy_f1_std": 0.02117573312907298,
        "avg_normal_entropy_std": 0.261481278873959,
        "avg_abnormal_entropy_std": 0.3245787274320608,
        "avg_normal_recon_std": 0.12190178709260478,
        "avg_abnormal_recon_std": 1.0197893790436159
    },
    "total_time": 97.73647880554199,
    "all_seeds": [
        {
            "run": 0,
            "train_time": 5.562099456787109,
            "test_time": 0.05132412910461426,
            "epochs": 27,
            "rauc": 0.9357433025911286,
            "ap": 0.795693820691665,
            "f1": 0.7386363636363636,
            "entropy_rauc": 0.2821009003074221,
            "entropy_ap": 0.1185090005028397,
            "entropy_f1": 0.028409090909090908,
            "avg_normal_entropy": 1.2804615497589111,
            "avg_abnormal_entropy": 1.07816743850708,
            "avg_normal_recon": 0.7562800049781799,
            "avg_abnormal_recon": 5.806764602661133
        },
        {
            "run": 1,
            "train_time": 21.3272442817688,
            "test_time": 0.048056840896606445,
            "epochs": 129,
            "rauc": 0.9415486385595081,
            "ap": 0.8162307645165136,
            "f1": 0.6875,
            "entropy_rauc": 0.13972606499780413,
            "entropy_ap": 0.1008784462456625,
            "entropy_f1": 0.005681818181818182,
            "avg_normal_entropy": 1.6087746620178223,
            "avg_abnormal_entropy": 1.604809284210205,
            "avg_normal_recon": 0.7874032258987427,
            "avg_abnormal_recon": 7.361077785491943
        },
        {
            "run": 2,
            "train_time": 4.2190752029418945,
            "test_time": 0.05332756042480469,
            "epochs": 25,
            "rauc": 0.9459472441809398,
            "ap": 0.8218877962555406,
            "f1": 0.7556818181818182,
            "entropy_rauc": 0.21681831906016688,
            "entropy_ap": 0.10908872750438774,
            "entropy_f1": 0.0,
            "avg_normal_entropy": 1.375537395477295,
            "avg_abnormal_entropy": 1.2314976453781128,
            "avg_normal_recon": 0.8500295281410217,
            "avg_abnormal_recon": 6.587585926055908
        },
        {
            "run": 3,
            "train_time": 21.709164142608643,
            "test_time": 0.05081486701965332,
            "epochs": 130,
            "rauc": 0.928009716732543,
            "ap": 0.8430910526973704,
            "f1": 0.7670454545454546,
            "entropy_rauc": 0.3384284420289855,
            "entropy_ap": 0.12600374705998607,
            "entropy_f1": 0.045454545454545456,
            "avg_normal_entropy": 1.607473373413086,
            "avg_abnormal_entropy": 1.604091763496399,
            "avg_normal_recon": 0.5975226163864136,
            "avg_abnormal_recon": 6.315125942230225
        },
        {
            "run": 4,
            "train_time": 20.419077157974243,
            "test_time": 0.05405831336975098,
            "epochs": 122,
            "rauc": 0.9631024923144488,
            "ap": 0.8799943895200962,
            "f1": 0.8295454545454546,
            "entropy_rauc": 0.30632411067193677,
            "entropy_ap": 0.11936622152889995,
            "entropy_f1": 0.028409090909090908,
            "avg_normal_entropy": 1.608848214149475,
            "avg_abnormal_entropy": 1.6080001592636108,
            "avg_normal_recon": 0.5181158781051636,
            "avg_abnormal_recon": 3.703547477722168
        },
        {
            "run": 5,
            "train_time": 5.614381551742554,
            "test_time": 0.05247330665588379,
            "epochs": 32,
            "rauc": 0.9070597277119016,
            "ap": 0.7697936975114155,
            "f1": 0.7045454545454546,
            "entropy_rauc": 0.2823685221783048,
            "entropy_ap": 0.11634735681505312,
            "entropy_f1": 0.03977272727272727,
            "avg_normal_entropy": 1.1931371688842773,
            "avg_abnormal_entropy": 1.0618090629577637,
            "avg_normal_recon": 0.7346025109291077,
            "avg_abnormal_recon": 6.033440113067627
        },
        {
            "run": 6,
            "train_time": 4.084249496459961,
            "test_time": 0.04974079132080078,
            "epochs": 24,
            "rauc": 0.9652091567852438,
            "ap": 0.8620022631210548,
            "f1": 0.8011363636363636,
            "entropy_rauc": 0.3699838054457619,
            "entropy_ap": 0.14091665593055108,
            "entropy_f1": 0.03409090909090909,
            "avg_normal_entropy": 1.157555103302002,
            "avg_abnormal_entropy": 1.0367720127105713,
            "avg_normal_recon": 0.9249899983406067,
            "avg_abnormal_recon": 5.340714931488037
        },
        {
            "run": 7,
            "train_time": 4.626512765884399,
            "test_time": 0.05400657653808594,
            "epochs": 27,
            "rauc": 0.9615036231884058,
            "ap": 0.8481585820010532,
            "f1": 0.8011363636363636,
            "entropy_rauc": 0.4822649044795784,
            "entropy_ap": 0.15529390509383453,
            "entropy_f1": 0.07386363636363637,
            "avg_normal_entropy": 0.8281503319740295,
            "avg_abnormal_entropy": 0.8186008334159851,
            "avg_normal_recon": 0.8134403824806213,
            "avg_abnormal_recon": 7.060133457183838
        },
        {
            "run": 8,
            "train_time": 3.954616069793701,
            "test_time": 0.05028510093688965,
            "epochs": 23,
            "rauc": 0.9436827514273166,
            "ap": 0.792278275318207,
            "f1": 0.7386363636363636,
            "entropy_rauc": 0.049427700922266136,
            "entropy_ap": 0.09565651926582741,
            "entropy_f1": 0.005681818181818182,
            "avg_normal_entropy": 1.2632532119750977,
            "avg_abnormal_entropy": 0.7520526647567749,
            "avg_normal_recon": 0.9029945135116577,
            "avg_abnormal_recon": 6.200857162475586
        },
        {
            "run": 9,
            "train_time": 3.90032696723938,
            "test_time": 0.05111527442932129,
            "epochs": 23,
            "rauc": 0.9208182367149758,
            "ap": 0.7839789451177349,
            "f1": 0.6363636363636364,
            "entropy_rauc": 0.1112826635924462,