{
    "model_config": {
        "num_features": 21,
        "hidden_dim": 128,
        "depth": 4,
        "num_heads": 4,
        "mlp_ratio": 4.0,
        "dropout_prob": 0.0,
        "temperature": 0.1,
        "contrastive_loss_weight": 0.1,
        "use_flash_attn": false
    },
    "train_config": {
        "data_dir": "Data/",
        "epochs": 200,
        "learning_rate": 0.001,
        "sche_gamma": 0.95,
        "batch_size": 512,
        "random_seed": 42,
        "num_workers": 0,
        "preprocess": "standard",
        "patience": 10,
        "min_delta": 0,
        "use_amp": false,
        "model_type": "TAECL",
        "dataset_name": "cardiotocography",
        "base_path": "results/TAECL-temp0.1-contra0.1/cardiotocography/1.0",
        "exp_name": "TAECL-temp0.1-contra0.1",
        "runs": 10,
        "train_ratio": 1.0,
        "run": 9
    },
    "mean_metrics": {
        "rauc": 0.7666081138797449,
        "ap": 0.712686535216466,
        "f1": 0.6085836909871245,
        "avg_normal": 0.06487606503069401,
        "avg_abnormal": 0.7302672982215881,
        "contra_rauc": 0.6288879224134339,
        "contra_ap": 0.484806683138202,
        "contra_f1": 0.44892703862660943,
        "contra_avg_normal": -1.0017917931079865,
        "contra_avg_abnormal": -0.9792572081089019,
        "combined_rauc": 0.7448016063169298,
        "combined_ap": 0.6896724156365341,
        "combined_f1": 0.5744635193133047,
        "combined_avg_normal": -0.9369157493114472,
        "combined_avg_abnormal": -0.2489898988045752
    },
    "std_metrics": {
        "rauc_std": 0.024256276812906957,
        "ap_std": 0.023009239642679383,
        "f1_std": 0.02832618025751074,
        "avg_normal_std": 0.008589286900379075,
        "avg_abnormal_std": 0.13134009737408828,
        "contra_rauc_std": 0.038380176691528226,
        "contra_ap_std": 0.042805311809478004,
        "contra_f1_std": 0.040566454586839815,
        "contra_avg_normal_std": 0.0063858782424215015,
        "contra_avg_abnormal_std": 0.008146880898564125,
        "combined_rauc_std": 0.02419985249885795,
        "combined_ap_std": 0.022625183625402473,
        "combined_f1_std": 0.028950875928754317,
        "combined_avg_normal_std": 0.009113922443649601,
        "combined_avg_abnormal_std": 0.13167505294232507
    },
    "total_time": 107.6636803150177,
    "all_seeds": [
        {
            "run": 0,
            "train_time": 11.945011854171753,
            "test_time": 0.21288394927978516,
            "epochs": 125,
            "rauc": 0.8016948622859288,
            "ap": 0.7325254778344454,
            "f1": 0.6394849785407726,
            "avg_normal": 0.05624088644981384,
            "avg_abnormal": 0.5309813618659973,
            "contra_rauc": 0.60549137464061,
            "contra_ap": 0.4504824409771675,
            "contra_f1": 0.41201716738197425,
            "contra_avg_normal": -0.994667112827301,
            "contra_avg_abnormal": -0.9758652448654175,
            "combined_rauc": 0.754997604066836,
            "combined_ap": 0.6883409976874011,
            "combined_f1": 0.5708154506437768,
            "combined_avg_normal": -0.9384261965751648,
            "combined_avg_abnormal": -0.44488394260406494
        },
        {
            "run": 1,
            "train_time": 10.311071395874023,
            "test_time": 0.2686035633087158,
            "epochs": 115,
            "rauc": 0.7994499770823784,
            "ap": 0.7593035270792478,
            "f1": 0.6587982832618026,
            "avg_normal": 0.06003576144576073,
            "avg_abnormal": 0.5877341032028198,
            "contra_rauc": 0.6246171715488146,
            "contra_ap": 0.4738653100091085,
            "contra_f1": 0.44206008583690987,
            "contra_avg_normal": -1.0003405809402466,
            "contra_avg_abnormal": -0.9796150922775269,
            "combined_rauc": 0.779399662485937,
            "combined_ap": 0.736773981377187,
            "combined_f1": 0.6244635193133047,
            "combined_avg_normal": -0.9403048157691956,
            "combined_avg_abnormal": -0.3918810784816742
        },
        {
            "run": 2,
            "train_time": 9.148101568222046,
            "test_time": 0.05332660675048828,
            "epochs": 99,
            "rauc": 0.7696414433934747,
            "ap": 0.7151282864165777,
            "f1": 0.6223175965665236,
            "avg_normal": 0.07671353220939636,
            "avg_abnormal": 0.8646406531333923,
            "contra_rauc": 0.6238124505187715,
            "contra_ap": 0.47634769318525216,
            "contra_f1": 0.4570815450643777,
            "contra_avg_normal": -1.0159850120544434,
            "contra_avg_abnormal": -0.9955043792724609,
            "combined_rauc": 0.7585029584566024,
            "combined_ap": 0.7024891508173379,
            "combined_f1": 0.6030042918454935,
            "combined_avg_normal": -0.9392715692520142,
            "combined_avg_abnormal": -0.13086369633674622
        },
        {
            "run": 3,
            "train_time": 11.42708420753479,
            "test_time": 0.05537009239196777,
            "epochs": 119,
            "rauc": 0.7569039334972291,
            "ap": 0.708283509017606,
            "f1": 0.6051502145922747,
            "avg_normal": 0.06003337353467941,
            "avg_abnormal": 0.8135159015655518,
            "contra_rauc": 0.6609103504312679,
            "contra_ap": 0.49875728884779874,
            "contra_f1": 0.47639484978540775,
            "contra_avg_normal": -1.005479097366333,
            "contra_avg_abnormal": -0.979236900806427,
            "combined_rauc": 0.7532293012208843,
            "combined_ap": 0.6973859440148941,
            "combined_f1": 0.5793991416309013,
            "combined_avg_normal": -0.9454458355903625,
            "combined_avg_abnormal": -0.16572096943855286
        },
        {
            "run": 4,
            "train_time": 12.69456958770752,
            "test_time": 0.0992133617401123,
            "epochs": 126,
            "rauc": 0.7910954623109296,
            "ap": 0.7271304383058936,
            "f1": 0.6266094420600858,
            "avg_normal": 0.06088096648454666,
            "avg_abnormal": 0.8325458765029907,
            "contra_rauc": 0.6097428538689111,
            "contra_ap": 0.4486357189824316,
            "contra_f1": 0.41201716738197425,
            "contra_avg_normal": -0.9954490065574646,
            "contra_avg_abnormal": -0.9758055210113525,
            "combined_rauc": 0.7499257781574232,
            "combined_ap": 0.6866059617170184,
            "combined_f1": 0.5686695278969958,
            "combined_avg_normal": -0.9345679879188538,
            "combined_avg_abnormal": -0.1432596892118454
        },
        {
            "run": 5,
            "train_time": 11.556367635726929,
            "test_time": 0.1119382381439209,
            "epochs": 118,
            "rauc": 0.7467472603025126,
            "ap": 0.6986027595213121,
            "f1": 0.5858369098712446,
            "avg_normal": 0.0601360909640789,
            "avg_abnormal": 0.5665954947471619,
            "contra_rauc": 0.6306903412642193,
            "contra_ap": 0.491167082318204,
            "contra_f1": 0.4592274678111588,
            "contra_avg_normal": -0.9967727065086365,
            "contra_avg_abnormal": -0.9734426140785217,
            "combined_rauc": 0.7241135047293636,
            "combined_ap": 0.6747810121566555,
            "combined_f1": 0.5493562231759657,
            "combined_avg_normal": -0.9366366267204285,
            "combined_avg_abnormal": -0.40684714913368225
        },
        {
            "run": 6,
            "train_time": 9.11660361289978,
            "test_time": 0.1078794002532959,
            "epochs": 100,
            "rauc": 0.7182343535147299,
            "ap": 0.6712493823535505,
            "f1": 0.5536480686695279,
            "avg_normal": 0.06513945758342743,
            "avg_abnormal": 0.7274594902992249,