{
    "model_config": {
        "num_features": 30,
        "hidden_dim": 64,
        "depth": 4,
        "depth_enc": null,
        "depth_dec": null,
        "num_heads": 4,
        "mlp_ratio": 4.0,
        "dropout_prob": 0.0,
        "temperature": 0.2,
        "imix_loss_weight": 0.01,
        "mixup_alpha": 0.9,
        "projector_dim": null,
        "use_flash_attn": false
    },
    "train_config": {
        "data_dir": "Data/",
        "epochs": 200,
        "learning_rate": 0.01,
        "sche_gamma": 0.95,
        "batch_size": 512,
        "random_seed": 42,
        "num_workers": 0,
        "preprocess": "standard",
        "patience": 10,
        "min_delta": 0,
        "use_amp": false,
        "model_type": "TAEIMIX",
        "dataset_name": "wbc",
        "base_path": "results/TAEIMIX-260125-iw0.01-ap0.9-ep200-ep70_combined/wbc/1.0",
        "exp_name": "TAEIMIX-260125-iw0.01-ap0.9-ep200-ep70_combined",
        "runs": 10,
        "train_ratio": 1.0
    },
    "start_time_kst": "2026-01-25T15:54:28+09:00",
    "mean_metrics": {
        "rauc": 0.9515562649640863,
        "ap": 0.7727018486775717,
        "f1": 0.6666666666666667,
        "avg_normal": 0.34099541455507276,
        "avg_abnormal": 5.745766735076904
    },
    "std_metrics": {
        "rauc_std": 0.009146458032006853,
        "ap_std": 0.04302624820876338,
        "f1_std": 0.021295885499997995,
        "avg_normal_std": 0.09572439099085277,
        "avg_abnormal_std": 0.9513691820366947
    },
    "total_time": 142.75417351722717,
    "all_seeds": [
        {
            "rauc": 0.9531790369779196,
            "ap": 0.7946280300783528,
            "f1": 0.6666666666666666,
            "avg_normal": 0.39502179622650146,
            "avg_abnormal": 6.063021183013916,
            "run": 0,
            "epochs": 154,
            "train_time": 15.049421310424805,
            "test_time": 0.04767894744873047
        },
        {
            "rauc": 0.9470603884011706,
            "ap": 0.7348758547954908,
            "f1": 0.6666666666666666,
            "avg_normal": 0.5556617975234985,
            "avg_abnormal": 7.883632183074951,
            "run": 1,
            "epochs": 187,
            "train_time": 17.4049870967865,
            "test_time": 0.047422170639038086
        },
        {
            "rauc": 0.9441340782122906,
            "ap": 0.7711997461997464,
            "f1": 0.6666666666666666,
            "avg_normal": 0.31504467129707336,
            "avg_abnormal": 5.49979305267334,
            "run": 2,
            "epochs": 156,
            "train_time": 14.386680364608765,
            "test_time": 0.04876279830932617
        },
        {
            "rauc": 0.9361532322426177,
            "ap": 0.6777504395151455,
            "f1": 0.6190476190476191,
            "avg_normal": 0.3628982603549957,
            "avg_abnormal": 5.214545249938965,
            "run": 3,
            "epochs": 167,
            "train_time": 14.941115617752075,
            "test_time": 0.044907331466674805
        },
        {
            "rauc": 0.9603617983506252,
            "ap": 0.8062494813038519,
            "f1": 0.7142857142857143,
            "avg_normal": 0.3104027211666107,
            "avg_abnormal": 6.355503559112549,
            "run": 4,
            "epochs": 146,
            "train_time": 13.008238554000854,
            "test_time": 0.04659461975097656
        },
        {
            "rauc": 0.9505187549880287,
            "ap": 0.7601311178651284,
            "f1": 0.6666666666666666,
            "avg_normal": 0.2579525113105774,
            "avg_abnormal": 5.216619491577148,
            "run": 5,
            "epochs": 168,
            "train_time": 13.721704483032227,
            "test_time": 0.027123689651489258
        },
        {
            "rauc": 0.9497206703910615,
            "ap": 0.7696509980511412,
            "f1": 0.6666666666666666,
            "avg_normal": 0.3310597836971283,
            "avg_abnormal": 5.389084815979004,
            "run": 6,
            "epochs": 157,
            "train_time": 11.038130283355713,
            "test_time": 0.046658992767333984
        },
        {
            "rauc": 0.9614259111465815,
            "ap": 0.8262564748121475,
            "f1": 0.6666666666666666,
            "avg_normal": 0.2799304127693176,
            "avg_abnormal": 5.109155654907227,
            "run": 7,
            "epochs": 176,
            "train_time": 15.642247438430786,
            "test_time": 0.04643058776855469
        },
        {
            "rauc": 0.9444001064112796,
            "ap": 0.7571740825900461,
            "f1": 0.6666666666666666,
            "avg_normal": 0.4163547158241272,
            "avg_abnormal": 6.49456262588501,
            "run": 8,
            "epochs": 172,
            "train_time": 15.132046461105347,
            "test_time": 0.0431516170501709
        },
        {
            "rauc": 0.9686086725192871,
            "ap": 0.8291022615646679,
            "f1": 0.6666666666666666,
            "avg_normal": 0.18562747538089752,
            "avg_abnormal": 4.231749534606934,
            "run": 9,
            "epochs": 125,
            "train_time": 10.102938413619995,
            "test_time": 0.04729485511779785
        }
    ]
}