{
    "model_config": {
        "hidden_dim": 32,
        "depth": 4,
        "num_heads": 4,
        "mlp_ratio": 4.0,
        "dropout_prob": 0.0,
        "num_prototypes": 32,
        "temperature": 0.1,
        "sinkhorn_iters": 3,
        "sinkhorn_eps": 0.1,
        "contrastive_loss_weight": 0.1,
        "use_flash_attn": false,
        "num_features": 274
    },
    "train_config": {
        "data_dir": "Data/",
        "epochs": 250,
        "learning_rate": 0.01,
        "sche_gamma": 0.95,
        "batch_size": 32,
        "random_seed": 42,
        "num_workers": 0,
        "preprocess": "standard",
        "patience": 20,
        "use_amp": false,
        "model_type": "ProtoAD",
        "dataset_name": "arrhythmia",
        "base_path": "results/ProtoAD-d32-proto32-eps0.1-contra0.1-temp0.1/arrhythmia/1.0",
        "exp_name": "ProtoAD-d32-proto32-eps0.1-contra0.1-temp0.1",
        "runs": 10,
        "train_ratio": 1.0,
        "run": 9
    },
    "mean_metrics": {
        "rauc": 0.8009970168001257,
        "ap": 0.613344739910308,
        "f1": 0.5621212121212121,
        "entropy_rauc": 0.2997801852724133,
        "entropy_ap": 0.1930050971214568,
        "entropy_f1": 0.14279720279720282,
        "avg_normal_entropy": 3.4641304492950438,
        "avg_abnormal_entropy": 3.459933042526245,
        "avg_normal_recon": 1.1225433051586151,
        "avg_abnormal_recon": 5.656509590148926
    },
    "std_metrics": {
        "rauc_std": 0.009577091505886062,
        "ap_std": 0.0248243445470515,
        "f1_std": 0.025757575757575785,
        "entropy_rauc_std": 0.0727070220082136,
        "entropy_ap_std": 0.027319453453071584,
        "entropy_f1_std": 0.06881742664444875,
        "avg_normal_entropy_std": 0.002761167386430563,
        "avg_abnormal_entropy_std": 0.009000616382618381,
        "avg_normal_recon_std": 0.20833923712533606,
        "avg_abnormal_recon_std": 1.8078364031198266
    },
    "total_time": 114.49868416786194,
    "all_seeds": [
        {
            "run": 0,
            "train_time": 12.570051670074463,
            "test_time": 0.06920146942138672,
            "epochs": 55,
            "rauc": 0.8083686607002668,
            "ap": 0.6096014983836855,
            "f1": 0.5606060606060606,
            "entropy_rauc": 0.2540822735123253,
            "entropy_ap": 0.1717035408373372,
            "entropy_f1": 0.07692307692307693,
            "avg_normal_entropy": 3.4656572341918945,
            "avg_abnormal_entropy": 3.465360403060913,
            "avg_normal_recon": 1.0503734350204468,
            "avg_abnormal_recon": 5.1641621589660645
        },
        {
            "run": 1,
            "train_time": 14.43146800994873,
            "test_time": 0.03188467025756836,
            "epochs": 63,
            "rauc": 0.7967498822421103,
            "ap": 0.5977367688362394,
            "f1": 0.5303030303030303,
            "entropy_rauc": 0.4550557387344953,
            "entropy_ap": 0.253312314902823,
            "entropy_f1": 0.22727272727272727,
            "avg_normal_entropy": 3.4600000381469727,
            "avg_abnormal_entropy": 3.436277151107788,
            "avg_normal_recon": 1.1315585374832153,
            "avg_abnormal_recon": 4.889111518859863
        },
        {
            "run": 2,
            "train_time": 27.87313938140869,
            "test_time": 0.04821443557739258,
            "epochs": 103,
            "rauc": 0.7874862615795257,
            "ap": 0.6038210162734008,
            "f1": 0.5303030303030303,
            "entropy_rauc": 0.4097189511697284,
            "entropy_ap": 0.23166474305760745,
            "entropy_f1": 0.2878787878787879,
            "avg_normal_entropy": 3.457482099533081,
            "avg_abnormal_entropy": 3.451335906982422,
            "avg_normal_recon": 1.2831257581710815,
            "avg_abnormal_recon": 7.324029445648193
        },
        {
            "run": 3,
            "train_time": 12.447222471237183,
            "test_time": 0.0423731803894043,
            "epochs": 45,
            "rauc": 0.816062176165803,
            "ap": 0.681832492765168,
            "f1": 0.5909090909090909,
            "entropy_rauc": 0.29043020882399123,
            "entropy_ap": 0.18609135473256946,
            "entropy_f1": 0.16923076923076924,
            "avg_normal_entropy": 3.4656989574432373,
            "avg_abnormal_entropy": 3.465470552444458,
            "avg_normal_recon": 0.6951674222946167,
            "avg_abnormal_recon": 4.358682155609131
        },
        {
            "run": 4,
            "train_time": 14.271048307418823,
            "test_time": 0.06704974174499512,
            "epochs": 52,
            "rauc": 0.8037368503689748,
            "ap": 0.6053485993114819,
            "f1": 0.5757575757575758,
            "entropy_rauc": 0.258988852253101,
            "entropy_ap": 0.1803585546534145,
            "entropy_f1": 0.15151515151515152,
            "avg_normal_entropy": 3.465491533279419,
            "avg_abnormal_entropy": 3.4649181365966797,
            "avg_normal_recon": 1.3377360105514526,
            "avg_abnormal_recon": 4.428542613983154
        },
        {
            "run": 5,
            "train_time": 6.998642921447754,
            "test_time": 0.03205752372741699,
            "epochs": 34,
            "rauc": 0.7881928089181975,
            "ap": 0.5885570994988282,
            "f1": 0.5757575757575758,
            "entropy_rauc": 0.2739833568849114,
            "entropy_ap": 0.1758071063838633,
            "entropy_f1": 0.10606060606060606,
            "avg_normal_entropy": 3.4656710624694824,
            "avg_abnormal_entropy": 3.465585947036743,
            "avg_normal_recon": 1.1955349445343018,
            "avg_abnormal_recon": 5.347541332244873
        },
        {
            "run": 6,
            "train_time": 4.3662190437316895,
            "test_time": 0.03204488754272461,
            "epochs": 40,
            "rauc": 0.8096247448579055,
            "ap": 0.6235175356358779,
            "f1": 0.5757575757575758,
            "entropy_rauc": 0.2750039252629926,
            "entropy_ap": 0.1816444830095659,
            "entropy_f1": 0.09090909090909091,
            "avg_normal_entropy": 3.4649384021759033,
            "avg_abnormal_entropy": 3.4610376358032227,
            "avg_normal_recon": 0.9678357243537903,
            "avg_abnormal_recon": 5.102073669433594
        },
        {
            "run": 7,
            "train_time": 3.4757070541381836,
            "test_time": 0.03141045570373535,
            "epochs": 31,
            "rauc": 0.7968283875019627,
            "ap": 0.6171522100677133,
            "f1": 0.5454545454545454,
            "entropy_rauc": 0.19284817082744546,
            "entropy_ap": 0.16025899315423606,
            "entropy_f1": 0.045454545454545456,
            "avg_normal_entropy": 3.465414524078369,
            "avg_abnormal_entropy": 3.4651851654052734,
            "avg_normal_recon": 0.9255396127700806,
            "avg_abnormal_recon": 4.48948860168457
        },
        {
            "run": 8,
            "train_time": 4.878486156463623,
            "test_time": 0.03182816505432129,
            "epochs": 45,
            "rauc": 0.8107238184958392,
            "ap": 0.5954994876122776,
            "f1": 0.6060606060606061,
            "entropy_rauc": 0.298437745328937,
            "entropy_ap": 0.18543311655414269,
            "entropy_f1": 0.12121212121212122,
            "avg_normal_entropy": 3.4656224250793457,
            "avg_abnormal_entropy": 3.465369939804077,
            "avg_normal_recon": 1.1998364925384521,
            "avg_abnormal_recon": 4.946047306060791
        },
        {
            "run": 9,
            "train_time": 10.795698404312134,
            "test_time": 0.07128524780273438,
            "epochs": 48,
            "rauc": 0.7921965771706704,
            "ap": 0.6103806907184076,
            "f1": 0.5303030303030303,
            "entropy_rauc": 0.2892526299262051,