{
    "model_config": {
        "num_heads": 4,
        "num_latents": 5,
        "num_memories": 377,
        "depth": 4,
        "hidden_dim": 64,
        "mlp_ratio": 4.0,
        "dropout_prob": 0.0,
        "temperature": 0.1,
        "sim_type": "cos",
        "use_oe": true,
        "oe_lambda": 0.1,
        "oe_shuffle_ratio": 0.3,
        "oe_lambda_memory": 0.01,
        "is_weight_sharing": false,
        "use_pos_enc_as_query": false,
        "use_mask_token": false,
        "num_features": 29
    },
    "train_config": {
        "data_dir": "Data/",
        "epochs": 250,
        "learning_rate": 0.001,
        "sche_gamma": 0.98,
        "batch_size": 2048,
        "random_seed": 42,
        "num_workers": 0,
        "preprocess": "standard",
        "patience": 50,
        "min_delta": 1e-05,
        "model_type": "OELATTE",
        "dataset_name": "fraud",
        "train_ratio": 1.0,
        "base_path": "results/OELATTE-d64-oe_lam0.1-oe_rat0.3-oe_lam_mem0.01/fraud/1.0",
        "not_use_power_of_two": false,
        "num_memories_not_use_power_of_two": false,
        "num_memories_twice": false,
        "contamination_ratio": null,
        "latent_ratio": null,
        "memory_ratio": null,
        "run": 9
    },
    "mean_metrics": {
        "AUC-ROC": 0.9610752391104505,
        "AUC-PR": 0.7040386192912533,
        "f1": 0.7355691056910569
    },
    "total_time": 13456.440502643585,
    "all_seeds": [
        {
            "run": 0,
            "AUC-ROC": 0.9602029895283126,
            "AUC-PR": 0.6883434510840877,
            "f1": 0.7154471544715447,
            "train_time": 1335.2931864261627,
            "test_time": 2.653740644454956,
            "epochs": 250
        },
        {
            "run": 1,
            "AUC-ROC": 0.959768892496463,
            "AUC-PR": 0.7329745537958783,
            "f1": 0.7560975609756098,
            "train_time": 1349.3230752944946,
            "test_time": 2.517760992050171,
            "epochs": 250
        },
        {
            "run": 2,
            "AUC-ROC": 0.9602831276592849,
            "AUC-PR": 0.7091821772607706,
            "f1": 0.7215447154471545,
            "train_time": 1357.4060685634613,
            "test_time": 2.4088246822357178,
            "epochs": 250
        },
        {
            "run": 3,
            "AUC-ROC": 0.9607322872283296,
            "AUC-PR": 0.6964487801237595,
            "f1": 0.7459349593495935,
            "train_time": 1346.2371702194214,
            "test_time": 2.1806724071502686,
            "epochs": 250
        },
        {
            "run": 4,
            "AUC-ROC": 0.9634128183492614,
            "AUC-PR": 0.675082370560045,
            "f1": 0.7113821138211383,
            "train_time": 1338.9537606239319,
            "test_time": 2.2299227714538574,
            "epochs": 250
        },
        {
            "run": 5,
            "AUC-ROC": 0.9621465643918247,
            "AUC-PR": 0.6791064474222989,
            "f1": 0.7296747967479674,
            "train_time": 1341.9771649837494,
            "test_time": 2.4415555000305176,
            "epochs": 250
        },
        {
            "run": 6,
            "AUC-ROC": 0.963056150050379,
            "AUC-PR": 0.7431213705569895,
            "f1": 0.774390243902439,
            "train_time": 1336.5505585670471,
            "test_time": 2.4591798782348633,
            "epochs": 250
        },
        {
            "run": 7,
            "AUC-ROC": 0.9602292828419356,
            "AUC-PR": 0.7229757091716484,
            "f1": 0.741869918699187,
            "train_time": 1341.5764439105988,
            "test_time": 2.5180351734161377,
            "epochs": 250
        },
        {
            "run": 8,
            "AUC-ROC": 0.9636904208382817,
            "AUC-PR": 0.6691615537310583,
            "f1": 0.7012195121951219,
            "train_time": 1341.7280020713806,
            "test_time": 2.22794771194458,
            "epochs": 250
        },
        {
            "run": 9,
            "AUC-ROC": 0.9572298577204318,
            "AUC-PR": 0.7239897792059963,
            "f1": 0.758130081300813,
            "train_time": 1336.1982913017273,
            "test_time": 2.5039222240448,
            "epochs": 250
        }
    ]
}