{
    "model_config": {
        "hidden_dim": 64,
        "depth": 4,
        "num_heads": 4,
        "mlp_ratio": 4.0,
        "dropout_prob": 0.0,
        "num_prototypes": 64,
        "temperature": 0.1,
        "sinkhorn_iters": 3,
        "sinkhorn_eps": 0.05,
        "contrastive_loss_weight": 1.0,
        "use_flash_attn": false,
        "num_features": 6
    },
    "train_config": {
        "data_dir": "Data/",
        "epochs": 250,
        "learning_rate": 0.01,
        "sche_gamma": 0.95,
        "batch_size": 512,
        "random_seed": 42,
        "num_workers": 0,
        "preprocess": "standard",
        "patience": 20,
        "use_amp": false,
        "model_type": "ProtoAD",
        "dataset_name": "mammography",
        "base_path": "results/ProtoAD-d64-proto64-eps0.05-contra1.0-temp0.1/mammography/1.0",
        "exp_name": "ProtoAD-d64-proto64-eps0.05-contra1.0-temp0.1",
        "runs": 10,
        "train_ratio": 1.0,
        "run": 9
    },
    "mean_metrics": {
        "rauc": 0.86169006844492,
        "ap": 0.44263445573891114,
        "f1": 0.4546153846153847,
        "entropy_rauc": 0.4038135509675239,
        "entropy_ap": 0.03796986697823661,
        "entropy_f1": 0.008189503467060943,
        "avg_normal_entropy": 1.0553165316581725,
        "avg_abnormal_entropy": 0.3848840981721878,
        "avg_normal_recon": 0.10937486737966537,
        "avg_abnormal_recon": 3.5785927295684816
    },
    "std_metrics": {
        "rauc_std": 0.009834040316405742,
        "ap_std": 0.03553169502958415,
        "f1_std": 0.032077937633835436,
        "entropy_rauc_std": 0.05802153767823221,
        "entropy_ap_std": 0.007343870877169593,
        "entropy_f1_std": 0.014642463138655621,
        "avg_normal_entropy_std": 0.04619358286762085,
        "avg_abnormal_entropy_std": 0.08145661483119299,
        "avg_normal_recon_std": 0.020441541666143526,
        "avg_abnormal_recon_std": 0.4561767083165504
    },
    "total_time": 625.5552163124084,
    "all_seeds": [
        {
            "run": 0,
            "train_time": 61.942994832992554,
            "test_time": 0.12677931785583496,
            "epochs": 156,
            "rauc": 0.8769998310001972,
            "ap": 0.4727825703739226,
            "f1": 0.5153846153846153,
            "entropy_rauc": 0.3379929160915979,
            "entropy_ap": 0.031218971993066058,
            "entropy_f1": 0.0,
            "avg_normal_entropy": 1.124166488647461,
            "avg_abnormal_entropy": 0.29349881410598755,
            "avg_normal_recon": 0.12538374960422516,
            "avg_abnormal_recon": 4.114761829376221
        },
        {
            "run": 1,
            "train_time": 55.317044496536255,
            "test_time": 0.1250925064086914,
            "epochs": 167,
            "rauc": 0.8497338253105371,
            "ap": 0.44111201605109124,
            "f1": 0.4230769230769231,
            "entropy_rauc": 0.3645628538433372,
            "entropy_ap": 0.03258284986777473,
            "entropy_f1": 0.0,
            "avg_normal_entropy": 0.9677237272262573,
            "avg_abnormal_entropy": 0.35147354006767273,
            "avg_normal_recon": 0.08431337773799896,
            "avg_abnormal_recon": 2.968865156173706
        },
        {
            "run": 2,
            "train_time": 75.19452977180481,
            "test_time": 0.1183617115020752,
            "epochs": 196,
            "rauc": 0.8766914063600258,
            "ap": 0.48855488058594987,
            "f1": 0.4807692307692308,
            "entropy_rauc": 0.46213489000929503,
            "entropy_ap": 0.0573424518636363,
            "entropy_f1": 0.03773584905660377,
            "avg_normal_entropy": 1.0711930990219116,
            "avg_abnormal_entropy": 0.5064769983291626,
            "avg_normal_recon": 0.10742693394422531,
            "avg_abnormal_recon": 4.182837009429932
        },
        {
            "run": 3,
            "train_time": 53.48456573486328,
            "test_time": 0.12980413436889648,
            "epochs": 137,
            "rauc": 0.8545932738078472,
            "ap": 0.45571973420215744,
            "f1": 0.45384615384615384,
            "entropy_rauc": 0.4421393966707039,
            "entropy_ap": 0.03724388754902999,
            "entropy_f1": 0.0,
            "avg_normal_entropy": 1.0159175395965576,
            "avg_abnormal_entropy": 0.3786022365093231,
            "avg_normal_recon": 0.08697453141212463,
            "avg_abnormal_recon": 3.580637216567993
        },
        {
            "run": 4,
            "train_time": 60.67969012260437,
            "test_time": 0.12828779220581055,
            "epochs": 152,
            "rauc": 0.850352787088415,
            "ap": 0.40919790951885726,
            "f1": 0.4653846153846154,
            "entropy_rauc": 0.3632140241669718,
            "entropy_ap": 0.03617675768388254,
            "entropy_f1": 0.007662835249042145,
            "avg_normal_entropy": 1.116552472114563,
            "avg_abnormal_entropy": 0.39673343300819397,
            "avg_normal_recon": 0.14525708556175232,
            "avg_abnormal_recon": 3.7803726196289062
        },
        {
            "run": 5,
            "train_time": 45.65746474266052,
            "test_time": 0.06973624229431152,
            "epochs": 146,
            "rauc": 0.8710052671605216,
            "ap": 0.44020074288632327,
            "f1": 0.45,
            "entropy_rauc": 0.394320198293102,
            "entropy_ap": 0.040640105847486334,
            "entropy_f1": 0.0364963503649635,
            "avg_normal_entropy": 1.0753331184387207,
            "avg_abnormal_entropy": 0.303609699010849,
            "avg_normal_recon": 0.11350685358047485,
            "avg_abnormal_recon": 3.14054274559021
        },
        {
            "run": 6,
            "train_time": 67.13426542282104,
            "test_time": 0.12653064727783203,
            "epochs": 192,
            "rauc": 0.8578641241585218,
            "ap": 0.4252645087975923,
            "f1": 0.4307692307692308,
            "entropy_rauc": 0.4704440469819452,
            "entropy_ap": 0.03888806769901838,
            "entropy_f1": 0.0,
            "avg_normal_entropy": 1.0475045442581177,
            "avg_abnormal_entropy": 0.45208069682121277,
            "avg_normal_recon": 0.0880081057548523,
            "avg_abnormal_recon": 3.3499317169189453
        },
        {
            "run": 7,
            "train_time": 75.40722060203552,
            "test_time": 0.13025856018066406,
            "epochs": 190,
            "rauc": 0.8609540038869955,
            "ap": 0.5024156618674825,
            "f1": 0.49230769230769234,
            "entropy_rauc": 0.30088231980396024,
            "entropy_ap": 0.029667315102285173,
            "entropy_f1": 0.0,
            "avg_normal_entropy": 1.0228372812271118,
            "avg_abnormal_entropy": 0.2584120035171509,
            "avg_normal_recon": 0.09516947716474533,
            "avg_abnormal_recon": 4.185945987701416
        },
        {
            "run": 8,
            "train_time": 64.91406059265137,
            "test_time": 0.12487602233886719,
            "epochs": 162,
            "rauc": 0.8533145086330731,
            "ap": 0.39521264840808434,
            "f1": 0.41923076923076924,
            "entropy_rauc": 0.4799770441934484,
            "entropy_ap": 0.040064947041679254,
            "entropy_f1": 0.0,
            "avg_normal_entropy": 1.0255216360092163,
            "avg_abnormal_entropy": 0.5052401423454285,
            "avg_normal_recon": 0.10959964990615845,
            "avg_abnormal_recon": 2.945272207260132
        },
        {
            "run": 9,
            "train_time": 62.75486969947815,
            "test_time": 0.12564945220947266,
            "epochs": 157,
            "rauc": 0.8653916570430668,
            "ap": 0.39588388469765007,
            "f1": 0.4153846153846154,
            "entropy_rauc": 0.42246781962087715,
            "entropy_ap": 0.03587331513450734,