{
    "model_config": {
        "hidden_dim": 128,
        "depth": 4,
        "num_heads": 4,
        "mlp_ratio": 4.0,
        "dropout_prob": 0.0,
        "num_prototypes": 128,
        "temperature": 0.1,
        "sinkhorn_iters": 3,
        "sinkhorn_eps": 0.1,
        "contrastive_loss_weight": 1.0,
        "use_flash_attn": false,
        "num_features": 6
    },
    "train_config": {
        "data_dir": "Data/",
        "epochs": 250,
        "learning_rate": 0.01,
        "sche_gamma": 0.95,
        "batch_size": 256,
        "random_seed": 42,
        "num_workers": 0,
        "preprocess": "standard",
        "patience": 20,
        "use_amp": false,
        "model_type": "ProtoAD",
        "dataset_name": "thyroid",
        "base_path": "results/ProtoAD-d128-proto128-eps0.1-contra1.0-temp0.1/thyroid/1.0",
        "exp_name": "ProtoAD-d128-proto128-eps0.1-contra1.0-temp0.1",
        "runs": 10,
        "train_ratio": 1.0,
        "run": 9
    },
    "mean_metrics": {
        "rauc": 0.9733876811594202,
        "ap": 0.7722448513800219,
        "f1": 0.7107526881720431,
        "entropy_rauc": 0.5063750584385227,
        "entropy_ap": 0.12794340464095608,
        "entropy_f1": 0.1225806451612903,
        "avg_normal_entropy": 4.314034080505371,
        "avg_abnormal_entropy": 4.335141563415528,
        "avg_normal_recon": 1.1324523389339447,
        "avg_abnormal_recon": 121.61610107421875
    },
    "std_metrics": {
        "rauc_std": 0.011312349069111079,
        "ap_std": 0.035288327740080734,
        "f1_std": 0.04366438818117624,
        "entropy_rauc_std": 0.29563766785841344,
        "entropy_ap_std": 0.16983065946750112,
        "entropy_f1_std": 0.1954032979200094,
        "avg_normal_entropy_std": 0.11931602148886154,
        "avg_abnormal_entropy_std": 0.12804233790042402,
        "avg_normal_recon_std": 0.19536620664645613,
        "avg_abnormal_recon_std": 35.243183259275824
    },
    "total_time": 81.32389783859253,
    "all_seeds": [
        {
            "run": 0,
            "train_time": 8.51610779762268,
            "test_time": 0.07877421379089355,
            "epochs": 21,
            "rauc": 0.9770628798503973,
            "ap": 0.7796714273226792,
            "f1": 0.7204301075268817,
            "entropy_rauc": 0.9140310892940627,
            "entropy_ap": 0.25311501623372085,
            "entropy_f1": 0.21505376344086022,
            "avg_normal_entropy": 4.141664505004883,
            "avg_abnormal_entropy": 4.424747467041016,
            "avg_normal_recon": 0.9727877378463745,
            "avg_abnormal_recon": 85.87091827392578
        },
        {
            "run": 1,
            "train_time": 7.427396297454834,
            "test_time": 0.07606244087219238,
            "epochs": 21,
            "rauc": 0.9483461898083217,
            "ap": 0.700451923109916,
            "f1": 0.6451612903225806,
            "entropy_rauc": 0.3398346189808322,
            "entropy_ap": 0.03348438220118854,
            "entropy_f1": 0.0,
            "avg_normal_entropy": 4.463286876678467,
            "avg_abnormal_entropy": 4.470944404602051,
            "avg_normal_recon": 0.9657326340675354,
            "avg_abnormal_recon": 71.09202575683594
        },
        {
            "run": 2,
            "train_time": 7.815898180007935,
            "test_time": 0.03892683982849121,
            "epochs": 21,
            "rauc": 0.9727501168770454,
            "ap": 0.7542272134925225,
            "f1": 0.6666666666666666,
            "entropy_rauc": 0.4441532258064516,
            "entropy_ap": 0.04447109249215349,
            "entropy_f1": 0.06451612903225806,
            "avg_normal_entropy": 4.397633075714111,
            "avg_abnormal_entropy": 4.354939937591553,
            "avg_normal_recon": 0.9018418788909912,
            "avg_abnormal_recon": 68.43087768554688
        },
        {
            "run": 3,
            "train_time": 7.787647247314453,
            "test_time": 0.0747230052947998,
            "epochs": 21,
            "rauc": 0.9676834969611969,
            "ap": 0.7597194967996619,
            "f1": 0.6989247311827957,
            "entropy_rauc": 0.5160296867695184,
            "entropy_ap": 0.045232803880111874,
            "entropy_f1": 0.0,
            "avg_normal_entropy": 4.170437812805176,
            "avg_abnormal_entropy": 4.304413318634033,
            "avg_normal_recon": 1.0561408996582031,
            "avg_abnormal_recon": 110.41157531738281
        },
        {
            "run": 4,
            "train_time": 7.177285194396973,
            "test_time": 0.07477235794067383,
            "epochs": 21,
            "rauc": 0.9635811126694718,
            "ap": 0.7584520816202537,
            "f1": 0.7096774193548387,
            "entropy_rauc": 0.32613370733987845,
            "entropy_ap": 0.034652232723220426,
            "entropy_f1": 0.03225806451612903,
            "avg_normal_entropy": 4.314333915710449,
            "avg_abnormal_entropy": 4.288325309753418,
            "avg_normal_recon": 1.4735721349716187,
            "avg_abnormal_recon": 144.7685089111328
        },
        {
            "run": 5,
            "train_time": 8.241466999053955,
            "test_time": 0.07489371299743652,
            "epochs": 22,
            "rauc": 0.9822872837774661,
            "ap": 0.8069647622256948,
            "f1": 0.7526881720430108,
            "entropy_rauc": 0.6175666199158485,
            "entropy_ap": 0.11919186437441119,
            "entropy_f1": 0.27956989247311825,
            "avg_normal_entropy": 4.135425090789795,
            "avg_abnormal_entropy": 4.187795162200928,
            "avg_normal_recon": 0.893947958946228,
            "avg_abnormal_recon": 122.45974731445312
        },
        {
            "run": 6,
            "train_time": 7.706099271774292,
            "test_time": 0.08104825019836426,
            "epochs": 21,
            "rauc": 0.9877103786816269,
            "ap": 0.8300429667238094,
            "f1": 0.8064516129032258,
            "entropy_rauc": 0.7851449275362318,
            "entropy_ap": 0.10035230831899919,
            "entropy_f1": 0.0,
            "avg_normal_entropy": 4.310887336730957,
            "avg_abnormal_entropy": 4.377513408660889,
            "avg_normal_recon": 1.1984277963638306,
            "avg_abnormal_recon": 163.73321533203125
        },
        {
            "run": 7,
            "train_time": 8.30561351776123,
            "test_time": 0.07427334785461426,
            "epochs": 21,
            "rauc": 0.9774719495091164,
            "ap": 0.7694703224425916,
            "f1": 0.6774193548387096,
            "entropy_rauc": 0.9498246844319775,
            "entropy_ap": 0.5967113949486602,
            "entropy_f1": 0.6344086021505376,
            "avg_normal_entropy": 4.333343029022217,
            "avg_abnormal_entropy": 4.540598392486572,
            "avg_normal_recon": 1.1942527294158936,
            "avg_abnormal_recon": 126.39073944091797
        },
        {
            "run": 8,
            "train_time": 7.6778483390808105,
            "test_time": 0.051606178283691406,
            "epochs": 21,
            "rauc": 0.9696353436185133,
            "ap": 0.751409024003823,
            "f1": 0.6989247311827957,
            "entropy_rauc": 0.048930575035063116,
            "entropy_ap": 0.0252729579003463,
            "entropy_f1": 0.0,
            "avg_normal_entropy": 4.450917720794678,
            "avg_abnormal_entropy": 4.0740275382995605,
            "avg_normal_recon": 1.2756116390228271,
            "avg_abnormal_recon": 169.2828826904297
        },
        {
            "run": 9,
            "train_time": 7.786080360412598,
            "test_time": 0.07528495788574219,
            "epochs": 21,
            "rauc": 0.9873480598410473,
            "ap": 0.8120392960592667,
            "f1": 0.7311827956989247,
            "entropy_rauc": 0.1221014492753623,
            "entropy_ap": 0.02694999333674872,
            "entropy_f1": 0.0,