{
    "model_config": {
        "num_heads": 4,
        "num_latents": 6,
        "num_memories": 46,
        "depth": 4,
        "hidden_dim": 64,
        "mlp_ratio": 4.0,
        "dropout_prob": 0.0,
        "temperature": 0.1,
        "sim_type": "cos",
        "use_oe": true,
        "oe_lambda": 1.0,
        "oe_shuffle_ratio": 0.5,
        "oe_lambda_memory": 0.1,
        "is_weight_sharing": false,
        "use_pos_enc_as_query": false,
        "use_mask_token": false,
        "num_features": 36
    },
    "train_config": {
        "data_dir": "Data/",
        "epochs": 250,
        "learning_rate": 0.01,
        "sche_gamma": 0.95,
        "batch_size": 512,
        "random_seed": 42,
        "num_workers": 0,
        "preprocess": "standard",
        "model_type": "OELATTE",
        "dataset_name": "satellite",
        "train_ratio": 1.0,
        "base_path": "results/OELATTE-d64-oe_lam1.0-oe_rat0.5-oe_lam_mem0.1/satellite/1.0",
        "not_use_power_of_two": false,
        "num_memories_not_use_power_of_two": false,
        "num_memories_twice": false,
        "contamination_ratio": null,
        "latent_ratio": null,
        "memory_ratio": null,
        "run": 9
    },
    "mean_metrics": {
        "AUC-ROC": 0.7936822758528308,
        "AUC-PR": 0.830817875112464,
        "f1": 0.7040275049115913
    },
    "total_time": 148.54504561424255,
    "all_seeds": [
        {
            "run": 0,
            "AUC-ROC": 0.8031340417931773,
            "AUC-PR": 0.8335955325173118,
            "f1": 0.6949901768172888,
            "train_time": 9.19729208946228,
            "test_time": 0.17924737930297852,
            "epochs": 29
        },
        {
            "run": 1,
            "AUC-ROC": 0.8036807912127165,
            "AUC-PR": 0.8364840428168614,
            "f1": 0.7278978388998035,
            "train_time": 20.566948652267456,
            "test_time": 0.08437657356262207,
            "epochs": 80
        },
        {
            "run": 2,
            "AUC-ROC": 0.8075098231827113,
            "AUC-PR": 0.8356658181621776,
            "f1": 0.731335952848723,
            "train_time": 20.47430682182312,
            "test_time": 0.06457829475402832,
            "epochs": 79
        },
        {
            "run": 3,
            "AUC-ROC": 0.8110600107161993,
            "AUC-PR": 0.8429980124260059,
            "f1": 0.7372298624754421,
            "train_time": 19.301357746124268,
            "test_time": 0.08806705474853516,
            "epochs": 75
        },
        {
            "run": 4,
            "AUC-ROC": 0.7362911903911413,
            "AUC-PR": 0.8061003756441705,
            "f1": 0.6601178781925344,
            "train_time": 8.949975728988647,
            "test_time": 0.06464290618896484,
            "epochs": 29
        },
        {
            "run": 5,
            "AUC-ROC": 0.7636647169137345,
            "AUC-PR": 0.804405162434616,
            "f1": 0.6468565815324165,
            "train_time": 8.547266006469727,
            "test_time": 0.06597471237182617,
            "epochs": 29
        },
        {
            "run": 6,
            "AUC-ROC": 0.8712872834434721,
            "AUC-PR": 0.8845251820765199,
            "f1": 0.787328094302554,
            "train_time": 25.859570503234863,
            "test_time": 0.08536314964294434,
            "epochs": 102
        },
        {
            "run": 7,
            "AUC-ROC": 0.8136669494552599,
            "AUC-PR": 0.8458301101063552,
            "f1": 0.7362475442043221,
            "train_time": 15.522353172302246,
            "test_time": 0.04604363441467285,
            "epochs": 59
        },
        {
            "run": 8,
            "AUC-ROC": 0.7460912662975532,
            "AUC-PR": 0.8040367635769128,
            "f1": 0.6453831041257367,
            "train_time": 8.751257181167603,
            "test_time": 0.065338134765625,
            "epochs": 29
        },
        {
            "run": 9,
            "AUC-ROC": 0.7804366851223432,
            "AUC-PR": 0.81453775136371,
            "f1": 0.6728880157170923,
            "train_time": 8.416670799255371,
            "test_time": 0.0687398910522461,
            "epochs": 29
        }
    ]
}