{
    "model_config": {
        "num_heads": 4,
        "num_latents": 3,
        "num_memories": 14,
        "depth": 4,
        "hidden_dim": 64,
        "mlp_ratio": 4.0,
        "dropout_prob": 0.0,
        "temperature": 0.1,
        "sim_type": "cos",
        "use_oe": true,
        "oe_lambda": 1.0,
        "oe_shuffle_ratio": 0.1,
        "oe_lambda_memory": 0.1,
        "is_weight_sharing": false,
        "use_pos_enc_as_query": false,
        "use_mask_token": false,
        "num_features": 9
    },
    "train_config": {
        "data_dir": "Data/",
        "epochs": 250,
        "learning_rate": 0.01,
        "sche_gamma": 0.95,
        "batch_size": 512,
        "random_seed": 42,
        "num_workers": 0,
        "preprocess": "standard",
        "model_type": "OELATTE",
        "dataset_name": "breastw",
        "train_ratio": 1.0,
        "base_path": "results/OELATTE-d64-oe_lam1.0-oe_rat0.1-oe_lam_mem0.1/breastw/1.0",
        "not_use_power_of_two": false,
        "num_memories_not_use_power_of_two": false,
        "num_memories_twice": false,
        "contamination_ratio": null,
        "latent_ratio": null,
        "memory_ratio": null,
        "run": 9
    },
    "mean_metrics": {
        "AUC-ROC": 0.9880074635304761,
        "AUC-PR": 0.9856343269605793,
        "f1": 0.9564853556485357
    },
    "total_time": 55.781243324279785,
    "all_seeds": [
        {
            "run": 0,
            "AUC-ROC": 0.9851860228429266,
            "AUC-PR": 0.982493857749831,
            "f1": 0.9581589958158996,
            "train_time": 6.904842138290405,
            "test_time": 0.02573108673095703,
            "epochs": 104
        },
        {
            "run": 1,
            "AUC-ROC": 0.9897659165441592,
            "AUC-PR": 0.9898722710535287,
            "f1": 0.9539748953974896,
            "train_time": 7.321985960006714,
            "test_time": 0.022150039672851562,
            "epochs": 130
        },
        {
            "run": 2,
            "AUC-ROC": 0.9948169927249425,
            "AUC-PR": 0.9949357552147609,
            "f1": 0.9665271966527197,
            "train_time": 5.414410829544067,
            "test_time": 0.020401477813720703,
            "epochs": 99
        },
        {
            "run": 3,
            "AUC-ROC": 0.9829808888386294,
            "AUC-PR": 0.9723072704852123,
            "f1": 0.9623430962343096,
            "train_time": 4.907013654708862,
            "test_time": 0.00881338119506836,
            "epochs": 106
        },
        {
            "run": 4,
            "AUC-ROC": 0.9795506803875005,
            "AUC-PR": 0.9790256121127499,
            "f1": 0.9246861924686193,
            "train_time": 4.05502462387085,
            "test_time": 0.023326396942138672,
            "epochs": 103
        },
        {
            "run": 5,
            "AUC-ROC": 0.985468732330657,
            "AUC-PR": 0.9799663088034669,
            "f1": 0.9497907949790795,
            "train_time": 4.695952892303467,
            "test_time": 0.02309727668762207,
            "epochs": 87
        },
        {
            "run": 6,
            "AUC-ROC": 0.9876361717365901,
            "AUC-PR": 0.9862645625605905,
            "f1": 0.9497907949790795,
            "train_time": 7.055267333984375,
            "test_time": 0.01133584976196289,
            "epochs": 126
        },
        {
            "run": 7,
            "AUC-ROC": 0.9846959930641939,
            "AUC-PR": 0.9815076988953685,
            "f1": 0.9539748953974896,
            "train_time": 6.2675886154174805,
            "test_time": 0.01953268051147461,
            "epochs": 120
        },
        {
            "run": 8,
            "AUC-ROC": 0.9968148064382374,
            "AUC-PR": 0.9969675992969027,
            "f1": 0.9748953974895398,
            "train_time": 3.8572804927825928,
            "test_time": 0.0224761962890625,
            "epochs": 65
        },
        {
            "run": 9,
            "AUC-ROC": 0.9931584303969241,
            "AUC-PR": 0.9930023334333805,
            "f1": 0.9707112970711297,
            "train_time": 3.199465274810791,
            "test_time": 0.02361774444580078,
            "epochs": 57
        }
    ]
}