{
    "model_config": {
        "hidden_dim": 64,
        "depth": 4,
        "num_heads": 4,
        "mlp_ratio": 4.0,
        "dropout_prob": 0.0,
        "num_prototypes": 5,
        "temperature": 0.1,
        "sinkhorn_iters": 3,
        "sinkhorn_eps": 0.05,
        "contrastive_loss_weight": 0.1,
        "use_flash_attn": false,
        "num_features": 33
    },
    "train_config": {
        "data_dir": "Data/",
        "epochs": 250,
        "learning_rate": 0.01,
        "sche_gamma": 0.95,
        "batch_size": 32,
        "random_seed": 42,
        "num_workers": 0,
        "preprocess": "standard",
        "patience": 5,
        "use_amp": false,
        "model_type": "ProtoAD",
        "dataset_name": "ionosphere",
        "base_path": "results/ProtoAD-d64-proto5-eps0.05-contra0.1-temp0.1/ionosphere/1.0",
        "exp_name": "ProtoAD-d64-proto5-eps0.05-contra0.1-temp0.1",
        "runs": 10,
        "train_ratio": 1.0,
        "run": 9
    },
    "mean_metrics": {
        "rauc": 0.9679238657114764,
        "ap": 0.9731700777271237,
        "f1": 0.9111111111111112,
        "entropy_rauc": 0.5226717235566792,
        "entropy_ap": 0.5546681221598996,
        "entropy_f1": 0.5333333333333332,
        "avg_normal_entropy": 0.38500635474920275,
        "avg_abnormal_entropy": 0.4008205346763134,
        "avg_normal_recon": 0.3664007544517517,
        "avg_abnormal_recon": 3.456699562072754
    },
    "std_metrics": {
        "rauc_std": 0.02258976234292076,
        "ap_std": 0.019952459008383615,
        "f1_std": 0.03819431560481258,
        "entropy_rauc_std": 0.1258655423682322,
        "entropy_ap_std": 0.08630575938834387,
        "entropy_f1_std": 0.10805315825471434,
        "avg_normal_entropy_std": 0.2897787293202046,
        "avg_abnormal_entropy_std": 0.3239988690366321,
        "avg_normal_recon_std": 0.18868395268925658,
        "avg_abnormal_recon_std": 0.38702430462485804
    },
    "total_time": 53.62862467765808,
    "all_seeds": [
        {
            "run": 0,
            "train_time": 6.752946615219116,
            "test_time": 0.035455942153930664,
            "epochs": 35,
            "rauc": 0.9813176007866273,
            "ap": 0.9851588737833312,
            "f1": 0.9365079365079365,
            "entropy_rauc": 0.6436297232757409,
            "entropy_ap": 0.6430665884970378,
            "entropy_f1": 0.6349206349206349,
            "avg_normal_entropy": 0.16977152228355408,
            "avg_abnormal_entropy": 0.27510133385658264,
            "avg_normal_recon": 0.19459177553653717,
            "avg_abnormal_recon": 3.151185989379883
        },
        {
            "run": 1,
            "train_time": 3.6708099842071533,
            "test_time": 0.06492161750793457,
            "epochs": 27,
            "rauc": 0.9630566090743082,
            "ap": 0.9641553962658389,
            "f1": 0.8968253968253969,
            "entropy_rauc": 0.23605843517347944,
            "entropy_ap": 0.3926881230271463,
            "entropy_f1": 0.3253968253968254,
            "avg_normal_entropy": 0.22009460628032684,
            "avg_abnormal_entropy": 0.10270001739263535,
            "avg_normal_recon": 0.3039093315601349,
            "avg_abnormal_recon": 3.154446840286255
        },
        {
            "run": 2,
            "train_time": 8.4638831615448,
            "test_time": 0.06274938583374023,
            "epochs": 52,
            "rauc": 0.9839162803764574,
            "ap": 0.9871993970374899,
            "f1": 0.9365079365079365,
            "entropy_rauc": 0.4254108723135272,
            "entropy_ap": 0.4667805972963769,
            "entropy_f1": 0.4444444444444444,
            "avg_normal_entropy": 0.1723300665616989,
            "avg_abnormal_entropy": 0.08247777819633484,
            "avg_normal_recon": 0.25724098086357117,
            "avg_abnormal_recon": 3.2472283840179443
        },
        {
            "run": 3,
            "train_time": 1.5230679512023926,
            "test_time": 0.06488394737243652,
            "epochs": 8,
            "rauc": 0.9096080910240203,
            "ap": 0.9214631673151975,
            "f1": 0.8174603174603174,
            "entropy_rauc": 0.652338811630847,
            "entropy_ap": 0.5654183815822824,
            "entropy_f1": 0.6746031746031746,
            "avg_normal_entropy": 0.8716487288475037,
            "avg_abnormal_entropy": 1.0085071325302124,
            "avg_normal_recon": 0.8063437938690186,
            "avg_abnormal_recon": 3.3260550498962402
        },
        {
            "run": 4,
            "train_time": 1.3519091606140137,
            "test_time": 0.06140947341918945,
            "epochs": 7,
            "rauc": 0.954347520719202,
            "ap": 0.9667318033266873,
            "f1": 0.8968253968253969,
            "entropy_rauc": 0.4533642365500772,
            "entropy_ap": 0.5243022657785389,
            "entropy_f1": 0.3968253968253968,
            "avg_normal_entropy": 0.8863053321838379,
            "avg_abnormal_entropy": 0.9107997417449951,
            "avg_normal_recon": 0.6434869766235352,
            "avg_abnormal_recon": 3.50010347366333
        },
        {
            "run": 5,
            "train_time": 6.746854305267334,
            "test_time": 0.0618596076965332,
            "epochs": 41,
            "rauc": 0.9823008849557523,
            "ap": 0.9851029815442671,
            "f1": 0.9206349206349206,
            "entropy_rauc": 0.6695462845905324,
            "entropy_ap": 0.6472623223145073,
            "entropy_f1": 0.626984126984127,
            "avg_normal_entropy": 0.1381176859140396,
            "avg_abnormal_entropy": 0.22606250643730164,
            "avg_normal_recon": 0.20354877412319183,
            "avg_abnormal_recon": 3.820307731628418
        },
        {
            "run": 6,
            "train_time": 5.625223636627197,
            "test_time": 0.02846217155456543,
            "epochs": 32,
            "rauc": 0.9828627616238236,
            "ap": 0.9863278559307955,
            "f1": 0.9444444444444444,
            "entropy_rauc": 0.5102542491923023,
            "entropy_ap": 0.5286822474658495,
            "entropy_f1": 0.5555555555555556,
            "avg_normal_entropy": 0.24037358164787292,
            "avg_abnormal_entropy": 0.2374354898929596,
            "avg_normal_recon": 0.28500163555145264,
            "avg_abnormal_recon": 3.518993616104126
        },
        {
            "run": 7,
            "train_time": 5.858808279037476,
            "test_time": 0.06301426887512207,
            "epochs": 36,
            "rauc": 0.9865149599662874,
            "ap": 0.9898491372214013,
            "f1": 0.9523809523809523,
            "entropy_rauc": 0.5387694900969238,
            "entropy_ap": 0.6701201837432856,
            "entropy_f1": 0.5317460317460317,
            "avg_normal_entropy": 0.687216579914093,
            "avg_abnormal_entropy": 0.7080049514770508,
            "avg_normal_recon": 0.30603867769241333,
            "avg_abnormal_recon": 4.170377731323242
        },
        {
            "run": 8,
            "train_time": 5.288151979446411,
            "test_time": 0.062299489974975586,
            "epochs": 32,
            "rauc": 0.9557522123893805,
            "ap": 0.9616707527969857,
            "f1": 0.8809523809523809,
            "entropy_rauc": 0.6087933698553167,
            "entropy_ap": 0.6216137624237368,
            "entropy_f1": 0.6190476190476191,
            "avg_normal_entropy": 0.15185368061065674,
            "avg_abnormal_entropy": 0.18719592690467834,
            "avg_normal_recon": 0.3076050579547882,
            "avg_abnormal_recon": 2.8018922805786133
        },
        {
            "run": 9,
            "train_time": 5.892076730728149,
            "test_time": 0.06253409385681152,
            "epochs": 35,
            "rauc": 0.9795617361989044,
            "ap": 0.9840414120492417,
            "f1": 0.9285714285714286,
            "entropy_rauc": 0.4885517628880461,