{
    "model_config": {
        "num_features": 9,
        "hidden_dim": 64,
        "depth": 4,
        "depth_enc": null,
        "depth_dec": null,
        "num_heads": 4,
        "mlp_ratio": 4.0,
        "dropout_prob": 0.0,
        "temperature": 0.2,
        "imix_loss_weight": 0.01,
        "mixup_alpha": 0.9,
        "projector_dim": null,
        "use_flash_attn": false
    },
    "train_config": {
        "data_dir": "Data/",
        "epochs": 50,
        "learning_rate": 0.01,
        "sche_gamma": 0.95,
        "batch_size": 64,
        "random_seed": 42,
        "num_workers": 0,
        "preprocess": "standard",
        "patience": 10,
        "min_delta": 0,
        "use_amp": false,
        "model_type": "TAEIMIX",
        "dataset_name": "glass",
        "base_path": "results/TAEIMIX-260125-iw0.01-ap0.9-ep50/glass/1.0",
        "exp_name": "TAEIMIX-260125-iw0.01-ap0.9-ep50",
        "runs": 10,
        "train_ratio": 1.0
    },
    "start_time_kst": "2026-01-25T15:04:16+09:00",
    "mean_metrics": {
        "rauc": 0.8163969795037757,
        "combined_f1": 0.21111111111111108,
        "f1": 0.21111111111111108,
        "combined_rauc": 0.8182308522114348,
        "imix_avg_abnormal": -0.0771919347345829,
        "combined_avg_abnormal": 1.051534005999565,
        "imix_rauc": 0.7756202804746494,
        "imix_avg_normal": -0.0843681700527668,
        "avg_normal": 0.46915011256933215,
        "imix_f1": 0.15555555555555553,
        "ap": 0.2890285292776201,
        "combined_avg_normal": 0.3847819097340107,
        "imix_ap": 0.23116460063211677,
        "avg_abnormal": 1.1287259399890899,
        "combined_ap": 0.28999497295598614
    },
    "std_metrics": {
        "rauc_std": 0.07189971035587381,
        "combined_f1_std": 0.16814162167135063,
        "f1_std": 0.16814162167135063,
        "combined_rauc_std": 0.07154999161646966,
        "imix_avg_abnormal_std": 0.0065818610403272715,
        "combined_avg_abnormal_std": 0.47424381707230856,
        "imix_rauc_std": 0.07984197656942106,
        "imix_avg_normal_std": 0.0023631482128906238,
        "avg_normal_std": 0.3067940188212661,
        "imix_f1_std": 0.13333333333333333,
        "ap_std": 0.10983392485560649,
        "combined_avg_normal_std": 0.30795233589019577,
        "imix_ap_std": 0.1010330914748433,
        "avg_abnormal_std": 0.4703398426256587,
        "combined_ap_std": 0.10944977398422191
    },
    "total_time": 82.00456619262695,
    "all_seeds": [
        {
            "run": 0,
            "train_time": 8.598172426223755,
            "test_time": 0.04207181930541992,
            "epochs": 50,
            "rauc": 0.7648327939590075,
            "ap": 0.2667407109245268,
            "f1": 0.1111111111111111,
            "avg_normal": 0.23870183527469635,
            "avg_abnormal": 0.7866637110710144,
            "imix_rauc": 0.6720604099244876,
            "imix_ap": 0.12335332541595732,
            "imix_f1": 0.0,
            "imix_avg_normal": -0.08590880036354065,
            "imix_avg_abnormal": -0.0853014662861824,
            "combined_rauc": 0.7637540453074433,
            "combined_ap": 0.26636584212860537,
            "combined_f1": 0.1111111111111111,
            "combined_avg_normal": 0.15279299020767212,
            "combined_avg_abnormal": 0.7013621926307678
        },
        {
            "run": 1,
            "train_time": 7.893984794616699,
            "test_time": 0.0381014347076416,
            "epochs": 50,
            "rauc": 0.697950377562028,
            "ap": 0.2417895526038193,
            "f1": 0.1111111111111111,
            "avg_normal": 0.17482277750968933,
            "avg_abnormal": 0.5392388105392456,
            "imix_rauc": 0.7022653721682848,
            "imix_ap": 0.13112327583480027,
            "imix_f1": 0.0,
            "imix_avg_normal": -0.08973480761051178,
            "imix_avg_abnormal": -0.08896943926811218,
            "combined_rauc": 0.6979503775620279,
            "combined_ap": 0.24243268188501452,
            "combined_f1": 0.1111111111111111,
            "combined_avg_normal": 0.08508796989917755,
            "combined_avg_abnormal": 0.4502693712711334
        },
        {
            "run": 2,
            "train_time": 7.774194002151489,
            "test_time": 0.039164066314697266,
            "epochs": 50,
            "rauc": 0.9439050701186623,
            "ap": 0.603010878010878,
            "f1": 0.6666666666666666,
            "avg_normal": 0.17098718881607056,
            "avg_abnormal": 1.4450173377990723,
            "imix_rauc": 0.8133764832793959,
            "imix_ap": 0.3158643420938503,
            "imix_f1": 0.3333333333333333,
            "imix_avg_normal": -0.08321388810873032,
            "imix_avg_abnormal": -0.07467206567525864,
            "combined_rauc": 0.9439050701186623,
            "combined_ap": 0.603010878010878,
            "combined_f1": 0.6666666666666666,
            "combined_avg_normal": 0.08777336031198502,
            "combined_avg_abnormal": 1.3703452348709106
        },
        {
            "run": 3,
            "train_time": 7.966327428817749,
            "test_time": 0.04015016555786133,
            "epochs": 50,
            "rauc": 0.8554476806903991,
            "ap": 0.24075127822673403,
            "f1": 0.1111111111111111,
            "avg_normal": 1.0793124437332153,
            "avg_abnormal": 1.1514551639556885,
            "imix_rauc": 0.8673139158576051,
            "imix_ap": 0.3390752827801331,
            "imix_f1": 0.1111111111111111,
            "imix_avg_normal": -0.08142928779125214,
            "imix_avg_abnormal": -0.06585672497749329,
            "combined_rauc": 0.8565264293419633,
            "combined_ap": 0.24186238933784515,
            "combined_f1": 0.1111111111111111,
            "combined_avg_normal": 0.9978829026222229,
            "combined_avg_abnormal": 1.0855984687805176
        },
        {
            "run": 4,
            "train_time": 7.842652320861816,
            "test_time": 0.039155006408691406,
            "epochs": 50,
            "rauc": 0.837108953613808,
            "ap": 0.2571171623345536,
            "f1": 0.1111111111111111,
            "avg_normal": 0.37130704522132874,
            "avg_abnormal": 1.2372972965240479,
            "imix_rauc": 0.6407766990291262,
            "imix_ap": 0.12988477712466018,
            "imix_f1": 0.1111111111111111,
            "imix_avg_normal": -0.08207088708877563,
            "imix_avg_abnormal": -0.08016100525856018,
            "combined_rauc": 0.8381877022653722,
            "combined_ap": 0.2578536943210856,
            "combined_f1": 0.1111111111111111,
            "combined_avg_normal": 0.2892360985279083,
            "combined_avg_abnormal": 1.15713632106781
        },
        {
            "run": 5,
            "train_time": 7.8573572635650635,
            "test_time": 0.03896951675415039,
            "epochs": 50,
            "rauc": 0.7993527508090615,
            "ap": 0.23351509455954772,
            "f1": 0.2222222222222222,
            "avg_normal": 0.6183722019195557,
            "avg_abnormal": 1.7645833492279053,
            "imix_rauc": 0.848975188781014,
            "imix_ap": 0.4304470821210496,
            "imix_f1": 0.3333333333333333,
            "imix_avg_normal": -0.0862421914935112,
            "imix_avg_abnormal": -0.07505511492490768,
            "combined_rauc": 0.802588996763754,
            "combined_ap": 0.2352800534789782,
            "combined_f1": 0.2222222222222222,
            "combined_avg_normal": 0.5321299433708191,
            "combined_avg_abnormal": 1.689528226852417
        },
        {
            "run": 6,
            "train_time": 7.914382457733154,
            "test_time": 0.04293656349182129,
            "epochs": 50,
            "rauc": 0.8910463861920173,
            "ap": 0.3135110967463909,
            "f1": 0.2222222222222222,
            "avg_normal": 0.8362727761268616,
            "avg_abnormal": 2.0040664672851562,