{
    "model_config": {
        "num_heads": 4,
        "num_latents": 6,
        "num_memories": 53,
        "depth": 4,
        "hidden_dim": 64,
        "mlp_ratio": 4.0,
        "dropout_prob": 0.0,
        "temperature": 0.1,
        "sim_type": "cos",
        "use_oe": true,
        "oe_lambda": 1.0,
        "oe_shuffle_ratio": 0.5,
        "oe_lambda_memory": 1.0,
        "is_weight_sharing": false,
        "use_pos_enc_as_query": false,
        "use_mask_token": false,
        "num_features": 36
    },
    "train_config": {
        "data_dir": "Data/",
        "epochs": 250,
        "learning_rate": 0.01,
        "sche_gamma": 0.95,
        "batch_size": 512,
        "random_seed": 42,
        "num_workers": 0,
        "preprocess": "standard",
        "model_type": "OELATTE",
        "dataset_name": "satimage-2",
        "train_ratio": 1.0,
        "base_path": "results/OELATTE-d64-oe_lam1.0-oe_rat0.5-oe_lam_mem1.0/satimage-2/1.0",
        "not_use_power_of_two": false,
        "num_memories_not_use_power_of_two": false,
        "num_memories_twice": false,
        "contamination_ratio": null,
        "latent_ratio": null,
        "memory_ratio": null,
        "run": 9
    },
    "mean_metrics": {
        "AUC-ROC": 0.9923464022094886,
        "AUC-PR": 0.9556397281249973,
        "f1": 0.8971830985915492
    },
    "total_time": 87.62199330329895,
    "all_seeds": [
        {
            "run": 0,
            "AUC-ROC": 0.9954050892936124,
            "AUC-PR": 0.9659543606146495,
            "f1": 0.9014084507042254,
            "train_time": 10.823055505752563,
            "test_time": 0.051683902740478516,
            "epochs": 29
        },
        {
            "run": 1,
            "AUC-ROC": 0.9962110415458557,
            "AUC-PR": 0.967530217699365,
            "f1": 0.9014084507042254,
            "train_time": 9.84733510017395,
            "test_time": 0.051650047302246094,
            "epochs": 29
        },
        {
            "run": 2,
            "AUC-ROC": 0.9956213203856775,
            "AUC-PR": 0.9683951624605394,
            "f1": 0.9014084507042254,
            "train_time": 10.04551100730896,
            "test_time": 0.05663609504699707,
            "epochs": 29
        },
        {
            "run": 3,
            "AUC-ROC": 0.9957540076467177,
            "AUC-PR": 0.9758616279324203,
            "f1": 0.9295774647887324,
            "train_time": 10.367546796798706,
            "test_time": 0.055161476135253906,
            "epochs": 29
        },
        {
            "run": 4,
            "AUC-ROC": 0.9950954856845188,
            "AUC-PR": 0.9666822016560176,
            "f1": 0.9014084507042254,
            "train_time": 9.190231800079346,
            "test_time": 0.06381392478942871,
            "epochs": 27
        },
        {
            "run": 5,
            "AUC-ROC": 0.9963977865799121,
            "AUC-PR": 0.9665005012082383,
            "f1": 0.9014084507042254,
            "train_time": 9.67615532875061,
            "test_time": 0.05254173278808594,
            "epochs": 29
        },
        {
            "run": 6,
            "AUC-ROC": 0.9956065773566731,
            "AUC-PR": 0.9678941421964213,
            "f1": 0.9014084507042254,
            "train_time": 9.709467649459839,
            "test_time": 0.03715324401855469,
            "epochs": 29
        },
        {
            "run": 7,
            "AUC-ROC": 0.9790059266976597,
            "AUC-PR": 0.9032637442701076,
            "f1": 0.8591549295774648,
            "train_time": 7.810413360595703,
            "test_time": 0.03237175941467285,
            "epochs": 29
        },
        {
            "run": 8,
            "AUC-ROC": 0.996245441946866,
            "AUC-PR": 0.9700450587362516,
            "f1": 0.9154929577464789,
            "train_time": 3.711395740509033,
            "test_time": 0.03215479850769043,
            "epochs": 29
        },
        {
            "run": 9,
            "AUC-ROC": 0.9781213449573926,
            "AUC-PR": 0.9042702644759609,
            "f1": 0.8591549295774648,
            "train_time": 3.7321548461914062,
            "test_time": 0.040023088455200195,
            "epochs": 29
        }
    ]
}