{
    "model_config": {
        "hidden_dim": 128,
        "depth": 4,
        "num_heads": 4,
        "mlp_ratio": 4.0,
        "dropout_prob": 0.0,
        "num_prototypes": 16,
        "temperature": 0.1,
        "sinkhorn_iters": 3,
        "sinkhorn_eps": 0.05,
        "contrastive_loss_weight": 0.01,
        "use_flash_attn": false,
        "num_features": 16
    },
    "train_config": {
        "data_dir": "Data/",
        "epochs": 250,
        "learning_rate": 0.01,
        "sche_gamma": 0.95,
        "batch_size": 512,
        "random_seed": 42,
        "num_workers": 0,
        "preprocess": "standard",
        "patience": 20,
        "use_amp": false,
        "model_type": "ProtoAD",
        "dataset_name": "pendigits",
        "base_path": "results/ProtoAD-d128-proto16-eps0.05-contra0.01-temp0.1/pendigits/1.0",
        "exp_name": "ProtoAD-d128-proto16-eps0.05-contra0.01-temp0.1",
        "runs": 10,
        "train_ratio": 1.0,
        "run": 9
    },
    "mean_metrics": {
        "rauc": 0.9679195023028802,
        "ap": 0.5559430948268894,
        "f1": 0.5596153846153846,
        "entropy_rauc": 0.6479251162897276,
        "entropy_ap": 0.12688188417008398,
        "entropy_f1": 0.1391025641025641,
        "avg_normal_entropy": 0.10784616768360138,
        "avg_abnormal_entropy": 0.229315148293972,
        "avg_normal_recon": 0.22262776792049407,
        "avg_abnormal_recon": 0.9853154063224793
    },
    "std_metrics": {
        "rauc_std": 0.018730761990542893,
        "ap_std": 0.15191960538142613,
        "f1_std": 0.1497601084144935,
        "entropy_rauc_std": 0.22080264106014522,
        "entropy_ap_std": 0.08364127622742526,
        "entropy_f1_std": 0.10478563635250214,
        "avg_normal_entropy_std": 0.028984815236315294,
        "avg_abnormal_entropy_std": 0.12471025815230548,
        "avg_normal_recon_std": 0.025667021533092683,
        "avg_abnormal_recon_std": 0.18945072822691014
    },
    "total_time": 357.66337037086487,
    "all_seeds": [
        {
            "run": 0,
            "train_time": 42.89213490486145,
            "test_time": 0.0945122241973877,
            "epochs": 161,
            "rauc": 0.9853463486171261,
            "ap": 0.7130360208442916,
            "f1": 0.7756410256410257,
            "entropy_rauc": 0.5402755818305416,
            "entropy_ap": 0.08655383330725461,
            "entropy_f1": 0.14743589743589744,
            "avg_normal_entropy": 0.18754534423351288,
            "avg_abnormal_entropy": 0.30545860528945923,
            "avg_normal_recon": 0.2623762786388397,
            "avg_abnormal_recon": 1.4316561222076416
        },
        {
            "run": 1,
            "train_time": 35.06207203865051,
            "test_time": 0.09464502334594727,
            "epochs": 133,
            "rauc": 0.9755123240377933,
            "ap": 0.5953476098783358,
            "f1": 0.6089743589743589,
            "entropy_rauc": 0.8788008982378956,
            "entropy_ap": 0.22098761684749332,
            "entropy_f1": 0.25,
            "avg_normal_entropy": 0.10197129100561142,
            "avg_abnormal_entropy": 0.3562801480293274,
            "avg_normal_recon": 0.24563558399677277,
            "avg_abnormal_recon": 1.206394076347351
        },
        {
            "run": 2,
            "train_time": 35.88126254081726,
            "test_time": 0.09400606155395508,
            "epochs": 132,
            "rauc": 0.9774714908763166,
            "ap": 0.6296059890418977,
            "f1": 0.6089743589743589,
            "entropy_rauc": 0.5846566302330377,
            "entropy_ap": 0.09000935999071778,
            "entropy_f1": 0.09615384615384616,
            "avg_normal_entropy": 0.08568058907985687,
            "avg_abnormal_entropy": 0.16398181021213531,
            "avg_normal_recon": 0.21645884215831757,
            "avg_abnormal_recon": 1.0829263925552368
        },
        {
            "run": 3,
            "train_time": 40.074455976486206,
            "test_time": 0.09656906127929688,
            "epochs": 150,
            "rauc": 0.9696921091022968,
            "ap": 0.5375449705829728,
            "f1": 0.5384615384615384,
            "entropy_rauc": 0.8097679552103145,
            "entropy_ap": 0.2224395995063103,
            "entropy_f1": 0.22435897435897437,
            "avg_normal_entropy": 0.12538261711597443,
            "avg_abnormal_entropy": 0.37879639863967896,
            "avg_normal_recon": 0.2179485261440277,
            "avg_abnormal_recon": 0.8745338320732117
        },
        {
            "run": 4,
            "train_time": 36.203184366226196,
            "test_time": 0.0932307243347168,
            "epochs": 134,
            "rauc": 0.925694874086295,
            "ap": 0.33947755393264134,
            "f1": 0.3525641025641026,
            "entropy_rauc": 0.10371554272358563,
            "entropy_ap": 0.02396542491803207,
            "entropy_f1": 0.00641025641025641,
            "avg_normal_entropy": 0.09156839549541473,
            "avg_abnormal_entropy": 0.03524019569158554,
            "avg_normal_recon": 0.25036051869392395,
            "avg_abnormal_recon": 0.8988133072853088
        },
        {
            "run": 5,
            "train_time": 41.27579212188721,
            "test_time": 0.09483003616333008,
            "epochs": 154,
            "rauc": 0.9623519167755092,
            "ap": 0.43518025951806494,
            "f1": 0.3974358974358974,
            "entropy_rauc": 0.9018144252728703,
            "entropy_ap": 0.29403680759270584,
            "entropy_f1": 0.3525641025641026,
            "avg_normal_entropy": 0.09070475399494171,
            "avg_abnormal_entropy": 0.42271187901496887,
            "avg_normal_recon": 0.21618349850177765,
            "avg_abnormal_recon": 0.8257818222045898
        },
        {
            "run": 6,
            "train_time": 40.250935077667236,
            "test_time": 0.09172821044921875,
            "epochs": 150,
            "rauc": 0.9826214645249498,
            "ap": 0.7166549216163907,
            "f1": 0.7115384615384616,
            "entropy_rauc": 0.7089090534130749,
            "entropy_ap": 0.08124227655885251,
            "entropy_f1": 0.038461538461538464,
            "avg_normal_entropy": 0.10610543191432953,
            "avg_abnormal_entropy": 0.15508167445659637,
            "avg_normal_recon": 0.1976720243692398,
            "avg_abnormal_recon": 0.9521468877792358
        },
        {
            "run": 7,
            "train_time": 35.38533592224121,
            "test_time": 0.09696269035339355,
            "epochs": 136,
            "rauc": 0.957182847933518,
            "ap": 0.44602954159686836,
            "f1": 0.46794871794871795,
            "entropy_rauc": 0.7199174323839203,
            "entropy_ap": 0.12176523221734878,
            "entropy_f1": 0.16025641025641027,
            "avg_normal_entropy": 0.10771021246910095,
            "avg_abnormal_entropy": 0.2377026379108429,
            "avg_normal_recon": 0.21101614832878113,
            "avg_abnormal_recon": 0.8553642630577087
        },
        {
            "run": 8,
            "train_time": 17.145021677017212,
            "test_time": 0.04621148109436035,
            "epochs": 124,
            "rauc": 0.9926292553638398,
            "ap": 0.7955930816910435,
            "f1": 0.7564102564102564,
            "entropy_rauc": 0.513601506228852,
            "entropy_ap": 0.04954395157935573,
            "entropy_f1": 0.03205128205128205,
            "avg_normal_entropy": 0.08459340035915375,
            "avg_abnormal_entropy": 0.08743896335363388,
            "avg_normal_recon": 0.171301007270813,
            "avg_abnormal_recon": 0.9262630939483643
        },
        {
            "run": 9,
            "train_time": 30.32903289794922,
            "test_time": 0.0944833755493164,
            "epochs": 127,
            "rauc": 0.9506923917111585,
            "ap": 0.3509609995663876,
            "f1": 0.3782051282051282,