{
    "model_config": {
        "num_features": 500,
        "hidden_dim": 128,
        "depth": 4,
        "num_heads": 4,
        "mlp_ratio": 4.0,
        "dropout_prob": 0.0,
        "temperature": 0.2,
        "contrastive_loss_weight": 0.05,
        "use_flash_attn": true
    },
    "train_config": {
        "data_dir": "Data/",
        "epochs": 50,
        "learning_rate": 0.001,
        "sche_gamma": 0.95,
        "batch_size": 512,
        "random_seed": 42,
        "num_workers": 0,
        "preprocess": "standard",
        "patience": 20,
        "min_delta": 0,
        "use_amp": true,
        "model_type": "TAECL",
        "dataset_name": "census",
        "base_path": "results/TAECL-temp0.2-contra0.05/census/1.0",
        "exp_name": "TAECL-temp0.2-contra0.05",
        "runs": 10,
        "train_ratio": 1.0
    },
    "mean_metrics": {
        "combined_ap": 0.22117514195217192,
        "avg_abnormal": 0.07955958694219589,
        "rauc": 0.7079374798262665,
        "ap": 0.23543918259952912,
        "contra_avg_normal": -0.6008745431900024,
        "contra_f1": 0.13294159422487387,
        "contra_ap": 0.13618419202962884,
        "contra_rauc": 0.5813677003618919,
        "combined_avg_normal": -0.5837695002555847,
        "avg_normal": 0.017105047358199954,
        "contra_avg_abnormal": -0.5999152213335037,
        "combined_f1": 0.28126346402412755,
        "combined_rauc": 0.6673305522802626,
        "combined_avg_abnormal": -0.5203556418418884,
        "f1": 0.28464293408013785
    },
    "std_metrics": {
        "combined_ap_std": 0.007745916646038215,
        "avg_abnormal_std": 0.009126985760044266,
        "rauc_std": 0.0056260186957382205,
        "ap_std": 0.0056162177579573026,
        "contra_avg_normal_std": 0.00016455680943653765,
        "contra_f1_std": 0.021782192313536043,
        "contra_ap_std": 0.011141330620887391,
        "contra_rauc_std": 0.02084402882209111,
        "combined_avg_normal_std": 0.0029014720662469892,
        "avg_normal_std": 0.0030493478481205104,
        "contra_avg_abnormal_std": 0.00016937544406975274,
        "combined_f1_std": 0.005618161534405657,
        "combined_rauc_std": 0.014630159590996833,
        "combined_avg_abnormal_std": 0.009050548813429581,
        "f1_std": 0.005843495051179514
    },
    "total_time": 13833.598647594452,
    "all_seeds": [
        {
            "run": 0,
            "train_time": 3409.3268847465515,
            "test_time": 46.62733268737793,
            "epochs": 50,
            "rauc": 0.7105900701377132,
            "ap": 0.23091122868648967,
            "f1": 0.28059026281775096,
            "avg_normal": 0.014312522485852242,
            "avg_abnormal": 0.06497126072645187,
            "contra_rauc": 0.5939862959784121,
            "contra_ap": 0.13491788585666661,
            "contra_f1": 0.11925345398723439,
            "contra_avg_normal": -0.6007398962974548,
            "contra_avg_abnormal": -0.5997527241706848,
            "combined_rauc": 0.6675010798308696,
            "combined_ap": 0.21630229669821688,
            "combined_f1": 0.27875915553640673,
            "combined_avg_normal": -0.5864273309707642,
            "combined_avg_abnormal": -0.5347814559936523
        },
        {
            "run": 1,
            "train_time": 3403.4988057613373,
            "test_time": 46.13208317756653,
            "epochs": 50,
            "rauc": 0.7000295052243379,
            "ap": 0.2291081477890183,
            "f1": 0.2772511848341232,
            "avg_normal": 0.019336557015776634,
            "avg_abnormal": 0.08213620632886887,
            "contra_rauc": 0.5734310014565069,
            "contra_ap": 0.13063291616744577,
            "contra_f1": 0.1241483316726362,
            "contra_avg_normal": -0.6010926365852356,
            "contra_avg_abnormal": -0.6001927852630615,
            "combined_rauc": 0.6574490676626756,
            "combined_ap": 0.21387884083514244,
            "combined_f1": 0.27358897027143475,
            "combined_avg_normal": -0.5817561149597168,
            "combined_avg_abnormal": -0.5180566310882568
        },
        {
            "run": 2,
            "train_time": 3407.288104534149,
            "test_time": 45.8680100440979,
            "epochs": 50,
            "rauc": 0.7152141780896866,
            "ap": 0.2426886249220403,
            "f1": 0.290499784575614,
            "avg_normal": 0.020868290215730667,
            "avg_abnormal": 0.09012661874294281,
            "contra_rauc": 0.606455878194464,
            "contra_ap": 0.1544398191510821,
            "contra_f1": 0.17045454545454544,
            "contra_avg_normal": -0.6009727120399475,
            "contra_avg_abnormal": -0.5999060869216919,
            "combined_rauc": 0.6910452741331525,
            "combined_ap": 0.23392950547135935,
            "combined_f1": 0.28850710900473936,
            "combined_avg_normal": -0.5801044702529907,
            "combined_avg_abnormal": -0.5097794532775879
        },
        {
            "run": 3,
            "train_time": 3405.94034075737,
            "test_time": 47.03088164329529,
            "epochs": 50,
            "rauc": 0.7059161658533284,
            "ap": 0.23904872900056826,
            "f1": 0.29023050409306334,
            "avg_normal": 0.013902819715440273,
            "avg_abnormal": 0.08100426197052002,
            "contra_rauc": 0.5515976258181845,
            "contra_ap": 0.12474614694332088,
            "contra_f1": 0.11791004578507945,
            "contra_avg_normal": -0.6006929278373718,
            "contra_avg_abnormal": -0.5998092889785767,
            "combined_rauc": 0.6533267874943528,
            "combined_ap": 0.22058992480396902,
            "combined_f1": 0.28419862128392936,
            "combined_avg_normal": -0.5867900848388672,
            "combined_avg_abnormal": -0.5188050270080566
        }
    ]
}