{
    "model_config": {
        "num_features": 13,
        "hidden_dim": 64,
        "depth": 4,
        "depth_enc": null,
        "depth_dec": null,
        "num_heads": 4,
        "mlp_ratio": 4.0,
        "dropout_prob": 0.0,
        "temperature": 0.2,
        "imix_loss_weight": 0.01,
        "mixup_alpha": 0.9,
        "projector_dim": null,
        "use_flash_attn": false
    },
    "train_config": {
        "data_dir": "Data/",
        "epochs": 200,
        "learning_rate": 0.01,
        "sche_gamma": 0.95,
        "batch_size": 64,
        "random_seed": 42,
        "num_workers": 0,
        "preprocess": "standard",
        "patience": 10,
        "min_delta": 0,
        "use_amp": false,
        "model_type": "TAEIMIX",
        "dataset_name": "wine",
        "base_path": "results/TAEIMIX-260125-iw0.01-ap0.9-ep200-ep40/wine/1.0",
        "exp_name": "TAEIMIX-260125-iw0.01-ap0.9-ep200-ep40",
        "runs": 10,
        "train_ratio": 1.0
    },
    "start_time_kst": "2026-01-25T15:44:12+09:00",
    "mean_metrics": {
        "rauc": 0.959,
        "ap": 0.7772883214566652,
        "f1": 0.69,
        "avg_normal": 0.6019681960344314,
        "avg_abnormal": 2.277172660827637
    },
    "std_metrics": {
        "rauc_std": 0.021215822187959376,
        "ap_std": 0.09408100703931681,
        "f1_std": 0.09433981132056606,
        "avg_normal_std": 0.14633474827959722,
        "avg_abnormal_std": 0.5767084077824042
    },
    "total_time": 148.50228452682495,
    "all_seeds": [
        {
            "rauc": 0.9733333333333334,
            "ap": 0.8433621933621933,
            "f1": 0.7,
            "avg_normal": 0.6374780535697937,
            "avg_abnormal": 2.7330808639526367,
            "run": 0,
            "epochs": 192,
            "train_time": 18.164377450942993,
            "test_time": 0.03900742530822754
        },
        {
            "rauc": 0.98,
            "ap": 0.8748523698523698,
            "f1": 0.8,
            "avg_normal": 0.612902820110321,
            "avg_abnormal": 2.417757987976074,
            "run": 1,
            "epochs": 187,
            "train_time": 16.977357625961304,
            "test_time": 0.03664970397949219
        },
        {
            "rauc": 0.975,
            "ap": 0.8332142857142856,
            "f1": 0.8,
            "avg_normal": 0.3733524978160858,
            "avg_abnormal": 1.4557288885116577,
            "run": 2,
            "epochs": 154,
            "train_time": 13.894808053970337,
            "test_time": 0.04018044471740723
        },
        {
            "rauc": 0.9416666666666667,
            "ap": 0.6756376904828916,
            "f1": 0.6,
            "avg_normal": 0.7588654160499573,
            "avg_abnormal": 2.657186985015869,
            "run": 3,
            "epochs": 175,
            "train_time": 16.055424690246582,
            "test_time": 0.04170560836791992
        },
        {
            "rauc": 0.9733333333333333,
            "ap": 0.832983682983683,
            "f1": 0.7,
            "avg_normal": 0.5724146366119385,
            "avg_abnormal": 2.5010597705841064,
            "run": 4,
            "epochs": 162,
            "train_time": 14.9479238986969,
            "test_time": 0.04391980171203613
        },
        {
            "rauc": 0.9433333333333334,
            "ap": 0.7250463343845697,
            "f1": 0.5,
            "avg_normal": 0.8974132537841797,
            "avg_abnormal": 3.220386028289795,
            "run": 5,
            "epochs": 147,
            "train_time": 13.194019079208374,
            "test_time": 0.04429912567138672
        },
        {
            "rauc": 0.9883333333333333,
            "ap": 0.9272546897546897,
            "f1": 0.8,
            "avg_normal": 0.4184306561946869,
            "avg_abnormal": 2.0836946964263916,
            "run": 6,
            "epochs": 129,
            "train_time": 11.19977617263794,
            "test_time": 0.04136991500854492
        },
        {
            "rauc": 0.9283333333333335,
            "ap": 0.6133025308025307,
            "f1": 0.7,
            "avg_normal": 0.5904436707496643,
            "avg_abnormal": 1.6026060581207275,
            "run": 7,
            "epochs": 163,
            "train_time": 13.890582799911499,
            "test_time": 0.038619041442871094
        },
        {
            "rauc": 0.96,
            "ap": 0.7334415584415583,
            "f1": 0.7,
            "avg_normal": 0.6593731045722961,
            "avg_abnormal": 2.6599345207214355,
            "run": 8,
            "epochs": 171,
            "train_time": 14.645931720733643,
            "test_time": 0.0383145809173584
        },
        {
            "rauc": 0.9266666666666667,
            "ap": 0.7137878787878786,
            "f1": 0.6,
            "avg_normal": 0.49900785088539124,
            "avg_abnormal": 1.4402908086776733,
            "run": 9,
            "epochs": 157,
            "train_time": 13.170222520828247,
            "test_time": 0.041059255599975586
        }
    ]
}