{
    "model_config": {
        "num_heads": 4,
        "num_latents": 22,
        "num_memories": 374,
        "depth": 4,
        "hidden_dim": 16,
        "mlp_ratio": 4.0,
        "dropout_prob": 0.0,
        "temperature": 0.1,
        "sim_type": "cos",
        "use_oe": true,
        "oe_lambda": 0.1,
        "oe_shuffle_ratio": 0.1,
        "oe_lambda_memory": 0.1,
        "is_weight_sharing": false,
        "use_pos_enc_as_query": false,
        "use_mask_token": false,
        "num_features": 500
    },
    "train_config": {
        "data_dir": "Data/",
        "epochs": 250,
        "learning_rate": 0.001,
        "sche_gamma": 0.98,
        "batch_size": 4096,
        "random_seed": 42,
        "num_workers": 0,
        "preprocess": "standard",
        "patience": 50,
        "min_delta": 1e-05,
        "model_type": "OELATTE",
        "dataset_name": "census",
        "train_ratio": 1.0,
        "base_path": "results/OELATTE-d16-oe_lam0.1-oe_rat0.1-oe_lam_mem0.1/census/1.0",
        "not_use_power_of_two": false,
        "num_memories_not_use_power_of_two": false,
        "num_memories_twice": false,
        "contamination_ratio": null,
        "latent_ratio": null,
        "memory_ratio": null,
        "run": 9
    },
    "mean_metrics": {
        "AUC-ROC": 0.7244131449552551,
        "AUC-PR": 0.2252091726944116,
        "f1": 0.2421208530805687
    },
    "total_time": 7601.486845493317,
    "all_seeds": [
        {
            "run": 0,
            "AUC-ROC": 0.7274859954426767,
            "AUC-PR": 0.22679805050849244,
            "f1": 0.2522080999569151,
            "train_time": 584.1174442768097,
            "test_time": 3.6828839778900146,
            "epochs": 59
        },
        {
            "run": 1,
            "AUC-ROC": 0.7216411393908263,
            "AUC-PR": 0.2174902584120028,
            "f1": 0.2406828953037484,
            "train_time": 584.2693884372711,
            "test_time": 3.557811975479126,
            "epochs": 59
        },
        {
            "run": 2,
            "AUC-ROC": 0.7340866463865683,
            "AUC-PR": 0.23007803095115684,
            "f1": 0.2523696682464455,
            "train_time": 585.9698202610016,
            "test_time": 3.4111275672912598,
            "epochs": 59
        },
        {
            "run": 3,
            "AUC-ROC": 0.7327349352581414,
            "AUC-PR": 0.23208282314485434,
            "f1": 0.24617621714778112,
            "train_time": 588.0674498081207,
            "test_time": 3.4462931156158447,
            "epochs": 59
        },
        {
            "run": 4,
            "AUC-ROC": 0.719782238236579,
            "AUC-PR": 0.22410896198364189,
            "f1": 0.24601464885825075,
            "train_time": 587.4345738887787,
            "test_time": 3.488588809967041,
            "epochs": 59
        },
        {
            "run": 5,
            "AUC-ROC": 0.7151924904580638,
            "AUC-PR": 0.2085756714274831,
            "f1": 0.20610728134424816,
            "train_time": 587.9545056819916,
            "test_time": 3.444550037384033,
            "epochs": 59
        },
        {
            "run": 6,
            "AUC-ROC": 0.7041031192559066,
            "AUC-PR": 0.21770148360113734,
            "f1": 0.20880008616975443,
            "train_time": 2210.889157772064,
            "test_time": 4.3333165645599365,
            "epochs": 250
        },
        {
            "run": 7,
            "AUC-ROC": 0.7204748473062883,
            "AUC-PR": 0.22272959971258996,
            "f1": 0.24687634640241277,
            "train_time": 596.217465877533,
            "test_time": 3.787989616394043,
            "epochs": 59
        },
        {
            "run": 8,
            "AUC-ROC": 0.7247572595657559,
            "AUC-PR": 0.22509758768574,
            "f1": 0.24709177078845326,
            "train_time": 595.2402622699738,
            "test_time": 3.672546148300171,
            "epochs": 59
        },
        {
            "run": 9,
            "AUC-ROC": 0.7438727782517458,
            "AUC-PR": 0.2474292595170174,
            "f1": 0.27488151658767773,
            "train_time": 596.9092838764191,
            "test_time": 4.161428213119507,
            "epochs": 59
        }
    ]
}