{
    "model_config": {
        "num_features": 9,
        "hidden_dim": 128,
        "depth": 4,
        "num_heads": 4,
        "mlp_ratio": 4.0,
        "dropout_prob": 0.0,
        "use_flash_attn": false,
        "mask_ratio": 0.3,
        "num_eval_repeat": 50,
        "eval_chunk_size": 50
    },
    "train_config": {
        "data_dir": "Data/",
        "epochs": 200,
        "learning_rate": 0.001,
        "sche_gamma": 0.95,
        "batch_size": 512,
        "random_seed": 42,
        "num_workers": 0,
        "preprocess": "standard",
        "patience": 10,
        "min_delta": 0,
        "use_amp": false,
        "model_type": "TMLM",
        "dataset_name": "glass",
        "base_path": "results/TMLM-d128-lr0.001-mask0.3-r50/glass/1.0",
        "exp_name": "TMLM-d128-lr0.001-mask0.3-r50",
        "runs": 10,
        "train_ratio": 1.0
    },
    "mean_metrics": {
        "avg_normal_score": 0.4531101301312447,
        "rauc": 0.7938511326860841,
        "ap": 0.2573060345272671,
        "f1": 0.2111111111111111,
        "avg_abnormal_score": 0.893051278591156
    },
    "std_metrics": {
        "avg_normal_score_std": 0.2946912382332807,
        "rauc_std": 0.03168823016364636,
        "ap_std": 0.044150587002333756,
        "f1_std": 0.059835164523716705,
        "avg_abnormal_score_std": 0.16328452772701246
    },
    "total_time": 103.23878312110901,
    "all_seeds": [
        {
            "run": 0,
            "train_time": 10.944152355194092,
            "test_time": 0.022082090377807617,
            "epochs": 200,
            "rauc": 0.7896440129449838,
            "ap": 0.2814392644046063,
            "f1": 0.2222222222222222,
            "avg_normal_score": 0.246982604265213,
            "avg_abnormal_score": 0.6817284822463989
        },
        {
            "run": 1,
            "train_time": 10.27846646308899,
            "test_time": 0.02210402488708496,
            "epochs": 200,
            "rauc": 0.761596548004315,
            "ap": 0.27479889847704114,
            "f1": 0.2222222222222222,
            "avg_normal_score": 0.19769024848937988,
            "avg_abnormal_score": 0.6925072073936462
        },
        {
            "run": 2,
            "train_time": 10.171964645385742,
            "test_time": 0.021012544631958008,
            "epochs": 200,
            "rauc": 0.7950377562028048,
            "ap": 0.3436896032524448,
            "f1": 0.2222222222222222,
            "avg_normal_score": 0.15846207737922668,
            "avg_abnormal_score": 0.7217888236045837
        },
        {
            "run": 3,
            "train_time": 9.959704637527466,
            "test_time": 0.02185511589050293,
            "epochs": 200,
            "rauc": 0.8069039913700107,
            "ap": 0.19493127768989837,
            "f1": 0.1111111111111111,
            "avg_normal_score": 1.082476019859314,
            "avg_abnormal_score": 1.0048977136611938
        },
        {
            "run": 4,
            "train_time": 9.91787576675415,
            "test_time": 0.02172112464904785,
            "epochs": 200,
            "rauc": 0.7648327939590076,
            "ap": 0.22177738791994556,
            "f1": 0.2222222222222222,
            "avg_normal_score": 0.38139358162879944,
            "avg_abnormal_score": 0.960179328918457
        },
        {
            "run": 5,
            "train_time": 9.93723201751709,
            "test_time": 0.021813392639160156,
            "epochs": 200,
            "rauc": 0.7691477885652642,
            "ap": 0.23212461229702608,
            "f1": 0.2222222222222222,
            "avg_normal_score": 0.3328058123588562,
            "avg_abnormal_score": 0.949895441532135
        },
        {
            "run": 6,
            "train_time": 9.951648235321045,
            "test_time": 0.02167034149169922,
            "epochs": 200,
            "rauc": 0.8252427184466019,
            "ap": 0.2390854759275812,
            "f1": 0.3333333333333333,
            "avg_normal_score": 0.7733826637268066,
            "avg_abnormal_score": 1.2133947610855103
        },
        {
            "run": 7,
            "train_time": 9.986418962478638,
            "test_time": 0.021180152893066406,
            "epochs": 200,
            "rauc": 0.7626752966558792,
            "ap": 0.20880341437593078,
            "f1": 0.1111111111111111,
            "avg_normal_score": 0.38524484634399414,
            "avg_abnormal_score": 0.8579592108726501
        },
        {
            "run": 8,
            "train_time": 9.991669416427612,
            "test_time": 0.020907878875732422,
            "epochs": 200,
            "rauc": 0.8673139158576051,
            "ap": 0.2686962355383408,
            "f1": 0.2222222222222222,
            "avg_normal_score": 0.7590757012367249,
            "avg_abnormal_score": 1.0389463901519775
        },
        {
            "run": 9,
            "train_time": 10.01738977432251,
            "test_time": 0.022029876708984375,
            "epochs": 200,
            "rauc": 0.7961165048543689,
            "ap": 0.30771417538985557,
            "f1": 0.2222222222222222,
            "avg_normal_score": 0.21358774602413177,
            "avg_abnormal_score": 0.8092154264450073
        }
    ]
}