{
    "model_config": {
        "num_features": 62,
        "hidden_dim": 128,
        "depth": 4,
        "depth_enc": null,
        "depth_dec": null,
        "num_heads": 4,
        "mlp_ratio": 4.0,
        "dropout_prob": 0.0,
        "temperature": 0.2,
        "imix_loss_weight": 0.1,
        "mixup_alpha": 0.9,
        "projector_dim": null,
        "use_flash_attn": false
    },
    "train_config": {
        "data_dir": "Data/",
        "epochs": 200,
        "learning_rate": 0.001,
        "sche_gamma": 0.95,
        "batch_size": 128,
        "random_seed": 42,
        "num_workers": 0,
        "preprocess": "standard",
        "patience": 10,
        "min_delta": 0,
        "use_amp": false,
        "model_type": "TAEIMIX",
        "dataset_name": "campaign",
        "base_path": "results/TAEIMIX-260125-iw0.1-ap0.9/campaign/1.0",
        "exp_name": "TAEIMIX-260125-iw0.1-ap0.9",
        "runs": 10,
        "train_ratio": 1.0
    },
    "start_time_kst": "2026-01-25T04:22:32+09:00",
    "mean_metrics": {
        "imix_rauc": 0.7548495790137107,
        "imix_f1": 0.4780603448275863,
        "imix_avg_normal": -1.2894818186759949,
        "combined_avg_abnormal": -1.2511342644691468,
        "combined_rauc": 0.7601413363342681,
        "rauc": 0.8101937945092519,
        "combined_f1": 0.48575431034482763,
        "imix_avg_abnormal": -1.265627419948578,
        "avg_normal": 0.013622640632092953,
        "combined_avg_normal": -1.2758591771125793,
        "avg_abnormal": 0.014493177202530206,
        "f1": 0.5562715517241379,
        "combined_ap": 0.47569445792264825,
        "ap": 0.5268249578140065,
        "imix_ap": 0.47162344215506913
    },
    "std_metrics": {
        "imix_rauc_std": 0.026312220634323903,
        "imix_f1_std": 0.025142060703312225,
        "imix_avg_normal_std": 0.02039044068486251,
        "combined_avg_abnormal_std": 0.03300568534471484,
        "combined_rauc_std": 0.023998197137807355,
        "rauc_std": 0.006780647561164612,
        "combined_f1_std": 0.02256959485503302,
        "imix_avg_abnormal_std": 0.02164497573664774,
        "avg_normal_std": 0.016259337480349145,
        "combined_avg_normal_std": 0.03172725518149609,
        "avg_abnormal_std": 0.01714898194053257,
        "f1_std": 0.00942845442392438,
        "combined_ap_std": 0.025907236751327112,
        "ap_std": 0.012729200130462213,
        "imix_ap_std": 0.029197823524976733
    },
    "total_time": 7007.422736167908,
    "all_seeds": [
        {
            "run": 0,
            "train_time": 1145.9348754882812,
            "test_time": 0.9249000549316406,
            "epochs": 113,
            "rauc": 0.815438990482049,
            "ap": 0.540223587848613,
            "f1": 0.569396551724138,
            "avg_normal": 0.006424378603696823,
            "avg_abnormal": 0.008476514369249344,
            "imix_rauc": 0.766026579830775,
            "imix_ap": 0.5051118345062362,
            "imix_f1": 0.4816810344827586,
            "imix_avg_normal": -1.2998632192611694,
            "imix_avg_abnormal": -1.2730610370635986,
            "combined_rauc": 0.7678431623221988,
            "combined_ap": 0.4963372550616681,
            "combined_f1": 0.4857758620689655,
            "combined_avg_normal": -1.2934387922286987,
            "combined_avg_abnormal": -1.2645845413208008
        },
        {
            "run": 1,
            "train_time": 637.3917953968048,
            "test_time": 0.9134430885314941,
            "epochs": 63,
            "rauc": 0.8184903391100224,
            "ap": 0.5386161838588014,
            "f1": 0.561853448275862,
            "avg_normal": 0.027956923469901085,
            "avg_abnormal": 0.0035790440160781145,
            "imix_rauc": 0.7922950522317369,
            "imix_ap": 0.4965747477235578,
            "imix_f1": 0.509051724137931,
            "imix_avg_normal": -1.3025623559951782,
            "imix_avg_abnormal": -1.278831124305725,
            "combined_rauc": 0.7953738623840919,
            "combined_ap": 0.5031165188271681,
            "combined_f1": 0.5163793103448275,
            "combined_avg_normal": -1.274605631828308,
            "combined_avg_abnormal": -1.275252103805542
        },
        {
            "run": 2,
            "train_time": 898.0824370384216,
            "test_time": 0.9438962936401367,
            "epochs": 88,
            "rauc": 0.8184093579817566,
            "ap": 0.5377394253502329,
            "f1": 0.5646551724137931,
            "avg_normal": 0.0012152026174589992,
            "avg_abnormal": 0.003873571055009961,
            "imix_rauc": 0.7677966186649207,
            "imix_ap": 0.48225941947168266,
            "imix_f1": 0.496551724137931,
            "imix_avg_normal": -1.2845501899719238,
            "imix_avg_abnormal": -1.2589945793151855,
            "combined_rauc": 0.7700516184667872,
            "combined_ap": 0.4843374583752204,
            "combined_f1": 0.4997844827586207,
            "combined_avg_normal": -1.2833348512649536,
            "combined_avg_abnormal": -1.255121111869812
        },
        {
            "run": 3,
            "train_time": 297.10033416748047,
            "test_time": 0.8703973293304443,
            "epochs": 29,
            "rauc": 0.7978966548006778,
            "ap": 0.5024819794470268,
            "f1": 0.5359913793103448,
            "avg_normal": 0.04238709434866905,
            "avg_abnormal": 0.061604540795087814,
            "imix_rauc": 0.7077737991229295,
            "imix_ap": 0.4229242134493124,
            "imix_f1": 0.43275862068965515,
            "imix_avg_normal": -1.2775055170059204,
            "imix_avg_abnormal": -1.256966471672058,
            "combined_rauc": 0.7221335522864594,
            "combined_ap": 0.4351827605915137,
            "combined_f1": 0.4538793103448276,
            "combined_avg_normal": -1.2351182699203491,
            "combined_avg_abnormal": -1.195361852645874
        },
        {
            "run": 4,
            "train_time": 658.1947700977325,
            "test_time": 1.1647131443023682,
            "epochs": 65,
            "rauc": 0.8152013719322346,
            "ap": 0.5331590994592164,
            "f1": 0.565301724137931,
            "avg_normal": 0.010033165104687214,
            "avg_abnormal": 0.011546292342245579,
            "imix_rauc": 0.7609939267397056,
            "imix_ap": 0.45766660928172165,
            "imix_f1": 0.47607758620689655,
            "imix_avg_normal": -1.2767491340637207,
            "imix_avg_abnormal": -1.2549773454666138,
            "combined_rauc": 0.7643045588607141,
            "combined_ap": 0.46566966947892174,
            "combined_f1": 0.4795258620689655,
            "combined_avg_normal": -1.2667160034179688,
            "combined_avg_abnormal": -1.2434310913085938
        },
        {
            "run": 5,
            "train_time": 775.1422297954559,
            "test_time": 0.9046914577484131,
            "epochs": 79,
            "rauc": 0.8119485405116748,
            "ap": 0.533114320746571,
            "f1": 0.5502155172413793,
            "avg_normal": 0.002852850593626499,
            "avg_abnormal": 0.01118567306548357,
            "imix_rauc": 0.7591995458027798,
            "imix_ap": 0.48763213036359154,
            "imix_f1": 0.4838362068965517,
            "imix_avg_normal": -1.265721321105957,
            "imix_avg_abnormal": -1.2417998313903809,
            "combined_rauc": 0.7621289303532812,
            "combined_ap": 0.4857721119480901,
            "combined_f1": 0.4877155172413793,
            "combined_avg_normal": -1.2628684043884277,
            "combined_avg_abnormal": -1.230614185333252
        },
        {
            "run": 6,
            "train_time": 545.3954036235809,
            "test_time": 0.8968353271484375,
            "epochs": 56,
            "rauc": 0.8070053304959373,
            "ap": 0.5351780460652185,
            "f1": 0.5506465517241379,
            "avg_normal": 0.0007891131099313498,