{
    "model_config": {
        "num_features": 30,
        "hidden_dim": 64,
        "depth": 4,
        "depth_enc": null,
        "depth_dec": null,
        "num_heads": 4,
        "mlp_ratio": 4.0,
        "dropout_prob": 0.0,
        "temperature": 0.1,
        "byol_loss_weight": 0.1,
        "dacl_alpha": 0.9,
        "projector_dim": null,
        "byol_momentum": 0.99,
        "use_flash_attn": false
    },
    "train_config": {
        "data_dir": "Data/",
        "epochs": 200,
        "learning_rate": 0.01,
        "sche_gamma": 0.95,
        "batch_size": 512,
        "random_seed": 42,
        "num_workers": 0,
        "preprocess": "standard",
        "patience": 10,
        "min_delta": 0,
        "use_amp": false,
        "model_type": "TAEDACL",
        "dataset_name": "wbc",
        "base_path": "results/TAEDACL-260125-bw0.1-ap0.9-ep200-ep120/wbc/1.0",
        "exp_name": "TAEDACL-260125-bw0.1-ap0.9-ep200-ep120",
        "runs": 10,
        "train_ratio": 1.0
    },
    "start_time_kst": "2026-01-25T15:55:05+09:00",
    "mean_metrics": {
        "rauc": 0.9531790369779196,
        "ap": 0.7734977957280487,
        "f1": 0.6714285714285715,
        "avg_normal": 0.44143270552158353,
        "avg_abnormal": 5.974885606765747
    },
    "std_metrics": {
        "rauc_std": 0.011534094277200245,
        "ap_std": 0.045261391564831804,
        "f1_std": 0.058126455313017626,
        "avg_normal_std": 0.14648691806521313,
        "avg_abnormal_std": 1.4793886326717467
    },
    "total_time": 207.33341455459595,
    "all_seeds": [
        {
            "rauc": 0.9494546421920723,
            "ap": 0.7763230828203684,
            "f1": 0.7142857142857143,
            "avg_normal": 0.45725739002227783,
            "avg_abnormal": 5.861337661743164,
            "run": 0,
            "epochs": 190,
            "train_time": 19.950753688812256,
            "test_time": 0.03543877601623535
        },
        {
            "rauc": 0.9444001064112796,
            "ap": 0.7374144001510055,
            "f1": 0.6190476190476191,
            "avg_normal": 0.489904522895813,
            "avg_abnormal": 6.350882530212402,
            "run": 1,
            "epochs": 200,
            "train_time": 21.331600189208984,
            "test_time": 0.0340120792388916
        },
        {
            "rauc": 0.9606278265496143,
            "ap": 0.810586099034178,
            "f1": 0.7619047619047619,
            "avg_normal": 0.8142097592353821,
            "avg_abnormal": 10.166425704956055,
            "run": 2,
            "epochs": 200,
            "train_time": 21.098015308380127,
            "test_time": 0.031438350677490234
        },
        {
            "rauc": 0.9313647246608141,
            "ap": 0.6740059652041102,
            "f1": 0.5714285714285714,
            "avg_normal": 0.5433239936828613,
            "avg_abnormal": 5.69677209854126,
            "run": 3,
            "epochs": 200,
            "train_time": 21.236529111862183,
            "test_time": 0.03396153450012207
        },
        {
            "rauc": 0.9680766161213088,
            "ap": 0.8138017667639827,
            "f1": 0.7142857142857143,
            "avg_normal": 0.3109709322452545,
            "avg_abnormal": 5.975747585296631,
            "run": 4,
            "epochs": 200,
            "train_time": 21.242482662200928,
            "test_time": 0.03124690055847168
        },
        {
            "rauc": 0.948390529396116,
            "ap": 0.7471843076638787,
            "f1": 0.6190476190476191,
            "avg_normal": 0.36744263768196106,
            "avg_abnormal": 5.2585601806640625,
            "run": 5,
            "epochs": 200,
            "train_time": 20.794024229049683,
            "test_time": 0.03477954864501953
        },
        {
            "rauc": 0.9643522213354616,
            "ap": 0.8012701259168724,
            "f1": 0.7142857142857143,
            "avg_normal": 0.32453808188438416,
            "avg_abnormal": 5.2378058433532715,
            "run": 6,
            "epochs": 200,
            "train_time": 17.48624849319458,
            "test_time": 0.034123897552490234
        },
        {
            "rauc": 0.9574354881617453,
            "ap": 0.8197047374066011,
            "f1": 0.6666666666666666,
            "avg_normal": 0.35255998373031616,
            "avg_abnormal": 4.7841010093688965,
            "run": 7,
            "epochs": 200,
            "train_time": 21.068601369857788,
            "test_time": 0.032558441162109375
        },
        {
            "rauc": 0.9412077680234104,
            "ap": 0.7409500597666121,
            "f1": 0.6190476190476191,
            "avg_normal": 0.44880396127700806,
            "avg_abnormal": 5.675814151763916,
            "run": 8,
            "epochs": 200,
            "train_time": 20.019254684448242,
            "test_time": 0.03098607063293457
        },
        {
            "rauc": 0.9664804469273742,
            "ap": 0.8137374125528782,
            "f1": 0.7142857142857143,
            "avg_normal": 0.3053157925605774,
            "avg_abnormal": 4.7414093017578125,
            "run": 9,
            "epochs": 200,
            "train_time": 20.724546194076538,
            "test_time": 0.030146360397338867
        }
    ]
}