{
    "model_config": {
        "num_features": 21,
        "hidden_dim": 128,
        "depth": 4,
        "depth_enc": null,
        "depth_dec": null,
        "num_heads": 4,
        "mlp_ratio": 4.0,
        "dropout_prob": 0.0,
        "temperature": 0.2,
        "imix_loss_weight": 0.1,
        "mixup_alpha": 0.9,
        "projector_dim": null,
        "use_flash_attn": false
    },
    "train_config": {
        "data_dir": "Data/",
        "epochs": 200,
        "learning_rate": 0.001,
        "sche_gamma": 0.95,
        "batch_size": 128,
        "random_seed": 42,
        "num_workers": 0,
        "preprocess": "standard",
        "patience": 50,
        "min_delta": 0,
        "use_amp": false,
        "model_type": "TAEIMIX",
        "dataset_name": "cardio",
        "base_path": "results/TAEIMIX-260125-iw0.1-ap0.9/cardio/1.0",
        "exp_name": "TAEIMIX-260125-iw0.1-ap0.9",
        "runs": 10,
        "train_ratio": 1.0
    },
    "start_time_kst": "2026-01-25T02:11:35+09:00",
    "mean_metrics": {
        "f1": 0.7806818181818181,
        "imix_rauc": 0.9367643829600352,
        "imix_avg_abnormal": -0.8848697066307067,
        "combined_f1": 0.7573863636363636,
        "combined_avg_abnormal": 1.5676933139562608,
        "imix_avg_normal": -1.0031585335731505,
        "rauc": 0.9591108091787438,
        "imix_ap": 0.7884599491887104,
        "ap": 0.840115021671734,
        "avg_normal": 0.027131109870970248,
        "combined_rauc": 0.9556440766359247,
        "imix_f1": 0.6607954545454546,
        "combined_ap": 0.8327471853771838,
        "combined_avg_normal": -0.9760274350643158,
        "avg_abnormal": 2.4525630950927733
    },
    "std_metrics": {
        "f1_std": 0.023998536456753265,
        "imix_rauc_std": 0.014355182896503843,
        "imix_avg_abnormal_std": 0.01082265053672017,
        "combined_f1_std": 0.027956624091233038,
        "combined_avg_abnormal_std": 0.626169799913161,
        "imix_avg_normal_std": 0.013322432475685184,
        "rauc_std": 0.00605026823825978,
        "imix_ap_std": 0.03754206135496321,
        "ap_std": 0.02722636474889821,
        "avg_normal_std": 0.0068075787003967474,
        "combined_rauc_std": 0.009764931892831268,
        "imix_f1_std": 0.05132855298213335,
        "combined_ap_std": 0.03074344807186873,
        "combined_avg_normal_std": 0.017704643170135273,
        "avg_abnormal_std": 0.6298686168933869
    },
    "total_time": 867.1182436943054,
    "all_seeds": [
        {
            "run": 0,
            "train_time": 89.15952444076538,
            "test_time": 0.09139585494995117,
            "epochs": 167,
            "rauc": 0.957784365393061,
            "ap": 0.8381708345916209,
            "f1": 0.7784090909090909,
            "avg_normal": 0.025838935747742653,
            "avg_abnormal": 2.673509120941162,
            "imix_rauc": 0.9555953557312253,
            "imix_ap": 0.8333046316882206,
            "imix_f1": 0.7159090909090909,
            "imix_avg_normal": -1.0072764158248901,
            "imix_avg_abnormal": -0.8910194635391235,
            "combined_rauc": 0.9631368028107159,
            "combined_ap": 0.8462465102739054,
            "combined_f1": 0.7556818181818182,
            "combined_avg_normal": -0.9814375042915344,
            "combined_avg_abnormal": 1.7824898958206177
        },
        {
            "run": 1,
            "train_time": 103.87648630142212,
            "test_time": 0.09179043769836426,
            "epochs": 198,
            "rauc": 0.9563158761528326,
            "ap": 0.8437983452424882,
            "f1": 0.7897727272727273,
            "avg_normal": 0.022775135934352875,
            "avg_abnormal": 2.5941572189331055,
            "imix_rauc": 0.9256079819938516,
            "imix_ap": 0.7650646414171514,
            "imix_f1": 0.6022727272727273,
            "imix_avg_normal": -1.0157561302185059,
            "imix_avg_abnormal": -0.8916611075401306,
            "combined_rauc": 0.9519584431269213,
            "combined_ap": 0.8280720817798726,
            "combined_f1": 0.7386363636363636,
            "combined_avg_normal": -0.9929810762405396,
            "combined_avg_abnormal": 1.7024956941604614
        },
        {
            "run": 2,
            "train_time": 72.29818296432495,
            "test_time": 0.0968017578125,
            "epochs": 138,
            "rauc": 0.957695158102767,
            "ap": 0.8219505560540274,
            "f1": 0.75,
            "avg_normal": 0.028248846530914307,
            "avg_abnormal": 2.8020825386047363,
            "imix_rauc": 0.9375892072902942,
            "imix_ap": 0.7688556788165194,
            "imix_f1": 0.6590909090909091,
            "imix_avg_normal": -1.0008939504623413,
            "imix_avg_abnormal": -0.8926445245742798,
            "combined_rauc": 0.9543258673693457,
            "combined_ap": 0.8182871291257282,
            "combined_f1": 0.7386363636363636,
            "combined_avg_normal": -0.972645103931427,
            "combined_avg_abnormal": 1.9094382524490356
        },
        {
            "run": 3,
            "train_time": 76.8951964378357,
            "test_time": 0.10575032234191895,
            "epochs": 153,
            "rauc": 0.9679883069828721,
            "ap": 0.8843144356553085,
            "f1": 0.7954545454545454,
            "avg_normal": 0.019512727856636047,
            "avg_abnormal": 2.8546876907348633,
            "imix_rauc": 0.9373696201141853,
            "imix_ap": 0.7579017601977845,
            "imix_f1": 0.6420454545454546,
            "imix_avg_normal": -1.0049350261688232,
            "imix_avg_abnormal": -0.8939850330352783,
            "combined_rauc": 0.9651405357927098,
            "combined_ap": 0.8702848636624677,
            "combined_f1": 0.7727272727272727,
            "combined_avg_normal": -0.9854221940040588,
            "combined_avg_abnormal": 1.9607025384902954
        },
        {
            "run": 4,
            "train_time": 59.31561326980591,
            "test_time": 0.10524511337280273,
            "epochs": 113,
            "rauc": 0.9571736385595081,
            "ap": 0.8407651338563612,
            "f1": 0.8068181818181818,
            "avg_normal": 0.0303571205586195,
            "avg_abnormal": 1.2134184837341309,
            "imix_rauc": 0.9510114734299516,
            "imix_ap": 0.8282296019081629,
            "imix_f1": 0.7556818181818182,
            "imix_avg_normal": -0.9956473112106323,
            "imix_avg_abnormal": -0.87652587890625,
            "combined_rauc": 0.9610438625384278,
            "combined_ap": 0.8482175577701743,
            "combined_f1": 0.8068181818181818,
            "combined_avg_normal": -0.9652903079986572,
            "combined_avg_abnormal": 0.33689260482788086
        },
        {
            "run": 5,
            "train_time": 85.77734923362732,
            "test_time": 0.06837272644042969,
            "epochs": 164,
            "rauc": 0.9589715085638998,
            "ap": 0.8499967112246505,
            "f1": 0.7727272727272727,
            "avg_normal": 0.02124825492501259,
            "avg_abnormal": 2.7710416316986084,
            "imix_rauc": 0.9485891523935003,
            "imix_ap": 0.8251836775305712,
            "imix_f1": 0.6761363636363636,
            "imix_avg_normal": -1.032340168952942,
            "imix_avg_abnormal": -0.9011284112930298,
            "combined_rauc": 0.961386967501098,
            "combined_ap": 0.8515238226247953,
            "combined_f1": 0.75,
            "combined_avg_normal": -1.011091947555542,
            "combined_avg_abnormal": 1.869913101196289
        },
        {
            "run": 6,
            "train_time": 102.88758516311646,
            "test_time": 0.10305285453796387,
            "epochs": 196,
            "rauc": 0.966862922705314,
            "ap": 0.8727961191137765,
            "f1": 0.8181818181818182,
            "avg_normal": 0.029707936570048332,
            "avg_abnormal": 1.2614433765411377,