{
    "model_config": {
        "num_features": 21,
        "hidden_dim": 128,
        "depth": 4,
        "depth_enc": null,
        "depth_dec": null,
        "num_heads": 4,
        "mlp_ratio": 4.0,
        "dropout_prob": 0.0,
        "use_flash_attn": false
    },
    "train_config": {
        "data_dir": "Data/",
        "epochs": 200,
        "learning_rate": 0.001,
        "sche_gamma": 0.95,
        "batch_size": 512,
        "random_seed": 42,
        "num_workers": 0,
        "preprocess": "standard",
        "patience": 10,
        "min_delta": 0,
        "use_amp": false,
        "model_type": "TADAM",
        "dataset_name": "cardio",
        "base_path": "results/TADAM-tuned/cardio/1.0",
        "exp_name": "TADAM-tuned",
        "runs": 10,
        "train_ratio": 1.0
    },
    "mean_metrics": {
        "f1": 0.7607954545454546,
        "rauc": 0.955663290513834,
        "avg_normal_score": 0.07707203552126884,
        "avg_abnormal_score": 3.278785967826843,
        "ap": 0.823251703458778
    },
    "std_metrics": {
        "f1_std": 0.04116476292427264,
        "rauc_std": 0.009050486388534408,
        "avg_normal_score_std": 0.02098549195072451,
        "avg_abnormal_score_std": 1.1182888568862512,
        "ap_std": 0.02276158763739635
    },
    "total_time": 112.48202800750732,
    "all_seeds": [
        {
            "run": 0,
            "train_time": 11.801138877868652,
            "test_time": 0.0810389518737793,
            "epochs": 103,
            "rauc": 0.9586284036012297,
            "ap": 0.8292771202366928,
            "f1": 0.7784090909090909,
            "avg_normal_score": 0.060340724885463715,
            "avg_abnormal_score": 3.3256537914276123
        },
        {
            "run": 1,
            "train_time": 16.775278568267822,
            "test_time": 0.07130265235900879,
            "epochs": 147,
            "rauc": 0.9648523276240668,
            "ap": 0.8626339641934768,
            "f1": 0.7840909090909091,
            "avg_normal_score": 0.053451813757419586,
            "avg_abnormal_score": 3.6055519580841064
        },
        {
            "run": 2,
            "train_time": 10.644312381744385,
            "test_time": 0.03980445861816406,
            "epochs": 99,
            "rauc": 0.965195432586737,
            "ap": 0.8330799214608421,
            "f1": 0.7954545454545454,
            "avg_normal_score": 0.0882808268070221,
            "avg_abnormal_score": 3.6214959621429443
        },
        {
            "run": 3,
            "train_time": 6.920875072479248,
            "test_time": 0.06598234176635742,
            "epochs": 66,
            "rauc": 0.9496596398770312,
            "ap": 0.7943170602423311,
            "f1": 0.7897727272727273,
            "avg_normal_score": 0.10505865514278412,
            "avg_abnormal_score": 3.572451591491699
        },
        {
            "run": 4,
            "train_time": 12.432152509689331,
            "test_time": 0.10504031181335449,
            "epochs": 117,
            "rauc": 0.9603988252086079,
            "ap": 0.838255051891181,
            "f1": 0.7897727272727273,
            "avg_normal_score": 0.05195879191160202,
            "avg_abnormal_score": 1.487244725227356
        },
        {
            "run": 5,
            "train_time": 7.561760425567627,
            "test_time": 0.050797462463378906,
            "epochs": 77,
            "rauc": 0.9345492973210364,
            "ap": 0.8143936366117774,
            "f1": 0.7215909090909091,
            "avg_normal_score": 0.09038097411394119,
            "avg_abnormal_score": 3.381542444229126
        },
        {
            "run": 6,
            "train_time": 8.739387273788452,
            "test_time": 0.08506631851196289,
            "epochs": 96,
            "rauc": 0.9646396025472113,
            "ap": 0.8506485518044903,
            "f1": 0.7897727272727273,
            "avg_normal_score": 0.056342653930187225,
            "avg_abnormal_score": 1.5152984857559204
        },
        {
            "run": 7,
            "train_time": 10.146698713302612,
            "test_time": 0.0839226245880127,
            "epochs": 96,
            "rauc": 0.9556708388230127,
            "ap": 0.7888665883367532,
            "f1": 0.7386363636363636,
            "avg_normal_score": 0.07816239446401596,
            "avg_abnormal_score": 3.146404266357422
        },
        {
            "run": 8,
            "train_time": 12.256634712219238,
            "test_time": 0.06560683250427246,
            "epochs": 113,
            "rauc": 0.954332729468599,
            "ap": 0.8034772797432624,
            "f1": 0.7613636363636364,
            "avg_normal_score": 0.07231103628873825,
            "avg_abnormal_score": 3.441153049468994
        },
        {
            "run": 9,
            "train_time": 12.28773546218872,
            "test_time": 0.07208609580993652,
            "epochs": 122,
            "rauc": 0.9487058080808082,
            "ap": 0.8175678600669728,
            "f1": 0.6590909090909091,
            "avg_normal_score": 0.11443248391151428,
            "avg_abnormal_score": 5.691063404083252
        }
    ]
}