{
    "model_config": {
        "hidden_dim": 128,
        "depth": 4,
        "num_heads": 4,
        "mlp_ratio": 4.0,
        "dropout_prob": 0.0,
        "num_prototypes": 10,
        "temperature": 0.1,
        "sinkhorn_iters": 3,
        "sinkhorn_eps": 0.1,
        "contrastive_loss_weight": 0.1,
        "use_flash_attn": false,
        "num_features": 21
    },
    "train_config": {
        "data_dir": "Data/",
        "epochs": 250,
        "learning_rate": 0.01,
        "sche_gamma": 0.95,
        "batch_size": 256,
        "random_seed": 42,
        "num_workers": 0,
        "preprocess": "standard",
        "patience": 20,
        "use_amp": false,
        "model_type": "ProtoAD",
        "dataset_name": "cardio",
        "base_path": "results/ProtoAD-d128-proto10-eps0.1-contra0.1-temp0.1/cardio/1.0",
        "exp_name": "ProtoAD-d128-proto10-eps0.1-contra0.1-temp0.1",
        "runs": 10,
        "train_ratio": 1.0,
        "run": 9
    },
    "mean_metrics": {
        "rauc": 0.9611838493631971,
        "ap": 0.8484797671817219,
        "f1": 0.7892045454545454,
        "entropy_rauc": 0.37455121870882735,
        "entropy_ap": 0.17540686671428146,
        "entropy_f1": 0.14386233394113052,
        "avg_normal_entropy": 2.058299422264099,
        "avg_abnormal_entropy": 2.051761770248413,
        "avg_normal_recon": 0.9543989300727844,
        "avg_abnormal_recon": 7.102954769134522
    },
    "std_metrics": {
        "rauc_std": 0.008875626137264482,
        "ap_std": 0.020938996451184137,
        "f1_std": 0.03095939255869382,
        "entropy_rauc_std": 0.17447993047076613,
        "entropy_ap_std": 0.07031913569102921,
        "entropy_f1_std": 0.11182109376876816,
        "avg_normal_entropy_std": 0.25074448544938466,
        "avg_abnormal_entropy_std": 0.269377533353249,
        "avg_normal_recon_std": 0.06994292664865631,
        "avg_abnormal_recon_std": 0.8067117276839163
    },
    "total_time": 61.085474729537964,
    "all_seeds": [
        {
            "run": 0,
            "train_time": 5.255215406417847,
            "test_time": 0.05280184745788574,
            "epochs": 24,
            "rauc": 0.9555610452349583,
            "ap": 0.8556959456415787,
            "f1": 0.7954545454545454,
            "entropy_rauc": 0.507225790513834,
            "entropy_ap": 0.3459068080922601,
            "entropy_f1": 0.3465909090909091,
            "avg_normal_entropy": 1.8898481130599976,
            "avg_abnormal_entropy": 1.8317054510116577,
            "avg_normal_recon": 0.9962865114212036,
            "avg_abnormal_recon": 7.116879463195801
        },
        {
            "run": 1,
            "train_time": 5.9956865310668945,
            "test_time": 0.02320551872253418,
            "epochs": 48,
            "rauc": 0.9691480017566974,
            "ap": 0.8805885512993593,
            "f1": 0.8125,
            "entropy_rauc": 0.056557422046552494,
            "entropy_ap": 0.09543674601886418,
            "entropy_f1": 0.011363636363636364,
            "avg_normal_entropy": 2.30252742767334,
            "avg_abnormal_entropy": 2.301999092102051,
            "avg_normal_recon": 0.9346624612808228,
            "avg_abnormal_recon": 7.800217151641846
        },
        {
            "run": 2,
            "train_time": 6.390434503555298,
            "test_time": 0.05093979835510254,
            "epochs": 41,
            "rauc": 0.9614830368906456,
            "ap": 0.8305068022264118,
            "f1": 0.7954545454545454,
            "entropy_rauc": 0.33678153820816864,
            "entropy_ap": 0.13395709431888705,
            "entropy_f1": 0.13068181818181818,
            "avg_normal_entropy": 2.3024442195892334,
            "avg_abnormal_entropy": 2.302112340927124,
            "avg_normal_recon": 1.038779616355896,
            "avg_abnormal_recon": 7.552381992340088
        },
        {
            "run": 3,
            "train_time": 5.752655267715454,
            "test_time": 0.053784847259521484,
            "epochs": 33,
            "rauc": 0.9617232103645148,
            "ap": 0.8329507136799571,
            "f1": 0.7784090909090909,
            "entropy_rauc": 0.2832846124286342,
            "entropy_ap": 0.16580876094994926,
            "entropy_f1": 0.13636363636363635,
            "avg_normal_entropy": 1.5109167098999023,
            "avg_abnormal_entropy": 1.436837911605835,
            "avg_normal_recon": 0.8858088254928589,
            "avg_abnormal_recon": 7.148653984069824
        },
        {
            "run": 4,
            "train_time": 4.803196668624878,
            "test_time": 0.0516965389251709,
            "epochs": 28,
            "rauc": 0.9661835748792271,
            "ap": 0.8550467533592853,
            "f1": 0.8011363636363636,
            "entropy_rauc": 0.5808698397013614,
            "entropy_ap": 0.2031187601576798,
            "entropy_f1": 0.21022727272727273,
            "avg_normal_entropy": 2.0445384979248047,
            "avg_abnormal_entropy": 2.0528581142425537,
            "avg_normal_recon": 1.0019118785858154,
            "avg_abnormal_recon": 5.556481838226318
        },
        {
            "run": 5,
            "train_time": 4.073479652404785,
            "test_time": 0.05283164978027344,
            "epochs": 24,
            "rauc": 0.9668491985068072,
            "ap": 0.8709427782541854,
            "f1": 0.8068181818181818,
            "entropy_rauc": 0.4907155797101449,
            "entropy_ap": 0.17657530693249668,
            "entropy_f1": 0.1534090909090909,
            "avg_normal_entropy": 1.9079426527023315,
            "avg_abnormal_entropy": 1.9823769330978394,
            "avg_normal_recon": 0.7863230109214783,
            "avg_abnormal_recon": 6.72123384475708
        },
        {
            "run": 6,
            "train_time": 9.50961685180664,
            "test_time": 0.0525667667388916,
            "epochs": 55,
            "rauc": 0.9649964317083882,
            "ap": 0.8606707203240527,
            "f1": 0.8181818181818182,
            "entropy_rauc": 0.096419356609574,
            "entropy_ap": 0.09794948837247114,
            "entropy_f1": 0.0,
            "avg_normal_entropy": 2.3025715351104736,
            "avg_abnormal_entropy": 2.3025121688842773,
            "avg_normal_recon": 0.9698378443717957,
            "avg_abnormal_recon": 5.767712116241455
        },
        {
            "run": 7,
            "train_time": 6.203111886978149,
            "test_time": 0.051978111267089844,
            "epochs": 36,
            "rauc": 0.9708017676767677,
            "ap": 0.8611187404754037,
            "f1": 0.8125,
            "entropy_rauc": 0.4628966293368467,
            "entropy_ap": 0.16961494452960674,
            "entropy_f1": 0.1318051575931232,
            "avg_normal_entropy": 2.3020520210266113,
            "avg_abnormal_entropy": 2.302064895629883,
            "avg_normal_recon": 1.0076812505722046,
            "avg_abnormal_recon": 7.6222310066223145
        },
        {
            "run": 8,
            "train_time": 5.365890741348267,
            "test_time": 0.05415630340576172,
            "epochs": 31,
            "rauc": 0.9563844971453667,
            "ap": 0.8257126526686368,
            "f1": 0.7613636363636364,
            "entropy_rauc": 0.5608530961791831,
            "entropy_ap": 0.23412821573361595,
            "entropy_f1": 0.30113636363636365,
            "avg_normal_entropy": 2.1422481536865234,
            "avg_abnormal_entropy": 2.14151930809021,
            "avg_normal_recon": 0.9865517616271973,
            "avg_abnormal_recon": 8.02204418182373
        },
        {
            "run": 9,
            "train_time": 5.265092849731445,
            "test_time": 0.053751468658447266,
            "epochs": 30,
            "rauc": 0.938707729468599,
            "ap": 0.8115640138883482,
            "f1": 0.7102272727272727,
            "entropy_rauc": 0.36990832235397453,
            "entropy_ap": 0.13157254203698376,