{
    "model_config": {
        "num_features": 33,
        "hidden_dim": 64,
        "depth": 4,
        "depth_enc": null,
        "depth_dec": null,
        "num_heads": 4,
        "mlp_ratio": 4.0,
        "dropout_prob": 0.0,
        "temperature": 0.1,
        "imix_loss_weight": 0.1,
        "mixup_alpha": 0.9,
        "projector_dim": null,
        "use_flash_attn": false
    },
    "train_config": {
        "data_dir": "Data/",
        "epochs": 200,
        "learning_rate": 0.01,
        "sche_gamma": 0.95,
        "batch_size": 512,
        "random_seed": 42,
        "num_workers": 0,
        "preprocess": "standard",
        "patience": 10,
        "min_delta": 0,
        "use_amp": false,
        "model_type": "TAEIMIX",
        "dataset_name": "ionosphere",
        "base_path": "results/TAEIMIX-iw0.1/ionosphere/1.0",
        "exp_name": "TAEIMIX-iw0.1",
        "runs": 10,
        "train_ratio": 1.0
    },
    "mean_metrics": {
        "combined_f1": 0.8420634920634921,
        "imix_avg_abnormal": -1.415381634235382,
        "avg_abnormal": 3.4797823905944822,
        "rauc": 0.9265486725663716,
        "combined_avg_abnormal": 2.0644007444381716,
        "imix_avg_normal": -1.4191074132919312,
        "f1": 0.8436507936507937,
        "imix_f1": 0.6039682539682539,
        "combined_ap": 0.9389580229767864,
        "imix_ap": 0.6025189040792747,
        "avg_normal": 0.7288497656583786,
        "combined_rauc": 0.9252001685630005,
        "combined_avg_normal": -0.6902576297521591,
        "ap": 0.940084004451095,
        "imix_rauc": 0.5936086529006882
    },
    "std_metrics": {
        "combined_f1_std": 0.04962063184870028,
        "imix_avg_abnormal_std": 0.04936072402740269,
        "avg_abnormal_std": 0.26724606341421736,
        "rauc_std": 0.030837026383273666,
        "combined_avg_abnormal_std": 0.24667624998705465,
        "imix_avg_normal_std": 0.04786570474115806,
        "f1_std": 0.05045147642956451,
        "imix_f1_std": 0.06710457086961259,
        "combined_ap_std": 0.025752534935263863,
        "imix_ap_std": 0.10758817467237007,
        "avg_normal_std": 0.2748360509079064,
        "combined_rauc_std": 0.029732797043024523,
        "combined_avg_normal_std": 0.2347161465710719,
        "ap_std": 0.026608120440071534,
        "imix_rauc_std": 0.08922586423686513
    },
    "total_time": 135.8594298362732,
    "all_seeds": [
        {
            "run": 0,
            "train_time": 13.090981483459473,
            "test_time": 0.04675555229187012,
            "epochs": 154,
            "rauc": 0.9774546986936368,
            "ap": 0.9826238010314177,
            "f1": 0.9365079365079365,
            "avg_normal": 0.2800431251525879,
            "avg_abnormal": 3.1688570976257324,
            "imix_rauc": 0.5894788593903638,
            "imix_ap": 0.5305934413942928,
            "imix_f1": 0.6031746031746031,
            "imix_avg_normal": -1.3148119449615479,
            "imix_avg_abnormal": -1.3106753826141357,
            "combined_rauc": 0.972819216182048,
            "combined_ap": 0.9792388471892078,
            "combined_f1": 0.9285714285714286,
            "combined_avg_normal": -1.03476881980896,
            "combined_avg_abnormal": 1.8581818342208862
        },
        {
            "run": 1,
            "train_time": 10.874895572662354,
            "test_time": 0.04634857177734375,
            "epochs": 133,
            "rauc": 0.9341199606686332,
            "ap": 0.9464290159083386,
            "f1": 0.8412698412698413,
            "avg_normal": 0.47507810592651367,
            "avg_abnormal": 3.0395748615264893,
            "imix_rauc": 0.5566090743081893,
            "imix_ap": 0.5182441566624962,
            "imix_f1": 0.6349206349206349,
            "imix_avg_normal": -1.3797460794448853,
            "imix_avg_abnormal": -1.383049488067627,
            "combined_rauc": 0.9306082314931873,
            "combined_ap": 0.9434426868698675,
            "combined_f1": 0.8412698412698413,
            "combined_avg_normal": -0.9046677350997925,
            "combined_avg_abnormal": 1.6565251350402832
        },
        {
            "run": 2,
            "train_time": 12.403655767440796,
            "test_time": 0.04671287536621094,
            "epochs": 158,
            "rauc": 0.945778901531114,
            "ap": 0.9574659446638449,
            "f1": 0.8809523809523809,
            "avg_normal": 0.6917732954025269,
            "avg_abnormal": 3.834965467453003,
            "imix_rauc": 0.7180783817951959,
            "imix_ap": 0.7576522903066815,
            "imix_f1": 0.6666666666666666,
            "imix_avg_normal": -1.3853625059127808,
            "imix_avg_abnormal": -1.3674544095993042,
            "combined_rauc": 0.9449360865290068,
            "combined_ap": 0.9568400491676824,
            "combined_f1": 0.8809523809523809,
            "combined_avg_normal": -0.6935892701148987,
            "combined_avg_abnormal": 2.4675114154815674
        },
        {
            "run": 3,
            "train_time": 11.7195565700531,
            "test_time": 0.03546142578125,
            "epochs": 139,
            "rauc": 0.9640398932434331,
            "ap": 0.9725261093188396,
            "f1": 0.9047619047619048,
            "avg_normal": 0.3781351149082184,
            "avg_abnormal": 3.171912670135498,
            "imix_rauc": 0.5986093552465234,
            "imix_ap": 0.53543924508113,
            "imix_f1": 0.6587301587301587,
            "imix_avg_normal": -1.3880808353424072,
            "imix_avg_abnormal": -1.3839852809906006,
            "combined_rauc": 0.9618626211546565,
            "combined_ap": 0.9704038890119101,
            "combined_f1": 0.9047619047619048,
            "combined_avg_normal": -1.0099457502365112,
            "combined_avg_abnormal": 1.7879270315170288
        },
        {
            "run": 4,
            "train_time": 17.72772526741028,
            "test_time": 0.02550983428955078,
            "epochs": 200,
            "rauc": 0.9020227560050569,
            "ap": 0.9178695439514879,
            "f1": 0.7936507936507936,
            "avg_normal": 0.9323383569717407,
            "avg_abnormal": 3.4579222202301025,
            "imix_rauc": 0.5060752914735216,
            "imix_ap": 0.5134720719044878,
            "imix_f1": 0.5079365079365079,
            "imix_avg_normal": -1.4709374904632568,
            "imix_avg_abnormal": -1.4709992408752441,
            "combined_rauc": 0.9020227560050569,
            "combined_ap": 0.9178695439514879,
            "combined_f1": 0.7936507936507936,
            "combined_avg_normal": -0.5385990738868713,
            "combined_avg_abnormal": 1.9869232177734375
        },
        {
            "run": 5,
            "train_time": 17.435394525527954,
            "test_time": 0.3103523254394531,
            "epochs": 200,
            "rauc": 0.9522404832139345,
            "ap": 0.9632369895314634,
            "f1": 0.873015873015873,
            "avg_normal": 0.5694446563720703,
            "avg_abnormal": 3.5401182174682617,
            "imix_rauc": 0.49157184997892966,
            "imix_ap": 0.5091485048475317,
            "imix_f1": 0.5476190476190477,
            "imix_avg_normal": -1.4422117471694946,
            "imix_avg_abnormal": -1.443650484085083,
            "combined_rauc": 0.9516786065458632,
            "combined_ap": 0.9627349323314826,
            "combined_f1": 0.873015873015873,
            "combined_avg_normal": -0.8727671504020691,
            "combined_avg_abnormal": 2.0964677333831787
        },
        {
            "run": 6,
            "train_time": 14.948792934417725,
            "test_time": 0.15668177604675293,
            "epochs": 184,
            "rauc": 0.8810928501193988,
            "ap": 0.9009957182123867,
            "f1": 0.7777777777777778,
            "avg_normal": 1.1230037212371826,
            "avg_abnormal": 3.8598058223724365,
            "imix_rauc": 0.7582174462705435,