{
    "model_config": {
        "hidden_dim": 64,
        "depth": 4,
        "num_heads": 4,
        "mlp_ratio": 4.0,
        "dropout_prob": 0.0,
        "num_prototypes": 32,
        "temperature": 0.1,
        "sinkhorn_iters": 3,
        "sinkhorn_eps": 0.1,
        "contrastive_loss_weight": 0.1,
        "use_flash_attn": false,
        "num_features": 33
    },
    "train_config": {
        "data_dir": "Data/",
        "epochs": 250,
        "learning_rate": 0.01,
        "sche_gamma": 0.95,
        "batch_size": 32,
        "random_seed": 42,
        "num_workers": 0,
        "preprocess": "standard",
        "patience": 5,
        "use_amp": false,
        "model_type": "ProtoAD",
        "dataset_name": "ionosphere",
        "base_path": "results/ProtoAD-d64-proto32-eps0.1-contra0.1-temp0.1/ionosphere/1.0",
        "exp_name": "ProtoAD-d64-proto32-eps0.1-contra0.1-temp0.1",
        "runs": 10,
        "train_ratio": 1.0,
        "run": 9
    },
    "mean_metrics": {
        "rauc": 0.9631830313246242,
        "ap": 0.9706551375623436,
        "f1": 0.8984126984126984,
        "entropy_rauc": 0.33166877370417197,
        "entropy_ap": 0.43481138412904485,
        "entropy_f1": 0.4134920634920635,
        "avg_normal_entropy": 3.0926122188568117,
        "avg_abnormal_entropy": 2.9563234090805053,
        "avg_normal_recon": 0.4292555421590805,
        "avg_abnormal_recon": 3.4463188648223877
    },
    "std_metrics": {
        "rauc_std": 0.01952227829021456,
        "ap_std": 0.016177196930093934,
        "f1_std": 0.03545763159315664,
        "entropy_rauc_std": 0.11655071416035336,
        "entropy_ap_std": 0.06879436534647446,
        "entropy_f1_std": 0.08236015274017669,
        "avg_normal_entropy_std": 0.16740091495564527,
        "avg_abnormal_entropy_std": 0.2544278932071055,
        "avg_normal_recon_std": 0.13121719690668987,
        "avg_abnormal_recon_std": 0.505072621404555
    },
    "total_time": 23.878349781036377,
    "all_seeds": [
        {
            "run": 0,
            "train_time": 2.822066068649292,
            "test_time": 0.06556844711303711,
            "epochs": 11,
            "rauc": 0.9796319707824133,
            "ap": 0.9838596702875476,
            "f1": 0.9285714285714286,
            "entropy_rauc": 0.36866132883832003,
            "entropy_ap": 0.4257926909367523,
            "entropy_f1": 0.47619047619047616,
            "avg_normal_entropy": 3.1780810356140137,
            "avg_abnormal_entropy": 3.077805995941162,
            "avg_normal_recon": 0.4345482587814331,
            "avg_abnormal_recon": 4.594326972961426
        },
        {
            "run": 1,
            "train_time": 2.6583855152130127,
            "test_time": 0.06407952308654785,
            "epochs": 16,
            "rauc": 0.9315915156623121,
            "ap": 0.9433832080732765,
            "f1": 0.8492063492063492,
            "entropy_rauc": 0.27342323360022475,
            "entropy_ap": 0.40556887822799004,
            "entropy_f1": 0.35714285714285715,
            "avg_normal_entropy": 3.2692031860351562,
            "avg_abnormal_entropy": 3.2484257221221924,
            "avg_normal_recon": 0.4239232838153839,
            "avg_abnormal_recon": 2.7843992710113525
        },
        {
            "run": 2,
            "train_time": 2.205263376235962,
            "test_time": 0.06477832794189453,
            "epochs": 13,
            "rauc": 0.9754881303553871,
            "ap": 0.9811665832159855,
            "f1": 0.9285714285714286,
            "entropy_rauc": 0.28711897738446407,
            "entropy_ap": 0.4070407046302923,
            "entropy_f1": 0.35714285714285715,
            "avg_normal_entropy": 3.027791976928711,
            "avg_abnormal_entropy": 2.77136492729187,
            "avg_normal_recon": 0.3875744938850403,
            "avg_abnormal_recon": 3.6416335105895996
        },
        {
            "run": 3,
            "train_time": 1.9391076564788818,
            "test_time": 0.06140017509460449,
            "epochs": 11,
            "rauc": 0.9400899002668914,
            "ap": 0.9510003044573825,
            "f1": 0.8650793650793651,
            "entropy_rauc": 0.22650653181626634,
            "entropy_ap": 0.4138735960674452,
            "entropy_f1": 0.373015873015873,
            "avg_normal_entropy": 3.22737979888916,
            "avg_abnormal_entropy": 3.0454092025756836,
            "avg_normal_recon": 0.5559731125831604,
            "avg_abnormal_recon": 3.1026127338409424
        },
        {
            "run": 4,
            "train_time": 2.3938350677490234,
            "test_time": 0.0639486312866211,
            "epochs": 14,
            "rauc": 0.9821604157887344,
            "ap": 0.9869943302833146,
            "f1": 0.9365079365079365,
            "entropy_rauc": 0.6127265065318163,
            "entropy_ap": 0.6317900571605388,
            "entropy_f1": 0.6031746031746031,
            "avg_normal_entropy": 3.2983765602111816,
            "avg_abnormal_entropy": 3.369452953338623,
            "avg_normal_recon": 0.27802208065986633,
            "avg_abnormal_recon": 3.0593862533569336
        },
        {
            "run": 5,
            "train_time": 1.388725996017456,
            "test_time": 0.06273150444030762,
            "epochs": 8,
            "rauc": 0.9699395982581823,
            "ap": 0.9776006977024103,
            "f1": 0.9047619047619048,
            "entropy_rauc": 0.25143980896193285,
            "entropy_ap": 0.38565267717898977,
            "entropy_f1": 0.3968253968253968,
            "avg_normal_entropy": 2.8821983337402344,
            "avg_abnormal_entropy": 2.5893545150756836,
            "avg_normal_recon": 0.49507826566696167,
            "avg_abnormal_recon": 3.866241216659546
        },
        {
            "run": 6,
            "train_time": 2.187199115753174,
            "test_time": 0.06145477294921875,
            "epochs": 13,
            "rauc": 0.9561033853069252,
            "ap": 0.9631604045275171,
            "f1": 0.873015873015873,
            "entropy_rauc": 0.4130495856159573,
            "entropy_ap": 0.4563017561000514,
            "entropy_f1": 0.3968253968253968,
            "avg_normal_entropy": 3.0127575397491455,
            "avg_abnormal_entropy": 2.9708411693573,
            "avg_normal_recon": 0.3413418233394623,
            "avg_abnormal_recon": 2.916496515274048
        },
        {
            "run": 7,
            "train_time": 1.3740262985229492,
            "test_time": 0.06315255165100098,
            "epochs": 8,
            "rauc": 0.9352437140047759,
            "ap": 0.9498570092729277,
            "f1": 0.8412698412698413,
            "entropy_rauc": 0.32918949290630706,
            "entropy_ap": 0.4092030606170922,
            "entropy_f1": 0.42063492063492064,
            "avg_normal_entropy": 2.747529983520508,
            "avg_abnormal_entropy": 2.6099390983581543,
            "avg_normal_recon": 0.7367716431617737,
            "avg_abnormal_recon": 3.5806162357330322
        },
        {
            "run": 8,
            "train_time": 2.397019147872925,
            "test_time": 0.06577014923095703,
            "epochs": 14,
            "rauc": 0.9815985391206631,
            "ap": 0.9847712342247313,
            "f1": 0.9285714285714286,
            "entropy_rauc": 0.377440651776935,
            "entropy_ap": 0.43130990785190315,
            "entropy_f1": 0.46825396825396826,
            "avg_normal_entropy": 3.177074432373047,
            "avg_abnormal_entropy": 3.1391425132751465,
            "avg_normal_recon": 0.2995684742927551,
            "avg_abnormal_recon": 3.3764760494232178
        },
        {
            "run": 9,
            "train_time": 1.7409589290618896,
            "test_time": 0.0663595199584961,
            "epochs": 10,
            "rauc": 0.9799831436999579,
            "ap": 0.9847579335783441,
            "f1": 0.9285714285714286,
            "entropy_rauc": 0.1771316196094957,