{
    "model_config": {
        "hidden_dim": 32,
        "depth": 4,
        "num_heads": 4,
        "mlp_ratio": 4.0,
        "dropout_prob": 0.0,
        "num_prototypes": 32,
        "temperature": 0.1,
        "sinkhorn_iters": 3,
        "sinkhorn_eps": 0.1,
        "contrastive_loss_weight": 1.0,
        "use_flash_attn": false,
        "num_features": 6
    },
    "train_config": {
        "data_dir": "Data/",
        "epochs": 250,
        "learning_rate": 0.01,
        "sche_gamma": 0.95,
        "batch_size": 256,
        "random_seed": 42,
        "num_workers": 0,
        "preprocess": "standard",
        "patience": 20,
        "use_amp": false,
        "model_type": "ProtoAD",
        "dataset_name": "thyroid",
        "base_path": "results/ProtoAD-d32-proto32-eps0.1-contra1.0-temp0.1/thyroid/1.0",
        "exp_name": "ProtoAD-d32-proto32-eps0.1-contra1.0-temp0.1",
        "runs": 10,
        "train_ratio": 1.0,
        "run": 9
    },
    "mean_metrics": {
        "rauc": 0.972511103319308,
        "ap": 0.7796367601286806,
        "f1": 0.7161290322580646,
        "entropy_rauc": 0.29015340112201965,
        "entropy_ap": 0.037089326563952786,
        "entropy_f1": 0.00967741935483871,
        "avg_normal_entropy": 2.697685217857361,
        "avg_abnormal_entropy": 2.4813970565795898,
        "avg_normal_recon": 0.6074231505393982,
        "avg_abnormal_recon": 111.51338157653808
    },
    "std_metrics": {
        "rauc_std": 0.007397950659032384,
        "ap_std": 0.0264831854614424,
        "f1_std": 0.03372986482012498,
        "entropy_rauc_std": 0.17907470829834035,
        "entropy_ap_std": 0.011718025175521672,
        "entropy_f1_std": 0.014782502241793033,
        "avg_normal_entropy_std": 0.11953080661590483,
        "avg_abnormal_entropy_std": 0.28005216461298765,
        "avg_normal_recon_std": 0.12056285682627285,
        "avg_abnormal_recon_std": 30.151909586012096
    },
    "total_time": 74.49652624130249,
    "all_seeds": [
        {
            "run": 0,
            "train_time": 7.982677698135376,
            "test_time": 0.07370758056640625,
            "epochs": 21,
            "rauc": 0.9722358578775129,
            "ap": 0.7697352873966608,
            "f1": 0.6989247311827957,
            "entropy_rauc": 0.5871610565684899,
            "entropy_ap": 0.06469309144243265,
            "entropy_f1": 0.03225806451612903,
            "avg_normal_entropy": 2.699306011199951,
            "avg_abnormal_entropy": 2.77689528465271,
            "avg_normal_recon": 0.6451578140258789,
            "avg_abnormal_recon": 86.79759979248047
        },
        {
            "run": 1,
            "train_time": 7.144527435302734,
            "test_time": 0.07633161544799805,
            "epochs": 22,
            "rauc": 0.9735682561944834,
            "ap": 0.7760190766198348,
            "f1": 0.7311827956989247,
            "entropy_rauc": 0.39222183263207105,
            "entropy_ap": 0.03653550121046612,
            "entropy_f1": 0.0,
            "avg_normal_entropy": 2.5483999252319336,
            "avg_abnormal_entropy": 2.4995276927948,
            "avg_normal_recon": 0.42356255650520325,
            "avg_abnormal_recon": 64.33523559570312
        },
        {
            "run": 2,
            "train_time": 7.061283349990845,
            "test_time": 0.07467198371887207,
            "epochs": 21,
            "rauc": 0.9645511921458626,
            "ap": 0.7963744820671483,
            "f1": 0.7311827956989247,
            "entropy_rauc": 0.5628740065451145,
            "entropy_ap": 0.049537253549448795,
            "entropy_f1": 0.0,
            "avg_normal_entropy": 2.692424774169922,
            "avg_abnormal_entropy": 2.7947652339935303,
            "avg_normal_recon": 0.41546961665153503,
            "avg_abnormal_recon": 62.392887115478516
        },
        {
            "run": 3,
            "train_time": 6.8272740840911865,
            "test_time": 0.0841221809387207,
            "epochs": 21,
            "rauc": 0.9651297335203365,
            "ap": 0.7756385028403794,
            "f1": 0.6989247311827957,
            "entropy_rauc": 0.03282491818606825,
            "entropy_ap": 0.025293785884364928,
            "entropy_f1": 0.0,
            "avg_normal_entropy": 2.733670711517334,
            "avg_abnormal_entropy": 1.8478798866271973,
            "avg_normal_recon": 0.669904351234436,
            "avg_abnormal_recon": 106.85791778564453
        },
        {
            "run": 4,
            "train_time": 6.9200005531311035,
            "test_time": 0.07671213150024414,
            "epochs": 21,
            "rauc": 0.9688055165965405,
            "ap": 0.7729736945695906,
            "f1": 0.7096774193548387,
            "entropy_rauc": 0.36086079943899024,
            "entropy_ap": 0.03637255620124145,
            "entropy_f1": 0.0,
            "avg_normal_entropy": 2.743321657180786,
            "avg_abnormal_entropy": 2.7452847957611084,
            "avg_normal_recon": 0.760670006275177,
            "avg_abnormal_recon": 133.67764282226562
        },
        {
            "run": 5,
            "train_time": 7.603953838348389,
            "test_time": 0.0758819580078125,
            "epochs": 23,
            "rauc": 0.9887447405329594,
            "ap": 0.8440294614710202,
            "f1": 0.7849462365591398,
            "entropy_rauc": 0.15370500233754092,
            "entropy_ap": 0.027217574787838778,
            "entropy_f1": 0.0,
            "avg_normal_entropy": 2.6896817684173584,
            "avg_abnormal_entropy": 2.434274911880493,
            "avg_normal_recon": 0.6229536533355713,
            "avg_abnormal_recon": 117.33705139160156
        },
        {
            "run": 6,
            "train_time": 7.107999324798584,
            "test_time": 0.0769655704498291,
            "epochs": 22,
            "rauc": 0.9790790088826554,
            "ap": 0.786510530457999,
            "f1": 0.7526881720430108,
            "entropy_rauc": 0.21615240766713417,
            "entropy_ap": 0.028876846247641155,
            "entropy_f1": 0.0,
            "avg_normal_entropy": 2.469461441040039,
            "avg_abnormal_entropy": 2.138216972351074,
            "avg_normal_recon": 0.5376578569412231,
            "avg_abnormal_recon": 133.49436950683594
        },
        {
            "run": 7,
            "train_time": 7.346395015716553,
            "test_time": 0.05451607704162598,
            "epochs": 22,
            "rauc": 0.9774018232819075,
            "ap": 0.7746754738755093,
            "f1": 0.6989247311827957,
            "entropy_rauc": 0.22273258532024312,
            "entropy_ap": 0.04166446060266075,
            "entropy_f1": 0.03225806451612903,
            "avg_normal_entropy": 2.7882659435272217,
            "avg_abnormal_entropy": 2.5578300952911377,
            "avg_normal_recon": 0.627590537071228,
            "avg_abnormal_recon": 120.48116302490234
        },
        {
            "run": 8,
            "train_time": 7.025204658508301,
            "test_time": 0.07696223258972168,
            "epochs": 21,
            "rauc": 0.9722417017297803,
            "ap": 0.7676877467869524,
            "f1": 0.6989247311827957,
            "entropy_rauc": 0.0717741935483871,
            "entropy_ap": 0.02590073065439967,
            "entropy_f1": 0.0,
            "avg_normal_entropy": 2.9351823329925537,
            "avg_abnormal_entropy": 2.513683795928955,
            "avg_normal_recon": 0.8042542338371277,
            "avg_abnormal_recon": 160.7673797607422
        },
        {
            "run": 9,
            "train_time": 6.876692295074463,
            "test_time": 0.07378077507019043,
            "epochs": 21,
            "rauc": 0.9633532024310427,
            "ap": 0.7327233452017099,
            "f1": 0.6559139784946236,
            "entropy_rauc": 0.30122720897615707,
            "entropy_ap": 0.034801465059033525,
            "entropy_f1": 0.03225806451612903,