{
    "model_config": {
        "num_features": 9,
        "hidden_dim": 64,
        "depth": 4,
        "depth_enc": null,
        "depth_dec": null,
        "num_heads": 4,
        "mlp_ratio": 4.0,
        "dropout_prob": 0.0,
        "temperature": 0.1,
        "byol_loss_weight": 0.1,
        "dacl_alpha": 0.9,
        "projector_dim": null,
        "byol_momentum": 0.99,
        "use_flash_attn": false
    },
    "train_config": {
        "data_dir": "Data/",
        "epochs": 200,
        "learning_rate": 0.01,
        "sche_gamma": 0.95,
        "batch_size": 128,
        "random_seed": 42,
        "num_workers": 0,
        "preprocess": "standard",
        "patience": 10,
        "min_delta": 0,
        "use_amp": false,
        "model_type": "TAEDACL",
        "dataset_name": "breastw",
        "base_path": "results/TAEDACL-260125-bw0.1-ap0.9-ep200-ep90/breastw/1.0",
        "exp_name": "TAEDACL-260125-bw0.1-ap0.9-ep200-ep90",
        "runs": 10,
        "train_ratio": 1.0
    },
    "start_time_kst": "2026-01-25T16:14:55+09:00",
    "mean_metrics": {
        "rauc": 0.9879735383919485,
        "ap": 0.9847700787089148,
        "f1": 0.9577405857740586,
        "avg_normal": 0.4711862251162529,
        "avg_abnormal": 13.907369232177734
    },
    "std_metrics": {
        "rauc_std": 0.003015101951454615,
        "ap_std": 0.0057977325084406115,
        "f1_std": 0.006048883805356062,
        "avg_normal_std": 0.14612267259060852,
        "avg_abnormal_std": 2.937550375055677
    },
    "total_time": 234.8850474357605,
    "all_seeds": [
        {
            "rauc": 0.9835274605149081,
            "ap": 0.9816571323492115,
            "f1": 0.9497907949790795,
            "avg_normal": 0.4002155661582947,
            "avg_abnormal": 13.458932876586914,
            "run": 0,
            "epochs": 143,
            "train_time": 26.396243810653687,
            "test_time": 0.06966638565063477
        },
        {
            "rauc": 0.9886162312940555,
            "ap": 0.9857037570081517,
            "f1": 0.9497907949790795,
            "avg_normal": 0.5475068688392639,
            "avg_abnormal": 13.106891632080078,
            "run": 1,
            "epochs": 131,
            "train_time": 23.2130708694458,
            "test_time": 0.05525088310241699
        },
        {
            "rauc": 0.9929322628067399,
            "ap": 0.9924623489227975,
            "f1": 0.9665271966527197,
            "avg_normal": 0.22012610733509064,
            "avg_abnormal": 11.510797500610352,
            "run": 2,
            "epochs": 158,
            "train_time": 28.528303146362305,
            "test_time": 0.05559277534484863
        },
        {
            "rauc": 0.9842059632854613,
            "ap": 0.9721046130695228,
            "f1": 0.9623430962343096,
            "avg_normal": 0.7912736535072327,
            "avg_abnormal": 20.34198760986328,
            "run": 3,
            "epochs": 147,
            "train_time": 26.780171632766724,
            "test_time": 0.06757521629333496
        },
        {
            "rauc": 0.9886916204907836,
            "ap": 0.9875741891500602,
            "f1": 0.9581589958158996,
            "avg_normal": 0.5138386487960815,
            "avg_abnormal": 16.823339462280273,
            "run": 4,
            "epochs": 133,
            "train_time": 24.01644015312195,
            "test_time": 0.0534060001373291
        },
        {
            "rauc": 0.9866561121791247,
            "ap": 0.9805881579003015,
            "f1": 0.9581589958158996,
            "avg_normal": 0.38126662373542786,
            "avg_abnormal": 11.410195350646973,
            "run": 5,
            "epochs": 98,
            "train_time": 15.992366313934326,
            "test_time": 0.05444693565368652
        },
        {
            "rauc": 0.9877304082325004,
            "ap": 0.986395977810355,
            "f1": 0.9497907949790795,
            "avg_normal": 0.5533421635627747,
            "avg_abnormal": 14.277259826660156,
            "run": 6,
            "epochs": 142,
            "train_time": 25.460182666778564,
            "test_time": 0.05178713798522949
        },
        {
            "rauc": 0.9852802593388368,
            "ap": 0.9810921025041395,
            "f1": 0.9581589958158996,
            "avg_normal": 0.4682507812976837,
            "avg_abnormal": 12.673293113708496,
            "run": 7,
            "epochs": 107,
            "train_time": 16.712735176086426,
            "test_time": 0.05173516273498535
        },
        {
            "rauc": 0.992366843831279,
            "ap": 0.9921196712406011,
            "f1": 0.9665271966527197,
            "avg_normal": 0.33184245228767395,
            "avg_abnormal": 9.640565872192383,
            "run": 8,
            "epochs": 121,
            "train_time": 21.45736074447632,
            "test_time": 0.05209541320800781
        },
        {
            "rauc": 0.9897282219457952,
            "ap": 0.9880028371340059,
            "f1": 0.9581589958158996,
            "avg_normal": 0.5041993856430054,
            "avg_abnormal": 15.830429077148438,
            "run": 9,
            "epochs": 133,
            "train_time": 23.630661010742188,
            "test_time": 0.05144929885864258
        }
    ]
}