{
    "model_config": {
        "num_features": 36,
        "hidden_dim": 128,
        "depth": 4,
        "num_heads": 4,
        "mlp_ratio": 4.0,
        "dropout_prob": 0.0,
        "temperature": 0.1,
        "contrastive_loss_weight": 0.2,
        "use_flash_attn": false
    },
    "train_config": {
        "data_dir": "Data/",
        "epochs": 200,
        "learning_rate": 0.001,
        "sche_gamma": 0.95,
        "batch_size": 512,
        "random_seed": 42,
        "num_workers": 0,
        "preprocess": "standard",
        "patience": 10,
        "min_delta": 0,
        "use_amp": false,
        "model_type": "TAECL",
        "dataset_name": "satellite",
        "base_path": "results/TAECL-temp0.1-contra0.2/satellite/1.0",
        "exp_name": "TAECL-temp0.1-contra0.2",
        "runs": 10,
        "train_ratio": 1.0
    },
    "mean_metrics": {
        "contra_ap": 0.6025323010002126,
        "avg_normal": 0.04548066332936287,
        "avg_abnormal": 1.2553048610687256,
        "f1": 0.7643909626719056,
        "rauc": 0.8530315681371674,
        "contra_avg_normal": -1.8761728286743165,
        "contra_avg_abnormal": -1.859113049507141,
        "combined_ap": 0.8616763708654117,
        "combined_f1": 0.737524557956778,
        "contra_f1": 0.5585461689587425,
        "combined_rauc": 0.8263387658510449,
        "combined_avg_normal": -1.8306921601295472,
        "ap": 0.881162301982101,
        "combined_avg_abnormal": -0.6038082361221313,
        "contra_rauc": 0.6082386028755136
    },
    "std_metrics": {
        "contra_ap_std": 0.10306497329994639,
        "avg_normal_std": 0.001763929617446142,
        "avg_abnormal_std": 0.09809183057092621,
        "f1_std": 0.006358756423780814,
        "rauc_std": 0.008194109390119303,
        "contra_avg_normal_std": 0.011212020518176343,
        "contra_avg_abnormal_std": 0.01811578764538282,
        "combined_ap_std": 0.013259554616586258,
        "combined_f1_std": 0.01943799123321138,
        "contra_f1_std": 0.07514824658861234,
        "combined_rauc_std": 0.01674094837211023,
        "combined_avg_normal_std": 0.011131461556242894,
        "ap_std": 0.005058792949343278,
        "combined_avg_abnormal_std": 0.10766697480349413,
        "contra_rauc_std": 0.09353310372364604
    },
    "total_time": 205.358980178833,
    "all_seeds": [
        {
            "run": 0,
            "train_time": 17.95270085334778,
            "test_time": 0.1895287036895752,
            "epochs": 96,
            "rauc": 0.8535876942311127,
            "ap": 0.8801066578424102,
            "f1": 0.768664047151277,
            "avg_normal": 0.04757315665483475,
            "avg_abnormal": 1.3344080448150635,
            "contra_rauc": 0.6936936283264868,
            "contra_ap": 0.6840223172178055,
            "contra_f1": 0.6232809430255403,
            "contra_avg_normal": -1.8818284273147583,
            "contra_avg_abnormal": -1.8516016006469727,
            "combined_rauc": 0.8401978031791391,
            "combined_ap": 0.8694423524247716,
            "combined_f1": 0.7578585461689588,
            "combined_avg_normal": -1.8342550992965698,
            "combined_avg_abnormal": -0.5171936750411987
        },
        {
            "run": 1,
            "train_time": 22.80053687095642,
            "test_time": 0.17069244384765625,
            "epochs": 115,
            "rauc": 0.8609588765851046,
            "ap": 0.8869398791255192,
            "f1": 0.7652259332023575,
            "avg_normal": 0.044028107076883316,
            "avg_abnormal": 1.134666085243225,
            "contra_rauc": 0.5876560546526165,
            "contra_ap": 0.5621311509147289,
            "contra_f1": 0.5525540275049116,
            "contra_avg_normal": -1.8828457593917847,
            "contra_avg_abnormal": -1.8705549240112305,
            "combined_rauc": 0.8357177621003751,
            "combined_ap": 0.8712439015902436,
            "combined_f1": 0.7490176817288802,
            "combined_avg_normal": -1.8388174772262573,
            "combined_avg_abnormal": -0.7358888387680054
        },
        {
            "run": 2,
            "train_time": 21.011895656585693,
            "test_time": 0.16649937629699707,
            "epochs": 114,
            "rauc": 0.8561917306661905,
            "ap": 0.8818607383605523,
            "f1": 0.7706286836935167,
            "avg_normal": 0.046449802815914154,
            "avg_abnormal": 1.245924949645996,
            "contra_rauc": 0.6424524468655117,
            "contra_ap": 0.6215217883938521,
            "contra_f1": 0.5795677799607073,
            "contra_avg_normal": -1.8617223501205444,
            "contra_avg_abnormal": -1.8410849571228027,
            "combined_rauc": 0.8157813895338454,
            "combined_ap": 0.8523697405325309,
            "combined_f1": 0.7293713163064833,
            "combined_avg_normal": -1.815272569656372,
            "combined_avg_abnormal": -0.5951602458953857
        },
        {
            "run": 3,
            "train_time": 22.39504313468933,
            "test_time": 0.16796255111694336,
            "epochs": 117,
            "rauc": 0.8479299874977675,
            "ap": 0.8810513422917187,
            "f1": 0.7568762278978389,
            "avg_normal": 0.04371558874845505,
            "avg_abnormal": 1.3481312990188599,
            "contra_rauc": 0.6834314163243437,
            "contra_ap": 0.7031660399598636,
            "contra_f1": 0.6173870333988212,
            "contra_avg_normal": -1.8902853727340698,
            "contra_avg_abnormal": -1.85908842086792,
            "combined_rauc": 0.8343707581711022,
            "combined_ap": 0.8712595095761875,
            "combined_f1": 0.7401768172888016,
            "combined_avg_normal": -1.8465697765350342,
            "combined_avg_abnormal": -0.5109569430351257
        },
        {
            "run": 4,
            "train_time": 20.76053810119629,
            "test_time": 0.16907095909118652,
            "epochs": 111,
            "rauc": 0.8458825236649401,
            "ap": 0.8796766000540404,
            "f1": 0.7657170923379175,
            "avg_normal": 0.04430731385946274,
            "avg_abnormal": 1.2235833406448364,
            "contra_rauc": 0.5335711734238257,
            "contra_ap": 0.5250623776575764,
            "contra_f1": 0.49754420432220037,
            "contra_avg_normal": -1.8717507123947144,
            "contra_avg_abnormal": -1.8647111654281616,
            "combined_rauc": 0.8131750089301661,
            "combined_ap": 0.8538171617892655,
            "combined_f1": 0.7224950884086444,
            "combined_avg_normal": -1.8274435997009277,
            "combined_avg_abnormal": -0.6411279439926147
        },
        {
            "run": 5,
            "train_time": 17.968390226364136,
            "test_time": 0.2294151782989502,
            "epochs": 96,
            "rauc": 0.8499207447758528,
            "ap": 0.8790380929015142,
            "f1": 0.7608055009823183,
            "avg_normal": 0.04619381204247475,
            "avg_abnormal": 1.2315374612808228,
            "contra_rauc": 0.6565819789248081,
            "contra_ap": 0.692277827436148,
            "contra_f1": 0.5967583497053045,
            "contra_avg_normal": -1.877197265625,
            "contra_avg_abnormal": -1.8520697355270386,
            "combined_rauc": 0.824018463118414,
            "combined_ap": 0.8613383048815568,
            "combined_f1": 0.7387033398821218,
            "combined_avg_normal": -1.8310035467147827,
            "combined_avg_abnormal": -0.6205323934555054
        },
        {
            "run": 6,
            "train_time": 21.34039568901062,
            "test_time": 0.23786711692810059,
            "epochs": 122,
            "rauc": 0.8711113591712806,
            "ap": 0.891983240092736,
            "f1": 0.7755402750491159,
            "avg_normal": 0.04527243971824646,
            "avg_abnormal": 1.3811397552490234,
            "contra_rauc": 0.7363165297374531,