{
    "model_config": {
        "num_heads": 4,
        "num_latents": 4,
        "num_memories": 28,
        "depth": 4,
        "hidden_dim": 32,
        "mlp_ratio": 4.0,
        "dropout_prob": 0.0,
        "temperature": 0.1,
        "sim_type": "cos",
        "use_oe": true,
        "oe_lambda": 1.0,
        "oe_shuffle_ratio": 0.5,
        "oe_lambda_memory": 1.0,
        "is_weight_sharing": false,
        "use_pos_enc_as_query": false,
        "use_mask_token": false,
        "num_features": 21
    },
    "train_config": {
        "data_dir": "Data/",
        "epochs": 250,
        "learning_rate": 0.01,
        "sche_gamma": 0.95,
        "batch_size": 512,
        "random_seed": 42,
        "num_workers": 0,
        "preprocess": "standard",
        "model_type": "OELATTE",
        "dataset_name": "cardio",
        "train_ratio": 1.0,
        "base_path": "results/OELATTE-d32-oe_lam1.0-oe_rat0.5-oe_lam_mem1.0/cardio/1.0",
        "not_use_power_of_two": false,
        "num_memories_not_use_power_of_two": false,
        "num_memories_twice": false,
        "contamination_ratio": null,
        "latent_ratio": null,
        "memory_ratio": null,
        "run": 9
    },
    "mean_metrics": {
        "AUC-ROC": 0.9633776624945103,
        "AUC-PR": 0.8520504242712071,
        "f1": 0.79375
    },
    "total_time": 36.779054403305054,
    "all_seeds": [
        {
            "run": 0,
            "AUC-ROC": 0.9675697189284146,
            "AUC-PR": 0.8544698985086177,
            "f1": 0.8125,
            "train_time": 4.309130430221558,
            "test_time": 0.028551816940307617,
            "epochs": 29
        },
        {
            "run": 1,
            "AUC-ROC": 0.9669246815985946,
            "AUC-PR": 0.8761384862935531,
            "f1": 0.8068181818181818,
            "train_time": 2.5441195964813232,
            "test_time": 0.02871394157409668,
            "epochs": 29
        },
        {
            "run": 2,
            "AUC-ROC": 0.9694499341238472,
            "AUC-PR": 0.8522058579735363,
            "f1": 0.8068181818181818,
            "train_time": 3.255789041519165,
            "test_time": 0.03118586540222168,
            "epochs": 27
        },
        {
            "run": 3,
            "AUC-ROC": 0.968887241985068,
            "AUC-PR": 0.8516883924907102,
            "f1": 0.8181818181818182,
            "train_time": 3.2944447994232178,
            "test_time": 0.029354095458984375,
            "epochs": 29
        },
        {
            "run": 4,
            "AUC-ROC": 0.967885375494071,
            "AUC-PR": 0.8686660141995793,
            "f1": 0.8011363636363636,
            "train_time": 3.360975980758667,
            "test_time": 0.028154611587524414,
            "epochs": 29
        },
        {
            "run": 5,
            "AUC-ROC": 0.9629309398331137,
            "AUC-PR": 0.8662868945307621,
            "f1": 0.7954545454545454,
            "train_time": 3.3508353233337402,
            "test_time": 0.15380191802978516,
            "epochs": 29
        },
        {
            "run": 6,
            "AUC-ROC": 0.9670207509881423,
            "AUC-PR": 0.8671172470124973,
            "f1": 0.8181818181818182,
            "train_time": 3.387972354888916,
            "test_time": 0.028807640075683594,
            "epochs": 29
        },
        {
            "run": 7,
            "AUC-ROC": 0.9650856389986825,
            "AUC-PR": 0.8472823214809776,
            "f1": 0.7954545454545454,
            "train_time": 3.5112478733062744,
            "test_time": 0.01999640464782715,
            "epochs": 29
        },
        {
            "run": 8,
            "AUC-ROC": 0.9403683574879227,
            "AUC-PR": 0.7924823546559824,
            "f1": 0.7329545454545454,
            "train_time": 3.3640544414520264,
            "test_time": 0.04262113571166992,
            "epochs": 28
        },
        {
            "run": 9,
            "AUC-ROC": 0.9576539855072465,
            "AUC-PR": 0.8441667755658557,
            "f1": 0.75,
            "train_time": 3.638634443283081,
            "test_time": 0.029984712600708008,
            "epochs": 29
        }
    ]
}