{
    "model_config": {
        "model_type": "Perceiver",
        "dataset_name": "arrhythmia",
        "train_ratio": 1.0
    },
    "mean_metrics": {
        "AUC-ROC": 0.805699481865285,
        "AUC-PR": 0.6120678824599255,
        "f1": 0.5454545454545454
    },
    "total_time": 53.05686712265015,
    "all_seeds": [
        {
            "run": 0,
            "AUC-ROC": 0.805699481865285,
            "AUC-PR": 0.6120678824599255,
            "f1": 0.5454545454545454
        }
    ]
}