{
    "model_config": {
        "num_features": 274,
        "hidden_dim": 32,
        "depth": 4,
        "num_heads": 4,
        "mlp_ratio": 4.0,
        "dropout_prob": 0.0,
        "use_flash_attn": false,
        "swap_ratio": 0.1,
        "num_eval_repeat": 50,
        "eval_chunk_size": 10
    },
    "train_config": {
        "data_dir": "Data/",
        "epochs": 200,
        "learning_rate": 0.01,
        "sche_gamma": 0.95,
        "batch_size": 512,
        "random_seed": 42,
        "num_workers": 0,
        "preprocess": "standard",
        "patience": 10,
        "min_delta": 0,
        "use_amp": false,
        "model_type": "TMLMSwap",
        "dataset_name": "arrhythmia",
        "base_path": "results/TMLMSwap-default-swap0.1-r50/arrhythmia/1.0",
        "exp_name": "TMLMSwap-default-swap0.1-r50",
        "runs": 10,
        "train_ratio": 1.0
    },
    "mean_metrics": {
        "rauc": 0.8000785052598525,
        "avg_normal_score": 1.1236815214157105,
        "f1": 0.5666666666666667,
        "avg_abnormal_score": 5.643965435028076,
        "ap": 0.6123931789865793
    },
    "std_metrics": {
        "rauc_std": 0.01263135725417939,
        "avg_normal_score_std": 0.22004554339263957,
        "f1_std": 0.028101874228774883,
        "avg_abnormal_score_std": 1.8290296519249114,
        "ap_std": 0.02598829540146692
    },
    "total_time": 277.0403378009796,
    "all_seeds": [
        {
            "run": 0,
            "train_time": 32.58401274681091,
            "test_time": 0.8086121082305908,
            "epochs": 199,
            "rauc": 0.8100172711571675,
            "ap": 0.609032391974114,
            "f1": 0.5909090909090909,
            "avg_normal_score": 0.9936591386795044,
            "avg_abnormal_score": 5.060322284698486
        },
        {
            "run": 1,
            "train_time": 19.09909677505493,
            "test_time": 0.8205199241638184,
            "epochs": 119,
            "rauc": 0.7961218401632909,
            "ap": 0.5926371692207898,
            "f1": 0.5606060606060606,
            "avg_normal_score": 1.152906060218811,
            "avg_abnormal_score": 4.776201248168945
        },
        {
            "run": 2,
            "train_time": 30.864096641540527,
            "test_time": 0.8270974159240723,
            "epochs": 192,
            "rauc": 0.7756319673418118,
            "ap": 0.5987299841868117,
            "f1": 0.5151515151515151,
            "avg_normal_score": 1.3535232543945312,
            "avg_abnormal_score": 7.45640230178833
        },
        {
            "run": 3,
            "train_time": 32.36111879348755,
            "test_time": 0.8125097751617432,
            "epochs": 199,
            "rauc": 0.8191238813000471,
            "ap": 0.6833229717088183,
            "f1": 0.5909090909090909,
            "avg_normal_score": 0.6819027066230774,
            "avg_abnormal_score": 4.335927486419678
        },
        {
            "run": 4,
            "train_time": 21.246906995773315,
            "test_time": 0.8228025436401367,
            "epochs": 132,
            "rauc": 0.8044433977076464,
            "ap": 0.6057041675360681,
            "f1": 0.5606060606060606,
            "avg_normal_score": 1.3362358808517456,
            "avg_abnormal_score": 4.430354595184326
        },
        {
            "run": 5,
            "train_time": 21.497113466262817,
            "test_time": 0.8230879306793213,
            "epochs": 137,
            "rauc": 0.7863086826817396,
            "ap": 0.5872994878820436,
            "f1": 0.5757575757575758,
            "avg_normal_score": 1.1909180879592896,
            "avg_abnormal_score": 5.335844993591309
        },
        {
            "run": 6,
            "train_time": 26.48555040359497,
            "test_time": 0.820551872253418,
            "epochs": 168,
            "rauc": 0.8107238184958393,
            "ap": 0.624702048071078,
            "f1": 0.5909090909090909,
            "avg_normal_score": 0.9671536087989807,
            "avg_abnormal_score": 5.097744464874268
        },
        {
            "run": 7,
            "train_time": 21.58579158782959,
            "test_time": 0.8213455677032471,
            "epochs": 135,
            "rauc": 0.7958078191238814,
            "ap": 0.6168885731351813,
            "f1": 0.5454545454545454,
            "avg_normal_score": 0.9242746829986572,
            "avg_abnormal_score": 4.489986419677734
        },
        {
            "run": 8,
            "train_time": 32.28302979469299,
            "test_time": 0.8118579387664795,
            "epochs": 200,
            "rauc": 0.8107238184958393,
            "ap": 0.5955729217717475,
            "f1": 0.6060606060606061,
            "avg_normal_score": 1.1979808807373047,
            "avg_abnormal_score": 4.946699619293213
        },
        {
            "run": 9,
            "train_time": 29.07965397834778,
            "test_time": 0.8248448371887207,
            "epochs": 179,
            "rauc": 0.7918825561312609,
            "ap": 0.610042074379141,
            "f1": 0.5303030303030303,
            "avg_normal_score": 1.4382609128952026,
            "avg_abnormal_score": 10.510170936584473
        }
    ]
}