{
    "model_config": {
        "hidden_dim": 64,
        "depth": 4,
        "num_heads": 4,
        "mlp_ratio": 4.0,
        "dropout_prob": 0.0,
        "num_prototypes": 32,
        "temperature": 0.1,
        "sinkhorn_iters": 3,
        "sinkhorn_eps": 0.1,
        "contrastive_loss_weight": 0.01,
        "use_flash_attn": false,
        "num_features": 6
    },
    "train_config": {
        "data_dir": "Data/",
        "epochs": 250,
        "learning_rate": 0.01,
        "sche_gamma": 0.95,
        "batch_size": 512,
        "random_seed": 42,
        "num_workers": 0,
        "preprocess": "standard",
        "patience": 20,
        "use_amp": false,
        "model_type": "ProtoAD",
        "dataset_name": "mammography",
        "base_path": "results/ProtoAD-d64-proto32-eps0.1-contra0.01-temp0.1/mammography/1.0",
        "exp_name": "ProtoAD-d64-proto32-eps0.1-contra0.01-temp0.1",
        "runs": 10,
        "train_ratio": 1.0,
        "run": 9
    },
    "mean_metrics": {
        "rauc": 0.8581640283919668,
        "ap": 0.3880519421936623,
        "f1": 0.45115384615384607,
        "entropy_rauc": 0.2152101230881897,
        "entropy_ap": 0.027493543146019695,
        "entropy_f1": 0.005,
        "avg_normal_entropy": 3.032792019844055,
        "avg_abnormal_entropy": 2.840388631820679,
        "avg_normal_recon": 0.356942293047905,
        "avg_abnormal_recon": 5.408631229400635
    },
    "std_metrics": {
        "rauc_std": 0.031013401396228713,
        "ap_std": 0.04776355064458648,
        "f1_std": 0.05128669850738085,
        "entropy_rauc_std": 0.07917521731185674,
        "entropy_ap_std": 0.0029633111652182286,
        "entropy_f1_std": 0.005452864184137625,
        "avg_normal_entropy_std": 0.17359789237015102,
        "avg_abnormal_entropy_std": 0.28777420934613085,
        "avg_normal_recon_std": 0.1412262222865585,
        "avg_abnormal_recon_std": 1.474148486306173
    },
    "total_time": 99.86823034286499,
    "all_seeds": [
        {
            "run": 0,
            "train_time": 10.502339839935303,
            "test_time": 0.1331920623779297,
            "epochs": 23,
            "rauc": 0.8748936709573839,
            "ap": 0.4472985423572268,
            "f1": 0.5153846153846153,
            "entropy_rauc": 0.24577077993409008,
            "entropy_ap": 0.028704659715229387,
            "entropy_f1": 0.007692307692307693,
            "avg_normal_entropy": 2.855351209640503,
            "avg_abnormal_entropy": 2.831171751022339,
            "avg_normal_recon": 0.2465880811214447,
            "avg_abnormal_recon": 5.196776390075684
        },
        {
            "run": 1,
            "train_time": 10.699557304382324,
            "test_time": 0.13063597679138184,
            "epochs": 25,
            "rauc": 0.8664063600259133,
            "ap": 0.3319445911925418,
            "f1": 0.38461538461538464,
            "entropy_rauc": 0.13295284905500943,
            "entropy_ap": 0.024628305646259216,
            "entropy_f1": 0.011538461538461539,
            "avg_normal_entropy": 2.76440167427063,
            "avg_abnormal_entropy": 2.331918954849243,
            "avg_normal_recon": 0.28265583515167236,
            "avg_abnormal_recon": 3.9197545051574707
        },
        {
            "run": 2,
            "train_time": 8.872734546661377,
            "test_time": 0.1301579475402832,
            "epochs": 21,
            "rauc": 0.8901043573782498,
            "ap": 0.44811551494865853,
            "f1": 0.5153846153846153,
            "entropy_rauc": 0.2943293524490888,
            "entropy_ap": 0.030162028426710827,
            "entropy_f1": 0.0,
            "avg_normal_entropy": 2.9642255306243896,
            "avg_abnormal_entropy": 2.9627583026885986,
            "avg_normal_recon": 0.48409661650657654,
            "avg_abnormal_recon": 7.06523323059082
        },
        {
            "run": 3,
            "train_time": 9.731845140457153,
            "test_time": 0.12717223167419434,
            "epochs": 23,
            "rauc": 0.8526645635580092,
            "ap": 0.3864742855258326,
            "f1": 0.4423076923076923,
            "entropy_rauc": 0.16723340281103005,
            "entropy_ap": 0.025776360841149648,
            "entropy_f1": 0.015384615384615385,
            "avg_normal_entropy": 3.2211861610412598,
            "avg_abnormal_entropy": 2.9768481254577637,
            "avg_normal_recon": 0.27582281827926636,
            "avg_abnormal_recon": 5.465048313140869
        },
        {
            "run": 4,
            "train_time": 11.666999578475952,
            "test_time": 0.23630046844482422,
            "epochs": 28,
            "rauc": 0.7928590541644368,
            "ap": 0.3366539573879809,
            "f1": 0.3923076923076923,
            "entropy_rauc": 0.2751851956172718,
            "entropy_ap": 0.029687498427537692,
            "entropy_f1": 0.0,
            "avg_normal_entropy": 3.3515260219573975,
            "avg_abnormal_entropy": 3.301645517349243,
            "avg_normal_recon": 0.24420899152755737,
            "avg_abnormal_recon": 3.678703784942627
        },
        {
            "run": 5,
            "train_time": 9.290892601013184,
            "test_time": 0.12901997566223145,
            "epochs": 22,
            "rauc": 0.8645670788384081,
            "ap": 0.3875882802058553,
            "f1": 0.4269230769230769,
            "entropy_rauc": 0.1271353829253866,
            "entropy_ap": 0.024465567938177172,
            "entropy_f1": 0.007692307692307693,
            "avg_normal_entropy": 3.01800799369812,
            "avg_abnormal_entropy": 2.3980460166931152,
            "avg_normal_recon": 0.24031049013137817,
            "avg_abnormal_recon": 4.266591548919678
        },
        {
            "run": 6,
            "train_time": 9.312127113342285,
            "test_time": 0.12970757484436035,
            "epochs": 22,
            "rauc": 0.8469847618511112,
            "ap": 0.3714900488323778,
            "f1": 0.47307692307692306,
            "entropy_rauc": 0.14247176294960986,
            "entropy_ap": 0.024911826339858098,
            "entropy_f1": 0.0,
            "avg_normal_entropy": 2.994110584259033,
            "avg_abnormal_entropy": 2.676588296890259,
            "avg_normal_recon": 0.2926178574562073,
            "avg_abnormal_recon": 4.743366718292236
        },
        {
            "run": 7,
            "train_time": 8.85659122467041,
            "test_time": 0.13039493560791016,
            "epochs": 21,
            "rauc": 0.8770315184632284,
            "ap": 0.4476754929309115,
            "f1": 0.4846153846153846,
            "entropy_rauc": 0.38365701490014925,
            "entropy_ap": 0.034102454104093946,
            "entropy_f1": 0.007692307692307693,
            "avg_normal_entropy": 3.0865135192871094,
            "avg_abnormal_entropy": 3.1139519214630127,
            "avg_normal_recon": 0.4832281470298767,
            "avg_abnormal_recon": 6.93144416809082
        },
        {
            "run": 8,
            "train_time": 8.734063386917114,
            "test_time": 0.13151335716247559,
            "epochs": 21,
            "rauc": 0.8166316930963581,
            "ap": 0.3132721653877219,
            "f1": 0.3769230769230769,
            "entropy_rauc": 0.1794587781314255,
            "entropy_ap": 0.025682575274948598,
            "entropy_f1": 0.0,
            "avg_normal_entropy": 3.196662664413452,
            "avg_abnormal_entropy": 2.998624563217163,
            "avg_normal_recon": 0.3285842835903168,
            "avg_abnormal_recon": 4.452749729156494
        },
        {
            "run": 9,
            "train_time": 8.893551111221313,
            "test_time": 0.13023853302001953,
            "epochs": 21,
            "rauc": 0.8994972255865702,
            "ap": 0.4100065431675161,
            "f1": 0.5,
            "entropy_rauc": 0.20390671210883585,
            "entropy_ap": 0.026814154746232388,