{
    "model_config": {
        "num_features": 33,
        "hidden_dim": 128,
        "depth": 4,
        "num_heads": 4,
        "mlp_ratio": 4.0,
        "dropout_prob": 0.0,
        "use_flash_attn": false,
        "ema_decay": 0.999,
        "contrastive_loss_weight": 0.01
    },
    "train_config": {
        "data_dir": "Data/",
        "epochs": 200,
        "learning_rate": 0.001,
        "sche_gamma": 0.95,
        "batch_size": 512,
        "random_seed": 42,
        "num_workers": 0,
        "preprocess": "standard",
        "patience": 10,
        "min_delta": 0,
        "use_amp": false,
        "model_type": "TKDAD",
        "dataset_name": "ionosphere",
        "base_path": "results/TKDAD-d128-lr0.001-contra0.01/ionosphere/1.0",
        "exp_name": "TKDAD-d128-lr0.001-contra0.01",
        "runs": 10,
        "train_ratio": 1.0
    },
    "mean_metrics": {
        "avg_normal_score": 0.025102235563099384,
        "f1": 0.8976190476190476,
        "avg_abnormal_score": 0.17895476371049882,
        "ap": 0.9685619683168888,
        "rauc": 0.9616659643208315
    },
    "std_metrics": {
        "avg_normal_score_std": 0.0046749030003541605,
        "f1_std": 0.020218633655328555,
        "avg_abnormal_score_std": 0.033469187231313716,
        "ap_std": 0.012257916131735687,
        "rauc_std": 0.014622152092887595
    },
    "total_time": 87.55667996406555,
    "all_seeds": [
        {
            "run": 0,
            "train_time": 10.178185224533081,
            "test_time": 0.010693788528442383,
            "epochs": 200,
            "rauc": 0.9549093973872735,
            "ap": 0.9632818521616561,
            "f1": 0.8809523809523809,
            "avg_normal_score": 0.0208529494702816,
            "avg_abnormal_score": 0.12409578263759613
        },
        {
            "run": 1,
            "train_time": 10.58007001876831,
            "test_time": 0.024025440216064453,
            "epochs": 200,
            "rauc": 0.9678325607529147,
            "ap": 0.9751232648284943,
            "f1": 0.8968253968253969,
            "avg_normal_score": 0.01938396506011486,
            "avg_abnormal_score": 0.1513717770576477
        },
        {
            "run": 2,
            "train_time": 10.582706451416016,
            "test_time": 0.022279024124145508,
            "epochs": 200,
            "rauc": 0.958842534063773,
            "ap": 0.9659277787993191,
            "f1": 0.8888888888888888,
            "avg_normal_score": 0.031190980225801468,
            "avg_abnormal_score": 0.18890561163425446
        },
        {
            "run": 3,
            "train_time": 10.730653047561646,
            "test_time": 0.02264261245727539,
            "epochs": 200,
            "rauc": 0.9400196656833825,
            "ap": 0.9509927032786849,
            "f1": 0.873015873015873,
            "avg_normal_score": 0.025095604360103607,
            "avg_abnormal_score": 0.17391841113567352
        },
        {
            "run": 4,
            "train_time": 6.0652382373809814,
            "test_time": 0.023318052291870117,
            "epochs": 200,
            "rauc": 0.9699395982581823,
            "ap": 0.9766869031724482,
            "f1": 0.9285714285714286,
            "avg_normal_score": 0.01749674789607525,
            "avg_abnormal_score": 0.1641785204410553
        },
        {
            "run": 5,
            "train_time": 10.587577819824219,
            "test_time": 0.023377656936645508,
            "epochs": 200,
            "rauc": 0.9801236128669757,
            "ap": 0.9844735311977527,
            "f1": 0.9206349206349206,
            "avg_normal_score": 0.024518659338355064,
            "avg_abnormal_score": 0.21023529767990112
        },
        {
            "run": 6,
            "train_time": 5.753668546676636,
            "test_time": 0.012714385986328125,
            "epochs": 200,
            "rauc": 0.9320831577468746,
            "ap": 0.943779326009515,
            "f1": 0.8650793650793651,
            "avg_normal_score": 0.03234071284532547,
            "avg_abnormal_score": 0.1766127198934555
        },
        {
            "run": 7,
            "train_time": 6.007313966751099,
            "test_time": 0.02243185043334961,
            "epochs": 200,
            "rauc": 0.9749262536873157,
            "ap": 0.9800326749974274,
            "f1": 0.9206349206349206,
            "avg_normal_score": 0.023959822952747345,
            "avg_abnormal_score": 0.1554473638534546
        },
        {
            "run": 8,
            "train_time": 9.605616807937622,
            "test_time": 0.015735626220703125,
            "epochs": 200,
            "rauc": 0.966708807416772,
            "ap": 0.9697056002548209,
            "f1": 0.9047619047619048,
            "avg_normal_score": 0.028785619884729385,
            "avg_abnormal_score": 0.2522141635417938
        },
        {
            "run": 9,
            "train_time": 5.204483985900879,
            "test_time": 0.01359415054321289,
            "epochs": 200,
            "rauc": 0.9712740553448518,
            "ap": 0.9756160484687696,
            "f1": 0.8968253968253969,
            "avg_normal_score": 0.027397293597459793,
            "avg_abnormal_score": 0.19256798923015594
        }
    ]
}