{
    "model_config": {
        "num_features": 33,
        "hidden_dim": 64,
        "depth": 4,
        "depth_enc": null,
        "depth_dec": null,
        "num_heads": 4,
        "mlp_ratio": 4.0,
        "dropout_prob": 0.0,
        "temperature": 0.1,
        "byol_loss_weight": 0.01,
        "dacl_alpha": 0.9,
        "projector_dim": null,
        "byol_momentum": 0.99,
        "use_flash_attn": false
    },
    "train_config": {
        "data_dir": "Data/",
        "epochs": 200,
        "learning_rate": 0.01,
        "sche_gamma": 0.95,
        "batch_size": 512,
        "random_seed": 42,
        "num_workers": 0,
        "preprocess": "standard",
        "patience": 10,
        "min_delta": 0,
        "use_amp": false,
        "model_type": "TAEDACL",
        "dataset_name": "ionosphere",
        "base_path": "results/TAEDACL-260125-bw0.01-ap0.9-ep200-ep50_byol/ionosphere/1.0",
        "exp_name": "TAEDACL-260125-bw0.01-ap0.9-ep200-ep50_byol",
        "runs": 10,
        "train_ratio": 1.0
    },
    "start_time_kst": "2026-01-25T16:05:44+09:00",
    "mean_metrics": {
        "rauc": 0.7222713864306785,
        "ap": 0.7309755693693103,
        "f1": 0.6785714285714286,
        "avg_normal": -0.13036085218191146,
        "avg_abnormal": -0.1240077868103981
    },
    "std_metrics": {
        "rauc_std": 0.07550263493884815,
        "ap_std": 0.09446223105568417,
        "f1_std": 0.05703804320263793,
        "avg_normal_std": 0.0010727038161864315,
        "avg_abnormal_std": 0.003282895720613945
    },
    "total_time": 220.49928522109985,
    "all_seeds": [
        {
            "rauc": 0.7029077117572693,
            "ap": 0.7321089107338666,
            "f1": 0.6587301587301587,
            "avg_normal": -0.13016730546951294,
            "avg_abnormal": -0.12465131282806396,
            "run": 0,
            "epochs": 200,
            "train_time": 22.051878213882446,
            "test_time": 0.043866872787475586
        },
        {
            "rauc": 0.6520578732968114,
            "ap": 0.6929436642584238,
            "f1": 0.5793650793650794,
            "avg_normal": -0.13082194328308105,
            "avg_abnormal": -0.1261245161294937,
            "run": 1,
            "epochs": 200,
            "train_time": 21.442830085754395,
            "test_time": 0.03334355354309082
        },
        {
            "rauc": 0.8251158870627896,
            "ap": 0.8569817460141738,
            "f1": 0.7619047619047619,
            "avg_normal": -0.13067883253097534,
            "avg_abnormal": -0.120256707072258,
            "run": 2,
            "epochs": 200,
            "train_time": 21.764705419540405,
            "test_time": 0.032883405685424805
        },
        {
            "rauc": 0.6922320550639136,
            "ap": 0.6745817407976515,
            "f1": 0.6825396825396826,
            "avg_normal": -0.1295962929725647,
            "avg_abnormal": -0.1250496208667755,
            "run": 3,
            "epochs": 200,
            "train_time": 21.586421966552734,
            "test_time": 0.0330958366394043
        },
        {
            "rauc": 0.8399353841831718,
            "ap": 0.8529812127677698,
            "f1": 0.7777777777777778,
            "avg_normal": -0.13144376873970032,
            "avg_abnormal": -0.12091878056526184,
            "run": 4,
            "epochs": 200,
            "train_time": 21.93868589401245,
            "test_time": 0.029017210006713867
        },
        {
            "rauc": 0.7999016715830876,
            "ap": 0.830708124549686,
            "f1": 0.7222222222222222,
            "avg_normal": -0.1316242218017578,
            "avg_abnormal": -0.12272926419973373,
            "run": 5,
            "epochs": 200,
            "train_time": 21.439879655838013,
            "test_time": 0.035758018493652344
        },
        {
            "rauc": 0.6292316336564124,
            "ap": 0.6039465781695643,
            "f1": 0.6507936507936508,
            "avg_normal": -0.12925051152706146,
            "avg_abnormal": -0.12635257840156555,
            "run": 6,
            "epochs": 200,
            "train_time": 22.08720088005066,
            "test_time": 0.0341191291809082
        },
        {
            "rauc": 0.6273352999016715,
            "ap": 0.5871992422139013,
            "f1": 0.6349206349206349,
            "avg_normal": -0.13162831962108612,
            "avg_abnormal": -0.12984517216682434,
            "run": 7,
            "epochs": 200,
            "train_time": 21.98068618774414,
            "test_time": 0.03400611877441406
        },
        {
            "rauc": 0.6906868942267173,
            "ap": 0.6801949304731727,
            "f1": 0.6666666666666666,
            "avg_normal": -0.1302620768547058,
            "avg_abnormal": -0.12591566145420074,
            "run": 8,
            "epochs": 200,
            "train_time": 21.938576459884644,
            "test_time": 0.03471207618713379
        },
        {
            "rauc": 0.7633094535749403,
            "ap": 0.798109543714893,
            "f1": 0.6507936507936508,
            "avg_normal": -0.12813524901866913,
            "avg_abnormal": -0.11823425441980362,
            "run": 9,
            "epochs": 200,
            "train_time": 21.909622192382812,
            "test_time": 0.031659603118896484
        }
    ]
}