{
    "model_config": {
        "num_features": 9,
        "hidden_dim": 128,
        "depth": 4,
        "depth_enc": null,
        "depth_dec": null,
        "num_heads": 4,
        "mlp_ratio": 4.0,
        "dropout_prob": 0.0,
        "use_flash_attn": false
    },
    "train_config": {
        "data_dir": "Data/",
        "epochs": 200,
        "learning_rate": 0.001,
        "sche_gamma": 0.95,
        "batch_size": 512,
        "random_seed": 42,
        "num_workers": 0,
        "preprocess": "standard",
        "patience": 10,
        "min_delta": 0,
        "use_amp": false,
        "model_type": "TADAM",
        "dataset_name": "shuttle",
        "base_path": "results/TADAM-tuned--cls_knn10/shuttle/1.0",
        "exp_name": "TADAM-tuned--cls_knn10",
        "runs": 10,
        "train_ratio": 1.0,
        "base_pth_path": "results/TADAM-tuned/shuttle/1.0"
    },
    "mean_metrics": {
        "rauc": 0.9988800671000055,
        "ap": 0.9730080422548367,
        "f1": 0.9822700085445741
    },
    "std_metrics": {
        "rauc_std": 0.000610577633713506,
        "ap_std": 0.014767866055060816,
        "f1_std": 0.0015255116267180737
    },
    "total_time": 119.32088541984558,
    "all_seeds": [
        {
            "rauc": 0.9987362392449785,
            "ap": 0.9713655730952839,
            "f1": 0.9797778410709199,
            "run": 0,
            "test_time": 35.37990069389343
        },
        {
            "rauc": 0.9979703278011759,
            "ap": 0.9503638062756041,
            "f1": 0.9823412133295357,
            "run": 1,
            "test_time": 27.4495050907135
        },
        {
            "rauc": 0.9996165007062748,
            "ap": 0.9907181856415884,
            "f1": 0.9837653090287667,
            "run": 2,
            "test_time": 20.90117049217224
        },
        {
            "rauc": 0.9991972006475927,
            "ap": 0.9795846040068703,
            "f1": 0.9831956707490743,
            "run": 3,
            "test_time": 32.843220472335815
        }
    ]
}