{
    "model_config": {
        "num_heads": 4,
        "num_latents": 2,
        "num_memories": 42,
        "depth": 4,
        "hidden_dim": 32,
        "mlp_ratio": 4.0,
        "dropout_prob": 0.0,
        "temperature": 0.1,
        "sim_type": "cos",
        "use_oe": true,
        "oe_lambda": 0.5,
        "oe_shuffle_ratio": 0.3,
        "oe_lambda_memory": 0.0,
        "is_weight_sharing": false,
        "use_pos_enc_as_query": false,
        "use_mask_token": false,
        "num_features": 6
    },
    "train_config": {
        "data_dir": "Data/",
        "epochs": 250,
        "learning_rate": 0.01,
        "sche_gamma": 0.95,
        "batch_size": 512,
        "random_seed": 42,
        "num_workers": 0,
        "preprocess": "standard",
        "model_type": "OELATTE",
        "dataset_name": "thyroid",
        "train_ratio": 1.0,
        "base_path": "results/OELATTE-d32-oe_lam0.5-oe_rat0.3/thyroid/1.0",
        "not_use_power_of_two": false,
        "num_memories_not_use_power_of_two": false,
        "num_memories_twice": false,
        "contamination_ratio": null,
        "latent_ratio": null,
        "memory_ratio": null,
        "run": 9
    },
    "mean_metrics": {
        "AUC-ROC": 0.9748246844319775,
        "AUC-PR": 0.7602409342018046,
        "f1": 0.6978494623655915
    },
    "total_time": 171.8820400238037,
    "all_seeds": [
        {
            "run": 0,
            "AUC-ROC": 0.968729546517064,
            "AUC-PR": 0.6848885466487308,
            "f1": 0.6774193548387096,
            "train_time": 16.866729736328125,
            "test_time": 0.0496823787689209,
            "epochs": 80
        },
        {
            "run": 1,
            "AUC-ROC": 0.9904394576905096,
            "AUC-PR": 0.8733970645431678,
            "f1": 0.7956989247311828,
            "train_time": 15.648322820663452,
            "test_time": 0.04749345779418945,
            "epochs": 82
        },
        {
            "run": 2,
            "AUC-ROC": 0.9759642356241235,
            "AUC-PR": 0.7916469537245405,
            "f1": 0.7204301075268817,
            "train_time": 18.13448691368103,
            "test_time": 0.04922032356262207,
            "epochs": 91
        },
        {
            "run": 3,
            "AUC-ROC": 0.978763440860215,
            "AUC-PR": 0.8132339426555747,
            "f1": 0.7741935483870968,
            "train_time": 15.800945520401001,
            "test_time": 0.04067635536193848,
            "epochs": 79
        },
        {
            "run": 4,
            "AUC-ROC": 0.9658134642356241,
            "AUC-PR": 0.7024272986168975,
            "f1": 0.6129032258064516,
            "train_time": 16.87112045288086,
            "test_time": 0.052442073822021484,
            "epochs": 83
        },
        {
            "run": 5,
            "AUC-ROC": 0.9590112201963534,
            "AUC-PR": 0.7128998701762871,
            "f1": 0.6451612903225806,
            "train_time": 20.088345289230347,
            "test_time": 0.04986405372619629,
            "epochs": 100
        },
        {
            "run": 6,
            "AUC-ROC": 0.9743279569892473,
            "AUC-PR": 0.7493763449746321,
            "f1": 0.6881720430107527,
            "train_time": 16.934565782546997,
            "test_time": 0.0502474308013916,
            "epochs": 83
        },
        {
            "run": 7,
            "AUC-ROC": 0.976168770453483,
            "AUC-PR": 0.7437384927128491,
            "f1": 0.6774193548387096,
            "train_time": 15.501516103744507,
            "test_time": 0.04998779296875,
            "epochs": 76
        },
        {
            "run": 8,
            "AUC-ROC": 0.9769226273959793,
            "AUC-PR": 0.7798210674856354,
            "f1": 0.7204301075268817,
            "train_time": 15.066297769546509,
            "test_time": 0.04997563362121582,
            "epochs": 74
        },
        {
            "run": 9,
            "AUC-ROC": 0.9821061243571763,
            "AUC-PR": 0.7509797604797313,
            "f1": 0.6666666666666666,
            "train_time": 18.855579376220703,
            "test_time": 0.04928398132324219,
            "epochs": 93
        }
    ]
}