{
    "model_config": {
        "num_features": 6,
        "hidden_dim": 64,
        "depth": 4,
        "num_heads": 4,
        "mlp_ratio": 4.0,
        "dropout_prob": 0.0,
        "use_flash_attn": false
    },
    "train_config": {
        "data_dir": "Data/",
        "epochs": 200,
        "learning_rate": 0.01,
        "sche_gamma": 0.95,
        "batch_size": 512,
        "random_seed": 42,
        "num_workers": 0,
        "preprocess": "standard",
        "patience": 10,
        "min_delta": 0,
        "use_amp": false,
        "model_type": "TAE",
        "dataset_name": "mammography",
        "base_path": "results/TAE-d64-lr0.01/mammography/1.0",
        "exp_name": "TAE-d64-lr0.01",
        "runs": 10,
        "train_ratio": 1.0,
        "run": 9
    },
    "mean_metrics": {
        "rauc": 0.860603751795623,
        "ap": 0.38895396484422273,
        "f1": 0.3684615384615385,
        "avg_normal_score": 0.02150887781754136,
        "avg_abnormal_score": 1.6706751823425292
    },
    "std_metrics": {
        "rauc_std": 0.012932712780491525,
        "ap_std": 0.03496744576200936,
        "f1_std": 0.040294771857565526,
        "avg_normal_score_std": 0.01055603966481089,
        "avg_abnormal_score_std": 0.3687534784652421
    },
    "total_time": 549.3573291301727,
    "all_seeds": [
        {
            "run": 0,
            "train_time": 60.250702142715454,
            "test_time": 0.06550002098083496,
            "epochs": 164,
            "rauc": 0.8475649945075064,
            "ap": 0.36732439716430326,
            "f1": 0.3423076923076923,
            "avg_normal_score": 0.021021587774157524,
            "avg_abnormal_score": 2.06740403175354
        },
        {
            "run": 1,
            "train_time": 59.14377808570862,
            "test_time": 0.10724067687988281,
            "epochs": 161,
            "rauc": 0.885080134073177,
            "ap": 0.45960869798189974,
            "f1": 0.45,
            "avg_normal_score": 0.04851401597261429,
            "avg_abnormal_score": 2.0080528259277344
        },
        {
            "run": 2,
            "train_time": 54.65537714958191,
            "test_time": 0.22705698013305664,
            "epochs": 149,
            "rauc": 0.8694215981748021,
            "ap": 0.3901253688305105,
            "f1": 0.36538461538461536,
            "avg_normal_score": 0.02025093510746956,
            "avg_abnormal_score": 1.182096004486084
        },
        {
            "run": 3,
            "train_time": 49.24225950241089,
            "test_time": 0.10967135429382324,
            "epochs": 136,
            "rauc": 0.8582584570318,
            "ap": 0.39543708119870663,
            "f1": 0.35,
            "avg_normal_score": 0.008812708780169487,
            "avg_abnormal_score": 2.1239240169525146
        },
        {
            "run": 4,
            "train_time": 59.205690145492554,
            "test_time": 0.1065986156463623,
            "epochs": 163,
            "rauc": 0.8733923893755458,
            "ap": 0.4042117530171805,
            "f1": 0.38076923076923075,
            "avg_normal_score": 0.02027568221092224,
            "avg_abnormal_score": 1.8516029119491577
        },
        {
            "run": 5,
            "train_time": 57.61245155334473,
            "test_time": 0.10767078399658203,
            "epochs": 158,
            "rauc": 0.8445293355491086,
            "ap": 0.3401034100443094,
            "f1": 0.33076923076923076,
            "avg_normal_score": 0.017789803445339203,
            "avg_abnormal_score": 1.2506740093231201
        },
        {
            "run": 6,
            "train_time": 47.39037203788757,
            "test_time": 0.10605931282043457,
            "epochs": 130,
            "rauc": 0.8647093203391263,
            "ap": 0.40930289068686054,
            "f1": 0.4,
            "avg_normal_score": 0.01993321254849434,
            "avg_abnormal_score": 1.5051627159118652
        },
        {
            "run": 7,
            "train_time": 47.58361506462097,
            "test_time": 0.08079957962036133,
            "epochs": 129,
            "rauc": 0.8519723685322367,
            "ap": 0.3514802269324302,
            "f1": 0.3230769230769231,
            "avg_normal_score": 0.010912691242992878,
            "avg_abnormal_score": 1.2136969566345215
        },
        {
            "run": 8,
            "train_time": 61.73446035385132,
            "test_time": 0.10303378105163574,
            "epochs": 176,
            "rauc": 0.8668661803227895,
            "ap": 0.419652134507614,
            "f1": 0.4153846153846154,
            "avg_normal_score": 0.017405617982149124,
            "avg_abnormal_score": 1.447257399559021
        },
        {
            "run": 9,
            "train_time": 49.53405427932739,
            "test_time": 0.10543608665466309,
            "epochs": 137,
            "rauc": 0.8442427400501367,
            "ap": 0.35229368807841266,
            "f1": 0.3269230769230769,
            "avg_normal_score": 0.030172523111104965,
            "avg_abnormal_score": 2.0568809509277344
        }
    ]
}