{
    "model_config": {
        "hidden_dim": 64,
        "depth": 4,
        "num_heads": 4,
        "mlp_ratio": 4.0,
        "dropout_prob": 0.0,
        "num_prototypes": 16,
        "temperature": 0.1,
        "sinkhorn_iters": 3,
        "sinkhorn_eps": 0.05,
        "contrastive_loss_weight": 0.1,
        "use_flash_attn": false,
        "num_features": 36
    },
    "train_config": {
        "data_dir": "Data/",
        "epochs": 250,
        "learning_rate": 0.01,
        "sche_gamma": 0.95,
        "batch_size": 512,
        "random_seed": 42,
        "num_workers": 0,
        "preprocess": "standard",
        "patience": 10,
        "use_amp": false,
        "model_type": "ProtoAD",
        "dataset_name": "satimage-2",
        "base_path": "results/ProtoAD-d64-proto16-eps0.05-contra0.1-temp0.1/satimage-2/1.0",
        "exp_name": "ProtoAD-d64-proto16-eps0.05-contra0.1-temp0.1",
        "runs": 10,
        "train_ratio": 1.0,
        "run": 9
    },
    "mean_metrics": {
        "rauc": 0.9984052956960184,
        "ap": 0.9732943157103978,
        "f1": 0.928169014084507,
        "entropy_rauc": 0.45616750046686255,
        "entropy_ap": 0.03343550015499713,
        "entropy_f1": 0.029577464788732393,
        "avg_normal_entropy": 0.23513803333044053,
        "avg_abnormal_entropy": 0.1398676935583353,
        "avg_normal_recon": 0.18899380415678024,
        "avg_abnormal_recon": 4.2820882320404055
    },
    "std_metrics": {
        "rauc_std": 0.00043719565295340633,
        "ap_std": 0.009216795493648091,
        "f1_std": 0.026312030552492115,
        "entropy_rauc_std": 0.1902570200552242,
        "entropy_ap_std": 0.023507823321576332,
        "entropy_f1_std": 0.0547124636607184,
        "avg_normal_entropy_std": 0.15198836317527586,
        "avg_abnormal_entropy_std": 0.07072918471488948,
        "avg_normal_recon_std": 0.047597864828030204,
        "avg_abnormal_recon_std": 0.2617071607281248
    },
    "total_time": 259.07479453086853,
    "all_seeds": [
        {
            "run": 0,
            "train_time": 13.830602884292603,
            "test_time": 0.08211541175842285,
            "epochs": 57,
            "rauc": 0.9984224958965237,
            "ap": 0.976846434179769,
            "f1": 0.9295774647887324,
            "entropy_rauc": 0.4583263713474145,
            "entropy_ap": 0.02055341443071216,
            "entropy_f1": 0.0,
            "avg_normal_entropy": 0.3793553113937378,
            "avg_abnormal_entropy": 0.17308516800403595,
            "avg_normal_recon": 0.18138325214385986,
            "avg_abnormal_recon": 4.022996425628662
        },
        {
            "run": 1,
            "train_time": 10.940978527069092,
            "test_time": 0.08117818832397461,
            "epochs": 48,
            "rauc": 0.9977541452483218,
            "ap": 0.9475741476405758,
            "f1": 0.8591549295774648,
            "entropy_rauc": 0.17480809490579202,
            "entropy_ap": 0.013916346004300098,
            "entropy_f1": 0.0,
            "avg_normal_entropy": 0.624200701713562,
            "avg_abnormal_entropy": 0.10646077245473862,
            "avg_normal_recon": 0.32900145649909973,
            "avg_abnormal_recon": 4.542372703552246
        },
        {
            "run": 2,
            "train_time": 39.44424390792847,
            "test_time": 0.08040976524353027,
            "epochs": 165,
            "rauc": 0.9986288983025859,
            "ap": 0.9780672735133641,
            "f1": 0.9436619718309859,
            "entropy_rauc": 0.5065360761919739,
            "entropy_ap": 0.027461453358385388,
            "entropy_f1": 0.04225352112676056,
            "avg_normal_entropy": 0.140405535697937,
            "avg_abnormal_entropy": 0.11379170417785645,
            "avg_normal_recon": 0.1692386269569397,
            "avg_abnormal_recon": 4.897767066955566
        },
        {
            "run": 3,
            "train_time": 32.36864995956421,
            "test_time": 0.19017863273620605,
            "epochs": 135,
            "rauc": 0.998913930196672,
            "ap": 0.9817824583842061,
            "f1": 0.9577464788732394,
            "entropy_rauc": 0.12587598164001454,
            "entropy_ap": 0.013294482030038383,
            "entropy_f1": 0.0,
            "avg_normal_entropy": 0.282878577709198,
            "avg_abnormal_entropy": 0.05756082013249397,
            "avg_normal_recon": 0.18535546958446503,
            "avg_abnormal_recon": 4.309743881225586
        },
        {
            "run": 4,
            "train_time": 30.707733869552612,
            "test_time": 0.08490300178527832,
            "epochs": 125,
            "rauc": 0.9991350756317388,
            "ap": 0.9813724877059953,
            "f1": 0.9436619718309859,
            "entropy_rauc": 0.6191679034429887,
            "entropy_ap": 0.09453249641252875,
            "entropy_f1": 0.18309859154929578,
            "avg_normal_entropy": 0.1665007472038269,
            "avg_abnormal_entropy": 0.27790701389312744,
            "avg_normal_recon": 0.15741339325904846,
            "avg_abnormal_recon": 4.082812786102295
        },
        {
            "run": 5,
            "train_time": 21.945980072021484,
            "test_time": 0.08876490592956543,
            "epochs": 87,
            "rauc": 0.9987959859646364,
            "ap": 0.9703164858743517,
            "f1": 0.9295774647887324,
            "entropy_rauc": 0.5235888464071239,
            "entropy_ap": 0.023293021730773487,
            "entropy_f1": 0.0,
            "avg_normal_entropy": 0.22023920714855194,
            "avg_abnormal_entropy": 0.08589714020490646,
            "avg_normal_recon": 0.16663749516010284,
            "avg_abnormal_recon": 4.0540032386779785
        },
        {
            "run": 6,
            "train_time": 35.60994625091553,
            "test_time": 0.08667945861816406,
            "epochs": 142,
            "rauc": 0.9979507189683812,
            "ap": 0.9744102386843759,
            "f1": 0.9436619718309859,
            "entropy_rauc": 0.6236301268883363,
            "entropy_ap": 0.05023522366969083,
            "entropy_f1": 0.056338028169014086,
            "avg_normal_entropy": 0.11848676204681396,
            "avg_abnormal_entropy": 0.22278697788715363,
            "avg_normal_recon": 0.17934353649616241,
            "avg_abnormal_recon": 4.303036689758301
        },
        {
            "run": 7,
            "train_time": 33.16320085525513,
            "test_time": 0.09139466285705566,
            "epochs": 133,
            "rauc": 0.9980195197704019,
            "ap": 0.972965859364494,
            "f1": 0.9154929577464789,
            "entropy_rauc": 0.657308119477507,
            "entropy_ap": 0.042154810402841136,
            "entropy_f1": 0.0,
            "avg_normal_entropy": 0.12441419064998627,
            "avg_abnormal_entropy": 0.19756752252578735,
            "avg_normal_recon": 0.16083955764770508,
            "avg_abnormal_recon": 4.140735149383545
        },
        {
            "run": 8,
            "train_time": 16.241479873657227,
            "test_time": 0.09643983840942383,
            "epochs": 70,
            "rauc": 0.9983979241815162,
            "ap": 0.9743120509697132,
            "f1": 0.9154929577464789,
            "entropy_rauc": 0.24811043511592934,
            "entropy_ap": 0.014899655463897456,
            "entropy_f1": 0.0,
            "avg_normal_entropy": 0.1739448457956314,
            "avg_abnormal_entropy": 0.05499192327260971,
            "avg_normal_recon": 0.18584391474723816,
            "avg_abnormal_recon": 4.3970627784729
        },
        {
            "run": 9,
            "train_time": 22.21886420249939,
            "test_time": 0.08443450927734375,
            "epochs": 97,
            "rauc": 0.9980342627994063,
            "ap": 0.9752957207871336,
            "f1": 0.9436619718309859,
            "entropy_rauc": 0.6243230492515456,
            "entropy_ap": 0.03401409804680366,