{
    "model_config": {
        "num_features": 9,
        "hidden_dim": 64,
        "depth": 4,
        "depth_enc": null,
        "depth_dec": null,
        "num_heads": 4,
        "mlp_ratio": 4.0,
        "dropout_prob": 0.0,
        "temperature": 0.1,
        "byol_loss_weight": 0.01,
        "dacl_alpha": 0.9,
        "projector_dim": null,
        "byol_momentum": 0.99,
        "use_flash_attn": false
    },
    "train_config": {
        "data_dir": "Data/",
        "epochs": 200,
        "learning_rate": 0.01,
        "sche_gamma": 0.95,
        "batch_size": 128,
        "random_seed": 42,
        "num_workers": 0,
        "preprocess": "standard",
        "patience": 10,
        "min_delta": 0,
        "use_amp": false,
        "model_type": "TAEDACL",
        "dataset_name": "breastw",
        "base_path": "results/TAEDACL-260125-bw0.01-ap0.9-ep200-ep100/breastw/1.0",
        "exp_name": "TAEDACL-260125-bw0.01-ap0.9-ep200-ep100",
        "runs": 10,
        "train_ratio": 1.0
    },
    "start_time_kst": "2026-01-25T16:18:52+09:00",
    "mean_metrics": {
        "rauc": 0.9871423724980211,
        "ap": 0.9836805180536249,
        "f1": 0.9548117154811717,
        "avg_normal": 0.48977072834968566,
        "avg_abnormal": 13.463477611541748
    },
    "std_metrics": {
        "rauc_std": 0.0037193969050048543,
        "ap_std": 0.00702408347787294,
        "f1_std": 0.006149346634602121,
        "avg_normal_std": 0.19330823767421212,
        "avg_abnormal_std": 2.436853774734966
    },
    "total_time": 243.48165154457092,
    "all_seeds": [
        {
            "rauc": 0.9851106336461986,
            "ap": 0.9840610689126046,
            "f1": 0.9497907949790795,
            "avg_normal": 0.31007248163223267,
            "avg_abnormal": 12.788915634155273,
            "run": 0,
            "epochs": 144,
            "train_time": 27.20992946624756,
            "test_time": 0.053519248962402344
        },
        {
            "rauc": 0.9936107655772928,
            "ap": 0.9940666045669053,
            "f1": 0.9497907949790795,
            "avg_normal": 0.3449645936489105,
            "avg_abnormal": 12.689713478088379,
            "run": 1,
            "epochs": 151,
            "train_time": 22.813356399536133,
            "test_time": 0.05390453338623047
        },
        {
            "rauc": 0.9912548531795394,
            "ap": 0.9897699430910999,
            "f1": 0.9665271966527197,
            "avg_normal": 0.24208226799964905,
            "avg_abnormal": 10.57877254486084,
            "run": 2,
            "epochs": 157,
            "train_time": 28.477975606918335,
            "test_time": 0.05810093879699707
        },
        {
            "rauc": 0.9807757548343322,
            "ap": 0.9670151197507854,
            "f1": 0.9456066945606695,
            "avg_normal": 0.8857463002204895,
            "avg_abnormal": 17.41803550720215,
            "run": 3,
            "epochs": 142,
            "train_time": 26.495221614837646,
            "test_time": 0.05559492111206055
        },
        {
            "rauc": 0.9846771457650119,
            "ap": 0.9811211132202167,
            "f1": 0.9539748953974896,
            "avg_normal": 0.7040426731109619,
            "avg_abnormal": 17.051494598388672,
            "run": 4,
            "epochs": 133,
            "train_time": 23.59176540374756,
            "test_time": 0.05895352363586426
        },
        {
            "rauc": 0.9845640619699197,
            "ap": 0.9786461475487833,
            "f1": 0.9539748953974896,
            "avg_normal": 0.4097466766834259,
            "avg_abnormal": 11.584403038024902,
            "run": 5,
            "epochs": 124,
            "train_time": 22.046059608459473,
            "test_time": 0.05354166030883789
        },
        {
            "rauc": 0.9884843001997814,
            "ap": 0.9862435900346935,
            "f1": 0.9497907949790795,
            "avg_normal": 0.4642122983932495,
            "avg_abnormal": 13.36295223236084,
            "run": 6,
            "epochs": 142,
            "train_time": 26.03754472732544,
            "test_time": 0.05195283889770508
        },
        {
            "rauc": 0.984074032191187,
            "ap": 0.9813016433886291,
            "f1": 0.9581589958158996,
            "avg_normal": 0.673712968826294,
            "avg_abnormal": 14.841378211975098,
            "run": 7,
            "epochs": 107,
            "train_time": 19.037733554840088,
            "test_time": 0.04925894737243652
        },
        {
            "rauc": 0.9899166949376154,
            "ap": 0.9877172313471123,
            "f1": 0.9623430962343096,
            "avg_normal": 0.3656325340270996,
            "avg_abnormal": 9.644119262695312,
            "run": 8,
            "epochs": 121,
            "train_time": 21.87227511405945,
            "test_time": 0.05461287498474121
        },
        {
            "rauc": 0.988955482679332,
            "ap": 0.9868627186754176,
            "f1": 0.9581589958158996,
            "avg_normal": 0.49749448895454407,
            "avg_abnormal": 14.674991607666016,
            "run": 9,
            "epochs": 130,
            "train_time": 23.423600673675537,
            "test_time": 0.044522762298583984
        }
    ]
}