{
    "model_config": {
        "num_heads": 4,
        "num_latents": 6,
        "num_memories": 53,
        "depth": 4,
        "hidden_dim": 32,
        "mlp_ratio": 4.0,
        "dropout_prob": 0.0,
        "temperature": 0.1,
        "sim_type": "cos",
        "use_oe": true,
        "oe_lambda": 1.0,
        "oe_shuffle_ratio": 0.1,
        "oe_lambda_memory": 1.0,
        "is_weight_sharing": false,
        "use_pos_enc_as_query": false,
        "use_mask_token": false,
        "num_features": 36
    },
    "train_config": {
        "data_dir": "Data/",
        "epochs": 250,
        "learning_rate": 0.01,
        "sche_gamma": 0.95,
        "batch_size": 512,
        "random_seed": 42,
        "num_workers": 0,
        "preprocess": "standard",
        "model_type": "OELATTE",
        "dataset_name": "satimage-2",
        "train_ratio": 1.0,
        "base_path": "results/OELATTE-d32-oe_lam1.0-oe_rat0.1-oe_lam_mem1.0/satimage-2/1.0",
        "not_use_power_of_two": false,
        "num_memories_not_use_power_of_two": false,
        "num_memories_twice": false,
        "contamination_ratio": null,
        "latent_ratio": null,
        "memory_ratio": null,
        "run": 9
    },
    "mean_metrics": {
        "AUC-ROC": 0.994771630480721,
        "AUC-PR": 0.9649628588077425,
        "f1": 0.9056338028169014
    },
    "total_time": 94.91212320327759,
    "all_seeds": [
        {
            "run": 0,
            "AUC-ROC": 0.9944811928093333,
            "AUC-PR": 0.964284082683999,
            "f1": 0.9014084507042254,
            "train_time": 5.283939361572266,
            "test_time": 0.031677961349487305,
            "epochs": 29
        },
        {
            "run": 1,
            "AUC-ROC": 0.9940045015381893,
            "AUC-PR": 0.9636676224598427,
            "f1": 0.9014084507042254,
            "train_time": 8.709043979644775,
            "test_time": 0.05235028266906738,
            "epochs": 29
        },
        {
            "run": 2,
            "AUC-ROC": 0.9936703262140885,
            "AUC-PR": 0.9650754741980221,
            "f1": 0.9014084507042254,
            "train_time": 9.865627765655518,
            "test_time": 0.04985213279724121,
            "epochs": 29
        },
        {
            "run": 3,
            "AUC-ROC": 0.9960390395408039,
            "AUC-PR": 0.9712162083587851,
            "f1": 0.9295774647887324,
            "train_time": 9.974860429763794,
            "test_time": 0.05246329307556152,
            "epochs": 29
        },
        {
            "run": 4,
            "AUC-ROC": 0.9956409777576836,
            "AUC-PR": 0.9655577874530722,
            "f1": 0.9014084507042254,
            "train_time": 9.918052911758423,
            "test_time": 0.051512956619262695,
            "epochs": 29
        },
        {
            "run": 5,
            "AUC-ROC": 0.9957540076467177,
            "AUC-PR": 0.9662496635027351,
            "f1": 0.9014084507042254,
            "train_time": 9.805690288543701,
            "test_time": 0.04982185363769531,
            "epochs": 29
        },
        {
            "run": 6,
            "AUC-ROC": 0.9956802925016954,
            "AUC-PR": 0.9597206957297224,
            "f1": 0.9014084507042254,
            "train_time": 9.148914813995361,
            "test_time": 0.06524014472961426,
            "epochs": 27
        },
        {
            "run": 7,
            "AUC-ROC": 0.994427135036317,
            "AUC-PR": 0.9638498797720322,
            "f1": 0.9014084507042254,
            "train_time": 9.858774185180664,
            "test_time": 0.051425933837890625,
            "epochs": 29
        },
        {
            "run": 8,
            "AUC-ROC": 0.9936703262140885,
            "AUC-PR": 0.9656048917324279,
            "f1": 0.9154929577464789,
            "train_time": 9.81126356124878,
            "test_time": 0.07842469215393066,
            "epochs": 29
        },
        {
            "run": 9,
            "AUC-ROC": 0.9943485055482932,
            "AUC-PR": 0.9644022821867859,
            "f1": 0.9014084507042254,
            "train_time": 9.669401407241821,
            "test_time": 0.03487396240234375,
            "epochs": 29
        }
    ]
}