{
    "model_config": {
        "hidden_dim": 128,
        "depth": 4,
        "num_heads": 4,
        "mlp_ratio": 4.0,
        "dropout_prob": 0.0,
        "num_prototypes": 32,
        "temperature": 0.1,
        "sinkhorn_iters": 3,
        "sinkhorn_eps": 0.05,
        "contrastive_loss_weight": 0.01,
        "use_flash_attn": false,
        "num_features": 36
    },
    "train_config": {
        "data_dir": "Data/",
        "epochs": 250,
        "learning_rate": 0.01,
        "sche_gamma": 0.95,
        "batch_size": 512,
        "random_seed": 42,
        "num_workers": 0,
        "preprocess": "standard",
        "patience": 10,
        "use_amp": false,
        "model_type": "ProtoAD",
        "dataset_name": "satimage-2",
        "base_path": "results/ProtoAD-d128-proto32-eps0.05-contra0.01-temp0.1/satimage-2/1.0",
        "exp_name": "ProtoAD-d128-proto32-eps0.05-contra0.01-temp0.1",
        "runs": 10,
        "train_ratio": 1.0,
        "run": 9
    },
    "mean_metrics": {
        "rauc": 0.9983040602301878,
        "ap": 0.9732197551100427,
        "f1": 0.9267605633802816,
        "entropy_rauc": 0.4917967329447725,
        "entropy_ap": 0.0389428184141143,
        "entropy_f1": 0.029577464788732393,
        "avg_normal_entropy": 0.5509643822908401,
        "avg_abnormal_entropy": 0.4820913091301918,
        "avg_normal_recon": 0.1823166623711586,
        "avg_abnormal_recon": 4.477960872650146
    },
    "std_metrics": {
        "rauc_std": 0.0005173076105169957,
        "ap_std": 0.00557978353929081,
        "f1_std": 0.019718309859154928,
        "entropy_rauc_std": 0.13943604235555276,
        "entropy_ap_std": 0.05070880474802032,
        "entropy_f1_std": 0.08873239436619716,
        "avg_normal_entropy_std": 0.09107437660278346,
        "avg_abnormal_entropy_std": 0.17767162739065906,
        "avg_normal_recon_std": 0.02173834076648185,
        "avg_abnormal_recon_std": 0.46320958663313505
    },
    "total_time": 230.13202285766602,
    "all_seeds": [
        {
            "run": 0,
            "train_time": 17.986498832702637,
            "test_time": 0.08147025108337402,
            "epochs": 75,
            "rauc": 0.9982455795484702,
            "ap": 0.9712639187584522,
            "f1": 0.9154929577464789,
            "entropy_rauc": 0.3347257305170872,
            "entropy_ap": 0.01694237782345648,
            "entropy_f1": 0.0,
            "avg_normal_entropy": 0.6544821262359619,
            "avg_abnormal_entropy": 0.3760510981082916,
            "avg_normal_recon": 0.18557164072990417,
            "avg_abnormal_recon": 4.824225425720215
        },
        {
            "run": 1,
            "train_time": 28.31905436515808,
            "test_time": 0.05073809623718262,
            "epochs": 141,
            "rauc": 0.9987714142496289,
            "ap": 0.9792164609028866,
            "f1": 0.9436619718309859,
            "entropy_rauc": 0.5836863469722733,
            "entropy_ap": 0.030093982845378595,
            "entropy_f1": 0.0,
            "avg_normal_entropy": 0.5152196288108826,
            "avg_abnormal_entropy": 0.6400432586669922,
            "avg_normal_recon": 0.17167878150939941,
            "avg_abnormal_recon": 4.001175880432129
        },
        {
            "run": 2,
            "train_time": 7.172637462615967,
            "test_time": 0.05164957046508789,
            "epochs": 61,
            "rauc": 0.9980244341134034,
            "ap": 0.9748486888945207,
            "f1": 0.9295774647887324,
            "entropy_rauc": 0.5224290614587735,
            "entropy_ap": 0.02418552789712368,
            "entropy_f1": 0.0,
            "avg_normal_entropy": 0.531522274017334,
            "avg_abnormal_entropy": 0.48372882604599,
            "avg_normal_recon": 0.19089306890964508,
            "avg_abnormal_recon": 5.189792156219482
        },
        {
            "run": 3,
            "train_time": 30.946021795272827,
            "test_time": 0.08626532554626465,
            "epochs": 146,
            "rauc": 0.998894272824666,
            "ap": 0.9824048246555117,
            "f1": 0.971830985915493,
            "entropy_rauc": 0.7848254916800173,
            "entropy_ap": 0.19045407308626347,
            "entropy_f1": 0.29577464788732394,
            "avg_normal_entropy": 0.39138689637184143,
            "avg_abnormal_entropy": 0.7870692610740662,
            "avg_normal_recon": 0.14354084432125092,
            "avg_abnormal_recon": 4.244999885559082
        },
        {
            "run": 4,
            "train_time": 34.10682725906372,
            "test_time": 0.08563923835754395,
            "epochs": 153,
            "rauc": 0.9986976991046067,
            "ap": 0.960589391544556,
            "f1": 0.9014084507042254,
            "entropy_rauc": 0.5656507081568265,
            "entropy_ap": 0.027326730296502365,
            "entropy_f1": 0.0,
            "avg_normal_entropy": 0.5518760681152344,
            "avg_abnormal_entropy": 0.597370445728302,
            "avg_normal_recon": 0.1798187643289566,
            "avg_abnormal_recon": 3.5832691192626953
        },
        {
            "run": 5,
            "train_time": 14.381962060928345,
            "test_time": 0.08448100090026855,
            "epochs": 64,
            "rauc": 0.9985109540705503,
            "ap": 0.9718249611530649,
            "f1": 0.9014084507042254,
            "entropy_rauc": 0.4311475973777066,
            "entropy_ap": 0.019441500361496843,
            "entropy_f1": 0.0,
            "avg_normal_entropy": 0.7018909454345703,
            "avg_abnormal_entropy": 0.5214861631393433,
            "avg_normal_recon": 0.1876373142004013,
            "avg_abnormal_recon": 4.264296531677246
        },
        {
            "run": 6,
            "train_time": 22.111737728118896,
            "test_time": 0.08208012580871582,
            "epochs": 98,
            "rauc": 0.9971152806581288,
            "ap": 0.9694858135235137,
            "f1": 0.9154929577464789,
            "entropy_rauc": 0.4469742390139862,
            "entropy_ap": 0.02018560358843463,
            "entropy_f1": 0.0,
            "avg_normal_entropy": 0.6266219019889832,
            "avg_abnormal_entropy": 0.45335012674331665,
            "avg_normal_recon": 0.22878064215183258,
            "avg_abnormal_recon": 5.056952476501465
        },
        {
            "run": 7,
            "train_time": 13.547332286834717,
            "test_time": 0.0835273265838623,
            "epochs": 60,
            "rauc": 0.9987763285926304,
            "ap": 0.976124956537562,
            "f1": 0.9295774647887324,
            "entropy_rauc": 0.5800448188081735,
            "entropy_ap": 0.026632158028323135,
            "entropy_f1": 0.0,
            "avg_normal_entropy": 0.5998038053512573,
            "avg_abnormal_entropy": 0.5674252510070801,
            "avg_normal_recon": 0.20072223246097565,
            "avg_abnormal_recon": 4.427006721496582
        },
        {
            "run": 8,
            "train_time": 23.592739582061768,
            "test_time": 0.08417940139770508,
            "epochs": 105,
            "rauc": 0.9980784918864196,
            "ap": 0.9726357052875721,
            "f1": 0.9295774647887324,
            "entropy_rauc": 0.279798118789499,
            "entropy_ap": 0.015712720373478213,
            "entropy_f1": 0.0,
            "avg_normal_entropy": 0.4512051045894623,
            "avg_abnormal_entropy": 0.17287616431713104,
            "avg_normal_recon": 0.16283699870109558,
            "avg_abnormal_recon": 4.478672981262207
        },
        {
            "run": 9,
            "train_time": 35.114086866378784,
            "test_time": 0.06879448890686035,
            "epochs": 159,
            "rauc": 0.9979261472533738,
            "ap": 0.9738028298427882,
            "f1": 0.9295774647887324,
            "entropy_rauc": 0.38868521667338296,
            "entropy_ap": 0.01845350984068559,
            "entropy_f1": 0.0,