{
    "model_config": {
        "hidden_dim": 128,
        "depth": 4,
        "num_heads": 4,
        "mlp_ratio": 4.0,
        "dropout_prob": 0.0,
        "num_prototypes": 64,
        "temperature": 0.1,
        "sinkhorn_iters": 3,
        "sinkhorn_eps": 0.1,
        "contrastive_loss_weight": 0.1,
        "use_flash_attn": false,
        "num_features": 64
    },
    "train_config": {
        "data_dir": "Data/",
        "epochs": 250,
        "learning_rate": 0.01,
        "sche_gamma": 0.95,
        "batch_size": 512,
        "random_seed": 42,
        "num_workers": 0,
        "preprocess": "standard",
        "patience": 20,
        "use_amp": false,
        "model_type": "ProtoAD",
        "dataset_name": "optdigits",
        "base_path": "results/ProtoAD-d128-proto64-eps0.1-contra0.1-temp0.1/optdigits/1.0",
        "exp_name": "ProtoAD-d128-proto64-eps0.1-contra0.1-temp0.1",
        "runs": 10,
        "train_ratio": 1.0,
        "run": 9
    },
    "mean_metrics": {
        "rauc": 0.5877491775233583,
        "ap": 0.062187348549883725,
        "f1": 0.002,
        "entropy_rauc": 0.40244426898276087,
        "entropy_ap": 0.05587992749661108,
        "entropy_f1": 0.036380196717975787,
        "avg_normal_entropy": 4.016751289367676,
        "avg_abnormal_entropy": 3.96673002243042,
        "avg_normal_recon": 1.0506289422512054,
        "avg_abnormal_recon": 0.8190301597118378
    },
    "std_metrics": {
        "rauc_std": 0.04324903719679167,
        "ap_std": 0.007768530795813709,
        "f1_std": 0.004268749491621899,
        "entropy_rauc_std": 0.19082066065541883,
        "entropy_ap_std": 0.025242026577164657,
        "entropy_f1_std": 0.04650665096010188,
        "avg_normal_entropy_std": 0.1727668917305404,
        "avg_abnormal_entropy_std": 0.22357251929851418,
        "avg_normal_recon_std": 0.1331230672528542,
        "avg_abnormal_recon_std": 0.07455270509259371
    },
    "total_time": 84.08148169517517,
    "all_seeds": [
        {
            "run": 0,
            "train_time": 15.029011011123657,
            "test_time": 0.183732271194458,
            "epochs": 60,
            "rauc": 0.5801000131596262,
            "ap": 0.06006656806876605,
            "f1": 0.0,
            "entropy_rauc": 0.11236741676536387,
            "entropy_ap": 0.031080246700480152,
            "entropy_f1": 0.0,
            "avg_normal_entropy": 4.158782958984375,
            "avg_abnormal_entropy": 4.158823490142822,
            "avg_normal_recon": 0.9401534795761108,
            "avg_abnormal_recon": 0.7777761816978455
        },
        {
            "run": 1,
            "train_time": 10.938119411468506,
            "test_time": 0.06383848190307617,
            "epochs": 46,
            "rauc": 0.568087906303461,
            "ap": 0.05840741507818268,
            "f1": 0.0,
            "entropy_rauc": 0.7333004342676669,
            "entropy_ap": 0.11731115559669696,
            "entropy_f1": 0.054945054945054944,
            "avg_normal_entropy": 4.15772819519043,
            "avg_abnormal_entropy": 4.158880233764648,
            "avg_normal_recon": 0.8810016512870789,
            "avg_abnormal_recon": 0.7596255540847778
        },
        {
            "run": 2,
            "train_time": 7.772300958633423,
            "test_time": 0.06420421600341797,
            "epochs": 40,
            "rauc": 0.5781523884721674,
            "ap": 0.05960455760019012,
            "f1": 0.0,
            "entropy_rauc": 0.5491788393209633,
            "entropy_ap": 0.061544076876736235,
            "entropy_f1": 0.0,
            "avg_normal_entropy": 4.158846855163574,
            "avg_abnormal_entropy": 4.158873558044434,
            "avg_normal_recon": 1.051068663597107,
            "avg_abnormal_recon": 0.7792008519172668
        },
        {
            "run": 3,
            "train_time": 10.707098722457886,
            "test_time": 0.06393718719482422,
            "epochs": 56,
            "rauc": 0.5668877483879459,
            "ap": 0.058180132917848404,
            "f1": 0.0,
            "entropy_rauc": 0.5366811422555599,
            "entropy_ap": 0.06452289012076451,
            "entropy_f1": 0.05423728813559322,
            "avg_normal_entropy": 4.158705234527588,
            "avg_abnormal_entropy": 4.158820629119873,
            "avg_normal_recon": 1.0662144422531128,
            "avg_abnormal_recon": 0.7723768949508667
        },
        {
            "run": 4,
            "train_time": 5.144272327423096,
            "test_time": 0.0875091552734375,
            "epochs": 25,
            "rauc": 0.5914120278984077,
            "ap": 0.06200797356040594,
            "f1": 0.0,
            "entropy_rauc": 0.3036596920647454,
            "entropy_ap": 0.03712557798339867,
            "entropy_f1": 0.006666666666666667,
            "avg_normal_entropy": 4.065504550933838,
            "avg_abnormal_entropy": 4.016232013702393,
            "avg_normal_recon": 0.9148687720298767,
            "avg_abnormal_recon": 0.7823212742805481
        },
        {
            "run": 5,
            "train_time": 5.4385504722595215,
            "test_time": 0.08696484565734863,
            "epochs": 23,
            "rauc": 0.5109224898012896,
            "ap": 0.051623658315122126,
            "f1": 0.0,
            "entropy_rauc": 0.2501473878141861,
            "entropy_ap": 0.03668519988769226,
            "entropy_f1": 0.02666666666666667,
            "avg_normal_entropy": 3.9269556999206543,
            "avg_abnormal_entropy": 3.852412462234497,
            "avg_normal_recon": 0.9591285586357117,
            "avg_abnormal_recon": 0.7678377032279968
        },
        {
            "run": 6,
            "train_time": 5.4466798305511475,
            "test_time": 0.08684849739074707,
            "epochs": 23,
            "rauc": 0.5800736939070931,
            "ap": 0.06033776457755201,
            "f1": 0.0,
            "entropy_rauc": 0.26495591525200685,
            "entropy_ap": 0.03546706487425824,
            "entropy_f1": 0.0,
            "avg_normal_entropy": 3.734499454498291,
            "avg_abnormal_entropy": 3.643549919128418,
            "avg_normal_recon": 1.2102692127227783,
            "avg_abnormal_recon": 0.8376487493515015
        },
        {
            "run": 7,
            "train_time": 5.1348395347595215,
            "test_time": 0.08718228340148926,
            "epochs": 22,
            "rauc": 0.6390761942360837,
            "ap": 0.0701959604396037,
            "f1": 0.013333333333333334,
            "entropy_rauc": 0.3766166600868535,
            "entropy_ap": 0.06733917924307828,
            "entropy_f1": 0.1605351170568562,
            "avg_normal_entropy": 3.6935760974884033,
            "avg_abnormal_entropy": 3.555157423019409,
            "avg_normal_recon": 1.1267918348312378,
            "avg_abnormal_recon": 0.951534628868103
        },
        {
            "run": 8,
            "train_time": 9.702181339263916,
            "test_time": 0.0877387523651123,
            "epochs": 41,
            "rauc": 0.5798420844848007,
            "ap": 0.05983826145908255,
            "f1": 0.0,
            "entropy_rauc": 0.6413159626266614,
            "entropy_ap": 0.07117795431182175,
            "entropy_f1": 0.014084507042253521,
            "avg_normal_entropy": 4.157434463500977,
            "avg_abnormal_entropy": 4.158864498138428,
            "avg_normal_recon": 1.3288260698318481,
            "avg_abnormal_recon": 0.7886940240859985
        },
        {
            "run": 9,
            "train_time": 5.5743794441223145,
            "test_time": 0.08693408966064453,
            "epochs": 24,
            "rauc": 0.6829372285827083,
            "ap": 0.08161119348208368,
            "f1": 0.006666666666666667,
            "entropy_rauc": 0.2562192393736018,
            "entropy_ap": 0.03654592937118368,
            "entropy_f1": 0.04666666666666667,
            "avg_normal_entropy": 3.955479383468628,