{
    "model_config": {
        "model_type": "GOAD",
        "dataset_name": "wilt",
        "train_ratio": 1.0
    },
    "mean_metrics": {
        "run": 2,
        "AUC-ROC": 0.5766431202097516,
        "AUC-PR": 0.14852528962225045,
        "f1": 0.20622568093385213
    },
    "total_time": 26.901267051696777,
    "all_seeds": []
}