{
    "model_config": {
        "num_heads": 4,
        "num_latents": 2,
        "num_memories": 15,
        "depth": 4,
        "hidden_dim": 16,
        "mlp_ratio": 4.0,
        "dropout_prob": 0.0,
        "temperature": 0.1,
        "sim_type": "cos",
        "use_oe": true,
        "oe_lambda": 0.1,
        "oe_shuffle_ratio": 0.1,
        "oe_lambda_memory": 0.0,
        "is_weight_sharing": false,
        "use_pos_enc_as_query": false,
        "use_mask_token": false,
        "num_features": 8
    },
    "train_config": {
        "data_dir": "Data/",
        "epochs": 250,
        "learning_rate": 0.01,
        "sche_gamma": 0.95,
        "batch_size": 512,
        "random_seed": 42,
        "num_workers": 0,
        "preprocess": "standard",
        "model_type": "OELATTE",
        "dataset_name": "pima",
        "train_ratio": 1.0,
        "base_path": "results/OELATTE-d16-oe_lam0.1-oe_rat0.1/pima/1.0",
        "not_use_power_of_two": false,
        "num_memories_not_use_power_of_two": false,
        "num_memories_twice": false,
        "contamination_ratio": null,
        "latent_ratio": null,
        "memory_ratio": null,
        "run": 9
    },
    "mean_metrics": {
        "AUC-ROC": 0.6861955223880597,
        "AUC-PR": 0.6805952688655361,
        "f1": 0.6585820895522388
    },
    "total_time": 146.3241903781891,
    "all_seeds": [
        {
            "run": 0,
            "AUC-ROC": 0.7127014925373134,
            "AUC-PR": 0.6991573167957319,
            "f1": 0.6902985074626866,
            "train_time": 14.975211143493652,
            "test_time": 0.03045344352722168,
            "epochs": 250
        },
        {
            "run": 1,
            "AUC-ROC": 0.6720149253731343,
            "AUC-PR": 0.6518984397860953,
            "f1": 0.6492537313432836,
            "train_time": 14.384352207183838,
            "test_time": 0.02613663673400879,
            "epochs": 250
        },
        {
            "run": 2,
            "AUC-ROC": 0.7025820895522389,
            "AUC-PR": 0.6906799839921351,
            "f1": 0.6567164179104478,
            "train_time": 14.271561861038208,
            "test_time": 0.025951147079467773,
            "epochs": 250
        },
        {
            "run": 3,
            "AUC-ROC": 0.7084477611940299,
            "AUC-PR": 0.6954176943171404,
            "f1": 0.6716417910447762,
            "train_time": 14.341908693313599,
            "test_time": 0.02651357650756836,
            "epochs": 250
        },
        {
            "run": 4,
            "AUC-ROC": 0.7045970149253731,
            "AUC-PR": 0.6882247671993859,
            "f1": 0.6604477611940298,
            "train_time": 14.469171524047852,
            "test_time": 0.027253389358520508,
            "epochs": 250
        },
        {
            "run": 5,
            "AUC-ROC": 0.6737313432835821,
            "AUC-PR": 0.6811964735838463,
            "f1": 0.6380597014925373,
            "train_time": 14.3479905128479,
            "test_time": 0.026585102081298828,
            "epochs": 250
        },
        {
            "run": 6,
            "AUC-ROC": 0.6319850746268657,
            "AUC-PR": 0.6299183299533353,
            "f1": 0.6380597014925373,
            "train_time": 14.504915952682495,
            "test_time": 0.026523351669311523,
            "epochs": 250
        },
        {
            "run": 7,
            "AUC-ROC": 0.6794179104477612,
            "AUC-PR": 0.6711964394662879,
            "f1": 0.667910447761194,
            "train_time": 14.361448764801025,
            "test_time": 0.024639129638671875,
            "epochs": 250
        },
        {
            "run": 8,
            "AUC-ROC": 0.668179104477612,
            "AUC-PR": 0.6840334219763418,
            "f1": 0.6380597014925373,
            "train_time": 14.459858417510986,
            "test_time": 0.027362585067749023,
            "epochs": 250
        },
        {
            "run": 9,
            "AUC-ROC": 0.7082985074626865,
            "AUC-PR": 0.7142298215850631,
            "f1": 0.6753731343283582,
            "train_time": 14.39236330986023,
            "test_time": 0.026580333709716797,
            "epochs": 250
        }
    ]
}