{
    "model_config": {
        "hidden_dim": 64,
        "depth": 4,
        "num_heads": 4,
        "mlp_ratio": 4.0,
        "dropout_prob": 0.0,
        "num_prototypes": 5,
        "temperature": 0.1,
        "sinkhorn_iters": 3,
        "sinkhorn_eps": 0.1,
        "contrastive_loss_weight": 1.0,
        "use_flash_attn": false,
        "num_features": 16
    },
    "train_config": {
        "data_dir": "Data/",
        "epochs": 250,
        "learning_rate": 0.01,
        "sche_gamma": 0.95,
        "batch_size": 512,
        "random_seed": 42,
        "num_workers": 0,
        "preprocess": "standard",
        "patience": 20,
        "use_amp": false,
        "model_type": "ProtoAD",
        "dataset_name": "pendigits",
        "base_path": "results/ProtoAD-d64-proto5-eps0.1-contra1.0-temp0.1/pendigits/1.0",
        "exp_name": "ProtoAD-d64-proto5-eps0.1-contra1.0-temp0.1",
        "runs": 10,
        "train_ratio": 1.0,
        "run": 9
    },
    "mean_metrics": {
        "rauc": 0.8991160834994615,
        "ap": 0.3406208300438031,
        "f1": 0.38461538461538464,
        "entropy_rauc": 0.2772717551537927,
        "entropy_ap": 0.03449274049979632,
        "entropy_f1": 0.004487179487179487,
        "avg_normal_entropy": 1.2766446232795716,
        "avg_abnormal_entropy": 1.0968903392553329,
        "avg_normal_recon": 0.7299094766378402,
        "avg_abnormal_recon": 1.6291146218776702
    },
    "std_metrics": {
        "rauc_std": 0.0433013814692895,
        "ap_std": 0.1193968641735375,
        "f1_std": 0.10961351025537977,
        "entropy_rauc_std": 0.23467098221190838,
        "entropy_ap_std": 0.01457315343922781,
        "entropy_f1_std": 0.00908810697356271,
        "avg_normal_entropy_std": 0.22311041876383922,
        "avg_abnormal_entropy_std": 0.4551235435832339,
        "avg_normal_recon_std": 0.16395710435247995,
        "avg_abnormal_recon_std": 0.3807449563002245
    },
    "total_time": 87.89967584609985,
    "all_seeds": [
        {
            "run": 0,
            "train_time": 6.493770599365234,
            "test_time": 0.09623980522155762,
            "epochs": 21,
            "rauc": 0.8474198574734769,
            "ap": 0.24525204550186402,
            "f1": 0.33974358974358976,
            "entropy_rauc": 0.37053172475424484,
            "entropy_ap": 0.033292778532692954,
            "entropy_f1": 0.0,
            "avg_normal_entropy": 1.1589136123657227,
            "avg_abnormal_entropy": 1.1206392049789429,
            "avg_normal_recon": 0.8648158311843872,
            "avg_abnormal_recon": 1.6611822843551636
        },
        {
            "run": 1,
            "train_time": 6.099654674530029,
            "test_time": 0.09374189376831055,
            "epochs": 22,
            "rauc": 0.9656343805137372,
            "ap": 0.4852186833581199,
            "f1": 0.5448717948717948,
            "entropy_rauc": 0.4656725709004529,
            "entropy_ap": 0.040103818374305863,
            "entropy_f1": 0.0,
            "avg_normal_entropy": 1.2898838520050049,
            "avg_abnormal_entropy": 1.3552930355072021,
            "avg_normal_recon": 0.8132610321044922,
            "avg_abnormal_recon": 2.3023836612701416
        },
        {
            "run": 2,
            "train_time": 5.864846706390381,
            "test_time": 0.09361100196838379,
            "epochs": 21,
            "rauc": 0.8597610809407056,
            "ap": 0.19815654658339785,
            "f1": 0.26282051282051283,
            "entropy_rauc": 0.021407621273573027,
            "entropy_ap": 0.022777709049083588,
            "entropy_f1": 0.0,
            "avg_normal_entropy": 1.1022469997406006,
            "avg_abnormal_entropy": 0.3428771197795868,
            "avg_normal_recon": 0.7053960561752319,
            "avg_abnormal_recon": 1.3257354497909546
        },
        {
            "run": 3,
            "train_time": 19.884183168411255,
            "test_time": 0.09416890144348145,
            "epochs": 76,
            "rauc": 0.9578320845076879,
            "ap": 0.41712606532909213,
            "f1": 0.3525641025641026,
            "entropy_rauc": 0.06082487416267578,
            "entropy_ap": 0.023578199136510696,
            "entropy_f1": 0.0,
            "avg_normal_entropy": 1.6037120819091797,
            "avg_abnormal_entropy": 1.580380916595459,
            "avg_normal_recon": 0.3710724413394928,
            "avg_abnormal_recon": 0.9373478293418884
        },
        {
            "run": 4,
            "train_time": 6.09569239616394,
            "test_time": 0.08781266212463379,
            "epochs": 23,
            "rauc": 0.8458368659441045,
            "ap": 0.230809161887063,
            "f1": 0.30128205128205127,
            "entropy_rauc": 0.07551003261459024,
            "entropy_ap": 0.023669125310883107,
            "entropy_f1": 0.0,
            "avg_normal_entropy": 1.2989054918289185,
            "avg_abnormal_entropy": 0.8924403190612793,
            "avg_normal_recon": 0.6958490610122681,
            "avg_abnormal_recon": 1.321797251701355
        },
        {
            "run": 5,
            "train_time": 5.458858251571655,
            "test_time": 0.09208512306213379,
            "epochs": 21,
            "rauc": 0.9182553867540464,
            "ap": 0.5161963835071589,
            "f1": 0.5576923076923077,
            "entropy_rauc": 0.1402121857885933,
            "entropy_ap": 0.029993325503100868,
            "entropy_f1": 0.02564102564102564,
            "avg_normal_entropy": 0.8321362733840942,
            "avg_abnormal_entropy": 0.3817128539085388,
            "avg_normal_recon": 0.6190868020057678,
            "avg_abnormal_recon": 1.9459439516067505
        },
        {
            "run": 6,
            "train_time": 6.65313982963562,
            "test_time": 0.09316253662109375,
            "epochs": 24,
            "rauc": 0.8595204815043958,
            "ap": 0.22457897401912244,
            "f1": 0.22435897435897437,
            "entropy_rauc": 0.12366238170527714,
            "entropy_ap": 0.024069590278075887,
            "entropy_f1": 0.0,
            "avg_normal_entropy": 1.15838623046875,
            "avg_abnormal_entropy": 0.7610403895378113,
            "avg_normal_recon": 1.0368167161941528,
            "avg_abnormal_recon": 1.9407726526260376
        },
        {
            "run": 7,
            "train_time": 6.281679153442383,
            "test_time": 0.09309601783752441,
            "epochs": 23,
            "rauc": 0.8831717879975253,
            "ap": 0.24945121196241588,
            "f1": 0.34615384615384615,
            "entropy_rauc": 0.7163523597839953,
            "entropy_ap": 0.06948052449396691,
            "entropy_f1": 0.0,
            "avg_normal_entropy": 1.2758623361587524,
            "avg_abnormal_entropy": 1.4023370742797852,
            "avg_normal_recon": 0.7152092456817627,
            "avg_abnormal_recon": 1.3856546878814697
        },
        {
            "run": 8,
            "train_time": 15.583537817001343,
            "test_time": 0.09325170516967773,
            "epochs": 58,
            "rauc": 0.9201725441671823,
            "ap": 0.35177514638583635,
            "f1": 0.42948717948717946,
            "entropy_rauc": 0.18885814562758263,
            "entropy_ap": 0.0262532389163401,
            "entropy_f1": 0.0,
            "avg_normal_entropy": 1.6029223203659058,
            "avg_abnormal_entropy": 1.5982537269592285,
            "avg_normal_recon": 0.6826716065406799,
            "avg_abnormal_recon": 1.5754047632217407
        },
        {
            "run": 9,
            "train_time": 6.538716077804565,
            "test_time": 0.09408998489379883,
            "epochs": 23,
            "rauc": 0.933556365191754,
            "ap": 0.48764408190396097,
            "f1": 0.48717948717948717,
            "entropy_rauc": 0.6096856549269418,
            "entropy_ap": 0.05170909540300328,
            "entropy_f1": 0.019230769230769232,