{
    "model_config": {
        "num_features": 274,
        "hidden_dim": 64,
        "depth": 4,
        "depth_enc": null,
        "depth_dec": null,
        "num_heads": 4,
        "mlp_ratio": 4.0,
        "dropout_prob": 0.0,
        "temperature": 0.1,
        "byol_loss_weight": 0.1,
        "dacl_alpha": 0.9,
        "projector_dim": null,
        "byol_momentum": 0.99,
        "use_flash_attn": false
    },
    "train_config": {
        "data_dir": "Data/",
        "epochs": 200,
        "learning_rate": 0.01,
        "sche_gamma": 0.95,
        "batch_size": 512,
        "random_seed": 42,
        "num_workers": 0,
        "preprocess": "standard",
        "patience": 10,
        "min_delta": 0,
        "use_amp": false,
        "model_type": "TAEDACL",
        "dataset_name": "arrhythmia",
        "base_path": "results/TAEDACL-260125-bw0.1-ap0.9-ep200-ep40_combined/arrhythmia/1.0",
        "exp_name": "TAEDACL-260125-bw0.1-ap0.9-ep200-ep40_combined",
        "runs": 10,
        "train_ratio": 1.0
    },
    "start_time_kst": "2026-01-25T16:09:27+09:00",
    "mean_metrics": {
        "rauc": 0.7997644842204428,
        "ap": 0.612478122234487,
        "f1": 0.5636363636363637,
        "avg_normal": -0.39554813131690025,
        "avg_abnormal": 4.129571104049683
    },
    "std_metrics": {
        "rauc_std": 0.012394247725412248,
        "ap_std": 0.02622081932523107,
        "f1_std": 0.026933922476713928,
        "avg_normal_std": 0.21491661402323475,
        "avg_abnormal_std": 1.824049244749406
    },
    "total_time": 141.39280319213867,
    "all_seeds": [
        {
            "rauc": 0.8084471659601193,
            "ap": 0.6094590655675435,
            "f1": 0.5606060606060606,
            "avg_normal": -0.47693002223968506,
            "avg_abnormal": 3.632277250289917,
            "run": 0,
            "epochs": 79,
            "train_time": 14.120518445968628,
            "test_time": 0.1298220157623291
        },
        {
            "rauc": 0.7958863243837337,
            "ap": 0.5925422965227968,
            "f1": 0.5606060606060606,
            "avg_normal": -0.3733212947845459,
            "avg_abnormal": 3.2492284774780273,
            "run": 1,
            "epochs": 86,
            "train_time": 14.522140502929688,
            "test_time": 0.126662015914917
        },
        {
            "rauc": 0.7753964515622546,
            "ap": 0.5986296135330587,
            "f1": 0.5151515151515151,
            "avg_normal": -0.17252369225025177,
            "avg_abnormal": 5.932433128356934,
            "run": 2,
            "epochs": 82,
            "train_time": 14.063038349151611,
            "test_time": 0.1429281234741211
        },
        {
            "rauc": 0.8181033129219657,
            "ap": 0.6841245888409367,
            "f1": 0.5909090909090909,
            "avg_normal": -0.8317246437072754,
            "avg_abnormal": 2.828742265701294,
            "run": 3,
            "epochs": 82,
            "train_time": 14.912930727005005,
            "test_time": 0.16731810569763184
        },
        {
            "rauc": 0.8046004082273512,
            "ap": 0.6058684118932993,
            "f1": 0.5606060606060606,
            "avg_normal": -0.18993934988975525,
            "avg_abnormal": 2.9051568508148193,
            "run": 4,
            "epochs": 81,
            "train_time": 14.900151014328003,
            "test_time": 0.15426206588745117
        },
        {
            "rauc": 0.7864656932014445,
            "ap": 0.5873615394146914,
            "f1": 0.5757575757575758,
            "avg_normal": -0.3351350426673889,
            "avg_abnormal": 3.8100321292877197,
            "run": 5,
            "epochs": 88,
            "train_time": 16.22165083885193,
            "test_time": 0.17134904861450195
        },
        {
            "rauc": 0.8107238184958393,
            "ap": 0.624702048071078,
            "f1": 0.5909090909090909,
            "avg_normal": -0.558992326259613,
            "avg_abnormal": 3.571619987487793,
            "run": 6,
            "epochs": 81,
            "train_time": 14.696582317352295,
            "test_time": 0.16917157173156738
        },
        {
            "rauc": 0.7958078191238814,
            "ap": 0.6168885731351813,
            "f1": 0.5454545454545454,
            "avg_normal": -0.6017826199531555,
            "avg_abnormal": 2.9643657207489014,
            "run": 7,
            "epochs": 78,
            "train_time": 14.164878368377686,
            "test_time": 0.15107131004333496
        },
        {
            "rauc": 0.810488302716282,
            "ap": 0.5953464123727598,
            "f1": 0.6060606060606061,
            "avg_normal": -0.3278549611568451,
            "avg_abnormal": 3.4210498332977295,
            "run": 8,
            "epochs": 85,
            "train_time": 15.461362600326538,
            "test_time": 0.14449501037597656
        },
        {
            "rauc": 0.7917255456115561,
            "ap": 0.6098586729935239,
            "f1": 0.5303030303030303,
            "avg_normal": -0.0872773602604866,
            "avg_abnormal": 8.980805397033691,
            "run": 9,
            "epochs": 26,
            "train_time": 4.595430374145508,
            "test_time": 0.16350197792053223
        }
    ]
}