{
    "model_config": {
        "hidden_dim": 32,
        "depth": 4,
        "num_heads": 4,
        "mlp_ratio": 4.0,
        "dropout_prob": 0.0,
        "num_prototypes": 64,
        "temperature": 0.1,
        "sinkhorn_iters": 3,
        "sinkhorn_eps": 0.05,
        "contrastive_loss_weight": 0.01,
        "use_flash_attn": false,
        "num_features": 6
    },
    "train_config": {
        "data_dir": "Data/",
        "epochs": 250,
        "learning_rate": 0.01,
        "sche_gamma": 0.95,
        "batch_size": 512,
        "random_seed": 42,
        "num_workers": 0,
        "preprocess": "standard",
        "patience": 20,
        "use_amp": false,
        "model_type": "ProtoAD",
        "dataset_name": "mammography",
        "base_path": "results/ProtoAD-d32-proto64-eps0.05-contra0.01-temp0.1/mammography/1.0",
        "exp_name": "ProtoAD-d32-proto64-eps0.05-contra0.01-temp0.1",
        "runs": 10,
        "train_ratio": 1.0,
        "run": 9
    },
    "mean_metrics": {
        "rauc": 0.8696648522660058,
        "ap": 0.4529888119929469,
        "f1": 0.43076923076923085,
        "entropy_rauc": 0.42220227868067484,
        "entropy_ap": 0.03573421825587175,
        "entropy_f1": 0.0,
        "avg_normal_entropy": 1.0720980405807494,
        "avg_abnormal_entropy": 0.4059157073497772,
        "avg_normal_recon": 0.049744905531406404,
        "avg_abnormal_recon": 2.3387637615203856
    },
    "std_metrics": {
        "rauc_std": 0.00933585468403371,
        "ap_std": 0.021383923175039243,
        "f1_std": 0.02708741055639848,
        "entropy_rauc_std": 0.01820088025642102,
        "entropy_ap_std": 0.0011607122930743978,
        "entropy_f1_std": 0.0,
        "avg_normal_entropy_std": 0.03404927593358543,
        "avg_abnormal_entropy_std": 0.03674762722281755,
        "avg_normal_recon_std": 0.01392920863742496,
        "avg_abnormal_recon_std": 0.15275685807508654
    },
    "total_time": 548.4708292484283,
    "all_seeds": [
        {
            "run": 0,
            "train_time": 56.62524747848511,
            "test_time": 0.1301259994506836,
            "epochs": 136,
            "rauc": 0.8741292989324846,
            "ap": 0.44949781934821864,
            "f1": 0.4307692307692308,
            "entropy_rauc": 0.43234057685266036,
            "entropy_ap": 0.03643151002810848,
            "entropy_f1": 0.0,
            "avg_normal_entropy": 1.048885703086853,
            "avg_abnormal_entropy": 0.41926175355911255,
            "avg_normal_recon": 0.05495885759592056,
            "avg_abnormal_recon": 2.4471960067749023
        },
        {
            "run": 1,
            "train_time": 59.10574412345886,
            "test_time": 0.09206461906433105,
            "epochs": 149,
            "rauc": 0.8548788130580516,
            "ap": 0.420113270567771,
            "f1": 0.4076923076923077,
            "entropy_rauc": 0.41403895445455313,
            "entropy_ap": 0.03506203826596669,
            "entropy_f1": 0.0,
            "avg_normal_entropy": 1.1167254447937012,
            "avg_abnormal_entropy": 0.4283432364463806,
            "avg_normal_recon": 0.053915493190288544,
            "avg_abnormal_recon": 2.5591633319854736
        },
        {
            "run": 2,
            "train_time": 48.715542793273926,
            "test_time": 0.12392258644104004,
            "epochs": 127,
            "rauc": 0.8769072331915612,
            "ap": 0.47408946717168166,
            "f1": 0.4576923076923077,
            "entropy_rauc": 0.39838851646339746,
            "entropy_ap": 0.034307862006022004,
            "entropy_f1": 0.0,
            "avg_normal_entropy": 1.114038109779358,
            "avg_abnormal_entropy": 0.37570130825042725,
            "avg_normal_recon": 0.048453718423843384,
            "avg_abnormal_recon": 2.3545491695404053
        },
        {
            "run": 3,
            "train_time": 58.31026840209961,
            "test_time": 0.1300678253173828,
            "epochs": 150,
            "rauc": 0.8712566543672365,
            "ap": 0.469258921709491,
            "f1": 0.4230769230769231,
            "entropy_rauc": 0.42147072078415904,
            "entropy_ap": 0.035576135068019994,
            "entropy_f1": 0.0,
            "avg_normal_entropy": 1.0442475080490112,
            "avg_abnormal_entropy": 0.4295302927494049,
            "avg_normal_recon": 0.028370030224323273,
            "avg_abnormal_recon": 2.1458044052124023
        },
        {
            "run": 4,
            "train_time": 55.11776065826416,
            "test_time": 0.1199495792388916,
            "epochs": 137,
            "rauc": 0.8512748922626256,
            "ap": 0.4249509546103496,
            "f1": 0.3769230769230769,
            "entropy_rauc": 0.4512650339407938,
            "entropy_ap": 0.03765441978349179,
            "entropy_f1": 0.0,
            "avg_normal_entropy": 1.0359739065170288,
            "avg_abnormal_entropy": 0.4592539370059967,
            "avg_normal_recon": 0.053753238171339035,
            "avg_abnormal_recon": 2.230342388153076
        },
        {
            "run": 5,
            "train_time": 53.765958070755005,
            "test_time": 0.0917353630065918,
            "epochs": 139,
            "rauc": 0.8736469453285638,
            "ap": 0.44783155213134473,
            "f1": 0.4307692307692308,
            "entropy_rauc": 0.4214084021068642,
            "entropy_ap": 0.03574345858206514,
            "entropy_f1": 0.0,
            "avg_normal_entropy": 1.1015918254852295,
            "avg_abnormal_entropy": 0.36188367009162903,
            "avg_normal_recon": 0.03888691961765289,
            "avg_abnormal_recon": 2.2749295234680176
        },
        {
            "run": 6,
            "train_time": 54.61628317832947,
            "test_time": 0.19475889205932617,
            "epochs": 141,
            "rauc": 0.8806171309466805,
            "ap": 0.4883221385589163,
            "f1": 0.47307692307692306,
            "entropy_rauc": 0.39330338281272004,
            "entropy_ap": 0.03397117134898905,
            "entropy_f1": 0.0,
            "avg_normal_entropy": 1.0446346998214722,
            "avg_abnormal_entropy": 0.3630361258983612,
            "avg_normal_recon": 0.05542018264532089,
            "avg_abnormal_recon": 2.386179208755493
        },
        {
            "run": 7,
            "train_time": 57.9037823677063,
            "test_time": 0.12312531471252441,
            "epochs": 150,
            "rauc": 0.8638122130524182,
            "ap": 0.4624859781330169,
            "f1": 0.4115384615384615,
            "entropy_rauc": 0.4513484775934428,
            "entropy_ap": 0.037601794582934764,
            "entropy_f1": 0.0,
            "avg_normal_entropy": 1.033555507659912,
            "avg_abnormal_entropy": 0.4626811742782593,
            "avg_normal_recon": 0.02633793279528618,
            "avg_abnormal_recon": 2.0509097576141357
        },
        {
            "run": 8,
            "train_time": 49.04701113700867,
            "test_time": 0.1166694164276123,
            "epochs": 127,
            "rauc": 0.872663577725826,
            "ap": 0.46307846649441686,
            "f1": 0.46153846153846156,
            "entropy_rauc": 0.4154831986029349,
            "entropy_ap": 0.035298241259378416,
            "entropy_f1": 0.0,
            "avg_normal_entropy": 1.11735200881958,
            "avg_abnormal_entropy": 0.3714757561683655,
            "avg_normal_recon": 0.06690988689661026,
            "avg_abnormal_recon": 2.4854440689086914
        },
        {
            "run": 9,
            "train_time": 52.154995918273926,
            "test_time": 0.12375307083129883,
            "epochs": 135,
            "rauc": 0.8774617637946089,
            "ap": 0.4302595512042625,
            "f1": 0.4346153846153846,
            "entropy_rauc": 0.422975523195223,
            "entropy_ap": 0.035695551633741246,
            "entropy_f1": 0.0,