{
    "model_config": {
        "num_features": 9,
        "hidden_dim": 64,
        "depth": 4,
        "depth_enc": null,
        "depth_dec": null,
        "num_heads": 4,
        "mlp_ratio": 4.0,
        "dropout_prob": 0.0,
        "temperature": 0.1,
        "byol_loss_weight": 0.01,
        "dacl_alpha": 0.9,
        "projector_dim": null,
        "byol_momentum": 0.99,
        "use_flash_attn": false
    },
    "train_config": {
        "data_dir": "Data/",
        "epochs": 200,
        "learning_rate": 0.01,
        "sche_gamma": 0.95,
        "batch_size": 64,
        "random_seed": 42,
        "num_workers": 0,
        "preprocess": "standard",
        "patience": 10,
        "min_delta": 0,
        "use_amp": false,
        "model_type": "TAEDACL",
        "dataset_name": "glass",
        "base_path": "results/TAEDACL-260125-bw0.01-ap0.9-ep200-ep180_combined/glass/1.0",
        "exp_name": "TAEDACL-260125-bw0.01-ap0.9-ep200-ep180_combined",
        "runs": 10,
        "train_ratio": 1.0
    },
    "start_time_kst": "2026-01-25T15:51:50+09:00",
    "mean_metrics": {
        "rauc": 0.8289104638619202,
        "ap": 0.2792885748278665,
        "f1": 0.16666666666666666,
        "avg_normal": 0.31585045298561454,
        "avg_abnormal": 0.8272315621376037
    },
    "std_metrics": {
        "rauc_std": 0.03787682995809761,
        "ap_std": 0.03370900800158448,
        "f1_std": 0.05555555555555555,
        "avg_normal_std": 0.3515973398668597,
        "avg_abnormal_std": 0.35047978901971166
    },
    "total_time": 192.2562255859375,
    "all_seeds": [
        {
            "rauc": 0.7713052858683926,
            "ap": 0.26527740428720276,
            "f1": 0.1111111111111111,
            "avg_normal": 0.201515331864357,
            "avg_abnormal": 0.6573620438575745,
            "run": 0,
            "epochs": 113,
            "train_time": 20.580878973007202,
            "test_time": 0.03841257095336914
        },
        {
            "rauc": 0.7993527508090614,
            "ap": 0.2999671468893304,
            "f1": 0.2222222222222222,
            "avg_normal": 0.011467247270047665,
            "avg_abnormal": 0.5235595107078552,
            "run": 1,
            "epochs": 141,
            "train_time": 24.488617658615112,
            "test_time": 0.022207975387573242
        },
        {
            "rauc": 0.8468176914778857,
            "ap": 0.33860017241659757,
            "f1": 0.2222222222222222,
            "avg_normal": -0.034134019166231155,
            "avg_abnormal": 0.5003027319908142,
            "run": 2,
            "epochs": 102,
            "train_time": 18.26530694961548,
            "test_time": 0.038575172424316406
        },
        {
            "rauc": 0.8511326860841424,
            "ap": 0.23307600168169884,
            "f1": 0.1111111111111111,
            "avg_normal": 1.194283366203308,
            "avg_abnormal": 1.4264596700668335,
            "run": 3,
            "epochs": 92,
            "train_time": 15.798861742019653,
            "test_time": 0.03487539291381836
        },
        {
            "rauc": 0.7648327939590075,
            "ap": 0.27751131684457797,
            "f1": 0.2222222222222222,
            "avg_normal": 0.22263750433921814,
            "avg_abnormal": 1.316301941871643,
            "run": 4,
            "epochs": 99,
            "train_time": 17.400609016418457,
            "test_time": 0.04416918754577637
        },
        {
            "rauc": 0.8856526429341963,
            "ap": 0.32310338838116615,
            "f1": 0.2222222222222222,
            "avg_normal": 0.2332647144794464,
            "avg_abnormal": 1.2981934547424316,
            "run": 5,
            "epochs": 108,
            "train_time": 19.06297731399536,
            "test_time": 0.03847193717956543
        },
        {
            "rauc": 0.866235167206041,
            "ap": 0.26362536640314416,
            "f1": 0.2222222222222222,
            "avg_normal": 0.5364682078361511,
            "avg_abnormal": 0.801587700843811,
            "run": 6,
            "epochs": 94,
            "train_time": 16.652617931365967,
            "test_time": 0.04153633117675781
        },
        {
            "rauc": 0.8532901833872708,
            "ap": 0.26623111215640927,
            "f1": 0.1111111111111111,
            "avg_normal": 0.17742323875427246,
            "avg_abnormal": 0.5903140306472778,
            "run": 7,
            "epochs": 112,
            "train_time": 19.965599298477173,
            "test_time": 0.03906369209289551
        },
        {
            "rauc": 0.825242718446602,
            "ap": 0.2295836435361303,
            "f1": 0.1111111111111111,
            "avg_normal": 0.5842658877372742,
            "avg_abnormal": 0.5937426090240479,
            "run": 8,
            "epochs": 107,
            "train_time": 18.87846302986145,
            "test_time": 0.04161667823791504
        },
        {
            "rauc": 0.8252427184466019,
            "ap": 0.29591019568240706,
            "f1": 0.1111111111111111,
            "avg_normal": 0.03131305053830147,
            "avg_abnormal": 0.5644919276237488,
            "run": 9,
            "epochs": 107,
            "train_time": 18.71058416366577,
            "test_time": 0.03884744644165039
        }
    ]
}