{
    "model_config": {
        "num_heads": 4,
        "num_latents": 2,
        "num_memories": 73,
        "depth": 4,
        "hidden_dim": 16,
        "mlp_ratio": 4.0,
        "dropout_prob": 0.0,
        "temperature": 0.1,
        "sim_type": "cos",
        "use_oe": true,
        "oe_lambda": 1.0,
        "oe_shuffle_ratio": 0.1,
        "oe_lambda_memory": 1.0,
        "is_weight_sharing": false,
        "use_pos_enc_as_query": false,
        "use_mask_token": false,
        "num_features": 6
    },
    "train_config": {
        "data_dir": "Data/",
        "epochs": 250,
        "learning_rate": 0.01,
        "sche_gamma": 0.95,
        "batch_size": 512,
        "random_seed": 42,
        "num_workers": 0,
        "preprocess": "standard",
        "model_type": "OELATTE",
        "dataset_name": "mammography",
        "train_ratio": 1.0,
        "base_path": "results/OELATTE-d16-oe_lam1.0-oe_rat0.1-oe_lam_mem1.0/mammography/1.0",
        "not_use_power_of_two": false,
        "num_memories_not_use_power_of_two": false,
        "num_memories_twice": false,
        "contamination_ratio": null,
        "latent_ratio": null,
        "memory_ratio": null,
        "run": 9
    },
    "mean_metrics": {
        "AUC-ROC": 0.8811005407993691,
        "AUC-PR": 0.3833678423459341,
        "f1": 0.4207692307692308
    },
    "total_time": 168.25329875946045,
    "all_seeds": [
        {
            "run": 0,
            "AUC-ROC": 0.8876207644424415,
            "AUC-PR": 0.3720964573994584,
            "f1": 0.4307692307692308,
            "train_time": 17.964802980422974,
            "test_time": 0.07497072219848633,
            "epochs": 29
        },
        {
            "run": 1,
            "AUC-ROC": 0.8860779370757401,
            "AUC-PR": 0.4106833648457957,
            "f1": 0.43846153846153846,
            "train_time": 16.9839870929718,
            "test_time": 0.07615542411804199,
            "epochs": 29
        },
        {
            "run": 2,
            "AUC-ROC": 0.888373517730896,
            "AUC-PR": 0.4099418608380351,
            "f1": 0.4269230769230769,
            "train_time": 12.646853685379028,
            "test_time": 0.06895565986633301,
            "epochs": 29
        },
        {
            "run": 3,
            "AUC-ROC": 0.8885326592118977,
            "AUC-PR": 0.38622303793658946,
            "f1": 0.41923076923076924,
            "train_time": 16.465980529785156,
            "test_time": 0.17772221565246582,
            "epochs": 28
        },
        {
            "run": 4,
            "AUC-ROC": 0.8775392220375743,
            "AUC-PR": 0.3273483770481763,
            "f1": 0.38846153846153847,
            "train_time": 17.01271367073059,
            "test_time": 0.07317543029785156,
            "epochs": 29
        },
        {
            "run": 5,
            "AUC-ROC": 0.8846604512294736,
            "AUC-PR": 0.39374230793471826,
            "f1": 0.4153846153846154,
            "train_time": 17.018142700195312,
            "test_time": 0.06253337860107422,
            "epochs": 29
        },
        {
            "run": 6,
            "AUC-ROC": 0.8699518350561923,
            "AUC-PR": 0.36722255973336965,
            "f1": 0.4,
            "train_time": 16.916725397109985,
            "test_time": 0.07636070251464844,
            "epochs": 29
        },
        {
            "run": 7,
            "AUC-ROC": 0.8703764470608117,
            "AUC-PR": 0.4106280252105856,
            "f1": 0.40384615384615385,
            "train_time": 17.282068967819214,
            "test_time": 0.07593250274658203,
            "epochs": 29
        },
        {
            "run": 8,
            "AUC-ROC": 0.8653599695800355,
            "AUC-PR": 0.4016632783298637,
            "f1": 0.4576923076923077,
            "train_time": 16.44341206550598,
            "test_time": 0.1019287109375,
            "epochs": 28
        },
        {
            "run": 9,
            "AUC-ROC": 0.8925126045686279,
            "AUC-PR": 0.3541291541827486,
            "f1": 0.4269230769230769,
            "train_time": 16.648186683654785,
            "test_time": 0.10280227661132812,
            "epochs": 28
        }
    ]
}