{
    "model_config": {
        "hidden_dim": 128,
        "depth": 4,
        "num_heads": 4,
        "mlp_ratio": 4.0,
        "dropout_prob": 0.0,
        "num_prototypes": 16,
        "temperature": 0.1,
        "sinkhorn_iters": 3,
        "sinkhorn_eps": 0.1,
        "contrastive_loss_weight": 0.01,
        "use_flash_attn": false,
        "num_features": 9
    },
    "train_config": {
        "data_dir": "Data/",
        "epochs": 250,
        "learning_rate": 0.01,
        "sche_gamma": 0.95,
        "batch_size": 64,
        "random_seed": 42,
        "num_workers": 0,
        "preprocess": "standard",
        "patience": 20,
        "use_amp": false,
        "model_type": "ProtoAD",
        "dataset_name": "breastw",
        "base_path": "results/ProtoAD-d128-proto16-eps0.1-contra0.01-temp0.1/breastw/1.0",
        "exp_name": "ProtoAD-d128-proto16-eps0.1-contra0.01-temp0.1",
        "runs": 10,
        "train_ratio": 1.0,
        "run": 9
    },
    "mean_metrics": {
        "rauc": 0.9862659730860569,
        "ap": 0.9827498835515442,
        "f1": 0.9531380753138077,
        "entropy_rauc": 0.1623346149496777,
        "entropy_ap": 0.397144737158403,
        "entropy_f1": 0.23347280334728032,
        "avg_normal_entropy": 2.7239850521087647,
        "avg_abnormal_entropy": 2.5593544483184814,
        "avg_normal_recon": 0.8760062277317047,
        "avg_abnormal_recon": 20.650858306884764
    },
    "std_metrics": {
        "rauc_std": 0.005217809678879159,
        "ap_std": 0.008830637604597865,
        "f1_std": 0.010214690891827378,
        "entropy_rauc_std": 0.275634902279475,
        "entropy_ap_std": 0.18173956963117308,
        "entropy_f1_std": 0.24080797452291136,
        "avg_normal_entropy_std": 0.052369573817680176,
        "avg_abnormal_entropy_std": 0.1738565125891926,
        "avg_normal_recon_std": 0.30154865821641563,
        "avg_abnormal_recon_std": 7.876976069591133
    },
    "total_time": 123.0382628440857,
    "all_seeds": [
        {
            "run": 0,
            "train_time": 12.28272557258606,
            "test_time": 0.06968808174133301,
            "epochs": 68,
            "rauc": 0.9817746616909797,
            "ap": 0.9788477539123498,
            "f1": 0.9456066945606695,
            "entropy_rauc": 0.010573334841117254,
            "entropy_ap": 0.3231385665178406,
            "entropy_f1": 0.09623430962343096,
            "avg_normal_entropy": 2.761687994003296,
            "avg_abnormal_entropy": 2.522326946258545,
            "avg_normal_recon": 0.8572807908058167,
            "avg_abnormal_recon": 15.656654357910156
        },
        {
            "run": 1,
            "train_time": 19.24126887321472,
            "test_time": 0.06858372688293457,
            "epochs": 111,
            "rauc": 0.9865618756832146,
            "ap": 0.9851664976806551,
            "f1": 0.9497907949790795,
            "entropy_rauc": 0.0440461381883976,
            "entropy_ap": 0.3302000923923228,
            "entropy_f1": 0.12133891213389121,
            "avg_normal_entropy": 2.7133662700653076,
            "avg_abnormal_entropy": 2.4139046669006348,
            "avg_normal_recon": 0.5758331418037415,
            "avg_abnormal_recon": 18.391216278076172
        },
        {
            "run": 2,
            "train_time": 14.115049362182617,
            "test_time": 0.06691312789916992,
            "epochs": 81,
            "rauc": 0.9882392853104152,
            "ap": 0.985950132726167,
            "f1": 0.9623430962343096,
            "entropy_rauc": 0.22518753062686117,
            "entropy_ap": 0.37154811014863626,
            "entropy_f1": 0.30962343096234307,
            "avg_normal_entropy": 2.742125988006592,
            "avg_abnormal_entropy": 2.7125654220581055,
            "avg_normal_recon": 0.6459320187568665,
            "avg_abnormal_recon": 16.512357711791992
        },
        {
            "run": 3,
            "train_time": 15.223287105560303,
            "test_time": 0.07006335258483887,
            "epochs": 87,
            "rauc": 0.9779298126578462,
            "ap": 0.9637052371511641,
            "f1": 0.9414225941422594,
            "entropy_rauc": 0.011025670021485922,
            "entropy_ap": 0.3239636223311639,
            "entropy_f1": 0.09205020920502092,
            "avg_normal_entropy": 2.731652021408081,
            "avg_abnormal_entropy": 2.149217367172241,
            "avg_normal_recon": 1.2215209007263184,
            "avg_abnormal_recon": 21.345348358154297
        },
        {
            "run": 4,
            "train_time": 4.6055588722229,
            "test_time": 0.06419944763183594,
            "epochs": 28,
            "rauc": 0.9881073542161408,
            "ap": 0.9880372371304955,
            "f1": 0.9539748953974896,
            "entropy_rauc": 0.9542199102868559,
            "entropy_ap": 0.939809547984735,
            "entropy_f1": 0.9163179916317992,
            "avg_normal_entropy": 2.711204767227173,
            "avg_abnormal_entropy": 2.72811222076416,
            "avg_normal_recon": 1.5193400382995605,
            "avg_abnormal_recon": 38.00326156616211
        },
        {
            "run": 5,
            "train_time": 19.440757036209106,
            "test_time": 0.029329299926757812,
            "epochs": 121,
            "rauc": 0.9829997361378116,
            "ap": 0.9792084185274407,
            "f1": 0.9372384937238494,
            "entropy_rauc": 0.016397150288363672,
            "entropy_ap": 0.3253255728446392,
            "entropy_f1": 0.09205020920502092,
            "avg_normal_entropy": 2.7612721920013428,
            "avg_abnormal_entropy": 2.56335711479187,
            "avg_normal_recon": 0.7095032930374146,
            "avg_abnormal_recon": 14.487081527709961
        },
        {
            "run": 6,
            "train_time": 5.910284042358398,
            "test_time": 0.0651853084564209,
            "epochs": 36,
            "rauc": 0.9927626371141015,
            "ap": 0.9929412878989997,
            "f1": 0.9581589958158996,
            "entropy_rauc": 0.02559463228919295,
            "entropy_ap": 0.3251250812982483,
            "entropy_f1": 0.13389121338912133,
            "avg_normal_entropy": 2.772385597229004,
            "avg_abnormal_entropy": 2.7716565132141113,
            "avg_normal_recon": 1.1551142930984497,
            "avg_abnormal_recon": 33.03287124633789
        },
        {
            "run": 7,
            "train_time": 14.174206256866455,
            "test_time": 0.033936262130737305,
            "epochs": 109,
            "rauc": 0.9831882091296318,
            "ap": 0.9773172351140098,
            "f1": 0.9539748953974896,
            "entropy_rauc": 0.10916355686230163,
            "entropy_ap": 0.34038400533102453,
            "entropy_f1": 0.18410041841004185,
            "avg_normal_entropy": 2.58416748046875,
            "avg_abnormal_entropy": 2.5179197788238525,
            "avg_normal_recon": 0.7737338542938232,
            "avg_abnormal_recon": 16.01717758178711
        },
        {
            "run": 8,
            "train_time": 4.698823928833008,
            "test_time": 0.06380248069763184,
            "epochs": 38,
            "rauc": 0.9967205699423273,
            "ap": 0.9969182336371547,
            "f1": 0.9748953974895398,
            "entropy_rauc": 0.21656489125108372,
            "entropy_ap": 0.3687299469120391,
            "entropy_f1": 0.29707112970711297,
            "avg_normal_entropy": 2.69968843460083,
            "avg_abnormal_entropy": 2.6711854934692383,
            "avg_normal_recon": 0.5636080503463745,
            "avg_abnormal_recon": 20.065799713134766
        },
        {
            "run": 9,
            "train_time": 10.396863460540771,
            "test_time": 0.06608057022094727,
            "epochs": 64,
            "rauc": 0.9843755889780994,
            "ap": 0.9794068017370057,
            "f1": 0.9539748953974896,
            "entropy_rauc": 0.01057333484111726,