{
    "model_config": {
        "num_heads": 4,
        "num_latents": 4,
        "num_memories": 57,
        "depth": 4,
        "hidden_dim": 32,
        "mlp_ratio": 4.0,
        "dropout_prob": 0.0,
        "temperature": 0.1,
        "sim_type": "cos",
        "use_oe": true,
        "oe_lambda": 1.0,
        "oe_shuffle_ratio": 0.5,
        "oe_lambda_memory": 1.0,
        "is_weight_sharing": false,
        "use_pos_enc_as_query": false,
        "use_mask_token": false,
        "num_features": 16
    },
    "train_config": {
        "data_dir": "Data/",
        "epochs": 250,
        "learning_rate": 0.01,
        "sche_gamma": 0.95,
        "batch_size": 512,
        "random_seed": 42,
        "num_workers": 0,
        "preprocess": "standard",
        "model_type": "OELATTE",
        "dataset_name": "pendigits",
        "train_ratio": 1.0,
        "base_path": "results/OELATTE-d32-oe_lam1.0-oe_rat0.5-oe_lam_mem1.0/pendigits/1.0",
        "not_use_power_of_two": false,
        "num_memories_not_use_power_of_two": false,
        "num_memories_twice": false,
        "contamination_ratio": null,
        "latent_ratio": null,
        "memory_ratio": null,
        "run": 9
    },
    "mean_metrics": {
        "AUC-ROC": 0.86203665513317,
        "AUC-PR": 0.3382182881351147,
        "f1": 0.4076923076923077
    },
    "total_time": 118.2240252494812,
    "all_seeds": [
        {
            "run": 0,
            "AUC-ROC": 0.7993744414655943,
            "AUC-PR": 0.20122899562748203,
            "f1": 0.27564102564102566,
            "train_time": 12.186843872070312,
            "test_time": 0.05608034133911133,
            "epochs": 29
        },
        {
            "run": 1,
            "AUC-ROC": 0.7374811912345425,
            "AUC-PR": 0.2130673836503723,
            "f1": 0.3141025641025641,
            "train_time": 11.314978122711182,
            "test_time": 0.0571596622467041,
            "epochs": 29
        },
        {
            "run": 2,
            "AUC-ROC": 0.9534631042673937,
            "AUC-PR": 0.5585261997795494,
            "f1": 0.6217948717948718,
            "train_time": 10.870208024978638,
            "test_time": 0.07555913925170898,
            "epochs": 28
        },
        {
            "run": 3,
            "AUC-ROC": 0.8632975107505939,
            "AUC-PR": 0.40562651213488193,
            "f1": 0.4807692307692308,
            "train_time": 11.499636888504028,
            "test_time": 0.058351755142211914,
            "epochs": 29
        },
        {
            "run": 4,
            "AUC-ROC": 0.8840425288146467,
            "AUC-PR": 0.2722952688381977,
            "f1": 0.30128205128205127,
            "train_time": 11.28021788597107,
            "test_time": 0.04202151298522949,
            "epochs": 29
        },
        {
            "run": 5,
            "AUC-ROC": 0.9025629568525011,
            "AUC-PR": 0.41606689976694045,
            "f1": 0.5384615384615384,
            "train_time": 11.2951078414917,
            "test_time": 0.05597329139709473,
            "epochs": 29
        },
        {
            "run": 6,
            "AUC-ROC": 0.8055364603621976,
            "AUC-PR": 0.25411738365294123,
            "f1": 0.3269230769230769,
            "train_time": 11.209144115447998,
            "test_time": 0.043779850006103516,
            "epochs": 29
        },
        {
            "run": 7,
            "AUC-ROC": 0.8233331805717865,
            "AUC-PR": 0.36494260223945457,
            "f1": 0.4358974358974359,
            "train_time": 11.826216459274292,
            "test_time": 0.04221391677856445,
            "epochs": 29
        },
        {
            "run": 8,
            "AUC-ROC": 0.9403389778724899,
            "AUC-PR": 0.4034169355923848,
            "f1": 0.42948717948717946,
            "train_time": 12.065573453903198,
            "test_time": 0.062282562255859375,
            "epochs": 29
        },
        {
            "run": 9,
            "AUC-ROC": 0.9109361991399525,
            "AUC-PR": 0.29289470006894297,
            "f1": 0.3525641025641026,
            "train_time": 11.91308331489563,
            "test_time": 0.05434465408325195,
            "epochs": 29
        }
    ]
}