{
    "model_config": {
        "num_features": 36,
        "hidden_dim": 64,
        "depth": 4,
        "num_heads": 4,
        "mlp_ratio": 4.0,
        "dropout_prob": 0.0,
        "use_flash_attn": false,
        "mask_ratio": 0.3,
        "num_eval_repeat": 50,
        "eval_chunk_size": 50
    },
    "train_config": {
        "data_dir": "Data/",
        "epochs": 200,
        "learning_rate": 0.001,
        "sche_gamma": 0.95,
        "batch_size": 512,
        "random_seed": 42,
        "num_workers": 0,
        "preprocess": "standard",
        "patience": 10,
        "min_delta": 0,
        "use_amp": false,
        "model_type": "TMLM",
        "dataset_name": "satellite",
        "base_path": "results/TMLM-d64-lr0.001-mask0.3-r50/satellite/1.0",
        "exp_name": "TMLM-d64-lr0.001-mask0.3-r50",
        "runs": 10,
        "train_ratio": 1.0
    },
    "mean_metrics": {
        "ap": 0.8602682285301867,
        "avg_normal_score": 0.06834697276353836,
        "f1": 0.744253438113949,
        "avg_abnormal_score": 1.6099989771842957,
        "rauc": 0.8140794784782998
    },
    "std_metrics": {
        "ap_std": 0.0022996924586850937,
        "avg_normal_score_std": 0.003172427387840821,
        "f1_std": 0.0014905688512272593,
        "avg_abnormal_score_std": 0.09137580864631055,
        "rauc_std": 0.004187169309066029
    },
    "total_time": 236.41443943977356,
    "all_seeds": [
        {
            "run": 0,
            "train_time": 20.45178246498108,
            "test_time": 1.2632801532745361,
            "epochs": 73,
            "rauc": 0.8075428647972852,
            "ap": 0.8581682681980712,
            "f1": 0.7426326129666012,
            "avg_normal_score": 0.07296297699213028,
            "avg_abnormal_score": 1.7332212924957275
        },
        {
            "run": 1,
            "train_time": 23.130752086639404,
            "test_time": 1.1079120635986328,
            "epochs": 86,
            "rauc": 0.8143943114841936,
            "ap": 0.8617017728043771,
            "f1": 0.7426326129666012,
            "avg_normal_score": 0.06509251147508621,
            "avg_abnormal_score": 1.5525562763214111
        },
        {
            "run": 2,
            "train_time": 24.96536421775818,
            "test_time": 1.1090435981750488,
            "epochs": 90,
            "rauc": 0.8088062600464369,
            "ap": 0.8570643323580994,
            "f1": 0.7441060903732809,
            "avg_normal_score": 0.07171102613210678,
            "avg_abnormal_score": 1.7674671411514282
        },
        {
            "run": 3,
            "train_time": 23.357463359832764,
            "test_time": 1.108252763748169,
            "epochs": 87,
            "rauc": 0.8163663154134666,
            "ap": 0.8640106511360572,
            "f1": 0.7445972495088409,
            "avg_normal_score": 0.06376583874225616,
            "avg_abnormal_score": 1.5490355491638184
        },
        {
            "run": 4,
            "train_time": 22.55176329612732,
            "test_time": 1.1056678295135498,
            "epochs": 84,
            "rauc": 0.8180469726736918,
            "ap": 0.8606862786868412,
            "f1": 0.7450884086444007,
            "avg_normal_score": 0.06746820360422134,
            "avg_abnormal_score": 1.5699304342269897
        },
        {
            "run": 5,
            "train_time": 22.598148822784424,
            "test_time": 1.1099836826324463,
            "epochs": 82,
            "rauc": 0.8087841578853368,
            "ap": 0.8578093556239292,
            "f1": 0.7421414538310412,
            "avg_normal_score": 0.06926391273736954,
            "avg_abnormal_score": 1.5338654518127441
        },
        {
            "run": 6,
            "train_time": 27.36859393119812,
            "test_time": 1.1084816455841064,
            "epochs": 100,
            "rauc": 0.819230219682086,
            "ap": 0.8621441623489229,
            "f1": 0.7431237721021611,
            "avg_normal_score": 0.06649617105722427,
            "avg_abnormal_score": 1.5698301792144775
        },
        {
            "run": 7,
            "train_time": 22.595988035202026,
            "test_time": 1.1074144840240479,
            "epochs": 85,
            "rauc": 0.8130085729594569,
            "ap": 0.8587645945734317,
            "f1": 0.7460707269155207,
            "avg_normal_score": 0.06532613933086395,
            "avg_abnormal_score": 1.5387873649597168
        },
        {
            "run": 8,
            "train_time": 13.950542688369751,
            "test_time": 1.110128402709961,
            "epochs": 50,
            "rauc": 0.8191998571173423,
            "ap": 0.8632323341293764,
            "f1": 0.7455795677799607,
            "avg_normal_score": 0.06831628829240799,
            "avg_abnormal_score": 1.5419483184814453
        },
        {
            "run": 9,
            "train_time": 22.817769765853882,
            "test_time": 1.1091687679290771,
            "epochs": 84,
            "rauc": 0.8154152527237006,
            "ap": 0.8591005354427602,
            "f1": 0.7465618860510805,
            "avg_normal_score": 0.07306665927171707,
            "avg_abnormal_score": 1.7433477640151978
        }
    ]
}