{
    "model_config": {
        "num_features": 30,
        "hidden_dim": 64,
        "depth": 4,
        "depth_enc": null,
        "depth_dec": null,
        "num_heads": 4,
        "mlp_ratio": 4.0,
        "dropout_prob": 0.0,
        "temperature": 0.2,
        "imix_loss_weight": 0.1,
        "mixup_alpha": 0.9,
        "projector_dim": null,
        "use_flash_attn": false
    },
    "train_config": {
        "data_dir": "Data/",
        "epochs": 200,
        "learning_rate": 0.01,
        "sche_gamma": 0.95,
        "batch_size": 512,
        "random_seed": 42,
        "num_workers": 0,
        "preprocess": "standard",
        "patience": 10,
        "min_delta": 0,
        "use_amp": false,
        "model_type": "TAEIMIX",
        "dataset_name": "wbc",
        "base_path": "results/TAEIMIX-260125-iw0.1-ap0.9-ep200-ep90/wbc/1.0",
        "exp_name": "TAEIMIX-260125-iw0.1-ap0.9-ep200-ep90",
        "runs": 10,
        "train_ratio": 1.0
    },
    "start_time_kst": "2026-01-25T15:52:18+09:00",
    "mean_metrics": {
        "rauc": 0.9523277467411546,
        "ap": 0.7747456780556784,
        "f1": 0.6761904761904762,
        "avg_normal": 0.6627908289432526,
        "avg_abnormal": 8.090378761291504
    },
    "std_metrics": {
        "rauc_std": 0.01275593424527357,
        "ap_std": 0.05089587764253897,
        "f1_std": 0.04665694748158433,
        "avg_normal_std": 0.22135821483543153,
        "avg_abnormal_std": 2.059512242166081
    },
    "total_time": 126.71473503112793,
    "all_seeds": [
        {
            "rauc": 0.9648842777334398,
            "ap": 0.8039458948017111,
            "f1": 0.7619047619047619,
            "avg_normal": 0.8070688843727112,
            "avg_abnormal": 10.120622634887695,
            "run": 0,
            "epochs": 165,
            "train_time": 15.510305166244507,
            "test_time": 0.026312828063964844
        },
        {
            "rauc": 0.9497206703910615,
            "ap": 0.730537248831322,
            "f1": 0.6190476190476191,
            "avg_normal": 1.0443263053894043,
            "avg_abnormal": 10.706127166748047,
            "run": 1,
            "epochs": 123,
            "train_time": 10.864776611328125,
            "test_time": 0.04552888870239258
        },
        {
            "rauc": 0.9577015163607342,
            "ap": 0.8107778842193207,
            "f1": 0.6666666666666666,
            "avg_normal": 0.3672974705696106,
            "avg_abnormal": 6.770613670349121,
            "run": 2,
            "epochs": 122,
            "train_time": 10.991806983947754,
            "test_time": 0.047133445739746094
        },
        {
            "rauc": 0.9252460760840648,
            "ap": 0.6618998558912492,
            "f1": 0.6190476190476191,
            "avg_normal": 0.627039909362793,
            "avg_abnormal": 6.384173393249512,
            "run": 3,
            "epochs": 155,
            "train_time": 13.860637187957764,
            "test_time": 0.046829938888549805
        },
        {
            "rauc": 0.9531790369779196,
            "ap": 0.7865233741015765,
            "f1": 0.6666666666666666,
            "avg_normal": 0.9915452599525452,
            "avg_abnormal": 10.973393440246582,
            "run": 4,
            "epochs": 146,
            "train_time": 13.06593656539917,
            "test_time": 0.044342994689941406
        },
        {
            "rauc": 0.9523809523809523,
            "ap": 0.7843777952873674,
            "f1": 0.7142857142857143,
            "avg_normal": 0.5724717974662781,
            "avg_abnormal": 8.502764701843262,
            "run": 5,
            "epochs": 134,
            "train_time": 12.207277536392212,
            "test_time": 0.04741334915161133
        },
        {
            "rauc": 0.9622239957435488,
            "ap": 0.8005200183535193,
            "f1": 0.7142857142857143,
            "avg_normal": 0.7480280995368958,
            "avg_abnormal": 9.25328254699707,
            "run": 6,
            "epochs": 195,
            "train_time": 17.210493803024292,
            "test_time": 0.04877519607543945
        },
        {
            "rauc": 0.9611598829475924,
            "ap": 0.8229632347436189,
            "f1": 0.6666666666666666,
            "avg_normal": 0.37916505336761475,
            "avg_abnormal": 5.369294166564941,
            "run": 7,
            "epochs": 118,
            "train_time": 10.504801988601685,
            "test_time": 0.040459394454956055
        },
        {
            "rauc": 0.9326948656557595,
            "ap": 0.7189315883849494,
            "f1": 0.6190476190476191,
            "avg_normal": 0.5033738613128662,
            "avg_abnormal": 5.010875701904297,
            "run": 8,
            "epochs": 97,
            "train_time": 8.780640363693237,
            "test_time": 0.04585075378417969
        },
        {
            "rauc": 0.9640861931364726,
            "ap": 0.8269798859421504,
            "f1": 0.7142857142857143,
            "avg_normal": 0.5875916481018066,
            "avg_abnormal": 7.812640190124512,
            "run": 9,
            "epochs": 125,
            "train_time": 11.205511331558228,
            "test_time": 0.04259204864501953
        }
    ]
}