{
    "model_config": {
        "hidden_dim": 128,
        "depth": 4,
        "num_heads": 4,
        "mlp_ratio": 4.0,
        "dropout_prob": 0.0,
        "num_prototypes": 64,
        "temperature": 0.1,
        "sinkhorn_iters": 3,
        "sinkhorn_eps": 0.05,
        "contrastive_loss_weight": 1.0,
        "use_flash_attn": false,
        "num_features": 64
    },
    "train_config": {
        "data_dir": "Data/",
        "epochs": 250,
        "learning_rate": 0.01,
        "sche_gamma": 0.95,
        "batch_size": 512,
        "random_seed": 42,
        "num_workers": 0,
        "preprocess": "standard",
        "patience": 20,
        "use_amp": false,
        "model_type": "ProtoAD",
        "dataset_name": "optdigits",
        "base_path": "results/ProtoAD-d128-proto64-eps0.05-contra1.0-temp0.1/optdigits/1.0",
        "exp_name": "ProtoAD-d128-proto64-eps0.05-contra1.0-temp0.1",
        "runs": 10,
        "train_ratio": 1.0,
        "run": 9
    },
    "mean_metrics": {
        "rauc": 0.7063276746940386,
        "ap": 0.09510178698817143,
        "f1": 0.024666666666666663,
        "entropy_rauc": 0.4941676536386366,
        "entropy_ap": 0.06961201813233871,
        "entropy_f1": 0.046,
        "avg_normal_entropy": 1.2516507923603057,
        "avg_abnormal_entropy": 1.2112663984298706,
        "avg_normal_recon": 0.8367632687091827,
        "avg_abnormal_recon": 0.758744215965271
    },
    "std_metrics": {
        "rauc_std": 0.0924592061641619,
        "ap_std": 0.03216184041272432,
        "f1_std": 0.025828494170414024,
        "entropy_rauc_std": 0.14847973262980305,
        "entropy_ap_std": 0.03802896522816991,
        "entropy_f1_std": 0.0708958547605022,
        "avg_normal_entropy_std": 0.25925581648446705,
        "avg_abnormal_entropy_std": 0.3768350379299468,
        "avg_normal_recon_std": 0.1363889961945159,
        "avg_abnormal_recon_std": 0.07084600109197037
    },
    "total_time": 415.78975796699524,
    "all_seeds": [
        {
            "run": 0,
            "train_time": 48.87933325767517,
            "test_time": 0.07285761833190918,
            "epochs": 207,
            "rauc": 0.5494143966311357,
            "ap": 0.055894047118110426,
            "f1": 0.006666666666666667,
            "entropy_rauc": 0.6881089617054875,
            "entropy_ap": 0.08034663768277957,
            "entropy_f1": 0.0,
            "avg_normal_entropy": 1.408182144165039,
            "avg_abnormal_entropy": 1.9666656255722046,
            "avg_normal_recon": 0.7342022061347961,
            "avg_abnormal_recon": 0.6226950883865356
        },
        {
            "run": 1,
            "train_time": 47.96421837806702,
            "test_time": 0.0895547866821289,
            "epochs": 204,
            "rauc": 0.6406316620607974,
            "ap": 0.07021941682333027,
            "f1": 0.006666666666666667,
            "entropy_rauc": 0.5238926174496644,
            "entropy_ap": 0.05732816486561791,
            "entropy_f1": 0.0,
            "avg_normal_entropy": 1.2716952562332153,
            "avg_abnormal_entropy": 1.3267173767089844,
            "avg_normal_recon": 0.7593134641647339,
            "avg_abnormal_recon": 0.7240241169929504
        },
        {
            "run": 2,
            "train_time": 40.48683547973633,
            "test_time": 0.06620121002197266,
            "epochs": 189,
            "rauc": 0.6763495196736412,
            "ap": 0.07919497610684104,
            "f1": 0.013333333333333334,
            "entropy_rauc": 0.728080010527701,
            "entropy_ap": 0.1746883488281104,
            "entropy_f1": 0.24,
            "avg_normal_entropy": 0.857146143913269,
            "avg_abnormal_entropy": 1.179045557975769,
            "avg_normal_recon": 0.8020457625389099,
            "avg_abnormal_recon": 0.6784653663635254
        },
        {
            "run": 3,
            "train_time": 41.16344428062439,
            "test_time": 0.0871734619140625,
            "epochs": 180,
            "rauc": 0.571993683379392,
            "ap": 0.0612516893540978,
            "f1": 0.006666666666666667,
            "entropy_rauc": 0.4903171469930254,
            "entropy_ap": 0.05116652323647565,
            "entropy_f1": 0.0,
            "avg_normal_entropy": 1.488744854927063,
            "avg_abnormal_entropy": 1.4444812536239624,
            "avg_normal_recon": 0.949742317199707,
            "avg_abnormal_recon": 0.7073896527290344
        },
        {
            "run": 4,
            "train_time": 48.69986414909363,
            "test_time": 0.0883030891418457,
            "epochs": 210,
            "rauc": 0.7478273457033822,
            "ap": 0.10162818265047423,
            "f1": 0.02,
            "entropy_rauc": 0.5037873404395316,
            "entropy_ap": 0.07016710811616605,
            "entropy_f1": 0.07333333333333333,
            "avg_normal_entropy": 1.0860614776611328,
            "avg_abnormal_entropy": 1.1366208791732788,
            "avg_normal_recon": 0.7260266542434692,
            "avg_abnormal_recon": 0.7732434272766113
        },
        {
            "run": 5,
            "train_time": 43.11192870140076,
            "test_time": 0.07248663902282715,
            "epochs": 186,
            "rauc": 0.7611764705882353,
            "ap": 0.10983104565525441,
            "f1": 0.04666666666666667,
            "entropy_rauc": 0.4098381365969207,
            "entropy_ap": 0.04332769323504691,
            "entropy_f1": 0.013333333333333334,
            "avg_normal_entropy": 1.340321660041809,
            "avg_abnormal_entropy": 1.1743900775909424,
            "avg_normal_recon": 0.7046994566917419,
            "avg_abnormal_recon": 0.7901051044464111
        },
        {
            "run": 6,
            "train_time": 43.57713055610657,
            "test_time": 0.08727860450744629,
            "epochs": 188,
            "rauc": 0.7760468482695092,
            "ap": 0.11227740602127666,
            "f1": 0.02666666666666667,
            "entropy_rauc": 0.5292512172654296,
            "entropy_ap": 0.07357592743470609,
            "entropy_f1": 0.07333333333333333,
            "avg_normal_entropy": 1.6977299451828003,
            "avg_abnormal_entropy": 1.5972542762756348,
            "avg_normal_recon": 0.9896568655967712,
            "avg_abnormal_recon": 0.8397680521011353
        },
        {
            "run": 7,
            "train_time": 36.82370209693909,
            "test_time": 0.08695745468139648,
            "epochs": 153,
            "rauc": 0.8669772338465588,
            "ap": 0.17382590574478035,
            "f1": 0.09333333333333334,
            "entropy_rauc": 0.5049717068035268,
            "entropy_ap": 0.07017259160090009,
            "entropy_f1": 0.05333333333333334,
            "avg_normal_entropy": 0.865212619304657,
            "avg_abnormal_entropy": 0.8786106109619141,
            "avg_normal_recon": 0.7189288139343262,
            "avg_abnormal_recon": 0.8436103463172913
        },
        {
            "run": 8,
            "train_time": 45.13949418067932,
            "test_time": 0.08708500862121582,
            "epochs": 195,
            "rauc": 0.7224108435320437,
            "ap": 0.08950434633716557,
            "f1": 0.02,
            "entropy_rauc": 0.4009027503618897,
            "entropy_ap": 0.04347439663527727,
            "entropy_f1": 0.006666666666666667,
            "avg_normal_entropy": 1.0898044109344482,
            "avg_abnormal_entropy": 0.717403769493103,
            "avg_normal_recon": 1.1341193914413452,
            "avg_abnormal_recon": 0.7699756026268005
        },
        {
            "run": 9,
            "train_time": 16.739112854003906,
            "test_time": 0.08675432205200195,
            "epochs": 71,
            "rauc": 0.7504487432556916,
            "ap": 0.09739085407038352,
            "f1": 0.006666666666666667,
            "entropy_rauc": 0.1625266482431899,
            "entropy_ap": 0.031872789688307056,