{
    "model_config": {
        "num_heads": 4,
        "num_latents": 3,
        "num_memories": 10,
        "depth": 4,
        "hidden_dim": 32,
        "mlp_ratio": 4.0,
        "dropout_prob": 0.0,
        "temperature": 0.1,
        "sim_type": "cos",
        "use_oe": true,
        "oe_lambda": 0.1,
        "oe_shuffle_ratio": 0.1,
        "oe_lambda_memory": 0.1,
        "is_weight_sharing": false,
        "use_pos_enc_as_query": false,
        "use_mask_token": false,
        "num_features": 9
    },
    "train_config": {
        "data_dir": "Data/",
        "epochs": 250,
        "learning_rate": 0.01,
        "sche_gamma": 0.95,
        "batch_size": 512,
        "random_seed": 42,
        "num_workers": 0,
        "preprocess": "standard",
        "model_type": "OELATTE",
        "dataset_name": "glass",
        "train_ratio": 1.0,
        "base_path": "results/OELATTE-d32-oe_lam0.1-oe_rat0.1-oe_lam_mem0.1/glass/1.0",
        "not_use_power_of_two": false,
        "num_memories_not_use_power_of_two": false,
        "num_memories_twice": false,
        "contamination_ratio": null,
        "latent_ratio": null,
        "memory_ratio": null,
        "run": 9
    },
    "mean_metrics": {
        "AUC-ROC": 0.7993527508090615,
        "AUC-PR": 0.2537564987811,
        "f1": 0.17777777777777776
    },
    "total_time": 56.136308431625366,
    "all_seeds": [
        {
            "run": 0,
            "AUC-ROC": 0.6990291262135921,
            "AUC-PR": 0.2402543284868221,
            "f1": 0.1111111111111111,
            "train_time": 8.39208436012268,
            "test_time": 0.02117300033569336,
            "epochs": 149
        },
        {
            "run": 1,
            "AUC-ROC": 0.6850053937432578,
            "AUC-PR": 0.26556016704935514,
            "f1": 0.2222222222222222,
            "train_time": 6.365977764129639,
            "test_time": 0.018813371658325195,
            "epochs": 128
        },
        {
            "run": 2,
            "AUC-ROC": 0.8532901833872707,
            "AUC-PR": 0.3403319495125171,
            "f1": 0.3333333333333333,
            "train_time": 4.818917989730835,
            "test_time": 0.01950860023498535,
            "epochs": 97
        },
        {
            "run": 3,
            "AUC-ROC": 0.8511326860841424,
            "AUC-PR": 0.235830538573027,
            "f1": 0.1111111111111111,
            "train_time": 6.127790451049805,
            "test_time": 0.020295143127441406,
            "epochs": 126
        },
        {
            "run": 4,
            "AUC-ROC": 0.8392664509169363,
            "AUC-PR": 0.24069251519543916,
            "f1": 0.1111111111111111,
            "train_time": 2.68440842628479,
            "test_time": 0.007249355316162109,
            "epochs": 103
        },
        {
            "run": 5,
            "AUC-ROC": 0.86084142394822,
            "AUC-PR": 0.2847909298939047,
            "f1": 0.2222222222222222,
            "train_time": 2.5220508575439453,
            "test_time": 0.01915121078491211,
            "epochs": 125
        },
        {
            "run": 6,
            "AUC-ROC": 0.8705501618122977,
            "AUC-PR": 0.2664465479678461,
            "f1": 0.1111111111111111,
            "train_time": 5.436247110366821,
            "test_time": 0.020000457763671875,
            "epochs": 112
        },
        {
            "run": 7,
            "AUC-ROC": 0.7723840345199569,
            "AUC-PR": 0.17778939875128624,
            "f1": 0.1111111111111111,
            "train_time": 5.844234466552734,
            "test_time": 0.013573408126831055,
            "epochs": 117
        },
        {
            "run": 8,
            "AUC-ROC": 0.8090614886731391,
            "AUC-PR": 0.20475041462260585,
            "f1": 0.2222222222222222,
            "train_time": 5.422790050506592,
            "test_time": 0.018871068954467773,
            "epochs": 106
        },
        {
            "run": 9,
            "AUC-ROC": 0.7529665587918015,
            "AUC-PR": 0.28111819775819713,
            "f1": 0.2222222222222222,
            "train_time": 6.102232456207275,
            "test_time": 0.018264055252075195,
            "epochs": 126
        }
    ]
}