{
    "model_config": {
        "num_features": 30,
        "hidden_dim": 64,
        "depth": 4,
        "depth_enc": null,
        "depth_dec": null,
        "num_heads": 4,
        "mlp_ratio": 4.0,
        "dropout_prob": 0.0,
        "temperature": 0.2,
        "imix_loss_weight": 0.1,
        "mixup_alpha": 0.9,
        "projector_dim": null,
        "use_flash_attn": false
    },
    "train_config": {
        "data_dir": "Data/",
        "epochs": 200,
        "learning_rate": 0.01,
        "sche_gamma": 0.95,
        "batch_size": 512,
        "random_seed": 42,
        "num_workers": 0,
        "preprocess": "standard",
        "patience": 10,
        "min_delta": 0,
        "use_amp": false,
        "model_type": "TAEIMIX",
        "dataset_name": "wbc",
        "base_path": "results/TAEIMIX-260125-iw0.1-ap0.9-ep200-ep40/wbc/1.0",
        "exp_name": "TAEIMIX-260125-iw0.1-ap0.9-ep200-ep40",
        "runs": 10,
        "train_ratio": 1.0
    },
    "start_time_kst": "2026-01-25T15:52:18+09:00",
    "mean_metrics": {
        "rauc": 0.95073157754722,
        "ap": 0.7657416690266186,
        "f1": 0.6761904761904762,
        "avg_normal": 0.8617017686367034,
        "avg_abnormal": 9.68307147026062
    },
    "std_metrics": {
        "rauc_std": 0.009865880914285086,
        "ap_std": 0.04428766179045288,
        "f1_std": 0.041513323271815936,
        "avg_normal_std": 0.17290014374151114,
        "avg_abnormal_std": 1.2155769468583646
    },
    "total_time": 126.71473503112793,
    "all_seeds": [
        {
            "rauc": 0.9563713753657888,
            "ap": 0.7671464577113007,
            "f1": 0.7142857142857143,
            "avg_normal": 1.069038987159729,
            "avg_abnormal": 10.72033977508545,
            "run": 0,
            "epochs": 165,
            "train_time": 15.510305166244507,
            "test_time": 0.026312828063964844
        },
        {
            "rauc": 0.9497206703910615,
            "ap": 0.730537248831322,
            "f1": 0.6190476190476191,
            "avg_normal": 1.0446194410324097,
            "avg_abnormal": 10.697267532348633,
            "run": 1,
            "epochs": 123,
            "train_time": 10.864776611328125,
            "test_time": 0.04552888870239258
        },
        {
            "rauc": 0.9619579675445598,
            "ap": 0.8253217924470526,
            "f1": 0.7619047619047619,
            "avg_normal": 0.6099465489387512,
            "avg_abnormal": 9.424405097961426,
            "run": 2,
            "epochs": 122,
            "train_time": 10.991806983947754,
            "test_time": 0.047133445739746094
        },
        {
            "rauc": 0.9316307528598031,
            "ap": 0.6729732844322056,
            "f1": 0.6190476190476191,
            "avg_normal": 0.8986161947250366,
            "avg_abnormal": 9.239706993103027,
            "run": 3,
            "epochs": 155,
            "train_time": 13.860637187957764,
            "test_time": 0.046829938888549805
        },
        {
            "rauc": 0.9526469805799413,
            "ap": 0.7862356306149119,
            "f1": 0.6666666666666666,
            "avg_normal": 0.9914650321006775,
            "avg_abnormal": 10.968290328979492,
            "run": 4,
            "epochs": 146,
            "train_time": 13.06593656539917,
            "test_time": 0.044342994689941406
        },
        {
            "rauc": 0.9467943602021813,
            "ap": 0.7474292440990735,
            "f1": 0.6666666666666666,
            "avg_normal": 1.0533053874969482,
            "avg_abnormal": 11.054585456848145,
            "run": 5,
            "epochs": 134,
            "train_time": 12.207277536392212,
            "test_time": 0.04741334915161133
        },
        {
            "rauc": 0.9579675445597233,
            "ap": 0.7793188056277207,
            "f1": 0.6666666666666666,
            "avg_normal": 0.9082528948783875,
            "avg_abnormal": 10.217427253723145,
            "run": 6,
            "epochs": 195,
            "train_time": 17.210493803024292,
            "test_time": 0.04877519607543945
        },
        {
            "rauc": 0.951050811386007,
            "ap": 0.8060278117023645,
            "f1": 0.6666666666666666,
            "avg_normal": 0.6398032307624817,
            "avg_abnormal": 7.970564842224121,
            "run": 7,
            "epochs": 118,
            "train_time": 10.504801988601685,
            "test_time": 0.040459394454956055
        },
        {
            "rauc": 0.9358872040436286,
            "ap": 0.7288201290356093,
            "f1": 0.6666666666666666,
            "avg_normal": 0.6771370768547058,
            "avg_abnormal": 7.358463764190674,
            "run": 8,
            "epochs": 97,
            "train_time": 8.780640363693237,
            "test_time": 0.04585075378417969
        },
        {
            "rauc": 0.9632881085395051,
            "ap": 0.8136062857646231,
            "f1": 0.7142857142857143,
            "avg_normal": 0.7248328924179077,
            "avg_abnormal": 9.17966365814209,
            "run": 9,
            "epochs": 125,
            "train_time": 11.205511331558228,
            "test_time": 0.04259204864501953
        }
    ]
}