{
    "model_config": {
        "num_heads": 4,
        "num_latents": 2,
        "num_memories": 73,
        "depth": 4,
        "hidden_dim": 16,
        "mlp_ratio": 4.0,
        "dropout_prob": 0.0,
        "temperature": 0.1,
        "sim_type": "cos",
        "use_oe": true,
        "oe_lambda": 0.1,
        "oe_shuffle_ratio": 0.1,
        "oe_lambda_memory": 0.0,
        "is_weight_sharing": false,
        "use_pos_enc_as_query": false,
        "use_mask_token": false,
        "num_features": 6
    },
    "train_config": {
        "data_dir": "Data/",
        "epochs": 250,
        "learning_rate": 0.01,
        "sche_gamma": 0.95,
        "batch_size": 512,
        "random_seed": 42,
        "num_workers": 0,
        "preprocess": "standard",
        "model_type": "OELATTE",
        "dataset_name": "mammography",
        "train_ratio": 1.0,
        "base_path": "results/OELATTE-d16-oe_lam0.1-oe_rat0.1/mammography/1.0",
        "not_use_power_of_two": false,
        "num_memories_not_use_power_of_two": false,
        "num_memories_twice": false,
        "contamination_ratio": null,
        "latent_ratio": null,
        "memory_ratio": null,
        "run": 9
    },
    "mean_metrics": {
        "AUC-ROC": 0.8669864518491396,
        "AUC-PR": 0.4140498225644261,
        "f1": 0.3861538461538461
    },
    "total_time": 330.80452013015747,
    "all_seeds": [
        {
            "run": 0,
            "AUC-ROC": 0.8712186294115991,
            "AUC-PR": 0.42466698443254575,
            "f1": 0.4076923076923077,
            "train_time": 32.15425705909729,
            "test_time": 0.10286116600036621,
            "epochs": 52
        },
        {
            "run": 1,
            "AUC-ROC": 0.85850914007267,
            "AUC-PR": 0.4198337369489857,
            "f1": 0.38076923076923075,
            "train_time": 30.473830223083496,
            "test_time": 0.10068392753601074,
            "epochs": 54
        },
        {
            "run": 2,
            "AUC-ROC": 0.8600392924541589,
            "AUC-PR": 0.39330872935672356,
            "f1": 0.3576923076923077,
            "train_time": 31.756609201431274,
            "test_time": 0.09951972961425781,
            "epochs": 54
        },
        {
            "run": 3,
            "AUC-ROC": 0.8705778384925218,
            "AUC-PR": 0.4279260922615202,
            "f1": 0.36153846153846153,
            "train_time": 37.68596053123474,
            "test_time": 0.09944272041320801,
            "epochs": 66
        },
        {
            "run": 4,
            "AUC-ROC": 0.8546122862856659,
            "AUC-PR": 0.3882921392924507,
            "f1": 0.3923076923076923,
            "train_time": 30.173222541809082,
            "test_time": 0.10436415672302246,
            "epochs": 53
        },
        {
            "run": 5,
            "AUC-ROC": 0.8577099118384361,
            "AUC-PR": 0.41158988966900084,
            "f1": 0.38076923076923075,
            "train_time": 32.2513964176178,
            "test_time": 0.08784079551696777,
            "epochs": 55
        },
        {
            "run": 6,
            "AUC-ROC": 0.8712404585527985,
            "AUC-PR": 0.4310021142634807,
            "f1": 0.38846153846153847,
            "train_time": 38.196511030197144,
            "test_time": 0.10308313369750977,
            "epochs": 66
        },
        {
            "run": 7,
            "AUC-ROC": 0.855060135763175,
            "AUC-PR": 0.3751001735044493,
            "f1": 0.3423076923076923,
            "train_time": 35.11011338233948,
            "test_time": 0.10755801200866699,
            "epochs": 63
        },
        {
            "run": 8,
            "AUC-ROC": 0.8880503056079769,
            "AUC-PR": 0.4266292899047726,
            "f1": 0.4076923076923077,
            "train_time": 27.86585259437561,
            "test_time": 0.10348677635192871,
            "epochs": 48
        },
        {
            "run": 9,
            "AUC-ROC": 0.8828465200123934,
            "AUC-PR": 0.4421490760103312,
            "f1": 0.4423076923076923,
            "train_time": 32.18359971046448,
            "test_time": 0.10767579078674316,
            "epochs": 58
        }
    ]
}