{
    "model_config": {
        "hidden_dim": 32,
        "depth": 4,
        "num_heads": 4,
        "mlp_ratio": 4.0,
        "dropout_prob": 0.0,
        "num_prototypes": 16,
        "temperature": 0.1,
        "sinkhorn_iters": 3,
        "sinkhorn_eps": 0.1,
        "contrastive_loss_weight": 10.0,
        "use_flash_attn": false,
        "num_features": 13
    },
    "train_config": {
        "data_dir": "Data/",
        "epochs": 250,
        "learning_rate": 0.01,
        "sche_gamma": 0.95,
        "batch_size": 512,
        "random_seed": 42,
        "num_workers": 0,
        "preprocess": "standard",
        "patience": 5,
        "use_amp": false,
        "model_type": "ProtoAD",
        "dataset_name": "wine",
        "base_path": "results/ProtoAD-d32-proto16-eps0.1-contra10-temp0.1/wine/1.0",
        "exp_name": "ProtoAD-d32-proto16-eps0.1-contra10-temp0.1",
        "runs": 10,
        "train_ratio": 1.0,
        "run": 9
    },
    "mean_metrics": {
        "rauc": 0.9316666666666669,
        "ap": 0.6768682625705058,
        "f1": 0.65,
        "entropy_rauc": 0.4375,
        "entropy_ap": 0.21040333926617247,
        "entropy_f1": 0.13,
        "avg_normal_entropy": 1.612216490507126,
        "avg_abnormal_entropy": 1.5420670330524444,
        "avg_normal_recon": 0.8830169618129731,
        "avg_abnormal_recon": 2.3707929968833925
    },
    "std_metrics": {
        "rauc_std": 0.03711094477673969,
        "ap_std": 0.1331937281285771,
        "f1_std": 0.10246950765959598,
        "entropy_rauc_std": 0.3028037960278716,
        "entropy_ap_std": 0.1751949882935705,
        "entropy_f1_std": 0.19519221295943134,
        "avg_normal_entropy_std": 0.4397292139716206,
        "avg_abnormal_entropy_std": 0.4153419562369629,
        "avg_normal_recon_std": 0.2906466602775248,
        "avg_abnormal_recon_std": 0.5116466242480269
    },
    "total_time": 8.734516620635986,
    "all_seeds": [
        {
            "run": 0,
            "train_time": 1.3314847946166992,
            "test_time": 0.029295921325683594,
            "epochs": 20,
            "rauc": 0.9733333333333334,
            "ap": 0.8558225108225107,
            "f1": 0.7,
            "entropy_rauc": 0.13666666666666666,
            "entropy_ap": 0.09244366133578819,
            "entropy_f1": 0.0,
            "avg_normal_entropy": 2.2069919109344482,
            "avg_abnormal_entropy": 2.1854639053344727,
            "avg_normal_recon": 0.7431455850601196,
            "avg_abnormal_recon": 3.2257792949676514
        },
        {
            "run": 1,
            "train_time": 0.8861525058746338,
            "test_time": 0.027770280838012695,
            "epochs": 22,
            "rauc": 0.98,
            "ap": 0.8748523698523698,
            "f1": 0.8,
            "entropy_rauc": 0.14666666666666667,
            "entropy_ap": 0.09291537932703489,
            "entropy_f1": 0.0,
            "avg_normal_entropy": 1.7645726203918457,
            "avg_abnormal_entropy": 1.2144134044647217,
            "avg_normal_recon": 0.5672944784164429,
            "avg_abnormal_recon": 2.432891845703125
        },
        {
            "run": 2,
            "train_time": 0.19586634635925293,
            "test_time": 0.028949975967407227,
            "epochs": 5,
            "rauc": 0.9333333333333333,
            "ap": 0.6781098068598068,
            "f1": 0.6,
            "entropy_rauc": 0.885,
            "entropy_ap": 0.467193987642904,
            "entropy_f1": 0.5,
            "avg_normal_entropy": 1.0117148160934448,
            "avg_abnormal_entropy": 1.6198301315307617,
            "avg_normal_recon": 1.0971726179122925,
            "avg_abnormal_recon": 2.643643617630005
        },
        {
            "run": 3,
            "train_time": 0.19663572311401367,
            "test_time": 0.029420137405395508,
            "epochs": 5,
            "rauc": 0.8433333333333333,
            "ap": 0.4252659397340249,
            "f1": 0.4,
            "entropy_rauc": 0.4233333333333333,
            "entropy_ap": 0.12792165605508932,
            "entropy_f1": 0.0,
            "avg_normal_entropy": 0.7616296410560608,
            "avg_abnormal_entropy": 0.6466283202171326,
            "avg_normal_recon": 1.3249257802963257,
            "avg_abnormal_recon": 2.3372817039489746
        },
        {
            "run": 4,
            "train_time": 0.7814533710479736,
            "test_time": 0.027369976043701172,
            "epochs": 19,
            "rauc": 0.9216666666666667,
            "ap": 0.5526623376623376,
            "f1": 0.6,
            "entropy_rauc": 0.3883333333333333,
            "entropy_ap": 0.12165767291341598,
            "entropy_f1": 0.0,
            "avg_normal_entropy": 1.661666989326477,
            "avg_abnormal_entropy": 1.5876123905181885,
            "avg_normal_recon": 0.5704824328422546,
            "avg_abnormal_recon": 1.2462655305862427
        },
        {
            "run": 5,
            "train_time": 1.2850065231323242,
            "test_time": 0.030476093292236328,
            "epochs": 31,
            "rauc": 0.9483333333333333,
            "ap": 0.7842857142857143,
            "f1": 0.7,
            "entropy_rauc": 0.6816666666666666,
            "entropy_ap": 0.2175128217156081,
            "entropy_f1": 0.1,
            "avg_normal_entropy": 1.7599128484725952,
            "avg_abnormal_entropy": 1.9106632471084595,
            "avg_normal_recon": 0.7458922266960144,
            "avg_abnormal_recon": 2.424734592437744
        },
        {
            "run": 6,
            "train_time": 0.8679075241088867,
            "test_time": 0.02889394760131836,
            "epochs": 21,
            "rauc": 0.9483333333333334,
            "ap": 0.6641575091575092,
            "f1": 0.7,
            "entropy_rauc": 0.05333333333333336,
            "entropy_ap": 0.08584834909404623,
            "entropy_f1": 0.0,
            "avg_normal_entropy": 1.9540518522262573,
            "avg_abnormal_entropy": 1.3744362592697144,
            "avg_normal_recon": 0.5786188244819641,
            "avg_abnormal_recon": 1.7228806018829346
        },
        {
            "run": 7,
            "train_time": 0.20670628547668457,
            "test_time": 0.028894901275634766,
            "epochs": 5,
            "rauc": 0.9066666666666666,
            "ap": 0.5730559537081277,
            "f1": 0.6,
            "entropy_rauc": 0.5633333333333334,
            "entropy_ap": 0.18632815409483044,
            "entropy_f1": 0.2,
            "avg_normal_entropy": 1.3246028423309326,
            "avg_abnormal_entropy": 1.3726561069488525,
            "avg_normal_recon": 1.2405247688293457,
            "avg_abnormal_recon": 2.608339786529541
        },
        {
            "run": 8,
            "train_time": 1.0569803714752197,
            "test_time": 0.027802228927612305,
            "epochs": 26,
            "rauc": 0.9483333333333334,
            "ap": 0.7299908424908425,
            "f1": 0.7,
            "entropy_rauc": 0.16666666666666669,
            "entropy_ap": 0.0915383560596529,
            "entropy_f1": 0.0,
            "avg_normal_entropy": 2.1089701652526855,
            "avg_abnormal_entropy": 1.5189664363861084,
            "avg_normal_recon": 0.7278870344161987,
            "avg_abnormal_recon": 2.6073694229125977
        },
        {
            "run": 9,
            "train_time": 0.20529747009277344,
            "test_time": 0.028596162796020508,
            "epochs": 5,
            "rauc": 0.9133333333333334,
            "ap": 0.630479641131815,
            "f1": 0.7,
            "entropy_rauc": 0.93,
            "entropy_ap": 0.6206733544233545,
            "entropy_f1": 0.5,
            "avg_normal_entropy": 1.5680512189865112,
            "avg_abnormal_entropy": 1.9900001287460327,
            "avg_normal_recon": 1.234225869178772,
            "avg_abnormal_recon": 2.4587435722351074
        }
    ]
}