{
    "model_config": {
        "num_features": 21,
        "hidden_dim": 32,
        "depth": 4,
        "num_heads": 4,
        "mlp_ratio": 4.0,
        "dropout_prob": 0.0,
        "use_flash_attn": false,
        "ema_decay": 0.999,
        "contrastive_loss_weight": 0.1
    },
    "train_config": {
        "data_dir": "Data/",
        "epochs": 200,
        "learning_rate": 0.001,
        "sche_gamma": 0.95,
        "batch_size": 512,
        "random_seed": 42,
        "num_workers": 0,
        "preprocess": "standard",
        "patience": 10,
        "min_delta": 0,
        "use_amp": false,
        "model_type": "TKDAD",
        "dataset_name": "cardio",
        "base_path": "results/TKDAD-d32-lr0.001-contra0.1/cardio/1.0",
        "exp_name": "TKDAD-d32-lr0.001-contra0.1",
        "runs": 10,
        "train_ratio": 1.0
    },
    "mean_metrics": {
        "avg_abnormal_score": 0.04545523189008236,
        "ap": 0.5227302382681731,
        "f1": 0.506818181818182,
        "avg_normal_score": 0.02245257068425417,
        "rauc": 0.7840785573122531
    },
    "std_metrics": {
        "avg_abnormal_score_std": 0.008783499206547253,
        "ap_std": 0.08872685617878674,
        "f1_std": 0.06305538363184128,
        "avg_normal_score_std": 0.005727848898140237,
        "rauc_std": 0.04654458073359452
    },
    "total_time": 71.72743511199951,
    "all_seeds": [
        {
            "run": 0,
            "train_time": 7.23763632774353,
            "test_time": 0.03231024742126465,
            "epochs": 71,
            "rauc": 0.8059055226174792,
            "ap": 0.6258649983254236,
            "f1": 0.5511363636363636,
            "avg_normal_score": 0.015324661508202553,
            "avg_abnormal_score": 0.03554286062717438
        },
        {
            "run": 1,
            "train_time": 6.9842798709869385,
            "test_time": 0.03322291374206543,
            "epochs": 73,
            "rauc": 0.8140782828282829,
            "ap": 0.4934408332926508,
            "f1": 0.5170454545454546,
            "avg_normal_score": 0.031153259798884392,
            "avg_abnormal_score": 0.06174127012491226
        },
        {
            "run": 2,
            "train_time": 7.039263963699341,
            "test_time": 0.03187274932861328,
            "epochs": 74,
            "rauc": 0.8153958058849364,
            "ap": 0.544832424251424,
            "f1": 0.5227272727272727,
            "avg_normal_score": 0.027180152013897896,
            "avg_abnormal_score": 0.05966872349381447
        },
        {
            "run": 3,
            "train_time": 8.596576929092407,
            "test_time": 0.0328981876373291,
            "epochs": 92,
            "rauc": 0.7109066205533596,
            "ap": 0.4463901580583516,
            "f1": 0.5227272727272727,
            "avg_normal_score": 0.020627206191420555,
            "avg_abnormal_score": 0.039865948259830475
        },
        {
            "run": 4,
            "train_time": 6.944746732711792,
            "test_time": 0.03236556053161621,
            "epochs": 76,
            "rauc": 0.7181873078612209,
            "ap": 0.429764892132461,
            "f1": 0.42613636363636365,
            "avg_normal_score": 0.019867975264787674,
            "avg_abnormal_score": 0.035245511680841446
        },
        {
            "run": 5,
            "train_time": 7.493819713592529,
            "test_time": 0.030834197998046875,
            "epochs": 79,
            "rauc": 0.7264081027667983,
            "ap": 0.36445681743500374,
            "f1": 0.3693181818181818,
            "avg_normal_score": 0.03205523267388344,
            "avg_abnormal_score": 0.04977815970778465
        },
        {
            "run": 6,
            "train_time": 5.144966125488281,
            "test_time": 0.033177852630615234,
            "epochs": 55,
            "rauc": 0.858949549846289,
            "ap": 0.6817875189895839,
            "f1": 0.5738636363636364,
            "avg_normal_score": 0.016993161290884018,
            "avg_abnormal_score": 0.04607190936803818
        },
        {
            "run": 7,
            "train_time": 5.8531494140625,
            "test_time": 0.03238797187805176,
            "epochs": 61,
            "rauc": 0.7860671936758894,
            "ap": 0.5461015111055669,
            "f1": 0.5340909090909091,
            "avg_normal_score": 0.025007296353578568,
            "avg_abnormal_score": 0.045456063002347946
        },
        {
            "run": 8,
            "train_time": 6.673556566238403,
            "test_time": 0.0329890251159668,
            "epochs": 70,
            "rauc": 0.8031400966183575,
            "ap": 0.5564053659131194,
            "f1": 0.5795454545454546,
            "avg_normal_score": 0.01678209751844406,
            "avg_abnormal_score": 0.03915638476610184
        },
        {
            "run": 9,
            "train_time": 7.639988899230957,
            "test_time": 0.03342843055725098,
            "epochs": 81,
            "rauc": 0.8017470904699165,
            "ap": 0.5382578631781456,
            "f1": 0.4715909090909091,
            "avg_normal_score": 0.01953466422855854,
            "avg_abnormal_score": 0.04202548786997795
        }
    ]
}