{
    "model_config": {
        "hidden_dim": 64,
        "depth": 4,
        "num_heads": 4,
        "mlp_ratio": 4.0,
        "dropout_prob": 0.0,
        "num_prototypes": 32,
        "temperature": 0.1,
        "sinkhorn_iters": 3,
        "sinkhorn_eps": 0.05,
        "contrastive_loss_weight": 1.0,
        "use_flash_attn": false,
        "num_features": 13
    },
    "train_config": {
        "data_dir": "Data/",
        "epochs": 250,
        "learning_rate": 0.01,
        "sche_gamma": 0.95,
        "batch_size": 512,
        "random_seed": 42,
        "num_workers": 0,
        "preprocess": "standard",
        "patience": 5,
        "use_amp": false,
        "model_type": "ProtoAD",
        "dataset_name": "wine",
        "base_path": "results/ProtoAD-d64-proto32-eps0.05-contra1.0-temp0.1/wine/1.0",
        "exp_name": "ProtoAD-d64-proto32-eps0.05-contra1.0-temp0.1",
        "runs": 10,
        "train_ratio": 1.0,
        "run": 9
    },
    "mean_metrics": {
        "rauc": 0.9471666666666667,
        "ap": 0.7243911573270092,
        "f1": 0.6900000000000001,
        "entropy_rauc": 0.4958333333333333,
        "entropy_ap": 0.23316398174965056,
        "entropy_f1": 0.13,
        "avg_normal_entropy": 1.6605350136756898,
        "avg_abnormal_entropy": 1.6839930176734925,
        "avg_normal_recon": 0.8973849415779114,
        "avg_abnormal_recon": 2.511447846889496
    },
    "std_metrics": {
        "rauc_std": 0.04124486500025046,
        "ap_std": 0.18017898823905745,
        "f1_std": 0.157797338380595,
        "entropy_rauc_std": 0.26614767204191986,
        "entropy_ap_std": 0.20904711011302385,
        "entropy_f1_std": 0.22825424421026655,
        "avg_normal_entropy_std": 0.3492723649899268,
        "avg_abnormal_entropy_std": 0.5596043002649876,
        "avg_normal_recon_std": 0.4964257209015052,
        "avg_abnormal_recon_std": 0.9296875981852264
    },
    "total_time": 71.80391812324524,
    "all_seeds": [
        {
            "run": 0,
            "train_time": 10.11811351776123,
            "test_time": 0.02665996551513672,
            "epochs": 176,
            "rauc": 0.9816666666666666,
            "ap": 0.8773595848595848,
            "f1": 0.8,
            "entropy_rauc": 0.745,
            "entropy_ap": 0.29091938216061636,
            "entropy_f1": 0.4,
            "avg_normal_entropy": 1.3459328413009644,
            "avg_abnormal_entropy": 1.6565803289413452,
            "avg_normal_recon": 0.5883054733276367,
            "avg_abnormal_recon": 2.7115986347198486
        },
        {
            "run": 1,
            "train_time": 9.336519718170166,
            "test_time": 0.02869105339050293,
            "epochs": 173,
            "rauc": 0.9816666666666667,
            "ap": 0.8967388167388167,
            "f1": 0.8,
            "entropy_rauc": 0.5349999999999999,
            "entropy_ap": 0.15205828496446344,
            "entropy_f1": 0.0,
            "avg_normal_entropy": 1.6098202466964722,
            "avg_abnormal_entropy": 1.5993961095809937,
            "avg_normal_recon": 0.5315612554550171,
            "avg_abnormal_recon": 2.025002956390381
        },
        {
            "run": 2,
            "train_time": 10.201500654220581,
            "test_time": 0.027492523193359375,
            "epochs": 188,
            "rauc": 0.9483333333333334,
            "ap": 0.6147069597069598,
            "f1": 0.7,
            "entropy_rauc": 0.18500000000000003,
            "entropy_ap": 0.09324121290763362,
            "entropy_f1": 0.0,
            "avg_normal_entropy": 1.4723035097122192,
            "avg_abnormal_entropy": 1.0268175601959229,
            "avg_normal_recon": 0.5384202599525452,
            "avg_abnormal_recon": 1.598829746246338
        },
        {
            "run": 3,
            "train_time": 0.27581214904785156,
            "test_time": 0.02779388427734375,
            "epochs": 5,
            "rauc": 0.8683333333333334,
            "ap": 0.5121351062730373,
            "f1": 0.4,
            "entropy_rauc": 0.24833333333333335,
            "entropy_ap": 0.1020955758330013,
            "entropy_f1": 0.0,
            "avg_normal_entropy": 2.421103000640869,
            "avg_abnormal_entropy": 2.2051103115081787,
            "avg_normal_recon": 1.532163381576538,
            "avg_abnormal_recon": 2.7282426357269287
        },
        {
            "run": 4,
            "train_time": 10.138882160186768,
            "test_time": 0.02694106101989746,
            "epochs": 191,
            "rauc": 0.9033333333333334,
            "ap": 0.5026143790849673,
            "f1": 0.5,
            "entropy_rauc": 0.13,
            "entropy_ap": 0.09084890314638654,
            "entropy_f1": 0.0,
            "avg_normal_entropy": 1.4380086660385132,
            "avg_abnormal_entropy": 0.9024873971939087,
            "avg_normal_recon": 0.5974059700965881,
            "avg_abnormal_recon": 1.4263986349105835
        },
        {
            "run": 5,
            "train_time": 0.2786593437194824,
            "test_time": 0.027123212814331055,
            "epochs": 5,
            "rauc": 0.9066666666666667,
            "ap": 0.49933635808635807,
            "f1": 0.5,
            "entropy_rauc": 0.615,
            "entropy_ap": 0.18510835546909996,
            "entropy_f1": 0.0,
            "avg_normal_entropy": 1.9756406545639038,
            "avg_abnormal_entropy": 2.1905128955841064,
            "avg_normal_recon": 1.8456674814224243,
            "avg_abnormal_recon": 3.8755366802215576
        },
        {
            "run": 6,
            "train_time": 9.702515363693237,
            "test_time": 0.027161598205566406,
            "epochs": 181,
            "rauc": 0.985,
            "ap": 0.9041777666777667,
            "f1": 0.8,
            "entropy_rauc": 0.7783333333333333,
            "entropy_ap": 0.28137662813174324,
            "entropy_f1": 0.0,
            "avg_normal_entropy": 1.3742948770523071,
            "avg_abnormal_entropy": 1.6704679727554321,
            "avg_normal_recon": 0.5734329223632812,
            "avg_abnormal_recon": 2.0195729732513428
        },
        {
            "run": 7,
            "train_time": 9.898097276687622,
            "test_time": 0.027913808822631836,
            "epochs": 188,
            "rauc": 0.9933333333333333,
            "ap": 0.9572979797979798,
            "f1": 0.9,
            "entropy_rauc": 0.51,
            "entropy_ap": 0.2075923325706125,
            "entropy_f1": 0.2,
            "avg_normal_entropy": 1.3863413333892822,
            "avg_abnormal_entropy": 1.4453518390655518,
            "avg_normal_recon": 0.5675541162490845,
            "avg_abnormal_recon": 2.7960197925567627
        },
        {
            "run": 8,
            "train_time": 0.2661592960357666,
            "test_time": 0.026549577713012695,
            "epochs": 5,
            "rauc": 0.9766666666666667,
            "ap": 0.8572069597069596,
            "f1": 0.8,
            "entropy_rauc": 0.9483333333333333,
            "entropy_ap": 0.8233928571428571,
            "entropy_f1": 0.7,
            "avg_normal_entropy": 2.0777695178985596,
            "avg_abnormal_entropy": 2.8446779251098633,
            "avg_normal_recon": 1.5570696592330933,
            "avg_abnormal_recon": 4.328849792480469
        },
        {
            "run": 9,
            "train_time": 9.0879545211792,
            "test_time": 0.026334047317504883,
            "epochs": 178,
            "rauc": 0.9266666666666667,
            "ap": 0.6223376623376623,
            "f1": 0.7,
            "entropy_rauc": 0.26333333333333336,
            "entropy_ap": 0.10500628517009127,
            "entropy_f1": 0.0,
            "avg_normal_entropy": 1.5041354894638062,
            "avg_abnormal_entropy": 1.2985278367996216,
            "avg_normal_recon": 0.6422688961029053,
            "avg_abnormal_recon": 1.604426622390747
        }
    ]
}