{
    "model_config": {
        "num_heads": 4,
        "num_latents": 3,
        "num_memories": 10,
        "depth": 4,
        "hidden_dim": 16,
        "mlp_ratio": 4.0,
        "dropout_prob": 0.0,
        "temperature": 0.1,
        "sim_type": "cos",
        "use_oe": true,
        "oe_lambda": 0.1,
        "oe_shuffle_ratio": 0.3,
        "oe_lambda_memory": 1.0,
        "is_weight_sharing": false,
        "use_pos_enc_as_query": false,
        "use_mask_token": false,
        "num_features": 9
    },
    "train_config": {
        "data_dir": "Data/",
        "epochs": 250,
        "learning_rate": 0.01,
        "sche_gamma": 0.95,
        "batch_size": 512,
        "random_seed": 42,
        "num_workers": 0,
        "preprocess": "standard",
        "model_type": "OELATTE",
        "dataset_name": "glass",
        "train_ratio": 1.0,
        "base_path": "results/OELATTE-d16-oe_lam0.1-oe_rat0.3-oe_lam_mem1.0/glass/1.0",
        "not_use_power_of_two": false,
        "num_memories_not_use_power_of_two": false,
        "num_memories_twice": false,
        "contamination_ratio": null,
        "latent_ratio": null,
        "memory_ratio": null,
        "run": 9
    },
    "mean_metrics": {
        "AUC-ROC": 0.5816612729234089,
        "AUC-PR": 0.16000833902547457,
        "f1": 0.12222222222222223
    },
    "total_time": 18.40198016166687,
    "all_seeds": [
        {
            "run": 0,
            "AUC-ROC": 0.546925566343042,
            "AUC-PR": 0.1603938028938029,
            "f1": 0.1111111111111111,
            "train_time": 2.5682873725891113,
            "test_time": 0.017766714096069336,
            "epochs": 29
        },
        {
            "run": 1,
            "AUC-ROC": 0.5016181229773463,
            "AUC-PR": 0.20967704628215345,
            "f1": 0.1111111111111111,
            "train_time": 1.59541654586792,
            "test_time": 0.018668413162231445,
            "epochs": 29
        },
        {
            "run": 2,
            "AUC-ROC": 0.6752966558791802,
            "AUC-PR": 0.18743616620975112,
            "f1": 0.2222222222222222,
            "train_time": 1.598167896270752,
            "test_time": 0.018021106719970703,
            "epochs": 29
        },
        {
            "run": 3,
            "AUC-ROC": 0.3495145631067961,
            "AUC-PR": 0.092351992493572,
            "f1": 0.1111111111111111,
            "train_time": 1.389211654663086,
            "test_time": 0.018759965896606445,
            "epochs": 25
        },
        {
            "run": 4,
            "AUC-ROC": 0.48759439050701187,
            "AUC-PR": 0.12182932141951786,
            "f1": 0.1111111111111111,
            "train_time": 1.5229849815368652,
            "test_time": 0.018854856491088867,
            "epochs": 28
        },
        {
            "run": 5,
            "AUC-ROC": 0.61596548004315,
            "AUC-PR": 0.14322306186341274,
            "f1": 0.1111111111111111,
            "train_time": 1.6726751327514648,
            "test_time": 0.012104272842407227,
            "epochs": 29
        },
        {
            "run": 6,
            "AUC-ROC": 0.5188781014023732,
            "AUC-PR": 0.104157606259546,
            "f1": 0.1111111111111111,
            "train_time": 1.5071282386779785,
            "test_time": 0.01857614517211914,
            "epochs": 28
        },
        {
            "run": 7,
            "AUC-ROC": 0.622437971952535,
            "AUC-PR": 0.13794850832271435,
            "f1": 0.1111111111111111,
            "train_time": 1.5759713649749756,
            "test_time": 0.01799154281616211,
            "epochs": 29
        },
        {
            "run": 8,
            "AUC-ROC": 0.8295577130528586,
            "AUC-PR": 0.22175966055704677,
            "f1": 0.1111111111111111,
            "train_time": 1.6254551410675049,
            "test_time": 0.018564701080322266,
            "epochs": 29
        },
        {
            "run": 9,
            "AUC-ROC": 0.668824163969795,
            "AUC-PR": 0.22130622395322888,
            "f1": 0.1111111111111111,
            "train_time": 1.5826447010040283,
            "test_time": 0.023245573043823242,
            "epochs": 29
        }
    ]
}