{
    "model_config": {
        "num_heads": 4,
        "num_latents": 5,
        "num_memories": 10,
        "depth": 4,
        "hidden_dim": 16,
        "mlp_ratio": 4.0,
        "dropout_prob": 0.0,
        "temperature": 0.1,
        "sim_type": "cos",
        "use_oe": true,
        "oe_lambda": 0.1,
        "oe_shuffle_ratio": 0.5,
        "oe_lambda_memory": 1.0,
        "is_weight_sharing": false,
        "use_pos_enc_as_query": false,
        "use_mask_token": false,
        "num_features": 33
    },
    "train_config": {
        "data_dir": "Data/",
        "epochs": 250,
        "learning_rate": 0.01,
        "sche_gamma": 0.95,
        "batch_size": 512,
        "random_seed": 42,
        "num_workers": 0,
        "preprocess": "standard",
        "model_type": "OELATTE",
        "dataset_name": "ionosphere",
        "train_ratio": 1.0,
        "base_path": "results/OELATTE-d16-oe_lam0.1-oe_rat0.5-oe_lam_mem1.0/ionosphere/1.0",
        "not_use_power_of_two": false,
        "num_memories_not_use_power_of_two": false,
        "num_memories_twice": false,
        "contamination_ratio": null,
        "latent_ratio": null,
        "memory_ratio": null,
        "run": 9
    },
    "mean_metrics": {
        "AUC-ROC": 0.9102963899424077,
        "AUC-PR": 0.9263935113537525,
        "f1": 0.8198412698412698
    },
    "total_time": 18.600839853286743,
    "all_seeds": [
        {
            "run": 0,
            "AUC-ROC": 0.9026548672566371,
            "AUC-PR": 0.9211107663620866,
            "f1": 0.8174603174603174,
            "train_time": 2.2802541255950928,
            "test_time": 0.019955873489379883,
            "epochs": 27
        },
        {
            "run": 1,
            "AUC-ROC": 0.879196516364658,
            "AUC-PR": 0.9007298868294323,
            "f1": 0.7698412698412699,
            "train_time": 1.6106390953063965,
            "test_time": 0.019661426544189453,
            "epochs": 29
        },
        {
            "run": 2,
            "AUC-ROC": 0.9273072060682679,
            "AUC-PR": 0.9402306824606167,
            "f1": 0.8571428571428571,
            "train_time": 1.5819571018218994,
            "test_time": 0.019100666046142578,
            "epochs": 29
        },
        {
            "run": 3,
            "AUC-ROC": 0.8924006180643348,
            "AUC-PR": 0.9053072105624274,
            "f1": 0.8095238095238095,
            "train_time": 1.6508738994598389,
            "test_time": 0.019204139709472656,
            "epochs": 29
        },
        {
            "run": 4,
            "AUC-ROC": 0.9001966568338249,
            "AUC-PR": 0.9171391789080312,
            "f1": 0.8015873015873016,
            "train_time": 1.684737205505371,
            "test_time": 0.07093095779418945,
            "epochs": 29
        },
        {
            "run": 5,
            "AUC-ROC": 0.9228121927236972,
            "AUC-PR": 0.9370687270783467,
            "f1": 0.8412698412698413,
            "train_time": 1.59910249710083,
            "test_time": 0.011480331420898438,
            "epochs": 29
        },
        {
            "run": 6,
            "AUC-ROC": 0.902865571007164,
            "AUC-PR": 0.9215691228889088,
            "f1": 0.7936507936507936,
            "train_time": 1.2145805358886719,
            "test_time": 0.01854562759399414,
            "epochs": 29
        },
        {
            "run": 7,
            "AUC-ROC": 0.9480264082033995,
            "AUC-PR": 0.9587091753296422,
            "f1": 0.8809523809523809,
            "train_time": 1.481722354888916,
            "test_time": 0.020297765731811523,
            "epochs": 29
        },
        {
            "run": 8,
            "AUC-ROC": 0.9000561876668071,
            "AUC-PR": 0.9205883152072971,
            "f1": 0.8015873015873016,
            "train_time": 1.6055982112884521,
            "test_time": 0.020970821380615234,
            "epochs": 29
        },
        {
            "run": 9,
            "AUC-ROC": 0.9274476752352858,
            "AUC-PR": 0.941482047910736,
            "f1": 0.8253968253968254,
            "train_time": 1.6016926765441895,
            "test_time": 0.019950389862060547,
            "epochs": 29
        }
    ]
}