{
    "model_config": {
        "hidden_dim": 128,
        "depth": 4,
        "num_heads": 4,
        "mlp_ratio": 4.0,
        "dropout_prob": 0.0,
        "num_prototypes": 10,
        "temperature": 0.1,
        "sinkhorn_iters": 3,
        "sinkhorn_eps": 0.1,
        "contrastive_loss_weight": 0.01,
        "use_flash_attn": false,
        "num_features": 274
    },
    "train_config": {
        "data_dir": "Data/",
        "epochs": 250,
        "learning_rate": 0.01,
        "sche_gamma": 0.95,
        "batch_size": 32,
        "random_seed": 42,
        "num_workers": 0,
        "preprocess": "standard",
        "patience": 20,
        "use_amp": false,
        "model_type": "ProtoAD",
        "dataset_name": "arrhythmia",
        "base_path": "results/ProtoAD-d128-proto10-eps0.1-contra0.01-temp0.1/arrhythmia/1.0",
        "exp_name": "ProtoAD-d128-proto10-eps0.1-contra0.01-temp0.1",
        "runs": 10,
        "train_ratio": 1.0,
        "run": 9
    },
    "mean_metrics": {
        "rauc": 0.800620191552834,
        "ap": 0.6125964027148916,
        "f1": 0.5575757575757575,
        "entropy_rauc": 0.3695399591772649,
        "entropy_ap": 0.2265270612764796,
        "entropy_f1": 0.18985317269610424,
        "avg_normal_entropy": 2.291607618331909,
        "avg_abnormal_entropy": 2.2851722478866576,
        "avg_normal_recon": 1.1242120087146759,
        "avg_abnormal_recon": 5.680596971511841
    },
    "std_metrics": {
        "rauc_std": 0.013292452085420087,
        "ap_std": 0.02714330637336732,
        "f1_std": 0.026067652324371623,
        "entropy_rauc_std": 0.09956982638304164,
        "entropy_ap_std": 0.049465869338596265,
        "entropy_f1_std": 0.09752424346693223,
        "avg_normal_entropy_std": 0.017204440891231656,
        "avg_abnormal_entropy_std": 0.03281721474766702,
        "avg_normal_recon_std": 0.2156628352818107,
        "avg_abnormal_recon_std": 1.82507204458079
    },
    "total_time": 168.29594731330872,
    "all_seeds": [
        {
            "run": 0,
            "train_time": 31.077985763549805,
            "test_time": 0.07197356224060059,
            "epochs": 113,
            "rauc": 0.8084471659601193,
            "ap": 0.6104005665207962,
            "f1": 0.5909090909090909,
            "entropy_rauc": 0.5812529439472445,
            "entropy_ap": 0.3046033134205963,
            "entropy_f1": 0.36363636363636365,
            "avg_normal_entropy": 2.29128098487854,
            "avg_abnormal_entropy": 2.2940545082092285,
            "avg_normal_recon": 1.0331385135650635,
            "avg_abnormal_recon": 5.1561665534973145
        },
        {
            "run": 1,
            "train_time": 9.97293758392334,
            "test_time": 0.06177353858947754,
            "epochs": 36,
            "rauc": 0.799576071596797,
            "ap": 0.5942853108648924,
            "f1": 0.5454545454545454,
            "entropy_rauc": 0.2893703878159837,
            "entropy_ap": 0.2015902410377283,
            "entropy_f1": 0.15625,
            "avg_normal_entropy": 2.3024609088897705,
            "avg_abnormal_entropy": 2.302241325378418,
            "avg_normal_recon": 1.1635431051254272,
            "avg_abnormal_recon": 4.799288272857666
        },
        {
            "run": 2,
            "train_time": 14.329874992370605,
            "test_time": 0.06899785995483398,
            "epochs": 61,
            "rauc": 0.7766525357198932,
            "ap": 0.5995109129072494,
            "f1": 0.5151515151515151,
            "entropy_rauc": 0.2449756633694458,
            "entropy_ap": 0.16878903775876042,
            "entropy_f1": 0.034482758620689655,
            "avg_normal_entropy": 2.302457094192505,
            "avg_abnormal_entropy": 2.302232027053833,
            "avg_normal_recon": 1.3571568727493286,
            "avg_abnormal_recon": 7.457639217376709
        },
        {
            "run": 3,
            "train_time": 8.560321807861328,
            "test_time": 0.03673982620239258,
            "epochs": 78,
            "rauc": 0.8178677971424085,
            "ap": 0.6834946408455034,
            "f1": 0.5909090909090909,
            "entropy_rauc": 0.40540116187784586,
            "entropy_ap": 0.28582537314936246,
            "entropy_f1": 0.3137254901960784,
            "avg_normal_entropy": 2.3025763034820557,
            "avg_abnormal_entropy": 2.302546977996826,
            "avg_normal_recon": 0.6936848759651184,
            "avg_abnormal_recon": 4.351480007171631
        },
        {
            "run": 4,
            "train_time": 26.07694959640503,
            "test_time": 0.06708359718322754,
            "epochs": 107,
            "rauc": 0.8035013345894174,
            "ap": 0.6005334703556038,
            "f1": 0.5454545454545454,
            "entropy_rauc": 0.3308996702779087,
            "entropy_ap": 0.19437212950069377,
            "entropy_f1": 0.13636363636363635,
            "avg_normal_entropy": 2.289686918258667,
            "avg_abnormal_entropy": 2.280958414077759,
            "avg_normal_recon": 1.2887288331985474,
            "avg_abnormal_recon": 4.33240270614624
        },
        {
            "run": 5,
            "train_time": 13.319097518920898,
            "test_time": 0.058283329010009766,
            "epochs": 49,
            "rauc": 0.7794002198147276,
            "ap": 0.5795093853138675,
            "f1": 0.5454545454545454,
            "entropy_rauc": 0.4603940964044591,
            "entropy_ap": 0.24638169062240256,
            "entropy_f1": 0.19696969696969696,
            "avg_normal_entropy": 2.301182508468628,
            "avg_abnormal_entropy": 2.3016858100891113,
            "avg_normal_recon": 1.2196388244628906,
            "avg_abnormal_recon": 5.342465400695801
        },
        {
            "run": 6,
            "train_time": 16.66933536529541,
            "test_time": 0.0699622631072998,
            "epochs": 68,
            "rauc": 0.817004239284032,
            "ap": 0.6275981026460847,
            "f1": 0.5909090909090909,
            "entropy_rauc": 0.33725859632595384,
            "entropy_ap": 0.20617845022048803,
            "entropy_f1": 0.21212121212121213,
            "avg_normal_entropy": 2.242682695388794,
            "avg_abnormal_entropy": 2.189631462097168,
            "avg_normal_recon": 0.9314509034156799,
            "avg_abnormal_recon": 5.4405293464660645
        },
        {
            "run": 7,
            "train_time": 12.548920392990112,
            "test_time": 0.0698697566986084,
            "epochs": 46,
            "rauc": 0.8014601978332548,
            "ap": 0.6227683321831696,
            "f1": 0.5454545454545454,
            "entropy_rauc": 0.45693986497095307,
            "entropy_ap": 0.2958801487005573,
            "entropy_f1": 0.2727272727272727,
            "avg_normal_entropy": 2.2903361320495605,
            "avg_abnormal_entropy": 2.2814178466796875,
            "avg_normal_recon": 0.9282392859458923,
            "avg_abnormal_recon": 4.5057196617126465
        },
        {
            "run": 8,
            "train_time": 15.765828371047974,
            "test_time": 0.06980490684509277,
            "epochs": 57,
            "rauc": 0.8083686607002669,
            "ap": 0.5964904558533123,
            "f1": 0.5757575757575758,
            "entropy_rauc": 0.3207724917569478,
            "entropy_ap": 0.18680877537052648,
            "entropy_f1": 0.10606060606060606,
            "avg_normal_entropy": 2.2911665439605713,
            "avg_abnormal_entropy": 2.2953224182128906,
            "avg_normal_recon": 1.185937762260437,
            "avg_abnormal_recon": 4.906150817871094
        },
        {
            "run": 9,
            "train_time": 16.724645137786865,
            "test_time": 0.06884312629699707,
            "epochs": 62,
            "rauc": 0.7939236928874235,
            "ap": 0.611372849658436,
            "f1": 0.5303030303030303,
            "entropy_rauc": 0.2681347150259067,