{
    "model_config": {
        "num_features": 33,
        "hidden_dim": 64,
        "depth": 4,
        "depth_enc": null,
        "depth_dec": null,
        "num_heads": 4,
        "mlp_ratio": 4.0,
        "dropout_prob": 0.0,
        "temperature": 0.1,
        "byol_loss_weight": 0.1,
        "dacl_alpha": 0.9,
        "projector_dim": null,
        "byol_momentum": 0.99,
        "use_flash_attn": false
    },
    "train_config": {
        "data_dir": "Data/",
        "epochs": 200,
        "learning_rate": 0.01,
        "sche_gamma": 0.95,
        "batch_size": 512,
        "random_seed": 42,
        "num_workers": 0,
        "preprocess": "standard",
        "patience": 10,
        "min_delta": 0,
        "use_amp": false,
        "model_type": "TAEDACL",
        "dataset_name": "ionosphere",
        "base_path": "results/TAEDACL-260125-bw0.1-ap0.9-ep200-ep190_byol/ionosphere/1.0",
        "exp_name": "TAEDACL-260125-bw0.1-ap0.9-ep200-ep190_byol",
        "runs": 10,
        "train_ratio": 1.0
    },
    "start_time_kst": "2026-01-25T16:02:06+09:00",
    "mean_metrics": {
        "rauc": 0.7137238376176429,
        "ap": 0.7132481013472018,
        "f1": 0.6634920634920636,
        "avg_normal": -1.3018431544303894,
        "avg_abnormal": -1.2428133249282838
    },
    "std_metrics": {
        "rauc_std": 0.06712261492638484,
        "ap_std": 0.08559360470064489,
        "f1_std": 0.042621338355865256,
        "avg_normal_std": 0.018531602232352628,
        "avg_abnormal_std": 0.042940881353978666
    },
    "total_time": 214.6682949066162,
    "all_seeds": [
        {
            "rauc": 0.6315493749122068,
            "ap": 0.6336413135789336,
            "f1": 0.6031746031746031,
            "avg_normal": -1.321059226989746,
            "avg_abnormal": -1.3039391040802002,
            "run": 0,
            "epochs": 200,
            "train_time": 22.993897438049316,
            "test_time": 0.02484869956970215
        },
        {
            "rauc": 0.6809242871189773,
            "ap": 0.7029215550850286,
            "f1": 0.6111111111111112,
            "avg_normal": -1.3182382583618164,
            "avg_abnormal": -1.2700107097625732,
            "run": 1,
            "epochs": 197,
            "train_time": 22.09581422805786,
            "test_time": 0.045578956604003906
        },
        {
            "rauc": 0.7052956875965726,
            "ap": 0.6524090159976644,
            "f1": 0.7063492063492064,
            "avg_normal": -1.2807680368423462,
            "avg_abnormal": -1.2511180639266968,
            "run": 2,
            "epochs": 200,
            "train_time": 22.16961932182312,
            "test_time": 0.03009033203125
        },
        {
            "rauc": 0.717095097626071,
            "ap": 0.7110284679201984,
            "f1": 0.6825396825396826,
            "avg_normal": -1.2997480630874634,
            "avg_abnormal": -1.244584560394287,
            "run": 3,
            "epochs": 183,
            "train_time": 19.404288291931152,
            "test_time": 0.04298281669616699
        },
        {
            "rauc": 0.8312965304115746,
            "ap": 0.8554938221681515,
            "f1": 0.7142857142857143,
            "avg_normal": -1.2947949171066284,
            "avg_abnormal": -1.1685655117034912,
            "run": 4,
            "epochs": 200,
            "train_time": 21.270718812942505,
            "test_time": 0.027915477752685547
        },
        {
            "rauc": 0.8081191178536311,
            "ap": 0.8417276933149695,
            "f1": 0.7222222222222222,
            "avg_normal": -1.3285704851150513,
            "avg_abnormal": -1.216819405555725,
            "run": 5,
            "epochs": 187,
            "train_time": 19.964258193969727,
            "test_time": 0.03983569145202637
        },
        {
            "rauc": 0.6617502458210422,
            "ap": 0.665334448229752,
            "f1": 0.626984126984127,
            "avg_normal": -1.277327537536621,
            "avg_abnormal": -1.234634518623352,
            "run": 6,
            "epochs": 200,
            "train_time": 21.276633262634277,
            "test_time": 0.030830860137939453
        },
        {
            "rauc": 0.6365360303413401,
            "ap": 0.6121956259990999,
            "f1": 0.6190476190476191,
            "avg_normal": -1.3190553188323975,
            "avg_abnormal": -1.2982501983642578,
            "run": 7,
            "epochs": 200,
            "train_time": 21.58124589920044,
            "test_time": 0.03373527526855469
        },
        {
            "rauc": 0.68204804045512,
            "ap": 0.6470827076830287,
            "f1": 0.6746031746031746,
            "avg_normal": -1.3031891584396362,
            "avg_abnormal": -1.2621245384216309,
            "run": 8,
            "epochs": 188,
            "train_time": 19.746079921722412,
            "test_time": 0.04540085792541504
        },
        {
            "rauc": 0.7826239640398932,
            "ap": 0.810646363495191,
            "f1": 0.6746031746031746,
            "avg_normal": -1.2756805419921875,
            "avg_abnormal": -1.1780866384506226,
            "run": 9,
            "epochs": 200,
            "train_time": 21.620940685272217,
            "test_time": 0.030595779418945312
        }
    ]
}