{
    "model_config": {
        "num_heads": 4,
        "num_latents": 16,
        "num_memories": 13,
        "depth": 4,
        "hidden_dim": 64,
        "mlp_ratio": 4.0,
        "dropout_prob": 0.0,
        "temperature": 0.1,
        "sim_type": "cos",
        "use_oe": true,
        "oe_lambda": 1.0,
        "oe_shuffle_ratio": 0.5,
        "oe_lambda_memory": 0.0,
        "is_weight_sharing": false,
        "use_pos_enc_as_query": false,
        "use_mask_token": false,
        "num_features": 274
    },
    "train_config": {
        "data_dir": "Data/",
        "epochs": 250,
        "learning_rate": 0.01,
        "sche_gamma": 0.95,
        "batch_size": 512,
        "random_seed": 42,
        "num_workers": 0,
        "preprocess": "standard",
        "model_type": "OELATTE",
        "dataset_name": "arrhythmia",
        "train_ratio": 1.0,
        "base_path": "results/OELATTE-d64-oe_lam1.0-oe_rat0.5/arrhythmia/1.0",
        "not_use_power_of_two": false,
        "num_memories_not_use_power_of_two": false,
        "num_memories_twice": false,
        "contamination_ratio": null,
        "latent_ratio": null,
        "memory_ratio": null,
        "run": 9
    },
    "mean_metrics": {
        "AUC-ROC": 0.7977940021981473,
        "AUC-PR": 0.6110962920197422,
        "f1": 0.5636363636363636
    },
    "total_time": 8.502751111984253,
    "all_seeds": [
        {
            "run": 0,
            "AUC-ROC": 0.8033443240697128,
            "AUC-PR": 0.610976274138169,
            "f1": 0.5606060606060606,
            "train_time": 1.2873804569244385,
            "test_time": 0.027532339096069336,
            "epochs": 5
        },
        {
            "run": 1,
            "AUC-ROC": 0.8078191238813001,
            "AUC-PR": 0.5987973484267053,
            "f1": 0.5757575757575758,
            "train_time": 0.5339677333831787,
            "test_time": 0.022205829620361328,
            "epochs": 5
        },
        {
            "run": 2,
            "AUC-ROC": 0.7688805149945047,
            "AUC-PR": 0.5976492231591067,
            "f1": 0.5151515151515151,
            "train_time": 0.5475993156433105,
            "test_time": 0.024198293685913086,
            "epochs": 5
        },
        {
            "run": 3,
            "AUC-ROC": 0.8077406186214475,
            "AUC-PR": 0.6775216447899387,
            "f1": 0.5757575757575758,
            "train_time": 0.5611011981964111,
            "test_time": 0.024975299835205078,
            "epochs": 5
        },
        {
            "run": 4,
            "AUC-ROC": 0.7901554404145078,
            "AUC-PR": 0.5895351133794473,
            "f1": 0.5606060606060606,
            "train_time": 0.5704550743103027,
            "test_time": 0.026385784149169922,
            "epochs": 5
        },
        {
            "run": 5,
            "AUC-ROC": 0.7839535248861675,
            "AUC-PR": 0.5877487074038189,
            "f1": 0.5757575757575758,
            "train_time": 0.6454253196716309,
            "test_time": 0.0273592472076416,
            "epochs": 5
        },
        {
            "run": 6,
            "AUC-ROC": 0.8023237556916314,
            "AUC-PR": 0.6184643953535167,
            "f1": 0.5757575757575758,
            "train_time": 0.6267685890197754,
            "test_time": 0.028998374938964844,
            "epochs": 5
        },
        {
            "run": 7,
            "AUC-ROC": 0.7943162191866855,
            "AUC-PR": 0.6156460568086578,
            "f1": 0.5454545454545454,
            "train_time": 0.5626780986785889,
            "test_time": 0.023881196975708008,
            "epochs": 5
        },
        {
            "run": 8,
            "AUC-ROC": 0.8238341968911918,
            "AUC-PR": 0.6034899359450867,
            "f1": 0.6212121212121212,
            "train_time": 0.5647351741790771,
            "test_time": 0.024142026901245117,
            "epochs": 5
        },
        {
            "run": 9,
            "AUC-ROC": 0.7955723033443242,
            "AUC-PR": 0.6111342207929754,
            "f1": 0.5303030303030303,
            "train_time": 0.5623660087585449,
            "test_time": 0.02346348762512207,
            "epochs": 5
        }
    ]
}