{
    "model_config": {
        "num_features": 274,
        "hidden_dim": 64,
        "depth": 4,
        "depth_enc": null,
        "depth_dec": null,
        "num_heads": 4,
        "mlp_ratio": 4.0,
        "dropout_prob": 0.0,
        "temperature": 0.2,
        "imix_loss_weight": 0.01,
        "mixup_alpha": 0.9,
        "projector_dim": null,
        "use_flash_attn": false
    },
    "train_config": {
        "data_dir": "Data/",
        "epochs": 200,
        "learning_rate": 0.01,
        "sche_gamma": 0.95,
        "batch_size": 512,
        "random_seed": 42,
        "num_workers": 0,
        "preprocess": "standard",
        "patience": 10,
        "min_delta": 0,
        "use_amp": false,
        "model_type": "TAEIMIX",
        "dataset_name": "arrhythmia",
        "base_path": "results/TAEIMIX-260125-iw0.01-ap0.9-ep200-ep200/arrhythmia/1.0",
        "exp_name": "TAEIMIX-260125-iw0.01-ap0.9-ep200-ep200",
        "runs": 10,
        "train_ratio": 1.0
    },
    "start_time_kst": "2026-01-25T16:01:59+09:00",
    "mean_metrics": {
        "rauc": 0.7997644842204428,
        "ap": 0.6124445787996053,
        "f1": 0.5636363636363637,
        "avg_normal": 1.1305448114871979,
        "avg_abnormal": 5.655993986129761
    },
    "std_metrics": {
        "rauc_std": 0.012322285218089127,
        "ap_std": 0.026104717872983085,
        "f1_std": 0.026933922476713928,
        "avg_normal_std": 0.2148411359275321,
        "avg_abnormal_std": 1.8248117989677877
    },
    "total_time": 172.11730098724365,
    "all_seeds": [
        {
            "rauc": 0.8082116501805621,
            "ap": 0.6093186888640842,
            "f1": 0.5606060606060606,
            "avg_normal": 1.0493019819259644,
            "avg_abnormal": 5.159217357635498,
            "run": 0,
            "epochs": 137,
            "train_time": 21.292114734649658,
            "test_time": 0.13401007652282715
        },
        {
            "rauc": 0.7960433349034385,
            "ap": 0.5926084838569089,
            "f1": 0.5606060606060606,
            "avg_normal": 1.1528559923171997,
            "avg_abnormal": 4.776356220245361,
            "run": 1,
            "epochs": 138,
            "train_time": 20.458627223968506,
            "test_time": 0.12042927742004395
        },
        {
            "rauc": 0.775631967341812,
            "ap": 0.5987684027281073,
            "f1": 0.5151515151515151,
            "avg_normal": 1.3535711765289307,
            "avg_abnormal": 7.457352161407471,
            "run": 2,
            "epochs": 68,
            "train_time": 10.026406288146973,
            "test_time": 0.11538124084472656
        },
        {
            "rauc": 0.817946302402261,
            "ap": 0.6838049584535479,
            "f1": 0.5909090909090909,
            "avg_normal": 0.6943895220756531,
            "avg_abnormal": 4.354881763458252,
            "run": 3,
            "epochs": 112,
            "train_time": 17.06861448287964,
            "test_time": 0.11826443672180176
        },
        {
            "rauc": 0.8043648924477941,
            "ap": 0.6056522194841201,
            "f1": 0.5606060606060606,
            "avg_normal": 1.3362505435943604,
            "avg_abnormal": 4.430377006530762,
            "run": 4,
            "epochs": 140,
            "train_time": 21.16643977165222,
            "test_time": 0.055136680603027344
        },
        {
            "rauc": 0.7863086826817396,
            "ap": 0.5872994878820436,
            "f1": 0.5757575757575758,
            "avg_normal": 1.1909347772598267,
            "avg_abnormal": 5.336161136627197,
            "run": 5,
            "epochs": 99,
            "train_time": 14.619589805603027,
            "test_time": 0.12581849098205566
        },
        {
            "rauc": 0.8106453132359869,
            "ap": 0.6244618020591617,
            "f1": 0.5909090909090909,
            "avg_normal": 0.9671681523323059,
            "avg_abnormal": 5.097850799560547,
            "run": 6,
            "epochs": 109,
            "train_time": 16.515331029891968,
            "test_time": 0.12090730667114258
        },
        {
            "rauc": 0.7958078191238812,
            "ap": 0.616886932166675,
            "f1": 0.5454545454545454,
            "avg_normal": 0.9243147969245911,
            "avg_abnormal": 4.49011754989624,
            "run": 7,
            "epochs": 87,
            "train_time": 12.97737741470337,
            "test_time": 0.12065768241882324
        },
        {
            "rauc": 0.8108023237556917,
            "ap": 0.5956027381222646,
            "f1": 0.6060606060606061,
            "avg_normal": 1.1983613967895508,
            "avg_abnormal": 4.947386264801025,
            "run": 8,
            "epochs": 106,
            "train_time": 15.764636039733887,
            "test_time": 0.12388110160827637
        },
        {
            "rauc": 0.7918825561312609,
            "ap": 0.610042074379141,
            "f1": 0.5303030303030303,
            "avg_normal": 1.4382997751235962,
            "avg_abnormal": 10.510239601135254,
            "run": 9,
            "epochs": 128,
            "train_time": 18.994994640350342,
            "test_time": 0.1225886344909668
        }
    ]
}