{
    "model_config": {
        "num_features": 9,
        "hidden_dim": 64,
        "depth": 4,
        "depth_enc": null,
        "depth_dec": null,
        "num_heads": 4,
        "mlp_ratio": 4.0,
        "dropout_prob": 0.0,
        "temperature": 0.1,
        "byol_loss_weight": 0.1,
        "dacl_alpha": 0.9,
        "projector_dim": null,
        "byol_momentum": 0.99,
        "use_flash_attn": false
    },
    "train_config": {
        "data_dir": "Data/",
        "epochs": 200,
        "learning_rate": 0.01,
        "sche_gamma": 0.95,
        "batch_size": 64,
        "random_seed": 42,
        "num_workers": 0,
        "preprocess": "standard",
        "patience": 10,
        "min_delta": 0,
        "use_amp": false,
        "model_type": "TAEDACL",
        "dataset_name": "glass",
        "base_path": "results/TAEDACL-260125-bw0.1-ap0.9-ep200-ep40/glass/1.0",
        "exp_name": "TAEDACL-260125-bw0.1-ap0.9-ep200-ep40",
        "runs": 10,
        "train_ratio": 1.0
    },
    "start_time_kst": "2026-01-25T15:48:27+09:00",
    "mean_metrics": {
        "rauc": 0.8015102481121896,
        "ap": 0.27331396078299364,
        "f1": 0.19999999999999998,
        "avg_normal": 0.4885999634861946,
        "avg_abnormal": 1.0759490370750426
    },
    "std_metrics": {
        "rauc_std": 0.07611104976208256,
        "ap_std": 0.05682778737227746,
        "f1_std": 0.08314794192830981,
        "avg_normal_std": 0.34836306802315564,
        "avg_abnormal_std": 0.3905100404743803
    },
    "total_time": 200.49615669250488,
    "all_seeds": [
        {
            "rauc": 0.8230852211434735,
            "ap": 0.3502296403833251,
            "f1": 0.2222222222222222,
            "avg_normal": 0.4258262515068054,
            "avg_abnormal": 1.3690060377120972,
            "run": 0,
            "epochs": 127,
            "train_time": 23.422527313232422,
            "test_time": 0.03872179985046387
        },
        {
            "rauc": 0.7831715210355986,
            "ap": 0.2829482994634577,
            "f1": 0.2222222222222222,
            "avg_normal": 0.14383211731910706,
            "avg_abnormal": 0.638927698135376,
            "run": 1,
            "epochs": 141,
            "train_time": 24.873399019241333,
            "test_time": 0.059112548828125
        },
        {
            "rauc": 0.8220064724919094,
            "ap": 0.35994617842339277,
            "f1": 0.3333333333333333,
            "avg_normal": 0.1258978247642517,
            "avg_abnormal": 0.8672242760658264,
            "run": 2,
            "epochs": 125,
            "train_time": 22.174612760543823,
            "test_time": 0.04390430450439453
        },
        {
            "rauc": 0.8371089536138079,
            "ap": 0.22699509717053576,
            "f1": 0.1111111111111111,
            "avg_normal": 1.3172491788864136,
            "avg_abnormal": 1.4361528158187866,
            "run": 3,
            "epochs": 92,
            "train_time": 15.484545230865479,
            "test_time": 0.04078269004821777
        },
        {
            "rauc": 0.5836030204962244,
            "ap": 0.1643298706804875,
            "f1": 0.1111111111111111,
            "avg_normal": 0.4471111595630646,
            "avg_abnormal": 1.0328576564788818,
            "run": 4,
            "epochs": 110,
            "train_time": 19.44229245185852,
            "test_time": 0.037611961364746094
        },
        {
            "rauc": 0.8511326860841424,
            "ap": 0.3233502727475253,
            "f1": 0.2222222222222222,
            "avg_normal": 0.4396897852420807,
            "avg_abnormal": 1.992004156112671,
            "run": 5,
            "epochs": 102,
            "train_time": 18.17621350288391,
            "test_time": 0.05161905288696289
        },
        {
            "rauc": 0.8317152103559871,
            "ap": 0.2310591151546436,
            "f1": 0.2222222222222222,
            "avg_normal": 0.7659010887145996,
            "avg_abnormal": 0.7944469451904297,
            "run": 6,
            "epochs": 94,
            "train_time": 16.99471402168274,
            "test_time": 0.039006948471069336
        },
        {
            "rauc": 0.837108953613808,
            "ap": 0.2522312470882698,
            "f1": 0.1111111111111111,
            "avg_normal": 0.3183094263076782,
            "avg_abnormal": 0.9173389077186584,
            "run": 7,
            "epochs": 112,
            "train_time": 19.99787974357605,
            "test_time": 0.04096221923828125
        },
        {
            "rauc": 0.8576051779935274,
            "ap": 0.26847962818924703,
            "f1": 0.3333333333333333,
            "avg_normal": 0.7336939573287964,
            "avg_abnormal": 0.9830892086029053,
            "run": 8,
            "epochs": 107,
            "train_time": 18.976033210754395,
            "test_time": 0.042237281799316406
        },
        {
            "rauc": 0.7885652642934196,
            "ap": 0.27357025852905204,
            "f1": 0.1111111111111111,
            "avg_normal": 0.16848884522914886,
            "avg_abnormal": 0.7284426689147949,
            "run": 9,
            "epochs": 107,
            "train_time": 18.32493782043457,
            "test_time": 0.03962254524230957
        }
    ]
}