{
    "model_config": {
        "num_features": 33,
        "hidden_dim": 64,
        "depth": 4,
        "depth_enc": null,
        "depth_dec": null,
        "num_heads": 4,
        "mlp_ratio": 4.0,
        "dropout_prob": 0.0,
        "temperature": 0.1,
        "byol_loss_weight": 0.01,
        "dacl_alpha": 0.9,
        "projector_dim": null,
        "byol_momentum": 0.99,
        "use_flash_attn": false
    },
    "train_config": {
        "data_dir": "Data/",
        "epochs": 200,
        "learning_rate": 0.01,
        "sche_gamma": 0.95,
        "batch_size": 512,
        "random_seed": 42,
        "num_workers": 0,
        "preprocess": "standard",
        "patience": 10,
        "min_delta": 0,
        "use_amp": false,
        "model_type": "TAEDACL",
        "dataset_name": "ionosphere",
        "base_path": "results/TAEDACL-260125-bw0.01-ap0.9-ep200-ep40_byol/ionosphere/1.0",
        "exp_name": "TAEDACL-260125-bw0.01-ap0.9-ep200-ep40_byol",
        "runs": 10,
        "train_ratio": 1.0
    },
    "start_time_kst": "2026-01-25T16:05:44+09:00",
    "mean_metrics": {
        "rauc": 0.7274687456103385,
        "ap": 0.7410862450524879,
        "f1": 0.680952380952381,
        "avg_normal": -0.13047942221164704,
        "avg_abnormal": -0.12384512424468994
    },
    "std_metrics": {
        "rauc_std": 0.07167593961087902,
        "ap_std": 0.09361716074338078,
        "f1_std": 0.061044077850887,
        "avg_normal_std": 0.0014313983137216964,
        "avg_abnormal_std": 0.002498715982362624
    },
    "total_time": 220.49928522109985,
    "all_seeds": [
        {
            "rauc": 0.7126703188650091,
            "ap": 0.74518815946584,
            "f1": 0.6507936507936508,
            "avg_normal": -0.13001945614814758,
            "avg_abnormal": -0.12450461834669113,
            "run": 0,
            "epochs": 200,
            "train_time": 22.051878213882446,
            "test_time": 0.043866872787475586
        },
        {
            "rauc": 0.6795195954487989,
            "ap": 0.7257855892249025,
            "f1": 0.5793650793650794,
            "avg_normal": -0.1292140781879425,
            "avg_abnormal": -0.12256434559822083,
            "run": 1,
            "epochs": 200,
            "train_time": 21.442830085754395,
            "test_time": 0.03334355354309082
        },
        {
            "rauc": 0.8076977103525775,
            "ap": 0.8450200305356648,
            "f1": 0.746031746031746,
            "avg_normal": -0.13062770664691925,
            "avg_abnormal": -0.12201832234859467,
            "run": 2,
            "epochs": 200,
            "train_time": 21.764705419540405,
            "test_time": 0.032883405685424805
        },
        {
            "rauc": 0.6813456946200309,
            "ap": 0.6795511604624375,
            "f1": 0.6746031746031746,
            "avg_normal": -0.1300506740808487,
            "avg_abnormal": -0.12573467195034027,
            "run": 3,
            "epochs": 200,
            "train_time": 21.586421966552734,
            "test_time": 0.0330958366394043
        },
        {
            "rauc": 0.8516645596291613,
            "ap": 0.8657411044953487,
            "f1": 0.7936507936507936,
            "avg_normal": -0.13223905861377716,
            "avg_abnormal": -0.12073531746864319,
            "run": 4,
            "epochs": 200,
            "train_time": 21.93868589401245,
            "test_time": 0.029017210006713867
        },
        {
            "rauc": 0.812614131198202,
            "ap": 0.8522220515661594,
            "f1": 0.746031746031746,
            "avg_normal": -0.13348786532878876,
            "avg_abnormal": -0.12282650172710419,
            "run": 5,
            "epochs": 200,
            "train_time": 21.439879655838013,
            "test_time": 0.035758018493652344
        },
        {
            "rauc": 0.6371681415929203,
            "ap": 0.6229494050227102,
            "f1": 0.6507936507936508,
            "avg_normal": -0.12939855456352234,
            "avg_abnormal": -0.1261453777551651,
            "run": 6,
            "epochs": 200,
            "train_time": 22.08720088005066,
            "test_time": 0.0341191291809082
        },
        {
            "rauc": 0.6311982019946623,
            "ap": 0.5664001480512336,
            "f1": 0.626984126984127,
            "avg_normal": -0.1311844140291214,
            "avg_abnormal": -0.12868545949459076,
            "run": 7,
            "epochs": 200,
            "train_time": 21.98068618774414,
            "test_time": 0.03400611877441406
        },
        {
            "rauc": 0.7398511026829611,
            "ap": 0.7613096778547859,
            "f1": 0.6904761904761905,
            "avg_normal": -0.13023769855499268,
            "avg_abnormal": -0.12496504187583923,
            "run": 8,
            "epochs": 200,
            "train_time": 21.938576459884644,
            "test_time": 0.03471207618713379
        },
        {
            "rauc": 0.7209579997190617,
            "ap": 0.7466951238457957,
            "f1": 0.6507936507936508,
            "avg_normal": -0.12833471596240997,
            "avg_abnormal": -0.12027158588171005,
            "run": 9,
            "epochs": 200,
            "train_time": 21.909622192382812,
            "test_time": 0.031659603118896484
        }
    ]
}