{
    "model_config": {
        "hidden_dim": 64,
        "depth": 4,
        "num_heads": 4,
        "mlp_ratio": 4.0,
        "dropout_prob": 0.0,
        "num_prototypes": 16,
        "temperature": 0.1,
        "sinkhorn_iters": 3,
        "sinkhorn_eps": 0.1,
        "contrastive_loss_weight": 0.1,
        "use_flash_attn": false,
        "num_features": 9
    },
    "train_config": {
        "data_dir": "Data/",
        "epochs": 250,
        "learning_rate": 0.01,
        "sche_gamma": 0.95,
        "batch_size": 16,
        "random_seed": 42,
        "num_workers": 0,
        "preprocess": "standard",
        "patience": 5,
        "use_amp": false,
        "model_type": "ProtoAD",
        "dataset_name": "glass",
        "base_path": "results/ProtoAD-d64-proto16-eps0.1-contra0.1-temp0.1/glass/1.0",
        "exp_name": "ProtoAD-d64-proto16-eps0.1-contra0.1-temp0.1",
        "runs": 10,
        "train_ratio": 1.0,
        "run": 9
    },
    "mean_metrics": {
        "rauc": 0.8413160733549082,
        "ap": 0.30476011547894644,
        "f1": 0.2,
        "entropy_rauc": 0.2666666666666667,
        "entropy_ap": 0.06369990390407072,
        "entropy_f1": 0.01111111111111111,
        "avg_normal_entropy": 2.7083985805511475,
        "avg_abnormal_entropy": 2.658561372756958,
        "avg_normal_recon": 0.6619246512651443,
        "avg_abnormal_recon": 1.5964785099029541
    },
    "std_metrics": {
        "rauc_std": 0.04498899232716694,
        "ap_std": 0.08215053789310511,
        "f1_std": 0.08314794192830981,
        "entropy_rauc_std": 0.12018421949521241,
        "entropy_ap_std": 0.014045088264051138,
        "entropy_f1_std": 0.03333333333333333,
        "avg_normal_entropy_std": 0.06837937481445931,
        "avg_abnormal_entropy_std": 0.1036366847969769,
        "avg_normal_recon_std": 0.49594950256499876,
        "avg_abnormal_recon_std": 0.5165282459845565
    },
    "total_time": 83.75281167030334,
    "all_seeds": [
        {
            "run": 0,
            "train_time": 3.507800817489624,
            "test_time": 0.05703616142272949,
            "epochs": 9,
            "rauc": 0.7680690399137001,
            "ap": 0.2264724018537472,
            "f1": 0.1111111111111111,
            "entropy_rauc": 0.27939590075512405,
            "entropy_ap": 0.09103992320960937,
            "entropy_f1": 0.1111111111111111,
            "avg_normal_entropy": 2.7272868156433105,
            "avg_abnormal_entropy": 2.6477530002593994,
            "avg_normal_recon": 0.6750866770744324,
            "avg_abnormal_recon": 1.3044309616088867
        },
        {
            "run": 1,
            "train_time": 8.518730163574219,
            "test_time": 0.025931358337402344,
            "epochs": 32,
            "rauc": 0.8079827400215749,
            "ap": 0.30126206903623903,
            "f1": 0.2222222222222222,
            "entropy_rauc": 0.482200647249191,
            "entropy_ap": 0.08629363283741198,
            "entropy_f1": 0.0,
            "avg_normal_entropy": 2.7481002807617188,
            "avg_abnormal_entropy": 2.74923038482666,
            "avg_normal_recon": 0.16131903231143951,
            "avg_abnormal_recon": 0.6514177322387695
        },
        {
            "run": 2,
            "train_time": 9.11788535118103,
            "test_time": 0.05492901802062988,
            "epochs": 35,
            "rauc": 0.9180151024811218,
            "ap": 0.5198362939742249,
            "f1": 0.3333333333333333,
            "entropy_rauc": 0.14239482200647252,
            "entropy_ap": 0.05223039066787392,
            "entropy_f1": 0.0,
            "avg_normal_entropy": 2.723783254623413,
            "avg_abnormal_entropy": 2.6569831371307373,
            "avg_normal_recon": 0.20509018003940582,
            "avg_abnormal_recon": 1.4789434671401978
        },
        {
            "run": 3,
            "train_time": 3.1666736602783203,
            "test_time": 0.05515003204345703,
            "epochs": 11,
            "rauc": 0.7993527508090614,
            "ap": 0.19223275517103394,
            "f1": 0.1111111111111111,
            "entropy_rauc": 0.0442286947141316,
            "entropy_ap": 0.04704543893165912,
            "entropy_f1": 0.0,
            "avg_normal_entropy": 2.684390068054199,
            "avg_abnormal_entropy": 2.4962942600250244,
            "avg_normal_recon": 1.7799726724624634,
            "avg_abnormal_recon": 1.735464096069336
        },
        {
            "run": 4,
            "train_time": 12.786174535751343,
            "test_time": 0.05780744552612305,
            "epochs": 47,
            "rauc": 0.848975188781014,
            "ap": 0.282480844980845,
            "f1": 0.1111111111111111,
            "entropy_rauc": 0.26860841423948223,
            "entropy_ap": 0.057439819970977274,
            "entropy_f1": 0.0,
            "avg_normal_entropy": 2.757059335708618,
            "avg_abnormal_entropy": 2.7491066455841064,
            "avg_normal_recon": 0.48834726214408875,
            "avg_abnormal_recon": 1.5139431953430176
        },
        {
            "run": 5,
            "train_time": 15.521276235580444,
            "test_time": 0.0575556755065918,
            "epochs": 58,
            "rauc": 0.8813376483279396,
            "ap": 0.31591235275445795,
            "f1": 0.3333333333333333,
            "entropy_rauc": 0.38727076591154264,
            "entropy_ap": 0.0689912383496576,
            "entropy_f1": 0.0,
            "avg_normal_entropy": 2.745593309402466,
            "avg_abnormal_entropy": 2.7539472579956055,
            "avg_normal_recon": 0.3779732286930084,
            "avg_abnormal_recon": 1.5816203355789185
        },
        {
            "run": 6,
            "train_time": 4.500160217285156,
            "test_time": 0.05720663070678711,
            "epochs": 16,
            "rauc": 0.8662351672060409,
            "ap": 0.30847578347578347,
            "f1": 0.2222222222222222,
            "entropy_rauc": 0.22761596548004315,
            "entropy_ap": 0.05616591904169785,
            "entropy_f1": 0.0,
            "avg_normal_entropy": 2.7115063667297363,
            "avg_abnormal_entropy": 2.6769444942474365,
            "avg_normal_recon": 0.7388073205947876,
            "avg_abnormal_recon": 2.6181368827819824
        },
        {
            "run": 7,
            "train_time": 14.594077348709106,
            "test_time": 0.0568547248840332,
            "epochs": 54,
            "rauc": 0.8619201725997843,
            "ap": 0.333256390009486,
            "f1": 0.2222222222222222,
            "entropy_rauc": 0.2394822006472492,
            "entropy_ap": 0.055492508140123444,
            "entropy_f1": 0.0,
            "avg_normal_entropy": 2.746844530105591,
            "avg_abnormal_entropy": 2.690778970718384,
            "avg_normal_recon": 0.439765602350235,
            "avg_abnormal_recon": 2.2064788341522217
        },
        {
            "run": 8,
            "train_time": 2.9219918251037598,
            "test_time": 0.056114912033081055,
            "epochs": 10,
            "rauc": 0.8705501618122977,
            "ap": 0.27664138979928454,
            "f1": 0.1111111111111111,
            "entropy_rauc": 0.21359223300970873,
            "entropy_ap": 0.05402763508744599,
            "entropy_f1": 0.0,
            "avg_normal_entropy": 2.5123767852783203,
            "avg_abnormal_entropy": 2.4366397857666016,
            "avg_normal_recon": 1.3724725246429443,
            "avg_abnormal_recon": 1.739479899406433
        },
        {
            "run": 9,
            "train_time": 6.839743137359619,
            "test_time": 0.05579876899719238,
            "epochs": 25,
            "rauc": 0.790722761596548,
            "ap": 0.2910308737343621,
            "f1": 0.2222222222222222,
            "entropy_rauc": 0.3818770226537217,
            "entropy_ap": 0.06827253280425058,
            "entropy_f1": 0.0,
            "avg_normal_entropy": 2.7270450592041016,