{
    "model_config": {
        "hidden_dim": 128,
        "depth": 4,
        "num_heads": 4,
        "mlp_ratio": 4.0,
        "dropout_prob": 0.0,
        "num_prototypes": 5,
        "temperature": 0.1,
        "sinkhorn_iters": 3,
        "sinkhorn_eps": 0.1,
        "contrastive_loss_weight": 1.0,
        "use_flash_attn": false,
        "num_features": 21
    },
    "train_config": {
        "data_dir": "Data/",
        "epochs": 250,
        "learning_rate": 0.01,
        "sche_gamma": 0.95,
        "batch_size": 256,
        "random_seed": 42,
        "num_workers": 0,
        "preprocess": "standard",
        "patience": 20,
        "use_amp": false,
        "model_type": "ProtoAD",
        "dataset_name": "cardiotocography",
        "base_path": "results/ProtoAD-d128-proto5-eps0.1-contra1.0-temp0.1/cardiotocography/1.0",
        "exp_name": "ProtoAD-d128-proto5-eps0.1-contra1.0-temp0.1",
        "runs": 10,
        "train_ratio": 1.0,
        "run": 9
    },
    "mean_metrics": {
        "rauc": 0.8016212915121462,
        "ap": 0.7200221128103861,
        "f1": 0.6270386266094421,
        "entropy_rauc": 0.34749182257594063,
        "entropy_ap": 0.29881916351454246,
        "entropy_f1": 0.2341121133145021,
        "avg_normal_entropy": 1.4598513484001159,
        "avg_abnormal_entropy": 1.4499196827411651,
        "avg_normal_recon": 0.9373266935348511,
        "avg_abnormal_recon": 3.15216600894928
    },
    "std_metrics": {
        "rauc_std": 0.03941875670024114,
        "ap_std": 0.03069052292411345,
        "f1_std": 0.021604657422580636,
        "entropy_rauc_std": 0.11078739422882931,
        "entropy_ap_std": 0.06894321779897132,
        "entropy_f1_std": 0.09132960892933192,
        "avg_normal_entropy_std": 0.24494346711012693,
        "avg_abnormal_entropy_std": 0.2656045395521002,
        "avg_normal_recon_std": 0.08135217441426633,
        "avg_abnormal_recon_std": 0.4231106324907847
    },
    "total_time": 85.32304048538208,
    "all_seeds": [
        {
            "run": 0,
            "train_time": 10.961128234863281,
            "test_time": 0.05491948127746582,
            "epochs": 59,
            "rauc": 0.8349358306596109,
            "ap": 0.748293167849433,
            "f1": 0.648068669527897,
            "entropy_rauc": 0.2480194487270303,
            "entropy_ap": 0.2586852089871084,
            "entropy_f1": 0.19957081545064378,
            "avg_normal_entropy": 1.6094071865081787,
            "avg_abnormal_entropy": 1.6093286275863647,
            "avg_normal_recon": 0.884070098400116,
            "avg_abnormal_recon": 2.811522960662842
        },
        {
            "run": 1,
            "train_time": 4.254086017608643,
            "test_time": 0.06405138969421387,
            "epochs": 25,
            "rauc": 0.8356363806825283,
            "ap": 0.7546085376848545,
            "f1": 0.6523605150214592,
            "entropy_rauc": 0.45503198049918747,
            "entropy_ap": 0.30985923101932045,
            "entropy_f1": 0.27253218884120173,
            "avg_normal_entropy": 1.366902232170105,
            "avg_abnormal_entropy": 1.4242260456085205,
            "avg_normal_recon": 1.0031688213348389,
            "avg_abnormal_recon": 3.191295862197876
        },
        {
            "run": 2,
            "train_time": 9.889495611190796,
            "test_time": 0.06331753730773926,
            "epochs": 58,
            "rauc": 0.8288730780449186,
            "ap": 0.7334246688712297,
            "f1": 0.6437768240343348,
            "entropy_rauc": 0.21118458060752532,
            "entropy_ap": 0.23733786561008874,
            "entropy_f1": 0.13695652173913042,
            "avg_normal_entropy": 1.6094328165054321,
            "avg_abnormal_entropy": 1.6094213724136353,
            "avg_normal_recon": 1.0024900436401367,
            "avg_abnormal_recon": 3.558793067932129
        },
        {
            "run": 3,
            "train_time": 11.821682214736938,
            "test_time": 0.035776376724243164,
            "epochs": 71,
            "rauc": 0.8347899912496354,
            "ap": 0.7487822574392009,
            "f1": 0.6416309012875536,
            "entropy_rauc": 0.40426033376390685,
            "entropy_ap": 0.3059774916687394,
            "entropy_f1": 0.2575107296137339,
            "avg_normal_entropy": 1.608838438987732,
            "avg_abnormal_entropy": 1.6025868654251099,
            "avg_normal_recon": 0.9655343890190125,
            "avg_abnormal_recon": 3.3828728199005127
        },
        {
            "run": 4,
            "train_time": 14.702838897705078,
            "test_time": 0.06386947631835938,
            "epochs": 87,
            "rauc": 0.8306205466894455,
            "ap": 0.7420270291208275,
            "f1": 0.6416309012875536,
            "entropy_rauc": 0.2224142151756323,
            "entropy_ap": 0.23999330410594738,
            "entropy_f1": 0.1351931330472103,
            "avg_normal_entropy": 1.6063166856765747,
            "avg_abnormal_entropy": 1.602761149406433,
            "avg_normal_recon": 0.9267903566360474,
            "avg_abnormal_recon": 3.646357536315918
        },
        {
            "run": 5,
            "train_time": 6.273159980773926,
            "test_time": 0.05446791648864746,
            "epochs": 37,
            "rauc": 0.7341035043126798,
            "ap": 0.68429354425304,
            "f1": 0.5987124463519313,
            "entropy_rauc": 0.26020615442310097,
            "entropy_ap": 0.25238693675776636,
            "entropy_f1": 0.1223175965665236,
            "avg_normal_entropy": 1.5964534282684326,
            "avg_abnormal_entropy": 1.5659128427505493,
            "avg_normal_recon": 0.7220837473869324,
            "avg_abnormal_recon": 2.1467511653900146
        },
        {
            "run": 6,
            "train_time": 7.392528772354126,
            "test_time": 0.06336021423339844,
            "epochs": 44,
            "rauc": 0.8043082524271844,
            "ap": 0.7109288378821579,
            "f1": 0.6158798283261803,
            "entropy_rauc": 0.5548655673153048,
            "entropy_ap": 0.4844737068076697,
            "entropy_f1": 0.43991416309012876,
            "avg_normal_entropy": 1.6093982458114624,
            "avg_abnormal_entropy": 1.6093679666519165,
            "avg_normal_recon": 0.9763555526733398,
            "avg_abnormal_recon": 3.346968412399292
        },
        {
            "run": 7,
            "train_time": 7.80816650390625,
            "test_time": 0.0633382797241211,
            "epochs": 45,
            "rauc": 0.815492312179674,
            "ap": 0.730316003142297,
            "f1": 0.6330472103004292,
            "entropy_rauc": 0.354409298304096,
            "entropy_ap": 0.3123564848129018,
            "entropy_f1": 0.2814178302900107,
            "avg_normal_entropy": 1.6093698740005493,
            "avg_abnormal_entropy": 1.6092896461486816,
            "avg_normal_recon": 0.9670558571815491,
            "avg_abnormal_recon": 3.4727869033813477
        },
        {
            "run": 8,
            "train_time": 4.43427848815918,
            "test_time": 0.06332921981811523,
            "epochs": 26,
            "rauc": 0.7595368557023209,
            "ap": 0.6640376633388428,
            "f1": 0.5879828326180258,
            "entropy_rauc": 0.4555554398099921,
            "entropy_ap": 0.32224222115948903,
            "entropy_f1": 0.28969957081545067,
            "avg_normal_entropy": 1.0032227039337158,
            "avg_abnormal_entropy": 0.9998646974563599,
            "avg_normal_recon": 1.0065451860427856,
            "avg_abnormal_recon": 2.9971392154693604
        },
        {
            "run": 9,
            "train_time": 4.611376047134399,
            "test_time": 0.06136965751647949,
            "epochs": 27,
            "rauc": 0.7379161631734656,
            "ap": 0.683509418521977,
            "f1": 0.6072961373390557,
            "entropy_rauc": 0.3089712071336306,