{
    "model_config": {
        "num_features": 13,
        "hidden_dim": 64,
        "depth": 4,
        "depth_enc": null,
        "depth_dec": null,
        "num_heads": 4,
        "mlp_ratio": 4.0,
        "dropout_prob": 0.0,
        "temperature": 0.1,
        "byol_loss_weight": 0.1,
        "dacl_alpha": 0.9,
        "projector_dim": null,
        "byol_momentum": 0.99,
        "use_flash_attn": false
    },
    "train_config": {
        "data_dir": "Data/",
        "epochs": 200,
        "learning_rate": 0.01,
        "sche_gamma": 0.95,
        "batch_size": 64,
        "random_seed": 42,
        "num_workers": 0,
        "preprocess": "standard",
        "patience": 10,
        "min_delta": 0,
        "use_amp": false,
        "model_type": "TAEDACL",
        "dataset_name": "wine",
        "base_path": "results/TAEDACL-260125-bw0.1-ap0.9-ep200-byol/wine/1.0",
        "exp_name": "TAEDACL-260125-bw0.1-ap0.9-ep200-byol",
        "runs": 10,
        "train_ratio": 1.0
    },
    "start_time_kst": "2026-01-25T15:41:22+09:00",
    "mean_metrics": {
        "rauc": 0.8843333333333334,
        "ap": 0.592277991092975,
        "f1": 0.5800000000000001,
        "avg_normal": -1.1839391231536864,
        "avg_abnormal": -1.0629135847091675
    },
    "std_metrics": {
        "rauc_std": 0.08639765943331773,
        "ap_std": 0.20183530712191233,
        "f1_std": 0.198997487421324,
        "avg_normal_std": 0.040617998507559795,
        "avg_abnormal_std": 0.11056509167010058
    },
    "total_time": 214.48379230499268,
    "all_seeds": [
        {
            "rauc": 0.95,
            "ap": 0.7167997198879551,
            "f1": 0.7,
            "avg_normal": -1.1901333332061768,
            "avg_abnormal": -1.0330793857574463,
            "run": 0,
            "epochs": 200,
            "train_time": 22.453876733779907,
            "test_time": 0.03048563003540039
        },
        {
            "rauc": 0.9766666666666667,
            "ap": 0.9334782608695652,
            "f1": 0.9,
            "avg_normal": -1.1763442754745483,
            "avg_abnormal": -0.7721070051193237,
            "run": 1,
            "epochs": 200,
            "train_time": 21.860844612121582,
            "test_time": 0.03430676460266113
        },
        {
            "rauc": 0.9116666666666666,
            "ap": 0.6152415458937199,
            "f1": 0.8,
            "avg_normal": -1.183298110961914,
            "avg_abnormal": -1.0720365047454834,
            "run": 2,
            "epochs": 200,
            "train_time": 21.89706325531006,
            "test_time": 0.020974159240722656
        },
        {
            "rauc": 0.905,
            "ap": 0.4704978354978355,
            "f1": 0.5,
            "avg_normal": -1.2046352624893188,
            "avg_abnormal": -1.1396392583847046,
            "run": 3,
            "epochs": 200,
            "train_time": 21.195483922958374,
            "test_time": 0.02161717414855957
        },
        {
            "rauc": 0.9633333333333334,
            "ap": 0.8639069264069263,
            "f1": 0.7,
            "avg_normal": -1.1774446964263916,
            "avg_abnormal": -1.0532588958740234,
            "run": 4,
            "epochs": 200,
            "train_time": 20.867468118667603,
            "test_time": 0.048807621002197266
        },
        {
            "rauc": 0.7266666666666667,
            "ap": 0.42445436507936507,
            "f1": 0.4,
            "avg_normal": -1.249343991279602,
            "avg_abnormal": -1.1941577196121216,
            "run": 5,
            "epochs": 200,
            "train_time": 20.75687837600708,
            "test_time": 0.03267621994018555
        },
        {
            "rauc": 0.94,
            "ap": 0.5657700632700633,
            "f1": 0.6,
            "avg_normal": -1.120151400566101,
            "avg_abnormal": -1.0184487104415894,
            "run": 6,
            "epochs": 200,
            "train_time": 19.909958124160767,
            "test_time": 0.033188819885253906
        },
        {
            "rauc": 0.9233333333333333,
            "ap": 0.6802619793999104,
            "f1": 0.6,
            "avg_normal": -1.2340892553329468,
            "avg_abnormal": -1.1300077438354492,
            "run": 7,
            "epochs": 200,
            "train_time": 20.94473099708557,
            "test_time": 0.031958580017089844
        },
        {
            "rauc": 0.785,
            "ap": 0.38979128014842296,
            "f1": 0.4,
            "avg_normal": -1.1908739805221558,
            "avg_abnormal": -1.1464039087295532,
            "run": 8,
            "epochs": 200,
            "train_time": 21.280731439590454,
            "test_time": 0.03148031234741211
        },
        {
            "rauc": 0.7616666666666666,
            "ap": 0.26257793447598543,
            "f1": 0.2,
            "avg_normal": -1.11307692527771,
            "avg_abnormal": -1.06999671459198,
            "run": 9,
            "epochs": 200,
            "train_time": 20.797058820724487,
            "test_time": 0.026253461837768555
        }
    ]
}