{
    "model_config": {
        "num_heads": 4,
        "num_latents": 4,
        "num_memories": 57,
        "depth": 4,
        "hidden_dim": 32,
        "mlp_ratio": 4.0,
        "dropout_prob": 0.0,
        "temperature": 0.1,
        "sim_type": "cos",
        "use_oe": true,
        "oe_lambda": 0.1,
        "oe_shuffle_ratio": 0.5,
        "oe_lambda_memory": 0.1,
        "is_weight_sharing": false,
        "use_pos_enc_as_query": false,
        "use_mask_token": false,
        "num_features": 16
    },
    "train_config": {
        "data_dir": "Data/",
        "epochs": 250,
        "learning_rate": 0.01,
        "sche_gamma": 0.95,
        "batch_size": 512,
        "random_seed": 42,
        "num_workers": 0,
        "preprocess": "standard",
        "model_type": "OELATTE",
        "dataset_name": "pendigits",
        "train_ratio": 1.0,
        "base_path": "results/OELATTE-d32-oe_lam0.1-oe_rat0.5-oe_lam_mem0.1/pendigits/1.0",
        "not_use_power_of_two": false,
        "num_memories_not_use_power_of_two": false,
        "num_memories_twice": false,
        "contamination_ratio": null,
        "latent_ratio": null,
        "memory_ratio": null,
        "run": 9
    },
    "mean_metrics": {
        "AUC-ROC": 0.9414056353734639,
        "AUC-PR": 0.41118689903977357,
        "f1": 0.4173076923076923
    },
    "total_time": 116.71064949035645,
    "all_seeds": [
        {
            "run": 0,
            "AUC-ROC": 0.9671429007890133,
            "AUC-PR": 0.40027283666342317,
            "f1": 0.4551282051282051,
            "train_time": 12.56262493133545,
            "test_time": 0.05803346633911133,
            "epochs": 29
        },
        {
            "run": 1,
            "AUC-ROC": 0.8796067153976002,
            "AUC-PR": 0.2406404064012634,
            "f1": 0.28205128205128205,
            "train_time": 11.393237829208374,
            "test_time": 0.056786537170410156,
            "epochs": 29
        },
        {
            "run": 2,
            "AUC-ROC": 0.8823182328544258,
            "AUC-PR": 0.19721980703740785,
            "f1": 0.1794871794871795,
            "train_time": 11.346863746643066,
            "test_time": 0.05717062950134277,
            "epochs": 29
        },
        {
            "run": 3,
            "AUC-ROC": 0.9680747462248803,
            "AUC-PR": 0.5894429707366797,
            "f1": 0.5512820512820513,
            "train_time": 11.347522258758545,
            "test_time": 0.057683467864990234,
            "epochs": 29
        },
        {
            "run": 4,
            "AUC-ROC": 0.9739541562597863,
            "AUC-PR": 0.5509468471674163,
            "f1": 0.6089743589743589,
            "train_time": 11.364341735839844,
            "test_time": 0.05478477478027344,
            "epochs": 29
        },
        {
            "run": 5,
            "AUC-ROC": 0.9305736959892457,
            "AUC-PR": 0.2973437784276934,
            "f1": 0.26282051282051283,
            "train_time": 11.366703033447266,
            "test_time": 0.05663943290710449,
            "epochs": 29
        },
        {
            "run": 6,
            "AUC-ROC": 0.9635797377084241,
            "AUC-PR": 0.4451746855208779,
            "f1": 0.4807692307692308,
            "train_time": 11.286607027053833,
            "test_time": 0.05667901039123535,
            "epochs": 29
        },
        {
            "run": 7,
            "AUC-ROC": 0.9589949817831855,
            "AUC-PR": 0.48208921378218966,
            "f1": 0.48717948717948717,
            "train_time": 10.93132495880127,
            "test_time": 0.07440757751464844,
            "epochs": 28
        },
        {
            "run": 8,
            "AUC-ROC": 0.9306233434919762,
            "AUC-PR": 0.29985944180624086,
            "f1": 0.28846153846153844,
            "train_time": 11.335963487625122,
            "test_time": 0.06049752235412598,
            "epochs": 29
        },
        {
            "run": 9,
            "AUC-ROC": 0.9591878432361006,
            "AUC-PR": 0.6088790028545432,
            "f1": 0.5769230769230769,
            "train_time": 11.323119163513184,
            "test_time": 0.05696368217468262,
            "epochs": 29
        }
    ]
}