{
    "model_config": {
        "num_features": 6,
        "hidden_dim": 128,
        "depth": 4,
        "depth_enc": null,
        "depth_dec": null,
        "num_heads": 4,
        "mlp_ratio": 4.0,
        "dropout_prob": 0.0,
        "temperature": 0.2,
        "imix_loss_weight": 0.1,
        "mixup_alpha": 0.9,
        "projector_dim": null,
        "use_flash_attn": false
    },
    "train_config": {
        "data_dir": "Data/",
        "epochs": 200,
        "learning_rate": 0.001,
        "sche_gamma": 0.95,
        "batch_size": 128,
        "random_seed": 42,
        "num_workers": 0,
        "preprocess": "standard",
        "patience": 10,
        "min_delta": 0,
        "use_amp": false,
        "model_type": "TAEIMIX",
        "dataset_name": "thyroid",
        "base_path": "results/TAEIMIX-260125-iw0.1-ap0.9/thyroid/1.0",
        "exp_name": "TAEIMIX-260125-iw0.1-ap0.9",
        "runs": 10,
        "train_ratio": 1.0
    },
    "start_time_kst": "2026-01-25T02:39:55+09:00",
    "mean_metrics": {
        "avg_normal": 0.04138652477413416,
        "ap": 0.7925356929323503,
        "imix_avg_normal": -1.1892684340476989,
        "combined_avg_normal": -1.1478819727897644,
        "combined_rauc": 0.982676484338476,
        "combined_ap": 0.7930796785351166,
        "f1": 0.7301075268817205,
        "imix_avg_abnormal": -0.967587012052536,
        "imix_rauc": 0.9816619915848527,
        "imix_ap": 0.7884306981648976,
        "combined_f1": 0.7397849462365592,
        "rauc": 0.9827623889668068,
        "imix_f1": 0.7301075268817205,
        "avg_abnormal": 61.92469959259033,
        "combined_avg_abnormal": 60.95711212158203
    },
    "std_metrics": {
        "avg_normal_std": 0.025324636018648372,
        "ap_std": 0.03512772980089242,
        "imix_avg_normal_std": 0.013096806561058766,
        "combined_avg_normal_std": 0.03312048268532827,
        "combined_rauc_std": 0.0022161012772686267,
        "combined_ap_std": 0.030479723481332786,
        "f1_std": 0.03312456301236421,
        "imix_avg_abnormal_std": 0.03803812538194147,
        "imix_rauc_std": 0.0022109139819039753,
        "imix_ap_std": 0.02524270496685383,
        "combined_f1_std": 0.027956989247311805,
        "rauc_std": 0.003575264853163699,
        "imix_f1_std": 0.03169764080211542,
        "avg_abnormal_std": 26.75023843778046,
        "combined_avg_abnormal_std": 26.770960324369245
    },
    "total_time": 581.5328898429871,
    "all_seeds": [
        {
            "run": 0,
            "train_time": 81.04052877426147,
            "test_time": 0.13431334495544434,
            "epochs": 73,
            "rauc": 0.9886804581580177,
            "ap": 0.8488119665083783,
            "f1": 0.7956989247311828,
            "avg_normal": 0.01671571470797062,
            "avg_abnormal": 32.75905990600586,
            "imix_rauc": 0.9838709677419355,
            "imix_ap": 0.8255977729907579,
            "imix_f1": 0.7526881720430108,
            "imix_avg_normal": -1.208844780921936,
            "imix_avg_abnormal": -0.987238883972168,
            "combined_rauc": 0.9857702197288453,
            "combined_ap": 0.8429315338511958,
            "combined_f1": 0.7741935483870968,
            "combined_avg_normal": -1.192129135131836,
            "combined_avg_abnormal": 31.771818161010742
        },
        {
            "run": 1,
            "train_time": 62.86918783187866,
            "test_time": 0.09810900688171387,
            "epochs": 61,
            "rauc": 0.9782725572697522,
            "ap": 0.7150868237354637,
            "f1": 0.6666666666666666,
            "avg_normal": 0.01661328598856926,
            "avg_abnormal": 24.52949333190918,
            "imix_rauc": 0.9780329593267882,
            "imix_ap": 0.7524193428854222,
            "imix_f1": 0.6774193548387096,
            "imix_avg_normal": -1.175865650177002,
            "imix_avg_abnormal": -0.9720382690429688,
            "combined_rauc": 0.9788803179055634,
            "combined_ap": 0.7268792171840629,
            "combined_f1": 0.6881720430107527,
            "combined_avg_normal": -1.159252405166626,
            "combined_avg_abnormal": 23.55745506286621
        },
        {
            "run": 2,
            "train_time": 54.06379699707031,
            "test_time": 0.10866093635559082,
            "epochs": 49,
            "rauc": 0.9826379149135109,
            "ap": 0.8205450014248944,
            "f1": 0.7096774193548387,
            "avg_normal": 0.006329463794827461,
            "avg_abnormal": 23.173358917236328,
            "imix_rauc": 0.9799263674614305,
            "imix_ap": 0.793542023170924,
            "imix_f1": 0.6989247311827957,
            "imix_avg_normal": -1.204807162284851,
            "imix_avg_abnormal": -1.0088706016540527,
            "combined_rauc": 0.9821178120617111,
            "combined_ap": 0.8153731043213154,
            "combined_f1": 0.7204301075268817,
            "combined_avg_normal": -1.198477864265442,
            "combined_avg_abnormal": 22.16448211669922
        },
        {
            "run": 3,
            "train_time": 59.31420636177063,
            "test_time": 0.09468746185302734,
            "epochs": 55,
            "rauc": 0.9815684899485742,
            "ap": 0.7975176155951962,
            "f1": 0.7311827956989247,
            "avg_normal": 0.029171893373131752,
            "avg_abnormal": 60.50185775756836,
            "imix_rauc": 0.9815684899485742,
            "imix_ap": 0.8109860544214279,
            "imix_f1": 0.7741935483870968,
            "imix_avg_normal": -1.204848051071167,
            "imix_avg_abnormal": -1.0356265306472778,
            "combined_rauc": 0.9818197755960729,
            "combined_ap": 0.8067314951442961,
            "combined_f1": 0.7419354838709677,
            "combined_avg_normal": -1.1756761074066162,
            "combined_avg_abnormal": 59.466224670410156
        },
        {
            "run": 4,
            "train_time": 36.177117347717285,
            "test_time": 0.13706111907958984,
            "epochs": 33,
            "rauc": 0.9801834969611969,
            "ap": 0.8106288085658684,
            "f1": 0.7634408602150538,
            "avg_normal": 0.058968864381313324,
            "avg_abnormal": 79.05555725097656,
            "imix_rauc": 0.9797510518934082,
            "imix_ap": 0.7582030583278889,
            "imix_f1": 0.7096774193548387,
            "imix_avg_normal": -1.19278085231781,
            "imix_avg_abnormal": -1.0008031129837036,
            "combined_rauc": 0.9824392239364188,
            "combined_ap": 0.7987087715681529,
            "combined_f1": 0.7634408602150538,
            "combined_avg_normal": -1.1338121891021729,
            "combined_avg_abnormal": 78.05476379394531
        },
        {
            "run": 5,
            "train_time": 45.01520037651062,
            "test_time": 0.13662099838256836,
            "epochs": 41,
            "rauc": 0.9888382421692379,
            "ap": 0.7942587756389118,
            "f1": 0.7311827956989247,
            "avg_normal": 0.028958823531866074,
            "avg_abnormal": 57.960601806640625,
            "imix_rauc": 0.9856182795698926,
            "imix_ap": 0.8155045765034103,
            "imix_f1": 0.7526881720430108,
            "imix_avg_normal": -1.179856300354004,
            "imix_avg_abnormal": -0.9318257570266724,
            "combined_rauc": 0.9865649836372136,
            "combined_ap": 0.7983835012369176,
            "combined_f1": 0.7634408602150538,
            "combined_avg_normal": -1.1508973836898804,
            "combined_avg_abnormal": 57.028770446777344
        },
        {
            "run": 6,
            "train_time": 42.220826148986816,
            "test_time": 0.135772705078125,
            "epochs": 40,
            "rauc": 0.9816152407667135,
            "ap": 0.8073458352188647,
            "f1": 0.7526881720430108,
            "avg_normal": 0.07657746225595474,
            "avg_abnormal": 93.8746566772461,