{
    "model_config": {
        "num_features": 21,
        "hidden_dim": 64,
        "depth": 4,
        "num_heads": 4,
        "mlp_ratio": 4.0,
        "dropout_prob": 0.0,
        "use_flash_attn": false
    },
    "train_config": {
        "data_dir": "Data/",
        "epochs": 200,
        "learning_rate": 0.01,
        "sche_gamma": 0.95,
        "batch_size": 512,
        "random_seed": 42,
        "num_workers": 0,
        "preprocess": "standard",
        "patience": 10,
        "min_delta": 0,
        "use_amp": false,
        "model_type": "TAE",
        "dataset_name": "cardio",
        "base_path": "results/TAE-d64-lr0.01/cardio/1.0",
        "exp_name": "TAE-d64-lr0.01",
        "runs": 10,
        "train_ratio": 1.0,
        "run": 9
    },
    "mean_metrics": {
        "rauc": 0.888888888888889,
        "ap": 0.7065288146692159,
        "f1": 0.6380681818181818,
        "avg_normal_score": 0.28590296357870104,
        "avg_abnormal_score": 2.6095710039138793
    },
    "std_metrics": {
        "rauc_std": 0.02694568256899639,
        "ap_std": 0.04278441893708533,
        "f1_std": 0.03936889136663638,
        "avg_normal_score_std": 0.0625810532652028,
        "avg_abnormal_score_std": 0.8644722258682739
    },
    "total_time": 80.0543782711029,
    "all_seeds": [
        {
            "run": 0,
            "train_time": 10.361419200897217,
            "test_time": 0.033120155334472656,
            "epochs": 141,
            "rauc": 0.8546538757136583,
            "ap": 0.674371142144103,
            "f1": 0.625,
            "avg_normal_score": 0.23001177608966827,
            "avg_abnormal_score": 2.5135910511016846
        },
        {
            "run": 1,
            "train_time": 8.427220106124878,
            "test_time": 0.03544926643371582,
            "epochs": 125,
            "rauc": 0.8891702349582784,
            "ap": 0.716254918217285,
            "f1": 0.625,
            "avg_normal_score": 0.26993969082832336,
            "avg_abnormal_score": 2.639143943786621
        },
        {
            "run": 2,
            "train_time": 8.853325843811035,
            "test_time": 0.03328108787536621,
            "epochs": 123,
            "rauc": 0.8962930939833114,
            "ap": 0.6768280256621445,
            "f1": 0.6420454545454546,
            "avg_normal_score": 0.2604653239250183,
            "avg_abnormal_score": 2.2109010219573975
        },
        {
            "run": 3,
            "train_time": 9.131357431411743,
            "test_time": 0.03357267379760742,
            "epochs": 130,
            "rauc": 0.9003074220465525,
            "ap": 0.6916810645296404,
            "f1": 0.6022727272727273,
            "avg_normal_score": 0.19180484116077423,
            "avg_abnormal_score": 2.2641074657440186
        },
        {
            "run": 4,
            "train_time": 7.318756341934204,
            "test_time": 0.03405165672302246,
            "epochs": 101,
            "rauc": 0.8693113197189285,
            "ap": 0.6752672537567164,
            "f1": 0.6022727272727273,
            "avg_normal_score": 0.2664070129394531,
            "avg_abnormal_score": 1.8478500843048096
        },
        {
            "run": 5,
            "train_time": 9.342257976531982,
            "test_time": 0.035547733306884766,
            "epochs": 130,
            "rauc": 0.9159049736495389,
            "ap": 0.7896124935814188,
            "f1": 0.6761363636363636,
            "avg_normal_score": 0.3664449155330658,
            "avg_abnormal_score": 5.022897720336914
        },
        {
            "run": 6,
            "train_time": 7.666684150695801,
            "test_time": 0.034958600997924805,
            "epochs": 107,
            "rauc": 0.9424407114624506,
            "ap": 0.7841987200847645,
            "f1": 0.7386363636363636,
            "avg_normal_score": 0.3649843633174896,
            "avg_abnormal_score": 2.1457226276397705
        },
        {
            "run": 7,
            "train_time": 6.2157087326049805,
            "test_time": 0.03402400016784668,
            "epochs": 86,
            "rauc": 0.901453392621871,
            "ap": 0.7083021259737227,
            "f1": 0.6306818181818182,
            "avg_normal_score": 0.38242265582084656,
            "avg_abnormal_score": 2.237220525741577
        },
        {
            "run": 8,
            "train_time": 7.478835582733154,
            "test_time": 0.013605356216430664,
            "epochs": 114,
            "rauc": 0.8650568181818182,
            "ap": 0.6676214921475173,
            "f1": 0.6079545454545454,
            "avg_normal_score": 0.300841748714447,
            "avg_abnormal_score": 3.0689690113067627
        },
        {
            "run": 9,
            "train_time": 3.1488430500030518,
            "test_time": 0.013696670532226562,
            "epochs": 118,
            "rauc": 0.8542970465524814,
            "ap": 0.6811509105948471,
            "f1": 0.6306818181818182,
            "avg_normal_score": 0.2257073074579239,
            "avg_abnormal_score": 2.1453065872192383
        }
    ]
}