{
    "model_config": {
        "num_features": 9,
        "hidden_dim": 128,
        "depth": 4,
        "depth_enc": null,
        "depth_dec": null,
        "num_heads": 4,
        "mlp_ratio": 4.0,
        "dropout_prob": 0.0,
        "use_flash_attn": false
    },
    "train_config": {
        "data_dir": "Data/",
        "epochs": 200,
        "learning_rate": 0.001,
        "sche_gamma": 0.95,
        "batch_size": 512,
        "random_seed": 42,
        "num_workers": 0,
        "preprocess": "standard",
        "patience": 10,
        "min_delta": 0,
        "use_amp": false,
        "model_type": "TADAM",
        "dataset_name": "shuttle",
        "base_path": "results/TADAM-tuned--knn16/shuttle/1.0",
        "exp_name": "TADAM-tuned--knn16",
        "runs": 10,
        "train_ratio": 1.0,
        "base_pth_path": "results/TADAM-tuned/shuttle/1.0"
    },
    "mean_metrics": {
        "rauc": 0.9983116784107129,
        "ap": 0.9634341361188538,
        "f1": 0.9809171176303048
    },
    "std_metrics": {
        "rauc_std": 0.0009349600778380095,
        "ap_std": 0.01831390460708893,
        "f1_std": 0.004190811441060168
    },
    "total_time": 119.32088541984558,
    "all_seeds": [
        {
            "rauc": 0.996743392475239,
            "ap": 0.9337497480022166,
            "f1": 0.9743662774138422,
            "run": 0,
            "test_time": 35.37990069389343
        },
        {
            "rauc": 0.9985195602696381,
            "ap": 0.9648664723810185,
            "f1": 0.9860438621475364,
            "run": 1,
            "test_time": 27.4495050907135
        },
        {
            "rauc": 0.9988067911189561,
            "ap": 0.972115315592367,
            "f1": 0.9817715750498434,
            "run": 2,
            "test_time": 20.90117049217224
        },
        {
            "rauc": 0.9991769697790185,
            "ap": 0.9830050084998132,
            "f1": 0.9814867559099971,
            "run": 3,
            "test_time": 32.843220472335815
        }
    ]
}