{
    "model_config": {
        "num_heads": 4,
        "num_latents": 5,
        "num_memories": 13,
        "depth": 4,
        "hidden_dim": 16,
        "mlp_ratio": 4.0,
        "dropout_prob": 0.0,
        "temperature": 0.1,
        "sim_type": "cos",
        "use_oe": true,
        "oe_lambda": 0.5,
        "oe_shuffle_ratio": 0.3,
        "oe_lambda_memory": 0.0,
        "is_weight_sharing": false,
        "use_pos_enc_as_query": false,
        "use_mask_token": false,
        "num_features": 30
    },
    "train_config": {
        "data_dir": "Data/",
        "epochs": 250,
        "learning_rate": 0.01,
        "sche_gamma": 0.95,
        "batch_size": 512,
        "random_seed": 42,
        "num_workers": 0,
        "preprocess": "standard",
        "model_type": "OELATTE",
        "dataset_name": "wbc",
        "train_ratio": 1.0,
        "base_path": "results/OELATTE-d16-oe_lam0.5-oe_rat0.3/wbc/1.0",
        "not_use_power_of_two": false,
        "num_memories_not_use_power_of_two": false,
        "num_memories_twice": false,
        "contamination_ratio": null,
        "latent_ratio": null,
        "memory_ratio": null,
        "run": 9
    },
    "mean_metrics": {
        "AUC-ROC": 0.9487363660548018,
        "AUC-PR": 0.7663786861233801,
        "f1": 0.657142857142857
    },
    "total_time": 133.20033478736877,
    "all_seeds": [
        {
            "run": 0,
            "AUC-ROC": 0.9539771215748869,
            "AUC-PR": 0.7969140592652357,
            "f1": 0.7142857142857143,
            "train_time": 14.667524576187134,
            "test_time": 0.018891096115112305,
            "epochs": 250
        },
        {
            "run": 1,
            "AUC-ROC": 0.9422718808193669,
            "AUC-PR": 0.734392677039736,
            "f1": 0.6190476190476191,
            "train_time": 14.008546829223633,
            "test_time": 0.018467426300048828,
            "epochs": 250
        },
        {
            "run": 2,
            "AUC-ROC": 0.957169459962756,
            "AUC-PR": 0.8057603042747359,
            "f1": 0.6666666666666666,
            "train_time": 13.894032001495361,
            "test_time": 0.018460512161254883,
            "epochs": 250
        },
        {
            "run": 3,
            "AUC-ROC": 0.9295025272678904,
            "AUC-PR": 0.6751870267057734,
            "f1": 0.6190476190476191,
            "train_time": 13.797934532165527,
            "test_time": 0.018164873123168945,
            "epochs": 250
        },
        {
            "run": 4,
            "AUC-ROC": 0.9577015163607342,
            "AUC-PR": 0.8060064440429857,
            "f1": 0.6666666666666666,
            "train_time": 13.929800271987915,
            "test_time": 0.019216299057006836,
            "epochs": 250
        },
        {
            "run": 5,
            "AUC-ROC": 0.9507847831870178,
            "AUC-PR": 0.7563230502494485,
            "f1": 0.6190476190476191,
            "train_time": 14.013660669326782,
            "test_time": 0.018434524536132812,
            "epochs": 250
        },
        {
            "run": 6,
            "AUC-ROC": 0.9542431497738761,
            "AUC-PR": 0.7831301884400463,
            "f1": 0.6666666666666666,
            "train_time": 14.224032163619995,
            "test_time": 0.01854991912841797,
            "epochs": 250
        },
        {
            "run": 7,
            "AUC-ROC": 0.9545091779728652,
            "AUC-PR": 0.8026994588596652,
            "f1": 0.6666666666666666,
            "train_time": 13.924750089645386,
            "test_time": 0.018413305282592773,
            "epochs": 250
        },
        {
            "run": 8,
            "AUC-ROC": 0.9287044426709232,
            "AUC-PR": 0.7211926260183554,
            "f1": 0.6190476190476191,
            "train_time": 13.680674076080322,
            "test_time": 0.00816965103149414,
            "epochs": 250
        },
        {
            "run": 9,
            "AUC-ROC": 0.9584996009577015,
            "AUC-PR": 0.7821810263378193,
            "f1": 0.7142857142857143,
            "train_time": 5.207026243209839,
            "test_time": 0.0076236724853515625,
            "epochs": 250
        }
    ]
}