{
    "model_config": {
        "num_features": 274,
        "hidden_dim": 32,
        "depth": 4,
        "num_heads": 4,
        "mlp_ratio": 4.0,
        "dropout_prob": 0.0,
        "use_flash_attn": false,
        "mixup_alpha": 0.2,
        "mixup_prob": 0.3
    },
    "train_config": {
        "data_dir": "Data/",
        "epochs": 200,
        "learning_rate": 0.01,
        "sche_gamma": 0.95,
        "batch_size": 512,
        "random_seed": 42,
        "num_workers": 0,
        "preprocess": "standard",
        "patience": 10,
        "min_delta": 0,
        "use_amp": false,
        "model_type": "TMLMMixup",
        "dataset_name": "arrhythmia",
        "base_path": "results/TMLMMixup-alpha0.2-prob0.3/arrhythmia/1.0",
        "exp_name": "TMLMMixup-alpha0.2-prob0.3",
        "runs": 10,
        "train_ratio": 1.0
    },
    "mean_metrics": {
        "ap": 0.612642656450993,
        "rauc": 0.7999685978960591,
        "avg_normal_score": 1.122992753982544,
        "f1": 0.5666666666666667,
        "avg_abnormal_score": 5.644231605529785
    },
    "std_metrics": {
        "ap_std": 0.025817871180666457,
        "rauc_std": 0.012183247438886064,
        "avg_normal_score_std": 0.2178774514117453,
        "f1_std": 0.028101874228774883,
        "avg_abnormal_score_std": 1.8278075797073905
    },
    "total_time": 125.68096995353699,
    "all_seeds": [
        {
            "run": 0,
            "train_time": 12.789230823516846,
            "test_time": 0.022150278091430664,
            "epochs": 200,
            "rauc": 0.8090752080389385,
            "ap": 0.611086547338957,
            "f1": 0.5909090909090909,
            "avg_normal_score": 0.9847433567047119,
            "avg_abnormal_score": 5.056290626525879
        },
        {
            "run": 1,
            "train_time": 12.156356573104858,
            "test_time": 0.02920699119567871,
            "epochs": 199,
            "rauc": 0.7961218401632909,
            "ap": 0.5926371692207898,
            "f1": 0.5606060606060606,
            "avg_normal_score": 1.1528429985046387,
            "avg_abnormal_score": 4.7760844230651855
        },
        {
            "run": 2,
            "train_time": 12.331532001495361,
            "test_time": 0.02680659294128418,
            "epochs": 200,
            "rauc": 0.776024493641074,
            "ap": 0.5989994944802188,
            "f1": 0.5151515151515151,
            "avg_normal_score": 1.3522247076034546,
            "avg_abnormal_score": 7.455872058868408
        },
        {
            "run": 3,
            "train_time": 12.412761688232422,
            "test_time": 0.03849935531616211,
            "epochs": 200,
            "rauc": 0.8176322813628513,
            "ap": 0.6829745987448199,
            "f1": 0.5909090909090909,
            "avg_normal_score": 0.6927698850631714,
            "avg_abnormal_score": 4.352910041809082
        },
        {
            "run": 4,
            "train_time": 12.266904592514038,
            "test_time": 0.02445507049560547,
            "epochs": 200,
            "rauc": 0.8046004082273512,
            "ap": 0.6058239152772287,
            "f1": 0.5606060606060606,
            "avg_normal_score": 1.3343148231506348,
            "avg_abnormal_score": 4.427916526794434
        },
        {
            "run": 5,
            "train_time": 12.522544384002686,
            "test_time": 0.028490543365478516,
            "epochs": 200,
            "rauc": 0.7870937352802637,
            "ap": 0.587699222090769,
            "f1": 0.5757575757575758,
            "avg_normal_score": 1.186623215675354,
            "avg_abnormal_score": 5.331355094909668
        },
        {
            "run": 6,
            "train_time": 12.112287521362305,
            "test_time": 0.027935028076171875,
            "epochs": 200,
            "rauc": 0.8107238184958393,
            "ap": 0.624702048071078,
            "f1": 0.5909090909090909,
            "avg_normal_score": 0.9671046733856201,
            "avg_abnormal_score": 5.097643852233887
        },
        {
            "run": 7,
            "train_time": 12.079081296920776,
            "test_time": 0.02738809585571289,
            "epochs": 200,
            "rauc": 0.7958078191238814,
            "ap": 0.6168885731351813,
            "f1": 0.5454545454545454,
            "avg_normal_score": 0.9242346286773682,
            "avg_abnormal_score": 4.489891052246094
        },
        {
            "run": 8,
            "train_time": 12.479821920394897,
            "test_time": 0.03623223304748535,
            "epochs": 200,
            "rauc": 0.8107238184958393,
            "ap": 0.5955729217717475,
            "f1": 0.6060606060606061,
            "avg_normal_score": 1.197413682937622,
            "avg_abnormal_score": 4.945629119873047
        },
        {
            "run": 9,
            "train_time": 12.412166357040405,
            "test_time": 0.03571033477783203,
            "epochs": 200,
            "rauc": 0.7918825561312609,
            "ap": 0.610042074379141,
            "f1": 0.5303030303030303,
            "avg_normal_score": 1.4376555681228638,
            "avg_abnormal_score": 10.508723258972168
        }
    ]
}