{
    "model_config": {
        "num_features": 500,
        "hidden_dim": 128,
        "depth": 4,
        "depth_enc": null,
        "depth_dec": null,
        "num_heads": 4,
        "mlp_ratio": 4.0,
        "dropout_prob": 0.0,
        "temperature": 0.2,
        "contra_loss_weight": 0.01,
        "dacl_alpha": 0.9,
        "dacl_beta": null,
        "use_flash_attn": true,
        "use_swap": false
    },
    "train_config": {
        "data_dir": "Data/",
        "epochs": 50,
        "learning_rate": 0.001,
        "sche_gamma": 0.95,
        "batch_size": 128,
        "random_seed": 42,
        "num_workers": 0,
        "preprocess": "standard",
        "patience": 20,
        "min_delta": 0,
        "use_amp": true,
        "model_type": "TAEDACLv4",
        "dataset_name": "census",
        "base_path": "results/TAEDACLv4-260126-cw0.1-ap0.95-bt0.8-ret-comb_k_mean1/census/1.0",
        "exp_name": "TAEDACLv4-260126-cw0.1-ap0.95-bt0.8-ret-comb_k_mean1",
        "runs": 5,
        "train_ratio": 1.0,
        "base_pth_path": "results/TAEDACLv4-260126-cw0.1-ap0.95-bt0.8/census/1.0"
    },
    "mean_metrics": {
        "rauc": 0.7259423865978598,
        "ap": 0.22722498812081188,
        "f1": 0.23273912106850494
    },
    "std_metrics": {
        "rauc_std": 0.0014945039810872185,
        "ap_std": 0.002682356376519561,
        "f1_std": 0.002806853476833989
    },
    "total_time": 860.7481875419617,
    "all_seeds": [
        {
            "rauc": 0.7256711980108348,
            "ap": 0.2246939863851809,
            "f1": 0.2295346833261525,
            "run": 0,
            "test_time": 217.13222932815552
        },
        {
            "rauc": 0.7240797606997424,
            "ap": 0.2259674298471074,
            "f1": 0.23594355881085738,
            "run": 1,
            "test_time": 211.8851819038391
        },
        {
            "rauc": 0.7282572257262666,
            "ap": 0.2317284947209407,
            "f1": 0.2350818612666954,
            "run": 2,
            "test_time": 204.47521996498108
        },
        {
            "rauc": 0.7257613619545957,
            "ap": 0.22651004153001847,
            "f1": 0.23039638087031453,
            "run": 3,
            "test_time": 205.61597204208374
        }
    ]
}