{
    "model_config": {
        "hidden_dim": 128,
        "depth": 4,
        "num_heads": 4,
        "mlp_ratio": 4.0,
        "dropout_prob": 0.0,
        "num_prototypes": 5,
        "temperature": 0.1,
        "sinkhorn_iters": 3,
        "sinkhorn_eps": 0.1,
        "contrastive_loss_weight": 1.0,
        "use_flash_attn": false,
        "num_features": 6
    },
    "train_config": {
        "data_dir": "Data/",
        "epochs": 250,
        "learning_rate": 0.01,
        "sche_gamma": 0.95,
        "batch_size": 512,
        "random_seed": 42,
        "num_workers": 0,
        "preprocess": "standard",
        "patience": 20,
        "use_amp": false,
        "model_type": "ProtoAD",
        "dataset_name": "mammography",
        "base_path": "results/ProtoAD-d128-proto5-eps0.1-contra1.0-temp0.1/mammography/1.0",
        "exp_name": "ProtoAD-d128-proto5-eps0.1-contra1.0-temp0.1",
        "runs": 10,
        "train_ratio": 1.0,
        "run": 9
    },
    "mean_metrics": {
        "rauc": 0.8598238177055461,
        "ap": 0.35284909044672436,
        "f1": 0.3830769230769231,
        "entropy_rauc": 0.27411704644677914,
        "entropy_ap": 0.031206974618447007,
        "entropy_f1": 0.01849872670681919,
        "avg_normal_entropy": 0.935145890712738,
        "avg_abnormal_entropy": 0.7875152707099915,
        "avg_normal_recon": 0.7089852213859558,
        "avg_abnormal_recon": 7.109528064727783
    },
    "std_metrics": {
        "rauc_std": 0.01813135166339419,
        "ap_std": 0.043420871622869645,
        "f1_std": 0.05268528869590081,
        "entropy_rauc_std": 0.0922328592066207,
        "entropy_ap_std": 0.005385964555518786,
        "entropy_f1_std": 0.015208131491730635,
        "avg_normal_entropy_std": 0.17901614549471656,
        "avg_abnormal_entropy_std": 0.24661069150674,
        "avg_normal_recon_std": 0.1157046025244099,
        "avg_abnormal_recon_std": 0.7790540060036443
    },
    "total_time": 126.07100892066956,
    "all_seeds": [
        {
            "run": 0,
            "train_time": 10.431694269180298,
            "test_time": 0.127532958984375,
            "epochs": 23,
            "rauc": 0.8634115426865335,
            "ap": 0.33863484640489716,
            "f1": 0.36153846153846153,
            "entropy_rauc": 0.285118511111737,
            "entropy_ap": 0.029623007202558626,
            "entropy_f1": 0.011538461538461539,
            "avg_normal_entropy": 0.961847186088562,
            "avg_abnormal_entropy": 0.7783811092376709,
            "avg_normal_recon": 0.7867573499679565,
            "avg_abnormal_recon": 7.192499160766602
        },
        {
            "run": 1,
            "train_time": 16.40117835998535,
            "test_time": 0.10544013977050781,
            "epochs": 39,
            "rauc": 0.8428259583697153,
            "ap": 0.35308181739538796,
            "f1": 0.35384615384615387,
            "entropy_rauc": 0.14284074585246317,
            "entropy_ap": 0.025023287701850836,
            "entropy_f1": 0.015384615384615385,
            "avg_normal_entropy": 0.9406906962394714,
            "avg_abnormal_entropy": 0.7463021874427795,
            "avg_normal_recon": 0.6794838309288025,
            "avg_abnormal_recon": 7.194067478179932
        },
        {
            "run": 2,
            "train_time": 10.556773662567139,
            "test_time": 0.12704896926879883,
            "epochs": 25,
            "rauc": 0.8602477255443203,
            "ap": 0.30411229284105296,
            "f1": 0.3230769230769231,
            "entropy_rauc": 0.3253742641466918,
            "entropy_ap": 0.04081445210957556,
            "entropy_f1": 0.05,
            "avg_normal_entropy": 0.6826093196868896,
            "avg_abnormal_entropy": 0.44486546516418457,
            "avg_normal_recon": 0.6269001960754395,
            "avg_abnormal_recon": 6.031208038330078
        },
        {
            "run": 3,
            "train_time": 10.57811951637268,
            "test_time": 0.13182759284973145,
            "epochs": 25,
            "rauc": 0.8226466777455426,
            "ap": 0.28853807893056443,
            "f1": 0.3038461538461538,
            "entropy_rauc": 0.17630200264766355,
            "entropy_ap": 0.026039779605256313,
            "entropy_f1": 0.0038461538461538464,
            "avg_normal_entropy": 0.8750289678573608,
            "avg_abnormal_entropy": 0.709137499332428,
            "avg_normal_recon": 0.5264923572540283,
            "avg_abnormal_recon": 5.5417633056640625
        },
        {
            "run": 4,
            "train_time": 8.916451930999756,
            "test_time": 0.13286423683166504,
            "epochs": 21,
            "rauc": 0.8425435878658143,
            "ap": 0.29561372730556595,
            "f1": 0.34615384615384615,
            "entropy_rauc": 0.19632495845421513,
            "entropy_ap": 0.02681052299222877,
            "entropy_f1": 0.007692307692307693,
            "avg_normal_entropy": 1.309964895248413,
            "avg_abnormal_entropy": 1.2758249044418335,
            "avg_normal_recon": 0.932872474193573,
            "avg_abnormal_recon": 6.682100772857666
        },
        {
            "run": 5,
            "train_time": 9.663522958755493,
            "test_time": 0.13085293769836426,
            "epochs": 23,
            "rauc": 0.8798876151311157,
            "ap": 0.38273313769348616,
            "f1": 0.4,
            "entropy_rauc": 0.31086527899050787,
            "entropy_ap": 0.03151363990756296,
            "entropy_f1": 0.011560693641618497,
            "avg_normal_entropy": 0.8946585655212402,
            "avg_abnormal_entropy": 0.7413796782493591,
            "avg_normal_recon": 0.62472003698349,
            "avg_abnormal_recon": 7.083559036254883
        },
        {
            "run": 6,
            "train_time": 26.731096744537354,
            "test_time": 0.13136982917785645,
            "epochs": 63,
            "rauc": 0.8756245951046389,
            "ap": 0.38695796205449445,
            "f1": 0.4230769230769231,
            "entropy_rauc": 0.17507147283328167,
            "entropy_ap": 0.025867613913854094,
            "entropy_f1": 0.0,
            "avg_normal_entropy": 0.821383535861969,
            "avg_abnormal_entropy": 0.710565984249115,
            "avg_normal_recon": 0.8002691864967346,
            "avg_abnormal_recon": 7.966370582580566
        },
        {
            "run": 7,
            "train_time": 10.725343704223633,
            "test_time": 0.12746548652648926,
            "epochs": 25,
            "rauc": 0.8849111342703433,
            "ap": 0.42928342528497454,
            "f1": 0.4076923076923077,
            "entropy_rauc": 0.4073296622820607,
            "entropy_ap": 0.038740969162049554,
            "entropy_f1": 0.03496503496503497,
            "avg_normal_entropy": 0.8316381573677063,
            "avg_abnormal_entropy": 0.7019799947738647,
            "avg_normal_recon": 0.5864349603652954,
            "avg_abnormal_recon": 8.01529598236084
        },
        {
            "run": 8,
            "train_time": 9.019411325454712,
            "test_time": 0.1282045841217041,
            "epochs": 21,
            "rauc": 0.8620525026054138,
            "ap": 0.37318441551948883,
            "f1": 0.4230769230769231,
            "entropy_rauc": 0.4132893699124017,
            "entropy_ap": 0.036268300049472416,
            "entropy_f1": 0.03461538461538462,
            "avg_normal_entropy": 1.2081433534622192,
            "avg_abnormal_entropy": 1.2078964710235596,
            "avg_normal_recon": 0.7789439558982849,
            "avg_abnormal_recon": 7.613911151885986
        },
        {
            "run": 9,
            "train_time": 9.781139135360718,
            "test_time": 0.12859702110290527,
            "epochs": 23,
            "rauc": 0.8640868377320226,
            "ap": 0.3763512010373312,
            "f1": 0.48846153846153845,
            "entropy_rauc": 0.30865419823676876,