{
    "model_config": {
        "num_features": 33,
        "hidden_dim": 64,
        "depth": 4,
        "depth_enc": null,
        "depth_dec": null,
        "num_heads": 4,
        "mlp_ratio": 4.0,
        "dropout_prob": 0.0,
        "temperature": 0.1,
        "byol_loss_weight": 0.1,
        "dacl_alpha": 0.9,
        "projector_dim": null,
        "byol_momentum": 0.99,
        "use_flash_attn": false
    },
    "train_config": {
        "data_dir": "Data/",
        "epochs": 200,
        "learning_rate": 0.01,
        "sche_gamma": 0.95,
        "batch_size": 512,
        "random_seed": 42,
        "num_workers": 0,
        "preprocess": "standard",
        "patience": 10,
        "min_delta": 0,
        "use_amp": false,
        "model_type": "TAEDACL",
        "dataset_name": "ionosphere",
        "base_path": "results/TAEDACL-260125-bw0.1-ap0.9-ep200-ep100_combined/ionosphere/1.0",
        "exp_name": "TAEDACL-260125-bw0.1-ap0.9-ep200-ep100_combined",
        "runs": 10,
        "train_ratio": 1.0
    },
    "start_time_kst": "2026-01-25T16:02:06+09:00",
    "mean_metrics": {
        "rauc": 0.9752563562298076,
        "ap": 0.9807832302374374,
        "f1": 0.9214285714285715,
        "avg_normal": -1.12762553691864,
        "avg_abnormal": 1.6666352510452271
    },
    "std_metrics": {
        "rauc_std": 0.004583047410357662,
        "ap_std": 0.0036665669335229343,
        "f1_std": 0.01718762526008548,
        "avg_normal_std": 0.048237094346964486,
        "avg_abnormal_std": 0.3059672450308771
    },
    "total_time": 214.6682949066162,
    "all_seeds": [
        {
            "rauc": 0.9759797724399494,
            "ap": 0.9822746943505595,
            "f1": 0.9365079365079365,
            "avg_normal": -1.1589953899383545,
            "avg_abnormal": 1.7452324628829956,
            "run": 0,
            "epochs": 200,
            "train_time": 22.993897438049316,
            "test_time": 0.02484869956970215
        },
        {
            "rauc": 0.9759797724399494,
            "ap": 0.9826594106782018,
            "f1": 0.9444444444444444,
            "avg_normal": -1.1696913242340088,
            "avg_abnormal": 1.5881397724151611,
            "run": 1,
            "epochs": 197,
            "train_time": 22.09581422805786,
            "test_time": 0.045578956604003906
        },
        {
            "rauc": 0.9745750807697712,
            "ap": 0.9795438001916243,
            "f1": 0.9126984126984127,
            "avg_normal": -1.0033353567123413,
            "avg_abnormal": 1.9792571067810059,
            "run": 2,
            "epochs": 200,
            "train_time": 22.16961932182312,
            "test_time": 0.03009033203125
        },
        {
            "rauc": 0.9748560191038066,
            "ap": 0.9793527147206041,
            "f1": 0.9126984126984127,
            "avg_normal": -1.1508413553237915,
            "avg_abnormal": 1.2639100551605225,
            "run": 3,
            "epochs": 183,
            "train_time": 19.404288291931152,
            "test_time": 0.04298281669616699
        },
        {
            "rauc": 0.985110268296109,
            "ap": 0.989102370041004,
            "f1": 0.9523809523809523,
            "avg_normal": -1.0925554037094116,
            "avg_abnormal": 2.006906509399414,
            "run": 4,
            "epochs": 200,
            "train_time": 21.270718812942505,
            "test_time": 0.027915477752685547
        },
        {
            "rauc": 0.9782272791122348,
            "ap": 0.9823675160038711,
            "f1": 0.9285714285714286,
            "avg_normal": -1.118916392326355,
            "avg_abnormal": 2.219672441482544,
            "run": 5,
            "epochs": 187,
            "train_time": 19.964258193969727,
            "test_time": 0.03983569145202637
        },
        {
            "rauc": 0.9762607107739851,
            "ap": 0.9806373936695757,
            "f1": 0.9047619047619048,
            "avg_normal": -1.1146129369735718,
            "avg_abnormal": 1.680967092514038,
            "run": 6,
            "epochs": 200,
            "train_time": 21.276633262634277,
            "test_time": 0.030830860137939453
        },
        {
            "rauc": 0.9693074870066021,
            "ap": 0.9774033640071625,
            "f1": 0.9126984126984127,
            "avg_normal": -1.1754961013793945,
            "avg_abnormal": 1.4717743396759033,
            "run": 7,
            "epochs": 200,
            "train_time": 21.58124589920044,
            "test_time": 0.03373527526855469
        },
        {
            "rauc": 0.9671302149178256,
            "ap": 0.974337217274976,
            "f1": 0.8968253968253969,
            "avg_normal": -1.1527081727981567,
            "avg_abnormal": 1.2839597463607788,
            "run": 8,
            "epochs": 188,
            "train_time": 19.746079921722412,
            "test_time": 0.04540085792541504
        },
        {
            "rauc": 0.9751369574378425,
            "ap": 0.9801538214367947,
            "f1": 0.9126984126984127,
            "avg_normal": -1.1391029357910156,
            "avg_abnormal": 1.4265329837799072,
            "run": 9,
            "epochs": 200,
            "train_time": 21.620940685272217,
            "test_time": 0.030595779418945312
        }
    ]
}