{
    "model_config": {
        "num_features": 9,
        "hidden_dim": 32,
        "depth": 4,
        "num_heads": 4,
        "mlp_ratio": 4.0,
        "dropout_prob": 0.0,
        "use_flash_attn": false,
        "mask_ratio": 0.2,
        "num_eval_repeat": 50
    },
    "train_config": {
        "data_dir": "Data/",
        "epochs": 200,
        "learning_rate": 0.01,
        "sche_gamma": 0.95,
        "batch_size": 512,
        "random_seed": 42,
        "num_workers": 0,
        "preprocess": "standard",
        "patience": 10,
        "min_delta": 0,
        "use_amp": false,
        "model_type": "TMLM",
        "dataset_name": "glass",
        "base_path": "results/TMLM-d32-lr0.01-mask0.2-r50/glass/1.0",
        "exp_name": "TMLM-d32-lr0.01-mask0.2-r50",
        "runs": 10,
        "train_ratio": 1.0
    },
    "mean_metrics": {
        "rauc": 0.826537216828479,
        "ap": 0.2765038960169438,
        "f1": 0.19999999999999998,
        "avg_abnormal_score": 1.2091310143470764,
        "avg_normal_score": 0.5508941501379013
    },
    "std_metrics": {
        "rauc_std": 0.04737610594429914,
        "ap_std": 0.058534911667419566,
        "f1_std": 0.08314794192830981,
        "avg_abnormal_score_std": 0.3226364799045878,
        "avg_normal_score_std": 0.31394741143389376
    },
    "total_time": 87.20048141479492,
    "all_seeds": [
        {
            "run": 0,
            "train_time": 9.14482569694519,
            "test_time": 0.01898670196533203,
            "epochs": 200,
            "rauc": 0.7357065803667746,
            "ap": 0.19258396115981255,
            "f1": 0.1111111111111111,
            "avg_normal_score": 0.33329591155052185,
            "avg_abnormal_score": 0.7429455518722534
        },
        {
            "run": 1,
            "train_time": 8.444815397262573,
            "test_time": 0.017788171768188477,
            "epochs": 200,
            "rauc": 0.8166127292340885,
            "ap": 0.3012217475581769,
            "f1": 0.2222222222222222,
            "avg_normal_score": 0.1971488893032074,
            "avg_abnormal_score": 0.7638454437255859
        },
        {
            "run": 2,
            "train_time": 8.400074005126953,
            "test_time": 0.01911473274230957,
            "epochs": 200,
            "rauc": 0.7842502696871629,
            "ap": 0.2902477613588725,
            "f1": 0.2222222222222222,
            "avg_normal_score": 0.2883284389972687,
            "avg_abnormal_score": 1.0338060855865479
        },
        {
            "run": 3,
            "train_time": 8.441574573516846,
            "test_time": 0.019147872924804688,
            "epochs": 200,
            "rauc": 0.8478964401294498,
            "ap": 0.22627657442048493,
            "f1": 0.1111111111111111,
            "avg_normal_score": 1.24686598777771,
            "avg_abnormal_score": 1.2869421243667603
        },
        {
            "run": 4,
            "train_time": 8.45635986328125,
            "test_time": 0.01791524887084961,
            "epochs": 200,
            "rauc": 0.7885652642934196,
            "ap": 0.22547964669267953,
            "f1": 0.1111111111111111,
            "avg_normal_score": 0.5048943758010864,
            "avg_abnormal_score": 1.243111252784729
        },
        {
            "run": 5,
            "train_time": 8.476964473724365,
            "test_time": 0.018869638442993164,
            "epochs": 200,
            "rauc": 0.9137001078748652,
            "ap": 0.3878600566100566,
            "f1": 0.3333333333333333,
            "avg_normal_score": 0.43395769596099854,
            "avg_abnormal_score": 1.830217957496643
        },
        {
            "run": 6,
            "train_time": 8.464325666427612,
            "test_time": 0.01899886131286621,
            "epochs": 200,
            "rauc": 0.8338727076591155,
            "ap": 0.2402421455231533,
            "f1": 0.2222222222222222,
            "avg_normal_score": 0.8680047988891602,
            "avg_abnormal_score": 1.5637664794921875
        },
        {
            "run": 7,
            "train_time": 8.509185075759888,
            "test_time": 0.018911123275756836,
            "epochs": 200,
            "rauc": 0.8748651564185544,
            "ap": 0.29205856877958325,
            "f1": 0.1111111111111111,
            "avg_normal_score": 0.5411772131919861,
            "avg_abnormal_score": 1.4335591793060303
        },
        {
            "run": 8,
            "train_time": 8.470914125442505,
            "test_time": 0.018351078033447266,
            "epochs": 200,
            "rauc": 0.8468176914778855,
            "ap": 0.2508396439813084,
            "f1": 0.2222222222222222,
            "avg_normal_score": 0.8153676986694336,
            "avg_abnormal_score": 1.0876657962799072
        },
        {
            "run": 9,
            "train_time": 8.54633378982544,
            "test_time": 0.018704891204833984,
            "epochs": 200,
            "rauc": 0.8230852211434735,
            "ap": 0.3582288540853099,
            "f1": 0.3333333333333333,
            "avg_normal_score": 0.2799004912376404,
            "avg_abnormal_score": 1.1054502725601196
        }
    ]
}