{
    "model_config": {
        "num_heads": 4,
        "num_latents": 6,
        "num_memories": 46,
        "depth": 4,
        "hidden_dim": 16,
        "mlp_ratio": 4.0,
        "dropout_prob": 0.0,
        "temperature": 0.1,
        "sim_type": "cos",
        "use_oe": true,
        "oe_lambda": 1.0,
        "oe_shuffle_ratio": 0.1,
        "oe_lambda_memory": 0.01,
        "is_weight_sharing": false,
        "use_pos_enc_as_query": false,
        "use_mask_token": false,
        "num_features": 36
    },
    "train_config": {
        "data_dir": "Data/",
        "epochs": 250,
        "learning_rate": 0.01,
        "sche_gamma": 0.95,
        "batch_size": 512,
        "random_seed": 42,
        "num_workers": 0,
        "preprocess": "standard",
        "model_type": "OELATTE",
        "dataset_name": "satellite",
        "train_ratio": 1.0,
        "base_path": "results/OELATTE-d16-oe_lam1.0-oe_rat0.1-oe_lam_mem0.01/satellite/1.0",
        "not_use_power_of_two": false,
        "num_memories_not_use_power_of_two": false,
        "num_memories_twice": false,
        "contamination_ratio": null,
        "latent_ratio": null,
        "memory_ratio": null,
        "run": 9
    },
    "mean_metrics": {
        "AUC-ROC": 0.8105047106626182,
        "AUC-PR": 0.8403434134020081,
        "f1": 0.7351178781925344
    },
    "total_time": 193.82399725914001,
    "all_seeds": [
        {
            "run": 0,
            "AUC-ROC": 0.8127252634398999,
            "AUC-PR": 0.8425786094860088,
            "f1": 0.7362475442043221,
            "train_time": 30.1776020526886,
            "test_time": 0.09069609642028809,
            "epochs": 107
        },
        {
            "run": 1,
            "AUC-ROC": 0.8087299071262726,
            "AUC-PR": 0.8410599286528355,
            "f1": 0.7298624754420432,
            "train_time": 20.493634700775146,
            "test_time": 0.10044384002685547,
            "epochs": 77
        },
        {
            "run": 2,
            "AUC-ROC": 0.8254056527951421,
            "AUC-PR": 0.8532796574091095,
            "f1": 0.7558939096267191,
            "train_time": 22.510263204574585,
            "test_time": 0.08763670921325684,
            "epochs": 82
        },
        {
            "run": 3,
            "AUC-ROC": 0.8105533354170388,
            "AUC-PR": 0.84161791128991,
            "f1": 0.7396856581532416,
            "train_time": 13.411991834640503,
            "test_time": 0.08827757835388184,
            "epochs": 47
        },
        {
            "run": 4,
            "AUC-ROC": 0.8036004197178068,
            "AUC-PR": 0.8318373101041399,
            "f1": 0.7283889980353635,
            "train_time": 13.085942506790161,
            "test_time": 0.0728447437286377,
            "epochs": 48
        },
        {
            "run": 5,
            "AUC-ROC": 0.8062118235399179,
            "AUC-PR": 0.8374904351821881,
            "f1": 0.7352652259332023,
            "train_time": 12.599954605102539,
            "test_time": 0.08371257781982422,
            "epochs": 45
        },
        {
            "run": 6,
            "AUC-ROC": 0.8149685211644937,
            "AUC-PR": 0.8432614322106629,
            "f1": 0.7387033398821218,
            "train_time": 21.352079391479492,
            "test_time": 0.09357404708862305,
            "epochs": 76
        },
        {
            "run": 7,
            "AUC-ROC": 0.8031994552598679,
            "AUC-PR": 0.8344169369924981,
            "f1": 0.7303536345776032,
            "train_time": 11.641217231750488,
            "test_time": 0.08392500877380371,
            "epochs": 41
        },
        {
            "run": 8,
            "AUC-ROC": 0.8147689319521343,
            "AUC-PR": 0.8411150913844326,
            "f1": 0.7234774066797642,
            "train_time": 21.476197957992554,
            "test_time": 0.08043789863586426,
            "epochs": 76
        },
        {
            "run": 9,
            "AUC-ROC": 0.8048837962136095,
            "AUC-PR": 0.8367768213082959,
            "f1": 0.7333005893909627,
            "train_time": 24.39181137084961,
            "test_time": 0.07875347137451172,
            "epochs": 90
        }
    ]
}