{
    "model_config": {
        "hidden_dim": 128,
        "depth": 4,
        "num_heads": 4,
        "mlp_ratio": 4.0,
        "dropout_prob": 0.0,
        "num_prototypes": 32,
        "temperature": 0.1,
        "sinkhorn_iters": 3,
        "sinkhorn_eps": 0.05,
        "contrastive_loss_weight": 1.0,
        "use_flash_attn": false,
        "num_features": 6
    },
    "train_config": {
        "data_dir": "Data/",
        "epochs": 250,
        "learning_rate": 0.01,
        "sche_gamma": 0.95,
        "batch_size": 256,
        "random_seed": 42,
        "num_workers": 0,
        "preprocess": "standard",
        "patience": 20,
        "use_amp": false,
        "model_type": "ProtoAD",
        "dataset_name": "thyroid",
        "base_path": "results/ProtoAD-d128-proto32-eps0.05-contra1.0-temp0.1/thyroid/1.0",
        "exp_name": "ProtoAD-d128-proto32-eps0.05-contra1.0-temp0.1",
        "runs": 10,
        "train_ratio": 1.0,
        "run": 9
    },
    "mean_metrics": {
        "rauc": 0.9751349929873772,
        "ap": 0.7478635723615955,
        "f1": 0.6741935483870969,
        "entropy_rauc": 0.4605779569892473,
        "entropy_ap": 0.04732052468922506,
        "entropy_f1": 0.02903225806451613,
        "avg_normal_entropy": 0.3633776754140854,
        "avg_abnormal_entropy": 0.3264769345521927,
        "avg_normal_recon": 0.4065919786691666,
        "avg_abnormal_recon": 98.67039680480957
    },
    "std_metrics": {
        "rauc_std": 0.00911741284516919,
        "ap_std": 0.05323727334431852,
        "f1_std": 0.05268817204301075,
        "entropy_rauc_std": 0.1352598616357086,
        "entropy_ap_std": 0.015039178074578047,
        "entropy_f1_std": 0.03298464871006014,
        "avg_normal_entropy_std": 0.04868117852165036,
        "avg_abnormal_entropy_std": 0.10676762286592285,
        "avg_normal_recon_std": 0.06523775920013694,
        "avg_abnormal_recon_std": 31.303869628661012
    },
    "total_time": 432.9824929237366,
    "all_seeds": [
        {
            "run": 0,
            "train_time": 35.47037386894226,
            "test_time": 0.07717537879943848,
            "epochs": 104,
            "rauc": 0.9777466105656849,
            "ap": 0.767642456672378,
            "f1": 0.6881720430107527,
            "entropy_rauc": 0.6127045348293595,
            "entropy_ap": 0.06405919556977407,
            "entropy_f1": 0.07526881720430108,
            "avg_normal_entropy": 0.3617136776447296,
            "avg_abnormal_entropy": 0.4344779849052429,
            "avg_normal_recon": 0.38919302821159363,
            "avg_abnormal_recon": 81.34004211425781
        },
        {
            "run": 1,
            "train_time": 44.70534157752991,
            "test_time": 0.07457113265991211,
            "epochs": 135,
            "rauc": 0.9691736792893876,
            "ap": 0.6508470831396264,
            "f1": 0.6021505376344086,
            "entropy_rauc": 0.42853553062178595,
            "entropy_ap": 0.038578942039888944,
            "entropy_f1": 0.010752688172043012,
            "avg_normal_entropy": 0.3880714178085327,
            "avg_abnormal_entropy": 0.2904244363307953,
            "avg_normal_recon": 0.3648727536201477,
            "avg_abnormal_recon": 45.36628341674805
        },
        {
            "run": 2,
            "train_time": 49.35619068145752,
            "test_time": 0.08304381370544434,
            "epochs": 149,
            "rauc": 0.9702255726975222,
            "ap": 0.7204068721190068,
            "f1": 0.6129032258064516,
            "entropy_rauc": 0.37803295932678826,
            "entropy_ap": 0.03537607869512422,
            "entropy_f1": 0.0,
            "avg_normal_entropy": 0.46087855100631714,
            "avg_abnormal_entropy": 0.3366478681564331,
            "avg_normal_recon": 0.3235337734222412,
            "avg_abnormal_recon": 49.72149658203125
        },
        {
            "run": 3,
            "train_time": 43.71528625488281,
            "test_time": 0.07627463340759277,
            "epochs": 132,
            "rauc": 0.973013090229079,
            "ap": 0.756698217513248,
            "f1": 0.6559139784946236,
            "entropy_rauc": 0.38777466105656855,
            "entropy_ap": 0.038078502833115216,
            "entropy_f1": 0.03225806451612903,
            "avg_normal_entropy": 0.4122979938983917,
            "avg_abnormal_entropy": 0.30828022956848145,
            "avg_normal_recon": 0.3375367522239685,
            "avg_abnormal_recon": 91.16787719726562
        },
        {
            "run": 4,
            "train_time": 35.27620601654053,
            "test_time": 0.07558751106262207,
            "epochs": 106,
            "rauc": 0.9867169237961664,
            "ap": 0.8097036547418834,
            "f1": 0.7311827956989247,
            "entropy_rauc": 0.3997136512388967,
            "entropy_ap": 0.037018320763702026,
            "entropy_f1": 0.010752688172043012,
            "avg_normal_entropy": 0.3473359942436218,
            "avg_abnormal_entropy": 0.22117570042610168,
            "avg_normal_recon": 0.3561062216758728,
            "avg_abnormal_recon": 115.13933563232422
        },
        {
            "run": 5,
            "train_time": 39.236215353012085,
            "test_time": 0.06474995613098145,
            "epochs": 119,
            "rauc": 0.9863312295465172,
            "ap": 0.8230988439759314,
            "f1": 0.7741935483870968,
            "entropy_rauc": 0.19516129032258064,
            "entropy_ap": 0.028315028618278275,
            "entropy_f1": 0.0,
            "avg_normal_entropy": 0.2812860608100891,
            "avg_abnormal_entropy": 0.1282716989517212,
            "avg_normal_recon": 0.3667266070842743,
            "avg_abnormal_recon": 101.91230773925781
        },
        {
            "run": 6,
            "train_time": 43.331066370010376,
            "test_time": 0.0648643970489502,
            "epochs": 129,
            "rauc": 0.9535998129967275,
            "ap": 0.6647462913022116,
            "f1": 0.6129032258064516,
            "entropy_rauc": 0.6544647031323048,
            "entropy_ap": 0.07810550512638445,
            "entropy_f1": 0.0967741935483871,
            "avg_normal_entropy": 0.38863497972488403,
            "avg_abnormal_entropy": 0.5297285914421082,
            "avg_normal_recon": 0.4480620324611664,
            "avg_abnormal_recon": 113.303466796875
        },
        {
            "run": 7,
            "train_time": 41.309577226638794,
            "test_time": 0.07539987564086914,
            "epochs": 124,
            "rauc": 0.9785121552127163,
            "ap": 0.7574822897251828,
            "f1": 0.6774193548387096,
            "entropy_rauc": 0.6447522206638616,
            "entropy_ap": 0.061698294869977605,
            "entropy_f1": 0.0,
            "avg_normal_entropy": 0.3442637622356415,
            "avg_abnormal_entropy": 0.4079631268978119,
            "avg_normal_recon": 0.477435439825058,
            "avg_abnormal_recon": 110.0074462890625
        },
        {
            "run": 8,
            "train_time": 37.17995524406433,
            "test_time": 0.07739710807800293,
            "epochs": 110,
            "rauc": 0.9801425899953249,
            "ap": 0.7827147919050196,
            "f1": 0.7096774193548387,
            "entropy_rauc": 0.4314633006077606,
            "entropy_ap": 0.04090078639887484,
            "entropy_f1": 0.010752688172043012,
            "avg_normal_entropy": 0.33430778980255127,
            "avg_abnormal_entropy": 0.27889660000801086,
            "avg_normal_recon": 0.5067540407180786,
            "avg_abnormal_recon": 150.9400177001953
        },
        {
            "run": 9,
            "train_time": 60.83859634399414,
            "test_time": 0.07591056823730469,
            "epochs": 182,
            "rauc": 0.975888265544647,
            "ap": 0.7452952225214673,
            "f1": 0.6774193548387096,
            "entropy_rauc": 0.47317671809256656,