{
    "model_config": {
        "num_features": 9,
        "hidden_dim": 64,
        "depth": 4,
        "depth_enc": null,
        "depth_dec": null,
        "num_heads": 4,
        "mlp_ratio": 4.0,
        "dropout_prob": 0.0,
        "temperature": 0.2,
        "imix_loss_weight": 0.01,
        "mixup_alpha": 0.9,
        "projector_dim": null,
        "use_flash_attn": false
    },
    "train_config": {
        "data_dir": "Data/",
        "epochs": 200,
        "learning_rate": 0.01,
        "sche_gamma": 0.95,
        "batch_size": 64,
        "random_seed": 42,
        "num_workers": 0,
        "preprocess": "standard",
        "patience": 10,
        "min_delta": 0,
        "use_amp": false,
        "model_type": "TAEIMIX",
        "dataset_name": "glass",
        "base_path": "results/TAEIMIX-260125-iw0.01-ap0.9-ep200-ep150_imix/glass/1.0",
        "exp_name": "TAEIMIX-260125-iw0.01-ap0.9-ep200-ep150_imix",
        "runs": 10,
        "train_ratio": 1.0
    },
    "start_time_kst": "2026-01-25T15:49:30+09:00",
    "mean_metrics": {
        "rauc": 0.78554476806904,
        "ap": 0.23059592619833785,
        "f1": 0.16666666666666666,
        "avg_normal": -0.08413303345441818,
        "avg_abnormal": -0.07667693942785263
    },
    "std_metrics": {
        "rauc_std": 0.0664351541287167,
        "ap_std": 0.0829665343219539,
        "f1_std": 0.1511274500970605,
        "avg_normal_std": 0.0022113082934868797,
        "avg_abnormal_std": 0.006438390982746774
    },
    "total_time": 165.16403722763062,
    "all_seeds": [
        {
            "rauc": 0.6990291262135923,
            "ap": 0.13237014116122098,
            "f1": 0.0,
            "avg_normal": -0.0860210433602333,
            "avg_abnormal": -0.08536075800657272,
            "run": 0,
            "epochs": 90,
            "train_time": 14.770578861236572,
            "test_time": 0.03211808204650879
        },
        {
            "rauc": 0.738942826321467,
            "ap": 0.14660215296853524,
            "f1": 0.0,
            "avg_normal": -0.08919399231672287,
            "avg_abnormal": -0.08753255754709244,
            "run": 1,
            "epochs": 131,
            "train_time": 20.125024795532227,
            "test_time": 0.04585003852844238
        },
        {
            "rauc": 0.8230852211434736,
            "ap": 0.3400387628199951,
            "f1": 0.3333333333333333,
            "avg_normal": -0.08347829431295395,
            "avg_abnormal": -0.0742940604686737,
            "run": 2,
            "epochs": 106,
            "train_time": 16.228593349456787,
            "test_time": 0.041994333267211914
        },
        {
            "rauc": 0.8683926645091693,
            "ap": 0.34030077297621153,
            "f1": 0.1111111111111111,
            "avg_normal": -0.08132610470056534,
            "avg_abnormal": -0.06534356623888016,
            "run": 3,
            "epochs": 78,
            "train_time": 11.89799427986145,
            "test_time": 0.04216408729553223
        },
        {
            "rauc": 0.680690399137001,
            "ap": 0.13850844278761348,
            "f1": 0.1111111111111111,
            "avg_normal": -0.08159070461988449,
            "avg_abnormal": -0.0792236402630806,
            "run": 4,
            "epochs": 99,
            "train_time": 15.190035820007324,
            "test_time": 0.039725542068481445
        },
        {
            "rauc": 0.8209277238403452,
            "ap": 0.2877515821143272,
            "f1": 0.3333333333333333,
            "avg_normal": -0.08529019355773926,
            "avg_abnormal": -0.07552444934844971,
            "run": 5,
            "epochs": 133,
            "train_time": 19.70215892791748,
            "test_time": 0.03954625129699707
        },
        {
            "rauc": 0.8360302049622438,
            "ap": 0.30638903555570224,
            "f1": 0.4444444444444444,
            "avg_normal": -0.08305873721837997,
            "avg_abnormal": -0.0704592689871788,
            "run": 6,
            "epochs": 102,
            "train_time": 14.374079465866089,
            "test_time": 0.04652142524719238
        },
        {
            "rauc": 0.738942826321467,
            "ap": 0.14552572018096294,
            "f1": 0.0,
            "avg_normal": -0.08490470796823502,
            "avg_abnormal": -0.08088250458240509,
            "run": 7,
            "epochs": 98,
            "train_time": 15.17969012260437,
            "test_time": 0.04304933547973633
        },
        {
            "rauc": 0.8802588996763753,
            "ap": 0.27524484612203914,
            "f1": 0.1111111111111111,
            "avg_normal": -0.0828852429986,
            "avg_abnormal": -0.07190121710300446,
            "run": 8,
            "epochs": 113,
            "train_time": 17.609752893447876,
            "test_time": 0.03809046745300293
        },
        {
            "rauc": 0.7691477885652642,
            "ap": 0.1932278052967708,
            "f1": 0.2222222222222222,
            "avg_normal": -0.08358131349086761,
            "avg_abnormal": -0.07624737173318863,
            "run": 9,
            "epochs": 115,
            "train_time": 17.829861879348755,
            "test_time": 0.04310894012451172
        }
    ]
}