{
    "model_config": {
        "num_features": 33,
        "hidden_dim": 64,
        "depth": 4,
        "depth_enc": null,
        "depth_dec": null,
        "num_heads": 4,
        "mlp_ratio": 4.0,
        "dropout_prob": 0.0,
        "temperature": 0.2,
        "imix_loss_weight": 0.01,
        "mixup_alpha": 0.9,
        "projector_dim": null,
        "use_flash_attn": false
    },
    "train_config": {
        "data_dir": "Data/",
        "epochs": 200,
        "learning_rate": 0.01,
        "sche_gamma": 0.95,
        "batch_size": 512,
        "random_seed": 42,
        "num_workers": 0,
        "preprocess": "standard",
        "patience": 10,
        "min_delta": 0,
        "use_amp": false,
        "model_type": "TAEIMIX",
        "dataset_name": "ionosphere",
        "base_path": "results/TAEIMIX-260125-iw0.01-ap0.9-ep200-ep10_imix/ionosphere/1.0",
        "exp_name": "TAEIMIX-260125-iw0.01-ap0.9-ep200-ep10_imix",
        "runs": 10,
        "train_ratio": 1.0
    },
    "start_time_kst": "2026-01-25T15:58:59+09:00",
    "mean_metrics": {
        "rauc": 0.6571990448096643,
        "ap": 0.6619014908315142,
        "f1": 0.638888888888889,
        "avg_normal": -0.09060977771878242,
        "avg_abnormal": -0.0880939707159996
    },
    "std_metrics": {
        "rauc_std": 0.15485762989994603,
        "ap_std": 0.12593467996646604,
        "f1_std": 0.09650284552152633,
        "avg_normal_std": 0.003308701885888388,
        "avg_abnormal_std": 0.004996468785296341
    },
    "total_time": 140.5380983352661,
    "all_seeds": [
        {
            "rauc": 0.7660486023317883,
            "ap": 0.7828917437031344,
            "f1": 0.6825396825396826,
            "avg_normal": -0.08892156928777695,
            "avg_abnormal": -0.08563853055238724,
            "run": 0,
            "epochs": 155,
            "train_time": 13.877136945724487,
            "test_time": 0.04965376853942871
        },
        {
            "rauc": 0.7231352718078381,
            "ap": 0.7308962863036743,
            "f1": 0.6587301587301587,
            "avg_normal": -0.0875450074672699,
            "avg_abnormal": -0.08335929363965988,
            "run": 1,
            "epochs": 161,
            "train_time": 14.489596128463745,
            "test_time": 0.05122017860412598
        },
        {
            "rauc": 0.26885798567214503,
            "ap": 0.3915843126984475,
            "f1": 0.38095238095238093,
            "avg_normal": -0.09553221613168716,
            "avg_abnormal": -0.09597601741552353,
            "run": 2,
            "epochs": 181,
            "train_time": 15.933762788772583,
            "test_time": 0.04813861846923828
        },
        {
            "rauc": 0.6704593341761483,
            "ap": 0.6326188628778281,
            "f1": 0.626984126984127,
            "avg_normal": -0.08685310184955597,
            "avg_abnormal": -0.08487272262573242,
            "run": 3,
            "epochs": 119,
            "train_time": 10.788847208023071,
            "test_time": 0.04941225051879883
        },
        {
            "rauc": 0.7746874561033853,
            "ap": 0.7503592622184112,
            "f1": 0.7063492063492064,
            "avg_normal": -0.08856822550296783,
            "avg_abnormal": -0.08521218597888947,
            "run": 4,
            "epochs": 149,
            "train_time": 13.35722279548645,
            "test_time": 0.04911088943481445
        },
        {
            "rauc": 0.7394999297654166,
            "ap": 0.7317786114862501,
            "f1": 0.6666666666666666,
            "avg_normal": -0.0888836607336998,
            "avg_abnormal": -0.08398264646530151,
            "run": 5,
            "epochs": 155,
            "train_time": 12.437253713607788,
            "test_time": 0.04577231407165527
        },
        {
            "rauc": 0.5255653883972469,
            "ap": 0.5243697405606568,
            "f1": 0.5793650793650794,
            "avg_normal": -0.09633389115333557,
            "avg_abnormal": -0.0963486060500145,
            "run": 6,
            "epochs": 155,
            "train_time": 13.903393268585205,
            "test_time": 0.04595232009887695
        },
        {
            "rauc": 0.7432223626913892,
            "ap": 0.7073494484555533,
            "f1": 0.7301587301587301,
            "avg_normal": -0.08938612043857574,
            "avg_abnormal": -0.08600371330976486,
            "run": 7,
            "epochs": 184,
            "train_time": 15.647464275360107,
            "test_time": 0.048336029052734375
        },
        {
            "rauc": 0.7948447815704454,
            "ap": 0.8073560392726382,
            "f1": 0.7222222222222222,
            "avg_normal": -0.08944806456565857,
            "avg_abnormal": -0.08501151204109192,
            "run": 8,
            "epochs": 148,
            "train_time": 13.021077871322632,
            "test_time": 0.046456336975097656
        },
        {
            "rauc": 0.5656693355808401,
            "ap": 0.5598106007385484,
            "f1": 0.6349206349206349,
            "avg_normal": -0.09462592005729675,
            "avg_abnormal": -0.0945344790816307,
            "run": 9,
            "epochs": 162,
            "train_time": 14.656334638595581,
            "test_time": 0.04939842224121094
        }
    ]
}