{
    "model_config": {
        "num_heads": 4,
        "num_latents": 4,
        "num_memories": 28,
        "depth": 4,
        "hidden_dim": 64,
        "mlp_ratio": 4.0,
        "dropout_prob": 0.0,
        "temperature": 0.1,
        "sim_type": "cos",
        "use_oe": true,
        "oe_lambda": 1.0,
        "oe_shuffle_ratio": 0.5,
        "oe_lambda_memory": 0.0,
        "is_weight_sharing": false,
        "use_pos_enc_as_query": false,
        "use_mask_token": false,
        "num_features": 21
    },
    "train_config": {
        "data_dir": "Data/",
        "epochs": 250,
        "learning_rate": 0.01,
        "sche_gamma": 0.95,
        "batch_size": 512,
        "random_seed": 42,
        "num_workers": 0,
        "preprocess": "standard",
        "model_type": "OELATTE",
        "dataset_name": "cardio",
        "train_ratio": 1.0,
        "base_path": "results/OELATTE-d64-oe_lam1.0-oe_rat0.5/cardio/1.0",
        "not_use_power_of_two": false,
        "num_memories_not_use_power_of_two": false,
        "num_memories_twice": false,
        "contamination_ratio": null,
        "latent_ratio": null,
        "memory_ratio": null,
        "run": 9
    },
    "mean_metrics": {
        "AUC-ROC": 0.9521059782608695,
        "AUC-PR": 0.8211229512748416,
        "f1": 0.7681818181818181
    },
    "total_time": 98.10258412361145,
    "all_seeds": [
        {
            "run": 0,
            "AUC-ROC": 0.9321544246815986,
            "AUC-PR": 0.7911217885508338,
            "f1": 0.7386363636363636,
            "train_time": 16.0778067111969,
            "test_time": 0.03363227844238281,
            "epochs": 140
        },
        {
            "run": 1,
            "AUC-ROC": 0.9587244729907775,
            "AUC-PR": 0.85145108212028,
            "f1": 0.7897727272727273,
            "train_time": 12.657435417175293,
            "test_time": 0.019152402877807617,
            "epochs": 117
        },
        {
            "run": 2,
            "AUC-ROC": 0.9655453996486605,
            "AUC-PR": 0.8428399247639519,
            "f1": 0.8068181818181818,
            "train_time": 6.406087160110474,
            "test_time": 0.026369571685791016,
            "epochs": 61
        },
        {
            "run": 3,
            "AUC-ROC": 0.9526926877470355,
            "AUC-PR": 0.8219501112828538,
            "f1": 0.7954545454545454,
            "train_time": 9.98361325263977,
            "test_time": 0.03655505180358887,
            "epochs": 102
        },
        {
            "run": 4,
            "AUC-ROC": 0.9259853974527887,
            "AUC-PR": 0.712382613467769,
            "f1": 0.6534090909090909,
            "train_time": 5.902080297470093,
            "test_time": 0.023752689361572266,
            "epochs": 52
        },
        {
            "run": 5,
            "AUC-ROC": 0.950812472551603,
            "AUC-PR": 0.8377637370624895,
            "f1": 0.7670454545454546,
            "train_time": 12.619528770446777,
            "test_time": 0.023985862731933594,
            "epochs": 121
        },
        {
            "run": 6,
            "AUC-ROC": 0.9664100241545894,
            "AUC-PR": 0.8654755336184562,
            "f1": 0.8181818181818182,
            "train_time": 5.206225156784058,
            "test_time": 0.03540825843811035,
            "epochs": 48
        },
        {
            "run": 7,
            "AUC-ROC": 0.9618535902503293,
            "AUC-PR": 0.8516119489577356,
            "f1": 0.7840909090909091,
            "train_time": 11.971548080444336,
            "test_time": 0.0312502384185791,
            "epochs": 112
        },
        {
            "run": 8,
            "AUC-ROC": 0.9600282718489239,
            "AUC-PR": 0.8294885423701268,
            "f1": 0.7727272727272727,
            "train_time": 4.8565638065338135,
            "test_time": 0.037584543228149414,
            "epochs": 41
        },
        {
            "run": 9,
            "AUC-ROC": 0.9468530412823891,
            "AUC-PR": 0.8071442305539193,
            "f1": 0.7556818181818182,
            "train_time": 10.507638216018677,
            "test_time": 0.02951216697692871,
            "epochs": 102
        }
    ]
}