{
    "model_config": {
        "hidden_dim": 32,
        "depth": 4,
        "num_heads": 4,
        "mlp_ratio": 4.0,
        "dropout_prob": 0.0,
        "num_prototypes": 10,
        "temperature": 0.1,
        "sinkhorn_iters": 3,
        "sinkhorn_eps": 0.05,
        "contrastive_loss_weight": 0.1,
        "use_flash_attn": false,
        "num_features": 16
    },
    "train_config": {
        "data_dir": "Data/",
        "epochs": 250,
        "learning_rate": 0.01,
        "sche_gamma": 0.95,
        "batch_size": 512,
        "random_seed": 42,
        "num_workers": 0,
        "preprocess": "standard",
        "patience": 20,
        "use_amp": false,
        "model_type": "ProtoAD",
        "dataset_name": "pendigits",
        "base_path": "results/ProtoAD-d32-proto10-eps0.05-contra0.1-temp0.1/pendigits/1.0",
        "exp_name": "ProtoAD-d32-proto10-eps0.05-contra0.1-temp0.1",
        "runs": 10,
        "train_ratio": 1.0,
        "run": 9
    },
    "mean_metrics": {
        "rauc": 0.9673344255783933,
        "ap": 0.5214123356791314,
        "f1": 0.5461538461538461,
        "entropy_rauc": 0.6974731330629454,
        "entropy_ap": 0.1126585577279536,
        "entropy_f1": 0.13076923076923075,
        "avg_normal_entropy": 0.055140329897403716,
        "avg_abnormal_entropy": 0.1326227132230997,
        "avg_normal_recon": 0.1897213339805603,
        "avg_abnormal_recon": 0.8520540952682495
    },
    "std_metrics": {
        "rauc_std": 0.014264234235267648,
        "ap_std": 0.12835757854453028,
        "f1_std": 0.11853949039193652,
        "entropy_rauc_std": 0.10748086190907583,
        "entropy_ap_std": 0.04314409513798996,
        "entropy_f1_std": 0.049087665946350376,
        "avg_normal_entropy_std": 0.006192714021424661,
        "avg_abnormal_entropy_std": 0.04769722965384345,
        "avg_normal_recon_std": 0.015026046727128635,
        "avg_abnormal_recon_std": 0.1768919728919881
    },
    "total_time": 322.2503561973572,
    "all_seeds": [
        {
            "run": 0,
            "train_time": 38.52892518043518,
            "test_time": 0.09765076637268066,
            "epochs": 140,
            "rauc": 0.9428614529150723,
            "ap": 0.3210650150917577,
            "f1": 0.3525641025641026,
            "entropy_rauc": 0.5586451578408683,
            "entropy_ap": 0.05150904383160912,
            "entropy_f1": 0.05128205128205128,
            "avg_normal_entropy": 0.05459102988243103,
            "avg_abnormal_entropy": 0.05720103159546852,
            "avg_normal_recon": 0.20119819045066833,
            "avg_abnormal_recon": 0.645167887210846
        },
        {
            "run": 1,
            "train_time": 34.682127952575684,
            "test_time": 0.08974456787109375,
            "epochs": 133,
            "rauc": 0.9513626329980218,
            "ap": 0.5330850785908878,
            "f1": 0.5448717948717948,
            "entropy_rauc": 0.7417852478174194,
            "entropy_ap": 0.10920789676910517,
            "entropy_f1": 0.1282051282051282,
            "avg_normal_entropy": 0.05048378184437752,
            "avg_abnormal_entropy": 0.11994417011737823,
            "avg_normal_recon": 0.16137923300266266,
            "avg_abnormal_recon": 0.8511215448379517
        },
        {
            "run": 2,
            "train_time": 41.858811378479004,
            "test_time": 0.10178589820861816,
            "epochs": 161,
            "rauc": 0.9565202447239981,
            "ap": 0.42253732494113366,
            "f1": 0.4358974358974359,
            "entropy_rauc": 0.7406548123706299,
            "entropy_ap": 0.1437086032508691,
            "entropy_f1": 0.1858974358974359,
            "avg_normal_entropy": 0.05274004489183426,
            "avg_abnormal_entropy": 0.16819927096366882,
            "avg_normal_recon": 0.19153177738189697,
            "avg_abnormal_recon": 0.7199602127075195
        },
        {
            "run": 3,
            "train_time": 39.58243441581726,
            "test_time": 0.08860540390014648,
            "epochs": 152,
            "rauc": 0.9747332401487897,
            "ap": 0.5191427495605622,
            "f1": 0.5897435897435898,
            "entropy_rauc": 0.7092737716062113,
            "entropy_ap": 0.1089036135944284,
            "entropy_f1": 0.17307692307692307,
            "avg_normal_entropy": 0.05143655464053154,
            "avg_abnormal_entropy": 0.13583870232105255,
            "avg_normal_recon": 0.21260987222194672,
            "avg_abnormal_recon": 0.8721408247947693
        },
        {
            "run": 4,
            "train_time": 37.29154419898987,
            "test_time": 0.0455777645111084,
            "epochs": 154,
            "rauc": 0.9883118321456124,
            "ap": 0.6525126473017613,
            "f1": 0.75,
            "entropy_rauc": 0.6476784063915432,
            "entropy_ap": 0.06943763259158187,
            "entropy_f1": 0.08974358974358974,
            "avg_normal_entropy": 0.053386297076940536,
            "avg_abnormal_entropy": 0.08870203047990799,
            "avg_normal_recon": 0.19399139285087585,
            "avg_abnormal_recon": 0.8877475261688232
        },
        {
            "run": 5,
            "train_time": 17.315969228744507,
            "test_time": 0.19898390769958496,
            "epochs": 134,
            "rauc": 0.9727969875422959,
            "ap": 0.5783735236310958,
            "f1": 0.6089743589743589,
            "entropy_rauc": 0.8354643569120782,
            "entropy_ap": 0.13948244314421737,
            "entropy_f1": 0.14743589743589744,
            "avg_normal_entropy": 0.07171572744846344,
            "avg_abnormal_entropy": 0.19831670820713043,
            "avg_normal_recon": 0.16545818746089935,
            "avg_abnormal_recon": 0.7265543341636658
        },
        {
            "run": 6,
            "train_time": 29.66210389137268,
            "test_time": 0.1146841049194336,
            "epochs": 142,
            "rauc": 0.9608854059256204,
            "ap": 0.42803808485998346,
            "f1": 0.4423076923076923,
            "entropy_rauc": 0.6282337709951652,
            "entropy_ap": 0.06975617456092424,
            "entropy_f1": 0.08974358974358974,
            "avg_normal_entropy": 0.047851480543613434,
            "avg_abnormal_entropy": 0.07890620082616806,
            "avg_normal_recon": 0.1836865246295929,
            "avg_abnormal_recon": 0.776871919631958
        },
        {
            "run": 7,
            "train_time": 20.597015380859375,
            "test_time": 0.04661226272583008,
            "epochs": 151,
            "rauc": 0.9873761676710738,
            "ap": 0.7969576982763568,
            "f1": 0.717948717948718,
            "entropy_rauc": 0.49874353627704837,
            "entropy_ap": 0.09423727151473318,
            "entropy_f1": 0.16025641025641027,
            "avg_normal_entropy": 0.05823833495378494,
            "avg_abnormal_entropy": 0.13855691254138947,
            "avg_normal_recon": 0.1931084543466568,
            "avg_abnormal_recon": 1.330833077430725
        },
        {
            "run": 8,
            "train_time": 19.854750633239746,
            "test_time": 0.09079861640930176,
            "epochs": 153,
            "rauc": 0.9625963352504907,
            "ap": 0.4246771619610715,
            "f1": 0.4935897435897436,
            "entropy_rauc": 0.7723089144000673,
            "entropy_ap": 0.20553924238592947,
            "entropy_f1": 0.20512820512820512,
            "avg_normal_entropy": 0.05468743294477463,
            "avg_abnormal_entropy": 0.21284477412700653,
            "avg_normal_recon": 0.20107552409172058,
            "avg_abnormal_recon": 0.8678889870643616
        },
        {
            "run": 9,
            "train_time": 39.9211003780365,
            "test_time": 0.09099841117858887,
            "epochs": 153,
            "rauc": 0.9758999564629592,
            "ap": 0.5377340725767029,
            "f1": 0.5256410256410257,