{
    "model_config": {
        "hidden_dim": 128,
        "depth": 4,
        "num_heads": 4,
        "mlp_ratio": 4.0,
        "dropout_prob": 0.0,
        "num_prototypes": 16,
        "temperature": 0.1,
        "sinkhorn_iters": 3,
        "sinkhorn_eps": 0.1,
        "contrastive_loss_weight": 0.1,
        "use_flash_attn": false,
        "num_features": 6
    },
    "train_config": {
        "data_dir": "Data/",
        "epochs": 250,
        "learning_rate": 0.01,
        "sche_gamma": 0.95,
        "batch_size": 512,
        "random_seed": 42,
        "num_workers": 0,
        "preprocess": "standard",
        "patience": 20,
        "use_amp": false,
        "model_type": "ProtoAD",
        "dataset_name": "mammography",
        "base_path": "results/ProtoAD-d128-proto16-eps0.1-contra0.1-temp0.1/mammography/1.0",
        "exp_name": "ProtoAD-d128-proto16-eps0.1-contra0.1-temp0.1",
        "runs": 10,
        "train_ratio": 1.0,
        "run": 9
    },
    "mean_metrics": {
        "rauc": 0.8691345097597386,
        "ap": 0.3858398243306501,
        "f1": 0.4257692307692308,
        "entropy_rauc": 0.41201056952933557,
        "entropy_ap": 0.05463255030122675,
        "entropy_f1": 0.03179212734258606,
        "avg_normal_entropy": 2.315732789039612,
        "avg_abnormal_entropy": 2.2173501014709474,
        "avg_normal_recon": 0.7890832006931305,
        "avg_abnormal_recon": 7.536898469924926
    },
    "std_metrics": {
        "rauc_std": 0.020951334303026092,
        "ap_std": 0.0553009746454064,
        "f1_std": 0.061563696748948155,
        "entropy_rauc_std": 0.1783673954049178,
        "entropy_ap_std": 0.05384407907678835,
        "entropy_f1_std": 0.06413794418781839,
        "avg_normal_entropy_std": 0.17975106347968195,
        "avg_abnormal_entropy_std": 0.35319372294172163,
        "avg_normal_recon_std": 0.2733938995056711,
        "avg_abnormal_recon_std": 0.8768008886725144
    },
    "total_time": 108.2567732334137,
    "all_seeds": [
        {
            "run": 0,
            "train_time": 12.71662449836731,
            "test_time": 0.11644744873046875,
            "epochs": 23,
            "rauc": 0.8619553277187842,
            "ap": 0.3457337951686088,
            "f1": 0.36923076923076925,
            "entropy_rauc": 0.19427830042531616,
            "entropy_ap": 0.02678621608617443,
            "entropy_f1": 0.019230769230769232,
            "avg_normal_entropy": 2.5456197261810303,
            "avg_abnormal_entropy": 2.5027241706848145,
            "avg_normal_recon": 0.7116538882255554,
            "avg_abnormal_recon": 7.499157905578613
        },
        {
            "run": 1,
            "train_time": 10.469704627990723,
            "test_time": 0.11639928817749023,
            "epochs": 21,
            "rauc": 0.9072226290735993,
            "ap": 0.5187148347602141,
            "f1": 0.5307692307692308,
            "entropy_rauc": 0.4676840689519196,
            "entropy_ap": 0.04018178261983098,
            "entropy_f1": 0.01834862385321101,
            "avg_normal_entropy": 2.521880865097046,
            "avg_abnormal_entropy": 2.5546960830688477,
            "avg_normal_recon": 1.0062921047210693,
            "avg_abnormal_recon": 9.736678123474121
        },
        {
            "run": 2,
            "train_time": 10.409109354019165,
            "test_time": 0.1174461841583252,
            "epochs": 21,
            "rauc": 0.8857441624651439,
            "ap": 0.3738637456856849,
            "f1": 0.38461538461538464,
            "entropy_rauc": 0.5642611187786948,
            "entropy_ap": 0.05352750566461183,
            "entropy_f1": 0.019230769230769232,
            "avg_normal_entropy": 2.4535670280456543,
            "avg_abnormal_entropy": 2.454256296157837,
            "avg_normal_recon": 0.7505156993865967,
            "avg_abnormal_recon": 7.58202600479126
        },
        {
            "run": 3,
            "train_time": 10.468024492263794,
            "test_time": 0.11799263954162598,
            "epochs": 21,
            "rauc": 0.8572367123905024,
            "ap": 0.38718985613389617,
            "f1": 0.4153846153846154,
            "entropy_rauc": 0.3585133650677408,
            "entropy_ap": 0.03321287930006819,
            "entropy_f1": 0.011111111111111112,
            "avg_normal_entropy": 2.30283260345459,
            "avg_abnormal_entropy": 2.1894454956054688,
            "avg_normal_recon": 1.0113297700881958,
            "avg_abnormal_recon": 7.461576461791992
        },
        {
            "run": 4,
            "train_time": 10.894715309143066,
            "test_time": 0.11861968040466309,
            "epochs": 22,
            "rauc": 0.8874588062980591,
            "ap": 0.4076124925795151,
            "f1": 0.5,
            "entropy_rauc": 0.5039986057516267,
            "entropy_ap": 0.04248532526556703,
            "entropy_f1": 0.011538461538461539,
            "avg_normal_entropy": 2.221885919570923,
            "avg_abnormal_entropy": 2.215134382247925,
            "avg_normal_recon": 0.6447468996047974,
            "avg_abnormal_recon": 7.59794807434082
        },
        {
            "run": 5,
            "train_time": 14.759889125823975,
            "test_time": 0.11769843101501465,
            "epochs": 30,
            "rauc": 0.8560114638199589,
            "ap": 0.368309200375528,
            "f1": 0.4115384615384615,
            "entropy_rauc": 0.5746616483114103,
            "entropy_ap": 0.050026301439463114,
            "entropy_f1": 0.0,
            "avg_normal_entropy": 2.0764951705932617,
            "avg_abnormal_entropy": 2.0801994800567627,
            "avg_normal_recon": 0.5959566831588745,
            "avg_abnormal_recon": 7.158478736877441
        },
        {
            "run": 6,
            "train_time": 13.741713762283325,
            "test_time": 0.11332058906555176,
            "epochs": 28,
            "rauc": 0.8900916823930372,
            "ap": 0.44340157808054226,
            "f1": 0.5,
            "entropy_rauc": 0.2181037517956229,
            "entropy_ap": 0.02716783706641313,
            "entropy_f1": 0.0038461538461538464,
            "avg_normal_entropy": 2.0631144046783447,
            "avg_abnormal_entropy": 1.9573047161102295,
            "avg_normal_recon": 0.4479193687438965,
            "avg_abnormal_recon": 7.2695417404174805
        },
        {
            "run": 7,
            "train_time": 13.355405807495117,
            "test_time": 0.06514883041381836,
            "epochs": 35,
            "rauc": 0.8613631242430216,
            "ap": 0.34629495481366623,
            "f1": 0.3269230769230769,
            "entropy_rauc": 0.1435484325268287,
            "entropy_ap": 0.025042251474578694,
            "entropy_f1": 0.0,
            "avg_normal_entropy": 2.154489278793335,
            "avg_abnormal_entropy": 1.330737829208374,
            "avg_normal_recon": 0.4457505941390991,
            "avg_abnormal_recon": 5.928343772888184
        },
        {
            "run": 8,
            "train_time": 4.134315252304077,
            "test_time": 0.06423544883728027,
            "epochs": 21,
            "rauc": 0.8407366983071853,
            "ap": 0.3392987690524629,
            "f1": 0.39615384615384613,
            "entropy_rauc": 0.7211387065881756,
            "entropy_ap": 0.21378013685105632,
            "entropy_f1": 0.2230769230769231,
            "avg_normal_entropy": 2.2755982875823975,
            "avg_abnormal_entropy": 2.3455095291137695,
            "avg_normal_recon": 0.9069962501525879,
            "avg_abnormal_recon": 7.441344261169434
        },
        {
            "run": 9,
            "train_time": 4.127382278442383,
            "test_time": 0.06403350830078125,
            "epochs": 21,
            "rauc": 0.843524490888094,
            "ap": 0.32797901665638246,
            "f1": 0.4230769230769231,
            "entropy_rauc": 0.3739176970960201,
            "entropy_ap": 0.0341152672445038,