{
    "model_config": {
        "hidden_dim": 64,
        "depth": 4,
        "num_heads": 4,
        "mlp_ratio": 4.0,
        "dropout_prob": 0.0,
        "num_prototypes": 10,
        "temperature": 0.1,
        "sinkhorn_iters": 3,
        "sinkhorn_eps": 0.05,
        "contrastive_loss_weight": 0.01,
        "use_flash_attn": false,
        "num_features": 6
    },
    "train_config": {
        "data_dir": "Data/",
        "epochs": 250,
        "learning_rate": 0.01,
        "sche_gamma": 0.95,
        "batch_size": 256,
        "random_seed": 42,
        "num_workers": 0,
        "preprocess": "standard",
        "patience": 20,
        "use_amp": false,
        "model_type": "ProtoAD",
        "dataset_name": "thyroid",
        "base_path": "results/ProtoAD-d64-proto10-eps0.05-contra0.01-temp0.1/thyroid/1.0",
        "exp_name": "ProtoAD-d64-proto10-eps0.05-contra0.01-temp0.1",
        "runs": 10,
        "train_ratio": 1.0,
        "run": 9
    },
    "mean_metrics": {
        "rauc": 0.9724561711079944,
        "ap": 0.7417581553297756,
        "f1": 0.69247311827957,
        "entropy_rauc": 0.6212418186068256,
        "entropy_ap": 0.08447485442436589,
        "entropy_f1": 0.07741935483870968,
        "avg_normal_entropy": 0.08722878396511077,
        "avg_abnormal_entropy": 0.12639068588614463,
        "avg_normal_recon": 0.09887523278594017,
        "avg_abnormal_recon": 65.33736591339111
    },
    "std_metrics": {
        "rauc_std": 0.008374392837448959,
        "ap_std": 0.029275964294859038,
        "f1_std": 0.028530105723487326,
        "entropy_rauc_std": 0.14533738759361994,
        "entropy_ap_std": 0.04150875947088839,
        "entropy_f1_std": 0.06191905397371169,
        "avg_normal_entropy_std": 0.013274235298345363,
        "avg_abnormal_entropy_std": 0.07629398498645322,
        "avg_normal_recon_std": 0.02262693528175423,
        "avg_abnormal_recon_std": 29.10587276544427
    },
    "total_time": 391.5538971424103,
    "all_seeds": [
        {
            "run": 0,
            "train_time": 41.438814878463745,
            "test_time": 0.0796973705291748,
            "epochs": 116,
            "rauc": 0.9694775596072931,
            "ap": 0.7454986737492914,
            "f1": 0.6881720430107527,
            "entropy_rauc": 0.5352325853202431,
            "entropy_ap": 0.04730808117303065,
            "entropy_f1": 0.021505376344086023,
            "avg_normal_entropy": 0.10448367893695831,
            "avg_abnormal_entropy": 0.06103226915001869,
            "avg_normal_recon": 0.06761876493692398,
            "avg_abnormal_recon": 34.688514709472656
        },
        {
            "run": 1,
            "train_time": 43.41369938850403,
            "test_time": 0.07759833335876465,
            "epochs": 127,
            "rauc": 0.9596306685366993,
            "ap": 0.7015198968358287,
            "f1": 0.7096774193548387,
            "entropy_rauc": 0.47871084618980836,
            "entropy_ap": 0.04238115825277907,
            "entropy_f1": 0.010752688172043012,
            "avg_normal_entropy": 0.07045050710439682,
            "avg_abnormal_entropy": 0.034701887518167496,
            "avg_normal_recon": 0.08484131097793579,
            "avg_abnormal_recon": 27.492050170898438
        },
        {
            "run": 2,
            "train_time": 38.708078145980835,
            "test_time": 0.07728266716003418,
            "epochs": 113,
            "rauc": 0.964077840112202,
            "ap": 0.7398303223887281,
            "f1": 0.6666666666666666,
            "entropy_rauc": 0.46542192613370736,
            "entropy_ap": 0.046419974161852035,
            "entropy_f1": 0.021505376344086023,
            "avg_normal_entropy": 0.08075694739818573,
            "avg_abnormal_entropy": 0.06863560527563095,
            "avg_normal_recon": 0.07992906123399734,
            "avg_abnormal_recon": 24.269216537475586
        },
        {
            "run": 3,
            "train_time": 38.43682503700256,
            "test_time": 0.0750124454498291,
            "epochs": 110,
            "rauc": 0.9612844787283777,
            "ap": 0.7093661347379654,
            "f1": 0.6559139784946236,
            "entropy_rauc": 0.813738896680692,
            "entropy_ap": 0.13939552230062302,
            "entropy_f1": 0.12903225806451613,
            "avg_normal_entropy": 0.08489219099283218,
            "avg_abnormal_entropy": 0.22110722959041595,
            "avg_normal_recon": 0.06646014750003815,
            "avg_abnormal_recon": 45.929691314697266
        },
        {
            "run": 4,
            "train_time": 37.833693504333496,
            "test_time": 0.06380653381347656,
            "epochs": 109,
            "rauc": 0.9792601683029453,
            "ap": 0.7711118403472752,
            "f1": 0.7204301075268817,
            "entropy_rauc": 0.7651122019635344,
            "entropy_ap": 0.11938637842328552,
            "entropy_f1": 0.15053763440860216,
            "avg_normal_entropy": 0.10616780817508698,
            "avg_abnormal_entropy": 0.21522539854049683,
            "avg_normal_recon": 0.10670141130685806,
            "avg_abnormal_recon": 81.62525177001953
        },
        {
            "run": 5,
            "train_time": 43.18860864639282,
            "test_time": 0.07700896263122559,
            "epochs": 124,
            "rauc": 0.9803588125292192,
            "ap": 0.7782879915633263,
            "f1": 0.6881720430107527,
            "entropy_rauc": 0.5075444132772323,
            "entropy_ap": 0.0451681535034915,
            "entropy_f1": 0.0,
            "avg_normal_entropy": 0.10683127492666245,
            "avg_abnormal_entropy": 0.03285755217075348,
            "avg_normal_recon": 0.09449585527181625,
            "avg_abnormal_recon": 65.46882629394531
        },
        {
            "run": 6,
            "train_time": 34.42480993270874,
            "test_time": 0.07742428779602051,
            "epochs": 100,
            "rauc": 0.9816503038803179,
            "ap": 0.7764233479776436,
            "f1": 0.7419354838709677,
            "entropy_rauc": 0.7064808321645627,
            "entropy_ap": 0.11738658836190172,
            "entropy_f1": 0.15053763440860216,
            "avg_normal_entropy": 0.07164014130830765,
            "avg_abnormal_entropy": 0.18882550299167633,
            "avg_normal_recon": 0.11669869720935822,
            "avg_abnormal_recon": 101.10610961914062
        },
        {
            "run": 7,
            "train_time": 33.46076965332031,
            "test_time": 0.15848112106323242,
            "epochs": 107,
            "rauc": 0.9708508648901356,
            "ap": 0.7026240335507283,
            "f1": 0.6451612903225806,
            "entropy_rauc": 0.8261921458625526,
            "entropy_ap": 0.143121776748674,
            "entropy_f1": 0.15053763440860216,
            "avg_normal_entropy": 0.0751405879855156,
            "avg_abnormal_entropy": 0.19617275893688202,
            "avg_normal_recon": 0.11126361042261124,
            "avg_abnormal_recon": 74.1245346069336
        },
        {
            "run": 8,
            "train_time": 39.92981028556824,
            "test_time": 0.07437872886657715,
            "epochs": 122,
            "rauc": 0.984075502571295,
            "ap": 0.76780586586379,
            "f1": 0.6989247311827957,
            "entropy_rauc": 0.6815509583917719,
            "entropy_ap": 0.10386188563464113,
            "entropy_f1": 0.10752688172043011,
            "avg_normal_entropy": 0.0856584906578064,
            "avg_abnormal_entropy": 0.185072124004364,
            "avg_normal_recon": 0.1298549920320511,
            "avg_abnormal_recon": 106.51372528076172
        },
        {
            "run": 9,
            "train_time": 37.78771615028381,
            "test_time": 0.07613801956176758,
            "epochs": 120,
            "rauc": 0.9738955119214586,
            "ap": 0.7251134462831799,
            "f1": 0.7096774193548387,