{
    "model_config": {
        "hidden_dim": 64,
        "depth": 4,
        "num_heads": 4,
        "mlp_ratio": 4.0,
        "dropout_prob": 0.0,
        "num_prototypes": 128,
        "temperature": 0.1,
        "sinkhorn_iters": 3,
        "sinkhorn_eps": 0.1,
        "contrastive_loss_weight": 1.0,
        "use_flash_attn": false,
        "num_features": 64
    },
    "train_config": {
        "data_dir": "Data/",
        "epochs": 250,
        "learning_rate": 0.01,
        "sche_gamma": 0.95,
        "batch_size": 512,
        "random_seed": 42,
        "num_workers": 0,
        "preprocess": "standard",
        "patience": 20,
        "use_amp": false,
        "model_type": "ProtoAD",
        "dataset_name": "optdigits",
        "base_path": "results/ProtoAD-d64-proto128-eps0.1-contra1.0-temp0.1/optdigits/1.0",
        "exp_name": "ProtoAD-d64-proto128-eps0.1-contra1.0-temp0.1",
        "runs": 10,
        "train_ratio": 1.0,
        "run": 9
    },
    "mean_metrics": {
        "rauc": 0.6902334517699698,
        "ap": 0.08311367525333271,
        "f1": 0.014666666666666665,
        "entropy_rauc": 0.6677616791683115,
        "entropy_ap": 0.1428748264373764,
        "entropy_f1": 0.15734655642264336,
        "avg_normal_entropy": 4.704682874679565,
        "avg_abnormal_entropy": 4.717810726165771,
        "avg_normal_recon": 0.9124636054039001,
        "avg_abnormal_recon": 0.7888296067714691
    },
    "std_metrics": {
        "rauc_std": 0.05433296797740649,
        "ap_std": 0.01492222861705595,
        "f1_std": 0.009797958971132713,
        "entropy_rauc_std": 0.15438260586575464,
        "entropy_ap_std": 0.099259562264692,
        "entropy_f1_std": 0.13810140266172022,
        "avg_normal_entropy_std": 0.15401546711877753,
        "avg_abnormal_entropy_std": 0.16674666009443948,
        "avg_normal_recon_std": 0.1557582738708551,
        "avg_abnormal_recon_std": 0.039879414032459884
    },
    "total_time": 112.05911469459534,
    "all_seeds": [
        {
            "run": 0,
            "train_time": 6.364788293838501,
            "test_time": 0.07738351821899414,
            "epochs": 24,
            "rauc": 0.7150493485984998,
            "ap": 0.08762900800914748,
            "f1": 0.02666666666666667,
            "entropy_rauc": 0.6342900381629161,
            "entropy_ap": 0.09157976614511842,
            "entropy_f1": 0.08,
            "avg_normal_entropy": 4.557126998901367,
            "avg_abnormal_entropy": 4.6426544189453125,
            "avg_normal_recon": 0.840583324432373,
            "avg_abnormal_recon": 0.8282220363616943
        },
        {
            "run": 1,
            "train_time": 28.454379320144653,
            "test_time": 0.07837367057800293,
            "epochs": 127,
            "rauc": 0.7515330964600606,
            "ap": 0.10006087698208393,
            "f1": 0.02666666666666667,
            "entropy_rauc": 0.8771219897354916,
            "entropy_ap": 0.31796198037991363,
            "entropy_f1": 0.2986111111111111,
            "avg_normal_entropy": 4.851929664611816,
            "avg_abnormal_entropy": 4.852015972137451,
            "avg_normal_recon": 0.6667435765266418,
            "avg_abnormal_recon": 0.7205975651741028
        },
        {
            "run": 2,
            "train_time": 5.48234748840332,
            "test_time": 0.07722091674804688,
            "epochs": 24,
            "rauc": 0.6111935781023818,
            "ap": 0.06451229785314028,
            "f1": 0.0,
            "entropy_rauc": 0.49155151993683377,
            "entropy_ap": 0.053123690512766185,
            "entropy_f1": 0.006666666666666667,
            "avg_normal_entropy": 4.6383748054504395,
            "avg_abnormal_entropy": 4.619718551635742,
            "avg_normal_recon": 1.0217549800872803,
            "avg_abnormal_recon": 0.7934080958366394
        },
        {
            "run": 3,
            "train_time": 31.483413457870483,
            "test_time": 0.06752610206604004,
            "epochs": 139,
            "rauc": 0.7797762863534675,
            "ap": 0.11211590308964232,
            "f1": 0.02666666666666667,
            "entropy_rauc": 0.5484603237268062,
            "entropy_ap": 0.05696843427064163,
            "entropy_f1": 0.007407407407407408,
            "avg_normal_entropy": 4.851814270019531,
            "avg_abnormal_entropy": 4.851984977722168,
            "avg_normal_recon": 0.7790046334266663,
            "avg_abnormal_recon": 0.7522565722465515
        },
        {
            "run": 4,
            "train_time": 5.229379892349243,
            "test_time": 0.07751321792602539,
            "epochs": 23,
            "rauc": 0.7458428740623766,
            "ap": 0.09630582229825606,
            "f1": 0.006666666666666667,
            "entropy_rauc": 0.3808553757073299,
            "entropy_ap": 0.051905109427693094,
            "entropy_f1": 0.08,
            "avg_normal_entropy": 4.499040603637695,
            "avg_abnormal_entropy": 4.379914283752441,
            "avg_normal_recon": 0.8561658263206482,
            "avg_abnormal_recon": 0.8669512867927551
        },
        {
            "run": 5,
            "train_time": 7.16960072517395,
            "test_time": 0.07811331748962402,
            "epochs": 31,
            "rauc": 0.6299381497565469,
            "ap": 0.0679502593744459,
            "f1": 0.006666666666666667,
            "entropy_rauc": 0.8618226082379259,
            "entropy_ap": 0.3044144977457817,
            "entropy_f1": 0.4,
            "avg_normal_entropy": 4.823873519897461,
            "avg_abnormal_entropy": 4.846735954284668,
            "avg_normal_recon": 0.8339737057685852,
            "avg_abnormal_recon": 0.7642990350723267
        },
        {
            "run": 6,
            "train_time": 5.987903833389282,
            "test_time": 0.07699871063232422,
            "epochs": 26,
            "rauc": 0.6536333728122122,
            "ap": 0.07174818724159243,
            "f1": 0.006666666666666667,
            "entropy_rauc": 0.6368785366495592,
            "entropy_ap": 0.06996082653431218,
            "entropy_f1": 0.04,
            "avg_normal_entropy": 4.827511310577393,
            "avg_abnormal_entropy": 4.8436102867126465,
            "avg_normal_recon": 1.1100265979766846,
            "avg_abnormal_recon": 0.8163315653800964
        },
        {
            "run": 7,
            "train_time": 5.051196336746216,
            "test_time": 0.07605838775634766,
            "epochs": 22,
            "rauc": 0.6565627056191604,
            "ap": 0.07312982997711612,
            "f1": 0.02,
            "entropy_rauc": 0.7101487037768127,
            "entropy_ap": 0.23078617100549964,
            "entropy_f1": 0.3333333333333333,
            "avg_normal_entropy": 4.425908088684082,
            "avg_abnormal_entropy": 4.484073162078857,
            "avg_normal_recon": 0.9600162506103516,
            "avg_abnormal_recon": 0.7982947826385498
        },
        {
            "run": 8,
            "train_time": 7.197368383407593,
            "test_time": 0.0775146484375,
            "epochs": 31,
            "rauc": 0.7062929332806948,
            "ap": 0.08444093342432496,
            "f1": 0.02,
            "entropy_rauc": 0.8191669956573233,
            "entropy_ap": 0.1561852864498621,
            "entropy_f1": 0.23411371237458195,
            "avg_normal_entropy": 4.837143421173096,
            "avg_abnormal_entropy": 4.850064277648926,
            "avg_normal_recon": 1.2151336669921875,
            "avg_abnormal_recon": 0.7871071696281433
        },
        {
            "run": 9,
            "train_time": 6.773211479187012,
            "test_time": 0.06226301193237305,
            "epochs": 29,
            "rauc": 0.6525121726542966,
            "ap": 0.07324363428357758,
            "f1": 0.006666666666666667,
            "entropy_rauc": 0.7173207000921172,
            "entropy_ap": 0.09586250190217534,