{
    "model_config": {
        "num_features": 9,
        "hidden_dim": 64,
        "depth": 4,
        "depth_enc": null,
        "depth_dec": null,
        "num_heads": 4,
        "mlp_ratio": 4.0,
        "dropout_prob": 0.0,
        "temperature": 0.1,
        "byol_loss_weight": 0.1,
        "dacl_alpha": 0.9,
        "projector_dim": null,
        "byol_momentum": 0.99,
        "use_flash_attn": false
    },
    "train_config": {
        "data_dir": "Data/",
        "epochs": 200,
        "learning_rate": 0.01,
        "sche_gamma": 0.95,
        "batch_size": 64,
        "random_seed": 42,
        "num_workers": 0,
        "preprocess": "standard",
        "patience": 10,
        "min_delta": 0,
        "use_amp": false,
        "model_type": "TAEDACL",
        "dataset_name": "glass",
        "base_path": "results/TAEDACL-260125-bw0.1-ap0.9-ep200-ep10_byol/glass/1.0",
        "exp_name": "TAEDACL-260125-bw0.1-ap0.9-ep200-ep10_byol",
        "runs": 10,
        "train_ratio": 1.0
    },
    "start_time_kst": "2026-01-25T15:48:27+09:00",
    "mean_metrics": {
        "rauc": 0.7957928802588996,
        "ap": 0.3471960171363427,
        "f1": 0.3222222222222222,
        "avg_normal": -1.338345205783844,
        "avg_abnormal": -1.2415180325508117
    },
    "std_metrics": {
        "rauc_std": 0.17721778587565637,
        "ap_std": 0.19440930149046934,
        "f1_std": 0.24062675364119682,
        "avg_normal_std": 0.05112060552997543,
        "avg_abnormal_std": 0.09471382752252853
    },
    "total_time": 200.49615669250488,
    "all_seeds": [
        {
            "rauc": 0.7777777777777778,
            "ap": 0.17240940643718422,
            "f1": 0.1111111111111111,
            "avg_normal": -1.3905208110809326,
            "avg_abnormal": -1.339414119720459,
            "run": 0,
            "epochs": 127,
            "train_time": 23.422527313232422,
            "test_time": 0.03872179985046387
        },
        {
            "rauc": 0.3462783171521035,
            "ap": 0.07743750941943062,
            "f1": 0.0,
            "avg_normal": -1.4450026750564575,
            "avg_abnormal": -1.4471080303192139,
            "run": 1,
            "epochs": 141,
            "train_time": 24.873399019241333,
            "test_time": 0.059112548828125
        },
        {
            "rauc": 0.6494066882416397,
            "ap": 0.1172374073275147,
            "f1": 0.0,
            "avg_normal": -1.2576611042022705,
            "avg_abnormal": -1.2423896789550781,
            "run": 2,
            "epochs": 125,
            "train_time": 22.174612760543823,
            "test_time": 0.04390430450439453
        },
        {
            "rauc": 0.9007551240560949,
            "ap": 0.39282072703125337,
            "f1": 0.2222222222222222,
            "avg_normal": -1.328081488609314,
            "avg_abnormal": -1.2102395296096802,
            "run": 3,
            "epochs": 92,
            "train_time": 15.484545230865479,
            "test_time": 0.04078269004821777
        },
        {
            "rauc": 0.9223300970873786,
            "ap": 0.5637788448712817,
            "f1": 0.6666666666666666,
            "avg_normal": -1.334639310836792,
            "avg_abnormal": -1.1362683773040771,
            "run": 4,
            "epochs": 110,
            "train_time": 19.44229245185852,
            "test_time": 0.037611961364746094
        },
        {
            "rauc": 0.7540453074433656,
            "ap": 0.28778589831221413,
            "f1": 0.3333333333333333,
            "avg_normal": -1.381209135055542,
            "avg_abnormal": -1.3014451265335083,
            "run": 5,
            "epochs": 102,
            "train_time": 18.17621350288391,
            "test_time": 0.05161905288696289
        },
        {
            "rauc": 0.8015102481121898,
            "ap": 0.22723545170353682,
            "f1": 0.2222222222222222,
            "avg_normal": -1.3245530128479004,
            "avg_abnormal": -1.2407338619232178,
            "run": 6,
            "epochs": 94,
            "train_time": 16.99471402168274,
            "test_time": 0.039006948471069336
        },
        {
            "rauc": 0.8921251348435814,
            "ap": 0.3853083739026946,
            "f1": 0.4444444444444444,
            "avg_normal": -1.3028779029846191,
            "avg_abnormal": -1.2083169221878052,
            "run": 7,
            "epochs": 112,
            "train_time": 19.99787974357605,
            "test_time": 0.04096221923828125
        },
        {
            "rauc": 0.9449838187702265,
            "ap": 0.6333301502419149,
            "f1": 0.5555555555555556,
            "avg_normal": -1.3244715929031372,
            "avg_abnormal": -1.1787772178649902,
            "run": 8,
            "epochs": 107,
            "train_time": 18.976033210754395,
            "test_time": 0.042237281799316406
        },
        {
            "rauc": 0.9687162891046387,
            "ap": 0.614616402116402,
            "f1": 0.6666666666666666,
            "avg_normal": -1.2944350242614746,
            "avg_abnormal": -1.110487461090088,
            "run": 9,
            "epochs": 107,
            "train_time": 18.32493782043457,
            "test_time": 0.03962254524230957
        }
    ]
}