{
    "model_config": {
        "hidden_dim": 32,
        "depth": 4,
        "num_heads": 4,
        "mlp_ratio": 4.0,
        "dropout_prob": 0.0,
        "num_prototypes": 16,
        "temperature": 0.1,
        "sinkhorn_iters": 3,
        "sinkhorn_eps": 0.05,
        "contrastive_loss_weight": 1.0,
        "use_flash_attn": false,
        "num_features": 16
    },
    "train_config": {
        "data_dir": "Data/",
        "epochs": 250,
        "learning_rate": 0.01,
        "sche_gamma": 0.95,
        "batch_size": 512,
        "random_seed": 42,
        "num_workers": 0,
        "preprocess": "standard",
        "patience": 20,
        "use_amp": false,
        "model_type": "ProtoAD",
        "dataset_name": "pendigits",
        "base_path": "results/ProtoAD-d32-proto16-eps0.05-contra1.0-temp0.1/pendigits/1.0",
        "exp_name": "ProtoAD-d32-proto16-eps0.05-contra1.0-temp0.1",
        "runs": 10,
        "train_ratio": 1.0,
        "run": 9
    },
    "mean_metrics": {
        "rauc": 0.9615573657798858,
        "ap": 0.5035894350663586,
        "f1": 0.5057692307692307,
        "entropy_rauc": 0.7446653758315958,
        "entropy_ap": 0.17783651341229834,
        "entropy_f1": 0.17756410256410254,
        "avg_normal_entropy": 0.0961092047393322,
        "avg_abnormal_entropy": 0.29525481909513474,
        "avg_normal_recon": 0.19541337490081787,
        "avg_abnormal_recon": 0.8526776850223541
    },
    "std_metrics": {
        "rauc_std": 0.013075613579053846,
        "ap_std": 0.08271474772652038,
        "f1_std": 0.06178170409765119,
        "entropy_rauc_std": 0.1821352561120447,
        "entropy_ap_std": 0.11745630394304792,
        "entropy_f1_std": 0.1092774818859644,
        "avg_normal_entropy_std": 0.016656100821834073,
        "avg_abnormal_entropy_std": 0.1689922640518625,
        "avg_normal_recon_std": 0.012696172463316524,
        "avg_abnormal_recon_std": 0.14982385828669226
    },
    "total_time": 454.30929946899414,
    "all_seeds": [
        {
            "run": 0,
            "train_time": 38.09345602989197,
            "test_time": 0.09486269950866699,
            "epochs": 140,
            "rauc": 0.9719472514378681,
            "ap": 0.5015083166526952,
            "f1": 0.5576923076923077,
            "entropy_rauc": 0.9148163424302834,
            "entropy_ap": 0.3299739102839172,
            "entropy_f1": 0.28205128205128205,
            "avg_normal_entropy": 0.09363401681184769,
            "avg_abnormal_entropy": 0.4763098955154419,
            "avg_normal_recon": 0.1812884509563446,
            "avg_abnormal_recon": 0.7501429915428162
        },
        {
            "run": 1,
            "train_time": 44.82195067405701,
            "test_time": 0.09527111053466797,
            "epochs": 168,
            "rauc": 0.9535853135048845,
            "ap": 0.45671703875867437,
            "f1": 0.5,
            "entropy_rauc": 0.9249768948160368,
            "entropy_ap": 0.43831602315304213,
            "entropy_f1": 0.4230769230769231,
            "avg_normal_entropy": 0.11167427897453308,
            "avg_abnormal_entropy": 0.6595145463943481,
            "avg_normal_recon": 0.17665793001651764,
            "avg_abnormal_recon": 0.7484477162361145
        },
        {
            "run": 2,
            "train_time": 46.88866448402405,
            "test_time": 0.0766594409942627,
            "epochs": 179,
            "rauc": 0.9694496001466512,
            "ap": 0.5505756024972515,
            "f1": 0.5192307692307693,
            "entropy_rauc": 0.3859864194984839,
            "entropy_ap": 0.039498920559944875,
            "entropy_f1": 0.057692307692307696,
            "avg_normal_entropy": 0.07828571647405624,
            "avg_abnormal_entropy": 0.07958297431468964,
            "avg_normal_recon": 0.21884582936763763,
            "avg_abnormal_recon": 0.9213485717773438
        },
        {
            "run": 3,
            "train_time": 54.86826705932617,
            "test_time": 0.09535980224609375,
            "epochs": 207,
            "rauc": 0.943527875163264,
            "ap": 0.4155062687918146,
            "f1": 0.4230769230769231,
            "entropy_rauc": 0.7697788012801418,
            "entropy_ap": 0.09284777921673844,
            "entropy_f1": 0.07692307692307693,
            "avg_normal_entropy": 0.08739043772220612,
            "avg_abnormal_entropy": 0.15184111893177032,
            "avg_normal_recon": 0.19672049582004547,
            "avg_abnormal_recon": 0.7963423728942871
        },
        {
            "run": 4,
            "train_time": 50.941808462142944,
            "test_time": 0.0948030948638916,
            "epochs": 193,
            "rauc": 0.9753060959495276,
            "ap": 0.6406453791020809,
            "f1": 0.5448717948717948,
            "entropy_rauc": 0.7711994836659716,
            "entropy_ap": 0.1768194717282225,
            "entropy_f1": 0.20512820512820512,
            "avg_normal_entropy": 0.0951414555311203,
            "avg_abnormal_entropy": 0.31009459495544434,
            "avg_normal_recon": 0.19329799711704254,
            "avg_abnormal_recon": 0.9484559893608093
        },
        {
            "run": 5,
            "train_time": 42.002445459365845,
            "test_time": 0.09624147415161133,
            "epochs": 158,
            "rauc": 0.9728981920670929,
            "ap": 0.5129644255459699,
            "f1": 0.5961538461538461,
            "entropy_rauc": 0.8033748844740802,
            "entropy_ap": 0.16648642231189642,
            "entropy_f1": 0.21794871794871795,
            "avg_normal_entropy": 0.08859212696552277,
            "avg_abnormal_entropy": 0.2697039246559143,
            "avg_normal_recon": 0.18000935018062592,
            "avg_abnormal_recon": 0.7476236820220947
        },
        {
            "run": 6,
            "train_time": 40.971858501434326,
            "test_time": 0.09643769264221191,
            "epochs": 153,
            "rauc": 0.93578668377596,
            "ap": 0.4448008797221869,
            "f1": 0.4358974358974359,
            "entropy_rauc": 0.8698127907243188,
            "entropy_ap": 0.1615650120685128,
            "entropy_f1": 0.16666666666666666,
            "avg_normal_entropy": 0.13678458333015442,
            "avg_abnormal_entropy": 0.39211007952690125,
            "avg_normal_recon": 0.19847501814365387,
            "avg_abnormal_recon": 0.7715578079223633
        },
        {
            "run": 7,
            "train_time": 52.26128149032593,
            "test_time": 0.09480619430541992,
            "epochs": 200,
            "rauc": 0.9742081223314468,
            "ap": 0.6445598566566924,
            "f1": 0.5641025641025641,
            "entropy_rauc": 0.8151222474278774,
            "entropy_ap": 0.14316669386591283,
            "entropy_f1": 0.1346153846153846,
            "avg_normal_entropy": 0.08892664313316345,
            "avg_abnormal_entropy": 0.24768990278244019,
            "avg_normal_recon": 0.21058514714241028,
            "avg_abnormal_recon": 1.2364879846572876
        },
        {
            "run": 8,
            "train_time": 36.230406761169434,
            "test_time": 0.062489986419677734,
            "epochs": 134,
            "rauc": 0.9595315567165433,
            "ap": 0.38714438443656407,
            "f1": 0.40384615384615385,
            "entropy_rauc": 0.40620822926452954,
            "entropy_ap": 0.04044205271357336,
            "entropy_f1": 0.038461538461538464,
            "avg_normal_entropy": 0.10261716693639755,
            "avg_abnormal_entropy": 0.09552912414073944,
            "avg_normal_recon": 0.1998216062784195,
            "avg_abnormal_recon": 0.7131693363189697
        },
        {
            "run": 9,
            "train_time": 44.64842486381531,
            "test_time": 0.0969548225402832,
            "epochs": 167,
            "rauc": 0.959332966705621,
            "ap": 0.48147219849965583,
            "f1": 0.5128205128205128,