{
    "model_config": {
        "num_heads": 4,
        "num_latents": 4,
        "num_memories": 28,
        "depth": 4,
        "hidden_dim": 16,
        "mlp_ratio": 4.0,
        "dropout_prob": 0.0,
        "temperature": 0.1,
        "sim_type": "cos",
        "use_oe": true,
        "oe_lambda": 0.2,
        "oe_shuffle_ratio": 0.3,
        "oe_lambda_memory": 0.0,
        "is_weight_sharing": false,
        "use_pos_enc_as_query": false,
        "use_mask_token": false,
        "num_features": 21
    },
    "train_config": {
        "data_dir": "Data/",
        "epochs": 250,
        "learning_rate": 0.01,
        "sche_gamma": 0.95,
        "batch_size": 512,
        "random_seed": 42,
        "num_workers": 0,
        "preprocess": "standard",
        "model_type": "OELATTE",
        "dataset_name": "cardio",
        "train_ratio": 1.0,
        "base_path": "results/OELATTE-d16-oe_lam0.2-oe_rat0.3/cardio/1.0",
        "not_use_power_of_two": false,
        "num_memories_not_use_power_of_two": false,
        "num_memories_twice": false,
        "contamination_ratio": null,
        "latent_ratio": null,
        "memory_ratio": null,
        "run": 9
    },
    "mean_metrics": {
        "AUC-ROC": 0.9199906675450155,
        "AUC-PR": 0.7466420377286636,
        "f1": 0.6801136363636364
    },
    "total_time": 88.07678270339966,
    "all_seeds": [
        {
            "run": 0,
            "AUC-ROC": 0.9117122310057093,
            "AUC-PR": 0.7191065411845713,
            "f1": 0.6477272727272727,
            "train_time": 7.895069599151611,
            "test_time": 0.03277730941772461,
            "epochs": 67
        },
        {
            "run": 1,
            "AUC-ROC": 0.9111083662714098,
            "AUC-PR": 0.7606589065398561,
            "f1": 0.6647727272727273,
            "train_time": 9.694170713424683,
            "test_time": 0.031313180923461914,
            "epochs": 91
        },
        {
            "run": 2,
            "AUC-ROC": 0.9194664031620553,
            "AUC-PR": 0.7050039464616301,
            "f1": 0.6988636363636364,
            "train_time": 8.04445219039917,
            "test_time": 0.03316545486450195,
            "epochs": 76
        },
        {
            "run": 3,
            "AUC-ROC": 0.9277969916556873,
            "AUC-PR": 0.7682134368957798,
            "f1": 0.7215909090909091,
            "train_time": 9.891317367553711,
            "test_time": 0.03149700164794922,
            "epochs": 94
        },
        {
            "run": 4,
            "AUC-ROC": 0.9152462121212122,
            "AUC-PR": 0.7028518263915556,
            "f1": 0.6590909090909091,
            "train_time": 7.652462959289551,
            "test_time": 0.03308820724487305,
            "epochs": 71
        },
        {
            "run": 5,
            "AUC-ROC": 0.9064284145805885,
            "AUC-PR": 0.7283429761769704,
            "f1": 0.6477272727272727,
            "train_time": 7.6315083503723145,
            "test_time": 0.03369712829589844,
            "epochs": 70
        },
        {
            "run": 6,
            "AUC-ROC": 0.941102602108037,
            "AUC-PR": 0.7966998836127446,
            "f1": 0.7272727272727273,
            "train_time": 10.153865575790405,
            "test_time": 0.03172779083251953,
            "epochs": 95
        },
        {
            "run": 7,
            "AUC-ROC": 0.918423364075538,
            "AUC-PR": 0.7600700964637008,
            "f1": 0.6875,
            "train_time": 6.682166576385498,
            "test_time": 0.032470703125,
            "epochs": 62
        },
        {
            "run": 8,
            "AUC-ROC": 0.939064558629776,
            "AUC-PR": 0.7711035376398845,
            "f1": 0.7215909090909091,
            "train_time": 8.738935708999634,
            "test_time": 0.03142905235290527,
            "epochs": 78
        },
        {
            "run": 9,
            "AUC-ROC": 0.9095575318401405,
            "AUC-PR": 0.7543692259199423,
            "f1": 0.625,
            "train_time": 9.779316663742065,
            "test_time": 0.03367495536804199,
            "epochs": 92
        }
    ]
}