{
    "model_config": {
        "num_features": 30,
        "hidden_dim": 64,
        "depth": 4,
        "depth_enc": null,
        "depth_dec": null,
        "num_heads": 4,
        "mlp_ratio": 4.0,
        "dropout_prob": 0.0,
        "temperature": 0.1,
        "byol_loss_weight": 0.01,
        "dacl_alpha": 0.9,
        "projector_dim": null,
        "byol_momentum": 0.99,
        "use_flash_attn": false
    },
    "train_config": {
        "data_dir": "Data/",
        "epochs": 200,
        "learning_rate": 0.01,
        "sche_gamma": 0.95,
        "batch_size": 512,
        "random_seed": 42,
        "num_workers": 0,
        "preprocess": "standard",
        "patience": 10,
        "min_delta": 0,
        "use_amp": false,
        "model_type": "TAEDACL",
        "dataset_name": "wbc",
        "base_path": "results/TAEDACL-260125-bw0.01-ap0.9-ep200-ep100_byol/wbc/1.0",
        "exp_name": "TAEDACL-260125-bw0.01-ap0.9-ep200-ep100_byol",
        "runs": 10,
        "train_ratio": 1.0
    },
    "start_time_kst": "2026-01-25T15:58:35+09:00",
    "mean_metrics": {
        "rauc": 0.8953977121574885,
        "ap": 0.5999875381101762,
        "f1": 0.580952380952381,
        "avg_normal": -0.140469092130661,
        "avg_abnormal": -0.12460001930594444
    },
    "std_metrics": {
        "rauc_std": 0.029385171886227305,
        "ap_std": 0.08679204840631032,
        "f1_std": 0.09943149056105285,
        "avg_normal_std": 0.00305175500014318,
        "avg_abnormal_std": 0.0066651303390301555
    },
    "total_time": 208.68656587600708,
    "all_seeds": [
        {
            "rauc": 0.928438414471934,
            "ap": 0.6490411236858108,
            "f1": 0.7142857142857143,
            "avg_normal": -0.13896267116069794,
            "avg_abnormal": -0.117202028632164,
            "run": 0,
            "epochs": 200,
            "train_time": 19.669395208358765,
            "test_time": 0.025075197219848633
        },
        {
            "rauc": 0.9159350891194467,
            "ap": 0.7377781210578933,
            "f1": 0.6666666666666666,
            "avg_normal": -0.14309260249137878,
            "avg_abnormal": -0.12635956704616547,
            "run": 1,
            "epochs": 200,
            "train_time": 21.227200746536255,
            "test_time": 0.033010005950927734
        },
        {
            "rauc": 0.9412077680234104,
            "ap": 0.7014439023385042,
            "f1": 0.7142857142857143,
            "avg_normal": -0.1418217420578003,
            "avg_abnormal": -0.12772533297538757,
            "run": 2,
            "epochs": 200,
            "train_time": 17.43734574317932,
            "test_time": 0.03050684928894043
        },
        {
            "rauc": 0.8895982974195265,
            "ap": 0.5057923385254424,
            "f1": 0.42857142857142855,
            "avg_normal": -0.14490802586078644,
            "avg_abnormal": -0.1325225830078125,
            "run": 3,
            "epochs": 200,
            "train_time": 21.712514877319336,
            "test_time": 0.028737306594848633
        },
        {
            "rauc": 0.8864059590316573,
            "ap": 0.6239051828149572,
            "f1": 0.6666666666666666,
            "avg_normal": -0.13915733993053436,
            "avg_abnormal": -0.1221257820725441,
            "run": 4,
            "epochs": 200,
            "train_time": 19.04154896736145,
            "test_time": 0.030361175537109375
        },
        {
            "rauc": 0.89146049481245,
            "ap": 0.5065876799719164,
            "f1": 0.5714285714285714,
            "avg_normal": -0.13428257405757904,
            "avg_abnormal": -0.11584228277206421,
            "run": 5,
            "epochs": 200,
            "train_time": 20.871344804763794,
            "test_time": 0.03155374526977539
        },
        {
            "rauc": 0.9018355945730248,
            "ap": 0.5644051534084636,
            "f1": 0.5238095238095238,
            "avg_normal": -0.14110341668128967,
            "avg_abnormal": -0.12796899676322937,
            "run": 6,
            "epochs": 200,
            "train_time": 21.685850143432617,
            "test_time": 0.03402447700500488
        },
        {
            "rauc": 0.9036977919659483,
            "ap": 0.6734333982931171,
            "f1": 0.5714285714285714,
            "avg_normal": -0.13972929120063782,
            "avg_abnormal": -0.11619821190834045,
            "run": 7,
            "epochs": 200,
            "train_time": 21.719614028930664,
            "test_time": 0.033672332763671875
        },
        {
            "rauc": 0.8584729981378025,
            "ap": 0.4657676717590894,
            "f1": 0.47619047619047616,
            "avg_normal": -0.1440770924091339,
            "avg_abnormal": -0.13674332201480865,
            "run": 8,
            "epochs": 200,
            "train_time": 21.58792996406555,
            "test_time": 0.02963542938232422
        },
        {
            "rauc": 0.836924714019686,
            "ap": 0.5717208092465674,
            "f1": 0.47619047619047616,
            "avg_normal": -0.13755616545677185,
            "avg_abnormal": -0.1233120858669281,
            "run": 9,
            "epochs": 200,
            "train_time": 21.308836936950684,
            "test_time": 0.029546022415161133
        }
    ]
}