{
    "model_config": {
        "num_heads": 4,
        "num_latents": 7,
        "num_memories": 135,
        "depth": 4,
        "hidden_dim": 64,
        "mlp_ratio": 4.0,
        "dropout_prob": 0.0,
        "temperature": 0.1,
        "sim_type": "cos",
        "use_oe": true,
        "oe_lambda": 0.1,
        "oe_shuffle_ratio": 0.5,
        "oe_lambda_memory": 0.0,
        "is_weight_sharing": false,
        "use_pos_enc_as_query": false,
        "use_mask_token": false,
        "num_features": 62
    },
    "train_config": {
        "data_dir": "Data/",
        "epochs": 250,
        "learning_rate": 0.01,
        "sche_gamma": 0.95,
        "batch_size": 512,
        "random_seed": 42,
        "num_workers": 0,
        "preprocess": "standard",
        "model_type": "OELATTE",
        "dataset_name": "campaign",
        "train_ratio": 1.0,
        "base_path": "results/OELATTE-d64-oe_lam0.1-oe_rat0.5/campaign/1.0",
        "not_use_power_of_two": false,
        "num_memories_not_use_power_of_two": false,
        "num_memories_twice": false,
        "contamination_ratio": null,
        "latent_ratio": null,
        "memory_ratio": null,
        "run": 9
    },
    "mean_metrics": {
        "AUC-ROC": 0.7910798234631453,
        "AUC-PR": 0.47156158473298915,
        "f1": 0.4929094827586207
    },
    "total_time": 2258.571448802948,
    "all_seeds": [
        {
            "run": 0,
            "AUC-ROC": 0.8642420230080045,
            "AUC-PR": 0.5767826166689738,
            "f1": 0.5782327586206897,
            "train_time": 283.1930682659149,
            "test_time": 0.2780020236968994,
            "epochs": 172
        },
        {
            "run": 1,
            "AUC-ROC": 0.7475208028270806,
            "AUC-PR": 0.42473614074625365,
            "f1": 0.4603448275862069,
            "train_time": 190.12961339950562,
            "test_time": 0.281172513961792,
            "epochs": 110
        },
        {
            "run": 2,
            "AUC-ROC": 0.7472988226630638,
            "AUC-PR": 0.42179456039800334,
            "f1": 0.44073275862068967,
            "train_time": 17.946711778640747,
            "test_time": 0.36339306831359863,
            "epochs": 6
        },
        {
            "run": 3,
            "AUC-ROC": 0.7841675849992263,
            "AUC-PR": 0.4541546958605777,
            "f1": 0.49030172413793105,
            "train_time": 329.9548888206482,
            "test_time": 0.2815513610839844,
            "epochs": 186
        },
        {
            "run": 4,
            "AUC-ROC": 0.8076192609718726,
            "AUC-PR": 0.5147854752169722,
            "f1": 0.5353448275862069,
            "train_time": 283.8126482963562,
            "test_time": 0.2914721965789795,
            "epochs": 161
        },
        {
            "run": 5,
            "AUC-ROC": 0.8418992218075049,
            "AUC-PR": 0.5408575728222118,
            "f1": 0.5476293103448275,
            "train_time": 260.2239055633545,
            "test_time": 0.22770452499389648,
            "epochs": 149
        },
        {
            "run": 6,
            "AUC-ROC": 0.7701256236484472,
            "AUC-PR": 0.4232619634701948,
            "f1": 0.47413793103448276,
            "train_time": 229.80879521369934,
            "test_time": 0.22846531867980957,
            "epochs": 129
        },
        {
            "run": 7,
            "AUC-ROC": 0.8566661744781544,
            "AUC-PR": 0.5570979014567444,
            "f1": 0.5648706896551724,
            "train_time": 232.39771008491516,
            "test_time": 0.28127193450927734,
            "epochs": 132
        },
        {
            "run": 8,
            "AUC-ROC": 0.7283955169488967,
            "AUC-PR": 0.37663730339507817,
            "f1": 0.3941810344827586,
            "train_time": 224.34269642829895,
            "test_time": 0.3506202697753906,
            "epochs": 126
        },
        {
            "run": 9,
            "AUC-ROC": 0.7628632032792022,
            "AUC-PR": 0.4255076172948815,
            "f1": 0.44331896551724137,
            "train_time": 201.29094529151917,
            "test_time": 0.28217530250549316,
            "epochs": 140
        }
    ]
}