{
    "model_config": {
        "num_features": 13,
        "hidden_dim": 64,
        "depth": 4,
        "num_heads": 4,
        "mlp_ratio": 4.0,
        "dropout_prob": 0.0,
        "use_flash_attn": false,
        "ema_decay": 0.999,
        "contrastive_loss_weight": 0.1
    },
    "train_config": {
        "data_dir": "Data/",
        "epochs": 200,
        "learning_rate": 0.01,
        "sche_gamma": 0.95,
        "batch_size": 512,
        "random_seed": 42,
        "num_workers": 0,
        "preprocess": "standard",
        "patience": 10,
        "min_delta": 0,
        "use_amp": false,
        "model_type": "TKDAD",
        "dataset_name": "wine",
        "base_path": "results/TKDAD-d64-lr0.01-contra0.1/wine/1.0",
        "exp_name": "TKDAD-d64-lr0.01-contra0.1",
        "runs": 10,
        "train_ratio": 1.0
    },
    "mean_metrics": {
        "f1": 0.42000000000000004,
        "avg_abnormal_score": 0.05179864428937435,
        "ap": 0.4888783817442504,
        "avg_normal_score": 0.028292270936071874,
        "rauc": 0.8035
    },
    "std_metrics": {
        "f1_std": 0.285657137141714,
        "avg_abnormal_score_std": 0.028755156338753085,
        "ap_std": 0.2559979000415555,
        "avg_normal_score_std": 0.0037585081709830743,
        "rauc_std": 0.16750530671527328
    },
    "total_time": 30.457471132278442,
    "all_seeds": [
        {
            "run": 0,
            "train_time": 3.89278507232666,
            "test_time": 0.017853498458862305,
            "epochs": 62,
            "rauc": 0.8966666666666666,
            "ap": 0.565736215538847,
            "f1": 0.6,
            "avg_normal_score": 0.022933999076485634,
            "avg_abnormal_score": 0.03611009195446968
        },
        {
            "run": 1,
            "train_time": 2.6928932666778564,
            "test_time": 0.017353057861328125,
            "epochs": 53,
            "rauc": 0.9033333333333333,
            "ap": 0.49071745957935214,
            "f1": 0.5,
            "avg_normal_score": 0.024565665051341057,
            "avg_abnormal_score": 0.03654641658067703
        },
        {
            "run": 2,
            "train_time": 2.651293992996216,
            "test_time": 0.017534732818603516,
            "epochs": 54,
            "rauc": 0.865,
            "ap": 0.43955808775449345,
            "f1": 0.5,
            "avg_normal_score": 0.027218127623200417,
            "avg_abnormal_score": 0.040012527257204056
        },
        {
            "run": 3,
            "train_time": 2.5566513538360596,
            "test_time": 0.01782989501953125,
            "epochs": 51,
            "rauc": 0.9616666666666667,
            "ap": 0.8057556770714664,
            "f1": 0.7,
            "avg_normal_score": 0.03409532457590103,
            "avg_abnormal_score": 0.09009306132793427
        },
        {
            "run": 4,
            "train_time": 2.5835580825805664,
            "test_time": 0.01701831817626953,
            "epochs": 53,
            "rauc": 0.9616666666666667,
            "ap": 0.8416211484593837,
            "f1": 0.7,
            "avg_normal_score": 0.03260106220841408,
            "avg_abnormal_score": 0.10901739448308945
        },
        {
            "run": 5,
            "train_time": 2.681424379348755,
            "test_time": 0.01753711700439453,
            "epochs": 55,
            "rauc": 0.5733333333333334,
            "ap": 0.16686175489127736,
            "f1": 0.0,
            "avg_normal_score": 0.029178444296121597,
            "avg_abnormal_score": 0.02947377599775791
        },
        {
            "run": 6,
            "train_time": 2.6746695041656494,
            "test_time": 0.01811838150024414,
            "epochs": 54,
            "rauc": 0.635,
            "ap": 0.29680323524128316,
            "f1": 0.3,
            "avg_normal_score": 0.022718412801623344,
            "avg_abnormal_score": 0.02753925882279873
        },
        {
            "run": 7,
            "train_time": 3.0355384349823,
            "test_time": 0.01719069480895996,
            "epochs": 60,
            "rauc": 0.7866666666666667,
            "ap": 0.2829453991605695,
            "f1": 0.1,
            "avg_normal_score": 0.02789243310689926,
            "avg_abnormal_score": 0.03674164414405823
        },
        {
            "run": 8,
            "train_time": 2.9927875995635986,
            "test_time": 0.017768383026123047,
            "epochs": 56,
            "rauc": 0.9650000000000001,
            "ap": 0.8450443510737627,
            "f1": 0.8,
            "avg_normal_score": 0.03105279989540577,
            "avg_abnormal_score": 0.08413341641426086
        },
        {
            "run": 9,
            "train_time": 2.7794461250305176,
            "test_time": 0.01810479164123535,
            "epochs": 54,
            "rauc": 0.4866666666666667,
            "ap": 0.15374048867206835,
            "f1": 0.0,
            "avg_normal_score": 0.030666440725326538,
            "avg_abnormal_score": 0.0283188559114933
        }
    ]
}