{
    "model_config": {
        "model_type": "ICL",
        "dataset_name": "arrhythmia",
        "train_ratio": 1.0
    },
    "mean_metrics": {
        "run": 2,
        "AUC-ROC": 0.7224839064217303,
        "AUC-PR": 0.4173746373014353,
        "f1": 0.4242424242424243
    },
    "total_time": 9.593640089035034,
    "all_seeds": []
}