{
    "model_config": {
        "num_features": 29,
        "hidden_dim": 128,
        "depth": 4,
        "num_heads": 4,
        "mlp_ratio": 4.0,
        "dropout_prob": 0.0,
        "temperature": 0.1,
        "contrastive_loss_weight": 0.01,
        "use_flash_attn": false
    },
    "train_config": {
        "data_dir": "Data/",
        "epochs": 200,
        "learning_rate": 0.001,
        "sche_gamma": 0.95,
        "batch_size": 2048,
        "random_seed": 42,
        "num_workers": 0,
        "preprocess": "standard",
        "patience": 20,
        "min_delta": 0,
        "use_amp": false,
        "model_type": "TAECL",
        "dataset_name": "fraud",
        "base_path": "results/TAECL-temp0.1-contra0.01-combined/fraud/1.0",
        "exp_name": "TAECL-temp0.1-contra0.01-combined",
        "runs": 10,
        "train_ratio": 1.0,
        "run": 9
    },
    "mean_metrics": {
        "rauc": 0.9470037896971846,
        "ap": 0.707386167627633,
        "f1": 0.7467479674796748,
        "avg_normal": -0.14053909480571747,
        "avg_abnormal": 1.678964763879776
    },
    "std_metrics": {
        "rauc_std": 0.0023875612226167335,
        "ap_std": 0.03227197534871114,
        "f1_std": 0.020511342782996538,
        "avg_normal_std": 0.004377006496488775,
        "avg_abnormal_std": 0.3798135312090183
    },
    "total_time": 13627.707449674606,
    "all_seeds": [
        {
            "rauc": 0.9460901499499527,
            "ap": 0.731618724389897,
            "f1": 0.7479674796747967,
            "avg_normal": -0.13721725344657898,
            "avg_abnormal": 2.206225872039795,
            "run": 0,
            "epochs": 200,
            "train_time": 1330.5835509300232,
            "test_time": 8.224691390991211
        },
        {
            "rauc": 0.9467092080757047,
            "ap": 0.7486023635108309,
            "f1": 0.7682926829268293,
            "avg_normal": -0.14503635466098785,
            "avg_abnormal": 1.8723176717758179,
            "run": 1,
            "epochs": 200,
            "train_time": 1370.45010972023,
            "test_time": 7.869725465774536
        },
        {
            "rauc": 0.9426468982697255,
            "ap": 0.7160815283323125,
            "f1": 0.7682926829268293,
            "avg_normal": -0.14394211769104004,
            "avg_abnormal": 1.4874088764190674,
            "run": 2,
            "epochs": 200,
            "train_time": 1388.697338104248,
            "test_time": 7.7808451652526855
        },
        {
            "rauc": 0.9456585550006938,
            "ap": 0.6740490443222162,
            "f1": 0.725609756097561,
            "avg_normal": -0.1340358555316925,
            "avg_abnormal": 1.3664054870605469,
            "run": 3,
            "epochs": 200,
            "train_time": 1379.844304561615,
            "test_time": 7.561293125152588
        },
        {
            "rauc": 0.9515372337912804,
            "ap": 0.6662127996906215,
            "f1": 0.7235772357723578,
            "avg_normal": -0.1355457603931427,
            "avg_abnormal": 0.978828489780426,
            "run": 4,
            "epochs": 200,
            "train_time": 1364.7689683437347,
            "test_time": 7.752891302108765
        },
        {
            "rauc": 0.9469924652713797,
            "ap": 0.6544472058747929,
            "f1": 0.7073170731707317,
            "avg_normal": -0.13437022268772125,
            "avg_abnormal": 1.5628576278686523,
            "run": 5,
            "epochs": 200,
            "train_time": 1369.0493767261505,
            "test_time": 7.732766151428223
        },
        {
            "rauc": 0.9457310153125167,
            "ap": 0.718353543801325,
            "f1": 0.7520325203252033,
            "avg_normal": -0.14421240985393524,
            "avg_abnormal": 1.3193778991699219,
            "run": 6,
            "epochs": 193,
            "train_time": 1309.8496191501617,
            "test_time": 7.656783103942871
        },
        {
            "rauc": 0.9504345588448075,
            "ap": 0.7382156223655867,
            "f1": 0.7682926829268293,
            "avg_normal": -0.14367154240608215,
            "avg_abnormal": 2.1142845153808594,
            "run": 7,
            "epochs": 200,
            "train_time": 1361.1871876716614,
            "test_time": 8.03889775276184
        },
        {
            "rauc": 0.9479319043496434,
            "ap": 0.6875758192618807,
            "f1": 0.7439024390243902,
            "avg_normal": -0.14321692287921906,
            "avg_abnormal": 1.8124505281448364,
            "run": 8,
            "epochs": 200,
            "train_time": 1341.1530992984772,
            "test_time": 7.286720514297485
        },
        {
            "rauc": 0.9463059081061413,
            "ap": 0.7387050247268665,
            "f1": 0.7621951219512195,
            "avg_normal": -0.1441425085067749,
            "avg_abnormal": 2.069490671157837,
            "run": 9,
            "epochs": 200,
            "train_time": 1324.245869398117,
            "test_time": 6.704962730407715
        }
    ]
}