{
    "model_config": {
        "num_heads": 4,
        "num_latents": 5,
        "num_memories": 13,
        "depth": 4,
        "hidden_dim": 32,
        "mlp_ratio": 4.0,
        "dropout_prob": 0.0,
        "temperature": 0.1,
        "sim_type": "cos",
        "use_oe": true,
        "oe_lambda": 0.1,
        "oe_shuffle_ratio": 0.3,
        "oe_lambda_memory": 0.0,
        "is_weight_sharing": false,
        "use_pos_enc_as_query": false,
        "use_mask_token": false,
        "num_features": 30
    },
    "train_config": {
        "data_dir": "Data/",
        "epochs": 250,
        "learning_rate": 0.01,
        "sche_gamma": 0.95,
        "batch_size": 512,
        "random_seed": 42,
        "num_workers": 0,
        "preprocess": "standard",
        "model_type": "OELATTE",
        "dataset_name": "wbc",
        "train_ratio": 1.0,
        "base_path": "results/OELATTE-d32-oe_lam0.1-oe_rat0.3/wbc/1.0",
        "not_use_power_of_two": false,
        "num_memories_not_use_power_of_two": false,
        "num_memories_twice": false,
        "contamination_ratio": null,
        "latent_ratio": null,
        "memory_ratio": null,
        "run": 9
    },
    "mean_metrics": {
        "AUC-ROC": 0.9518222931630754,
        "AUC-PR": 0.7799699629224741,
        "f1": 0.680952380952381
    },
    "total_time": 147.26230835914612,
    "all_seeds": [
        {
            "run": 0,
            "AUC-ROC": 0.9436020218143124,
            "AUC-PR": 0.770893233662846,
            "f1": 0.7142857142857143,
            "train_time": 15.274296283721924,
            "test_time": 0.018718957901000977,
            "epochs": 250
        },
        {
            "run": 1,
            "AUC-ROC": 0.9531790369779196,
            "AUC-PR": 0.7464095373599007,
            "f1": 0.6190476190476191,
            "train_time": 14.559717893600464,
            "test_time": 0.020353317260742188,
            "epochs": 250
        },
        {
            "run": 2,
            "AUC-ROC": 0.9420058526203778,
            "AUC-PR": 0.785805099524385,
            "f1": 0.7142857142857143,
            "train_time": 14.885283946990967,
            "test_time": 0.018276453018188477,
            "epochs": 250
        },
        {
            "run": 3,
            "AUC-ROC": 0.945464219207236,
            "AUC-PR": 0.7092371863227351,
            "f1": 0.6666666666666666,
            "train_time": 14.691972970962524,
            "test_time": 0.018637895584106445,
            "epochs": 250
        },
        {
            "run": 4,
            "AUC-ROC": 0.960095770151636,
            "AUC-PR": 0.8153100628363237,
            "f1": 0.6666666666666666,
            "train_time": 14.198030233383179,
            "test_time": 0.018568754196166992,
            "epochs": 250
        },
        {
            "run": 5,
            "AUC-ROC": 0.9616919393455707,
            "AUC-PR": 0.7892772913040031,
            "f1": 0.6666666666666666,
            "train_time": 14.270852327346802,
            "test_time": 0.01872992515563965,
            "epochs": 250
        },
        {
            "run": 6,
            "AUC-ROC": 0.9499866985900506,
            "AUC-PR": 0.8040075800638622,
            "f1": 0.7142857142857143,
            "train_time": 14.229977130889893,
            "test_time": 0.018674135208129883,
            "epochs": 250
        },
        {
            "run": 7,
            "AUC-ROC": 0.9523809523809524,
            "AUC-PR": 0.8034688995215313,
            "f1": 0.6666666666666666,
            "train_time": 14.514561414718628,
            "test_time": 0.018410205841064453,
            "epochs": 250
        },
        {
            "run": 8,
            "AUC-ROC": 0.9547752061718542,
            "AUC-PR": 0.7851515494372641,
            "f1": 0.6666666666666666,
            "train_time": 14.453243970870972,
            "test_time": 0.018746376037597656,
            "epochs": 250
        },
        {
            "run": 9,
            "AUC-ROC": 0.9550412343708433,
            "AUC-PR": 0.7901391891918899,
            "f1": 0.7142857142857143,
            "train_time": 14.426681280136108,
            "test_time": 0.018185138702392578,
            "epochs": 250
        }
    ]
}