{
    "model_config": {
        "num_heads": 4,
        "num_latents": 6,
        "num_memories": 46,
        "depth": 4,
        "hidden_dim": 32,
        "mlp_ratio": 4.0,
        "dropout_prob": 0.0,
        "temperature": 0.1,
        "sim_type": "cos",
        "use_oe": true,
        "oe_lambda": 1.0,
        "oe_shuffle_ratio": 0.3,
        "oe_lambda_memory": 0.01,
        "is_weight_sharing": false,
        "use_pos_enc_as_query": false,
        "use_mask_token": false,
        "num_features": 36
    },
    "train_config": {
        "data_dir": "Data/",
        "epochs": 250,
        "learning_rate": 0.01,
        "sche_gamma": 0.95,
        "batch_size": 512,
        "random_seed": 42,
        "num_workers": 0,
        "preprocess": "standard",
        "model_type": "OELATTE",
        "dataset_name": "satellite",
        "train_ratio": 1.0,
        "base_path": "results/OELATTE-d32-oe_lam1.0-oe_rat0.3-oe_lam_mem0.01/satellite/1.0",
        "not_use_power_of_two": false,
        "num_memories_not_use_power_of_two": false,
        "num_memories_twice": false,
        "contamination_ratio": null,
        "latent_ratio": null,
        "memory_ratio": null,
        "run": 9
    },
    "mean_metrics": {
        "AUC-ROC": 0.8188263082693339,
        "AUC-PR": 0.8475403541672101,
        "f1": 0.7365422396856582
    },
    "total_time": 244.7725899219513,
    "all_seeds": [
        {
            "run": 0,
            "AUC-ROC": 0.8341875781389534,
            "AUC-PR": 0.8657606370690856,
            "f1": 0.75049115913556,
            "train_time": 24.6603844165802,
            "test_time": 0.08850526809692383,
            "epochs": 92
        },
        {
            "run": 1,
            "AUC-ROC": 0.8144043579210574,
            "AUC-PR": 0.8333079327018318,
            "f1": 0.7102161100196464,
            "train_time": 24.730918407440186,
            "test_time": 0.09283709526062012,
            "epochs": 91
        },
        {
            "run": 2,
            "AUC-ROC": 0.8219423111269871,
            "AUC-PR": 0.8503335711743665,
            "f1": 0.7333005893909627,
            "train_time": 29.465696573257446,
            "test_time": 0.09036612510681152,
            "epochs": 110
        },
        {
            "run": 3,
            "AUC-ROC": 0.8163868547954991,
            "AUC-PR": 0.8518907002448216,
            "f1": 0.7416502946954814,
            "train_time": 24.949126482009888,
            "test_time": 0.09508824348449707,
            "epochs": 91
        },
        {
            "run": 4,
            "AUC-ROC": 0.8171711466333275,
            "AUC-PR": 0.846188523257284,
            "f1": 0.7406679764243614,
            "train_time": 22.057739734649658,
            "test_time": 0.09432268142700195,
            "epochs": 78
        },
        {
            "run": 5,
            "AUC-ROC": 0.8137124933023754,
            "AUC-PR": 0.8424784277506604,
            "f1": 0.7372298624754421,
            "train_time": 21.584295511245728,
            "test_time": 0.1651628017425537,
            "epochs": 79
        },
        {
            "run": 6,
            "AUC-ROC": 0.8244588319342738,
            "AUC-PR": 0.8507029972462444,
            "f1": 0.7416502946954814,
            "train_time": 28.81154179573059,
            "test_time": 0.09028506278991699,
            "epochs": 107
        },
        {
            "run": 7,
            "AUC-ROC": 0.8203435881407394,
            "AUC-PR": 0.8504299281594077,
            "f1": 0.7401768172888016,
            "train_time": 26.629889249801636,
            "test_time": 0.08918190002441406,
            "epochs": 98
        },
        {
            "run": 8,
            "AUC-ROC": 0.8144505715306305,
            "AUC-PR": 0.8457205490717431,
            "f1": 0.7411591355599214,
            "train_time": 15.641220092773438,
            "test_time": 0.09562397003173828,
            "epochs": 56
        },
        {
            "run": 9,
            "AUC-ROC": 0.8112053491694946,
            "AUC-PR": 0.8385902749966561,
            "f1": 0.7288801571709234,
            "train_time": 23.433733701705933,
            "test_time": 0.09429097175598145,
            "epochs": 85
        }
    ]
}