{
    "model_config": {
        "hidden_dim": 128,
        "depth": 4,
        "num_heads": 4,
        "mlp_ratio": 4.0,
        "dropout_prob": 0.0,
        "num_prototypes": 64,
        "temperature": 0.1,
        "sinkhorn_iters": 3,
        "sinkhorn_eps": 0.1,
        "contrastive_loss_weight": 0.1,
        "use_flash_attn": false,
        "num_features": 33
    },
    "train_config": {
        "data_dir": "Data/",
        "epochs": 250,
        "learning_rate": 0.01,
        "sche_gamma": 0.95,
        "batch_size": 32,
        "random_seed": 42,
        "num_workers": 0,
        "preprocess": "standard",
        "patience": 5,
        "use_amp": false,
        "model_type": "ProtoAD",
        "dataset_name": "ionosphere",
        "base_path": "results/ProtoAD-d128-proto64-eps0.1-contra0.1-temp0.1/ionosphere/1.0",
        "exp_name": "ProtoAD-d128-proto64-eps0.1-contra0.1-temp0.1",
        "runs": 10,
        "train_ratio": 1.0,
        "run": 9
    },
    "mean_metrics": {
        "rauc": 0.9467621857002386,
        "ap": 0.9560945792848831,
        "f1": 0.8746031746031745,
        "entropy_rauc": 0.3925059699395982,
        "entropy_ap": 0.4724919896533887,
        "entropy_f1": 0.4238095238095238,
        "avg_normal_entropy": 3.8452300071716308,
        "avg_abnormal_entropy": 3.8382243156433105,
        "avg_normal_recon": 0.7455168932676315,
        "avg_abnormal_recon": 3.7782822132110594
    },
    "std_metrics": {
        "rauc_std": 0.018548446883316905,
        "ap_std": 0.01759474979820336,
        "f1_std": 0.025790598109955407,
        "entropy_rauc_std": 0.09104169096424165,
        "entropy_ap_std": 0.07753004203120262,
        "entropy_f1_std": 0.08482786803738025,
        "avg_normal_entropy_std": 0.16758003257872683,
        "avg_abnormal_entropy_std": 0.18242378798421585,
        "avg_normal_recon_std": 0.21621725537901193,
        "avg_abnormal_recon_std": 0.3474967464402077
    },
    "total_time": 24.33939528465271,
    "all_seeds": [
        {
            "run": 0,
            "train_time": 2.0846593379974365,
            "test_time": 0.08785057067871094,
            "epochs": 7,
            "rauc": 0.9325045652479281,
            "ap": 0.9447886824206518,
            "f1": 0.8650793650793651,
            "entropy_rauc": 0.4310998735777497,
            "entropy_ap": 0.45724919871065295,
            "entropy_f1": 0.48412698412698413,
            "avg_normal_entropy": 3.6528701782226562,
            "avg_abnormal_entropy": 3.6038568019866943,
            "avg_normal_recon": 1.0583285093307495,
            "avg_abnormal_recon": 3.9269754886627197
        },
        {
            "run": 1,
            "train_time": 2.3430256843566895,
            "test_time": 0.06561136245727539,
            "epochs": 13,
            "rauc": 0.938614974013204,
            "ap": 0.9509737257545547,
            "f1": 0.8492063492063492,
            "entropy_rauc": 0.5377862059277988,
            "entropy_ap": 0.6656839167791692,
            "entropy_f1": 0.49206349206349204,
            "avg_normal_entropy": 3.5505294799804688,
            "avg_abnormal_entropy": 3.504072666168213,
            "avg_normal_recon": 0.7072243094444275,
            "avg_abnormal_recon": 3.5898239612579346
        },
        {
            "run": 2,
            "train_time": 1.7751336097717285,
            "test_time": 0.06549978256225586,
            "epochs": 10,
            "rauc": 0.9732406236831015,
            "ap": 0.9768855572720151,
            "f1": 0.9206349206349206,
            "entropy_rauc": 0.536662452591656,
            "entropy_ap": 0.5547698981158455,
            "entropy_f1": 0.5714285714285714,
            "avg_normal_entropy": 3.7754154205322266,
            "avg_abnormal_entropy": 3.8099467754364014,
            "avg_normal_recon": 0.573136031627655,
            "avg_abnormal_recon": 4.446618556976318
        },
        {
            "run": 3,
            "train_time": 2.7537569999694824,
            "test_time": 0.08683586120605469,
            "epochs": 16,
            "rauc": 0.9695181907571289,
            "ap": 0.9765387978558342,
            "f1": 0.9126984126984127,
            "entropy_rauc": 0.2541087231352718,
            "entropy_ap": 0.41899528337394154,
            "entropy_f1": 0.2857142857142857,
            "avg_normal_entropy": 4.046747207641602,
            "avg_abnormal_entropy": 3.975825071334839,
            "avg_normal_recon": 0.4370444715023041,
            "avg_abnormal_recon": 3.478407382965088
        },
        {
            "run": 4,
            "train_time": 1.291734218597412,
            "test_time": 0.06411361694335938,
            "epochs": 7,
            "rauc": 0.95188931029639,
            "ap": 0.9622927956205227,
            "f1": 0.8888888888888888,
            "entropy_rauc": 0.39366484056749546,
            "entropy_ap": 0.4701606752041985,
            "entropy_f1": 0.35714285714285715,
            "avg_normal_entropy": 3.748974561691284,
            "avg_abnormal_entropy": 3.7777984142303467,
            "avg_normal_recon": 1.071390986442566,
            "avg_abnormal_recon": 4.106171607971191
        },
        {
            "run": 5,
            "train_time": 4.321873664855957,
            "test_time": 0.06343579292297363,
            "epochs": 26,
            "rauc": 0.9523809523809523,
            "ap": 0.9629346240058653,
            "f1": 0.8650793650793651,
            "entropy_rauc": 0.3836212951257199,
            "entropy_ap": 0.43499670097768905,
            "entropy_f1": 0.4126984126984127,
            "avg_normal_entropy": 4.096292495727539,
            "avg_abnormal_entropy": 4.0968756675720215,
            "avg_normal_recon": 0.4391080141067505,
            "avg_abnormal_recon": 3.2709999084472656
        },
        {
            "run": 6,
            "train_time": 2.1212687492370605,
            "test_time": 0.061130523681640625,
            "epochs": 12,
            "rauc": 0.9111532518612164,
            "ap": 0.9186488797065527,
            "f1": 0.8492063492063492,
            "entropy_rauc": 0.39784379828627614,
            "entropy_ap": 0.4327248690070592,
            "entropy_f1": 0.47619047619047616,
            "avg_normal_entropy": 3.9003515243530273,
            "avg_abnormal_entropy": 3.995669364929199,
            "avg_normal_recon": 0.9078432321548462,
            "avg_abnormal_recon": 3.814034938812256
        },
        {
            "run": 7,
            "train_time": 1.630443811416626,
            "test_time": 0.06167006492614746,
            "epochs": 9,
            "rauc": 0.9522404832139345,
            "ap": 0.9621399133406386,
            "f1": 0.8650793650793651,
            "entropy_rauc": 0.25625087793229384,
            "entropy_ap": 0.3894911203711725,
            "entropy_f1": 0.30158730158730157,
            "avg_normal_entropy": 3.8776888847351074,
            "avg_abnormal_entropy": 3.8365590572357178,
            "avg_normal_recon": 0.7898615002632141,
            "avg_abnormal_recon": 3.8347506523132324
        },
        {
            "run": 8,
            "train_time": 1.3899476528167725,
            "test_time": 0.06533241271972656,
            "epochs": 8,
            "rauc": 0.9261834527321253,
            "ap": 0.9363371004332469,
            "f1": 0.8412698412698413,
            "entropy_rauc": 0.35320972046635757,
            "entropy_ap": 0.4182824221568155,
            "entropy_f1": 0.4444444444444444,
            "avg_normal_entropy": 3.7818691730499268,
            "avg_abnormal_entropy": 3.7398407459259033,
            "avg_normal_recon": 0.8214020729064941,
            "avg_abnormal_recon": 3.3297741413116455
        },
        {
            "run": 9,
            "train_time": 1.9435527324676514,
            "test_time": 0.02931809425354004,
            "epochs": 14,
            "rauc": 0.9598960528164068,
            "ap": 0.9694057164389472,
            "f1": 0.8888888888888888,
            "entropy_rauc": 0.3808119117853631,