{
    "model_config": {
        "num_heads": 4,
        "num_latents": 4,
        "num_memories": 28,
        "depth": 4,
        "hidden_dim": 64,
        "mlp_ratio": 4.0,
        "dropout_prob": 0.0,
        "temperature": 0.1,
        "sim_type": "cos",
        "use_oe": true,
        "oe_lambda": 1.0,
        "oe_shuffle_ratio": 0.5,
        "oe_lambda_memory": 0.0,
        "is_weight_sharing": false,
        "use_pos_enc_as_query": false,
        "use_mask_token": false,
        "num_features": 21
    },
    "train_config": {
        "data_dir": "Data/",
        "epochs": 250,
        "learning_rate": 0.01,
        "sche_gamma": 0.95,
        "batch_size": 512,
        "random_seed": 42,
        "num_workers": 0,
        "preprocess": "standard",
        "model_type": "OELATTE",
        "dataset_name": "cardio",
        "train_ratio": 1.0,
        "base_path": "results/OELATTE-d64-oe_lam1.0-oe_rat0.5/cardio/1.0",
        "not_use_power_of_two": false,
        "num_memories_not_use_power_of_two": false,
        "num_memories_twice": false,
        "contamination_ratio": null,
        "latent_ratio": null,
        "memory_ratio": null,
        "run": 9
    },
    "mean_metrics": {
        "AUC-ROC": 0.954124807861221,
        "AUC-PR": 0.8391494298220052,
        "f1": 0.7880681818181818
    },
    "total_time": 51.28102421760559,
    "all_seeds": [
        {
            "run": 0,
            "AUC-ROC": 0.9316123188405798,
            "AUC-PR": 0.8014799161634295,
            "f1": 0.7727272727272727,
            "train_time": 5.11390233039856,
            "test_time": 0.013339757919311523,
            "epochs": 60
        },
        {
            "run": 1,
            "AUC-ROC": 0.9376303798858147,
            "AUC-PR": 0.8172412089177615,
            "f1": 0.7954545454545454,
            "train_time": 4.914957523345947,
            "test_time": 0.034928321838378906,
            "epochs": 67
        },
        {
            "run": 2,
            "AUC-ROC": 0.9522123407992973,
            "AUC-PR": 0.8309695314891249,
            "f1": 0.8068181818181818,
            "train_time": 9.527522325515747,
            "test_time": 0.0330958366394043,
            "epochs": 88
        },
        {
            "run": 3,
            "AUC-ROC": 0.9476833552920509,
            "AUC-PR": 0.8185492650381685,
            "f1": 0.7386363636363636,
            "train_time": 8.306647300720215,
            "test_time": 0.012714862823486328,
            "epochs": 87
        },
        {
            "run": 4,
            "AUC-ROC": 0.9686196201141855,
            "AUC-PR": 0.8687684273109696,
            "f1": 0.8125,
            "train_time": 1.898815631866455,
            "test_time": 0.03271174430847168,
            "epochs": 23
        },
        {
            "run": 5,
            "AUC-ROC": 0.9707056982872201,
            "AUC-PR": 0.8802894868930276,
            "f1": 0.8068181818181818,
            "train_time": 2.4410126209259033,
            "test_time": 0.03705549240112305,
            "epochs": 18
        },
        {
            "run": 6,
            "AUC-ROC": 0.9624094202898551,
            "AUC-PR": 0.8552288494097234,
            "f1": 0.8068181818181818,
            "train_time": 2.569702386856079,
            "test_time": 0.02868366241455078,
            "epochs": 19
        },
        {
            "run": 7,
            "AUC-ROC": 0.9596714426877471,
            "AUC-PR": 0.8427002139391777,
            "f1": 0.8068181818181818,
            "train_time": 4.681042194366455,
            "test_time": 0.03382468223571777,
            "epochs": 42
        },
        {
            "run": 8,
            "AUC-ROC": 0.9574755709266578,
            "AUC-PR": 0.8259172259832624,
            "f1": 0.7670454545454546,
            "train_time": 2.0176756381988525,
            "test_time": 0.04629063606262207,
            "epochs": 15
        },
        {
            "run": 9,
            "AUC-ROC": 0.953227931488801,
            "AUC-PR": 0.8503501730754078,
            "f1": 0.7670454545454546,
            "train_time": 7.885717391967773,
            "test_time": 0.03248095512390137,
            "epochs": 71
        }
    ]
}