{
    "model_config": {
        "num_features": 274,
        "hidden_dim": 64,
        "depth": 4,
        "depth_enc": null,
        "depth_dec": null,
        "num_heads": 4,
        "mlp_ratio": 4.0,
        "dropout_prob": 0.0,
        "temperature": 0.1,
        "byol_loss_weight": 0.1,
        "dacl_alpha": 0.9,
        "projector_dim": null,
        "byol_momentum": 0.99,
        "use_flash_attn": false
    },
    "train_config": {
        "data_dir": "Data/",
        "epochs": 200,
        "learning_rate": 0.01,
        "sche_gamma": 0.95,
        "batch_size": 512,
        "random_seed": 42,
        "num_workers": 0,
        "preprocess": "standard",
        "patience": 10,
        "min_delta": 0,
        "use_amp": false,
        "model_type": "TAEDACL",
        "dataset_name": "arrhythmia",
        "base_path": "results/TAEDACL-260125-bw0.1-ap0.9-ep200-ep40_byol/arrhythmia/1.0",
        "exp_name": "TAEDACL-260125-bw0.1-ap0.9-ep200-ep40_byol",
        "runs": 10,
        "train_ratio": 1.0
    },
    "start_time_kst": "2026-01-25T16:09:27+09:00",
    "mean_metrics": {
        "rauc": 0.6938883655204899,
        "ap": 0.5161739433124647,
        "f1": 0.49222008833228426,
        "avg_normal": -1.5261990308761597,
        "avg_abnormal": -1.5261350631713868
    },
    "std_metrics": {
        "rauc_std": 0.05062001638279986,
        "ap_std": 0.09445314394008265,
        "f1_std": 0.060493440639335094,
        "avg_normal_std": 6.861215320749096e-05,
        "avg_abnormal_std": 0.00017692593445577586
    },
    "total_time": 141.39280319213867,
    "all_seeds": [
        {
            "rauc": 0.7012482336316533,
            "ap": 0.4396159345866359,
            "f1": 0.4496124031007752,
            "avg_normal": -1.5262451171875,
            "avg_abnormal": -1.526237964630127,
            "run": 0,
            "epochs": 79,
            "train_time": 14.120518445968628,
            "test_time": 0.1298220157623291
        },
        {
            "rauc": 0.706743601821322,
            "ap": 0.5214738356074944,
            "f1": 0.48484848484848486,
            "avg_normal": -1.5261945724487305,
            "avg_abnormal": -1.5261590480804443,
            "run": 1,
            "epochs": 86,
            "train_time": 14.522140502929688,
            "test_time": 0.126662015914917
        },
        {
            "rauc": 0.6555581723975507,
            "ap": 0.45037477433032136,
            "f1": 0.4696969696969697,
            "avg_normal": -1.5262236595153809,
            "avg_abnormal": -1.5262103080749512,
            "run": 2,
            "epochs": 82,
            "train_time": 14.063038349151611,
            "test_time": 0.1429281234741211
        },
        {
            "rauc": 0.704427696655676,
            "ap": 0.5762925117313535,
            "f1": 0.48484848484848486,
            "avg_normal": -1.5262318849563599,
            "avg_abnormal": -1.5262084007263184,
            "run": 3,
            "epochs": 82,
            "train_time": 14.912930727005005,
            "test_time": 0.16731810569763184
        },
        {
            "rauc": 0.6122625215889466,
            "ap": 0.37331333346565077,
            "f1": 0.3816793893129771,
            "avg_normal": -1.5262640714645386,
            "avg_abnormal": -1.5262629985809326,
            "run": 4,
            "epochs": 81,
            "train_time": 14.900151014328003,
            "test_time": 0.15426206588745117
        },
        {
            "rauc": 0.7010127178520961,
            "ap": 0.5497889866967893,
            "f1": 0.5606060606060606,
            "avg_normal": -1.52615487575531,
            "avg_abnormal": -1.5260769128799438,
            "run": 5,
            "epochs": 88,
            "train_time": 16.22165083885193,
            "test_time": 0.17134904861450195
        },
        {
            "rauc": 0.6775396451562253,
            "ap": 0.5603670440709426,
            "f1": 0.4696969696969697,
            "avg_normal": -1.5262011289596558,
            "avg_abnormal": -1.5261362791061401,
            "run": 6,
            "epochs": 81,
            "train_time": 14.696582317352295,
            "test_time": 0.16917157173156738
        },
        {
            "rauc": 0.8201444496781285,
            "ap": 0.7136220288592358,
            "f1": 0.6212121212121212,
            "avg_normal": -1.5260132551193237,
            "avg_abnormal": -1.5256277322769165,
            "run": 7,
            "epochs": 78,
            "train_time": 14.164878368377686,
            "test_time": 0.15107131004333496
        },
        {
            "rauc": 0.696027633851468,
            "ap": 0.41306201269430387,
            "f1": 0.5,
            "avg_normal": -1.5262147188186646,
            "avg_abnormal": -1.5261961221694946,
            "run": 8,
            "epochs": 85,
            "train_time": 15.461362600326538,
            "test_time": 0.14449501037597656
        },
        {
            "rauc": 0.6639189825718322,
            "ap": 0.5638289710819187,
            "f1": 0.5,
            "avg_normal": -1.5262470245361328,
            "avg_abnormal": -1.5262348651885986,
            "run": 9,
            "epochs": 26,
            "train_time": 4.595430374145508,
            "test_time": 0.16350197792053223
        }
    ]
}