{
    "model_config": {
        "num_features": 13,
        "hidden_dim": 64,
        "depth": 4,
        "depth_enc": null,
        "depth_dec": null,
        "num_heads": 4,
        "mlp_ratio": 4.0,
        "dropout_prob": 0.0,
        "temperature": 0.2,
        "imix_loss_weight": 0.01,
        "mixup_alpha": 0.9,
        "projector_dim": null,
        "use_flash_attn": false
    },
    "train_config": {
        "data_dir": "Data/",
        "epochs": 200,
        "learning_rate": 0.01,
        "sche_gamma": 0.95,
        "batch_size": 64,
        "random_seed": 42,
        "num_workers": 0,
        "preprocess": "standard",
        "patience": 10,
        "min_delta": 0,
        "use_amp": false,
        "model_type": "TAEIMIX",
        "dataset_name": "wine",
        "base_path": "results/TAEIMIX-260125-iw0.01-ap0.9-ep200-ep70_combined/wine/1.0",
        "exp_name": "TAEIMIX-260125-iw0.01-ap0.9-ep200-ep70_combined",
        "runs": 10,
        "train_ratio": 1.0
    },
    "start_time_kst": "2026-01-25T15:44:12+09:00",
    "mean_metrics": {
        "rauc": 0.9618333333333334,
        "ap": 0.7827377511119771,
        "f1": 0.7,
        "avg_normal": 0.47070849537849424,
        "avg_abnormal": 1.9784374356269836
    },
    "std_metrics": {
        "rauc_std": 0.0199784606236038,
        "ap_std": 0.10227295759729028,
        "f1_std": 0.14142135623730953,
        "avg_normal_std": 0.15763460472333485,
        "avg_abnormal_std": 0.4724630321567917
    },
    "total_time": 148.50228452682495,
    "all_seeds": [
        {
            "rauc": 0.945,
            "ap": 0.6800102593484946,
            "f1": 0.6,
            "avg_normal": 0.374753475189209,
            "avg_abnormal": 1.552513837814331,
            "run": 0,
            "epochs": 192,
            "train_time": 18.164377450942993,
            "test_time": 0.03900742530822754
        },
        {
            "rauc": 0.9766666666666666,
            "ap": 0.8645959595959596,
            "f1": 0.8,
            "avg_normal": 0.5383813381195068,
            "avg_abnormal": 2.136507987976074,
            "run": 1,
            "epochs": 187,
            "train_time": 16.977357625961304,
            "test_time": 0.03664970397949219
        },
        {
            "rauc": 0.9816666666666666,
            "ap": 0.8340262515262514,
            "f1": 0.9,
            "avg_normal": 0.23662766814231873,
            "avg_abnormal": 1.2475898265838623,
            "run": 2,
            "epochs": 154,
            "train_time": 13.894808053970337,
            "test_time": 0.04018044471740723
        },
        {
            "rauc": 0.9416666666666667,
            "ap": 0.6860298473456368,
            "f1": 0.6,
            "avg_normal": 0.634843647480011,
            "avg_abnormal": 2.38649320602417,
            "run": 3,
            "epochs": 175,
            "train_time": 16.055424690246582,
            "test_time": 0.04170560836791992
        },
        {
            "rauc": 0.9733333333333333,
            "ap": 0.832983682983683,
            "f1": 0.7,
            "avg_normal": 0.4167103171348572,
            "avg_abnormal": 2.037945032119751,
            "run": 4,
            "epochs": 162,
            "train_time": 14.9479238986969,
            "test_time": 0.04391980171203613
        },
        {
            "rauc": 0.945,
            "ap": 0.7287963343845696,
            "f1": 0.5,
            "avg_normal": 0.8101282715797424,
            "avg_abnormal": 3.044919490814209,
            "run": 5,
            "epochs": 147,
            "train_time": 13.194019079208374,
            "test_time": 0.04429912567138672
        },
        {
            "rauc": 0.9933333333333333,
            "ap": 0.9622222222222222,
            "f1": 0.9,
            "avg_normal": 0.31814777851104736,
            "avg_abnormal": 2.051731586456299,
            "run": 6,
            "epochs": 129,
            "train_time": 11.19977617263794,
            "test_time": 0.04136991500854492
        },
        {
            "rauc": 0.9466666666666668,
            "ap": 0.6888411588411587,
            "f1": 0.7,
            "avg_normal": 0.4566282629966736,
            "avg_abnormal": 1.6009527444839478,
            "run": 7,
            "epochs": 163,
            "train_time": 13.890582799911499,
            "test_time": 0.038619041442871094
        },
        {
            "rauc": 0.935,
            "ap": 0.6549908424908424,
            "f1": 0.5,
            "avg_normal": 0.535130500793457,
            "avg_abnormal": 1.7933613061904907,
            "run": 8,
            "epochs": 171,
            "train_time": 14.645931720733643,
            "test_time": 0.0383145809173584
        },
        {
            "rauc": 0.98,
            "ap": 0.8948809523809523,
            "f1": 0.8,
            "avg_normal": 0.3857336938381195,
            "avg_abnormal": 1.9323593378067017,
            "run": 9,
            "epochs": 157,
            "train_time": 13.170222520828247,
            "test_time": 0.041059255599975586
        }
    ]
}