{
    "model_config": {
        "num_heads": 4,
        "num_latents": 3,
        "num_memories": 10,
        "depth": 4,
        "hidden_dim": 64,
        "mlp_ratio": 4.0,
        "dropout_prob": 0.0,
        "temperature": 0.1,
        "sim_type": "cos",
        "use_oe": true,
        "oe_lambda": 0.5,
        "oe_shuffle_ratio": 0.5,
        "oe_lambda_memory": 0.0,
        "is_weight_sharing": false,
        "use_pos_enc_as_query": false,
        "use_mask_token": false,
        "num_features": 9
    },
    "train_config": {
        "data_dir": "Data/",
        "epochs": 250,
        "learning_rate": 0.01,
        "sche_gamma": 0.95,
        "batch_size": 512,
        "random_seed": 42,
        "num_workers": 0,
        "preprocess": "standard",
        "model_type": "OELATTE",
        "dataset_name": "glass",
        "train_ratio": 1.0,
        "base_path": "results/OELATTE-d64-oe_lam0.5-oe_rat0.5/glass/1.0",
        "not_use_power_of_two": false,
        "num_memories_not_use_power_of_two": false,
        "num_memories_twice": false,
        "contamination_ratio": null,
        "latent_ratio": null,
        "memory_ratio": null,
        "run": 9
    },
    "mean_metrics": {
        "AUC-ROC": 0.6386192017259977,
        "AUC-PR": 0.18272963796383226,
        "f1": 0.13333333333333336
    },
    "total_time": 66.85920977592468,
    "all_seeds": [
        {
            "run": 0,
            "AUC-ROC": 0.6127292340884574,
            "AUC-PR": 0.16053002899564378,
            "f1": 0.1111111111111111,
            "train_time": 2.2126758098602295,
            "test_time": 0.018613338470458984,
            "epochs": 21
        },
        {
            "run": 1,
            "AUC-ROC": 0.8166127292340885,
            "AUC-PR": 0.29391711229946527,
            "f1": 0.2222222222222222,
            "train_time": 14.638578653335571,
            "test_time": 0.01878976821899414,
            "epochs": 250
        },
        {
            "run": 2,
            "AUC-ROC": 0.4875943905070118,
            "AUC-PR": 0.20036523026719105,
            "f1": 0.1111111111111111,
            "train_time": 14.237406969070435,
            "test_time": 0.018320083618164062,
            "epochs": 250
        },
        {
            "run": 3,
            "AUC-ROC": 0.6731391585760518,
            "AUC-PR": 0.16863731157455158,
            "f1": 0.1111111111111111,
            "train_time": 0.4049503803253174,
            "test_time": 0.0190885066986084,
            "epochs": 5
        },
        {
            "run": 4,
            "AUC-ROC": 0.5652642934196332,
            "AUC-PR": 0.11428210141445437,
            "f1": 0.1111111111111111,
            "train_time": 1.0004143714904785,
            "test_time": 0.01913738250732422,
            "epochs": 15
        },
        {
            "run": 5,
            "AUC-ROC": 0.4412081984897519,
            "AUC-PR": 0.1834163949297008,
            "f1": 0.1111111111111111,
            "train_time": 0.407977819442749,
            "test_time": 0.020168066024780273,
            "epochs": 5
        },
        {
            "run": 6,
            "AUC-ROC": 0.7896440129449838,
            "AUC-PR": 0.19859487854387378,
            "f1": 0.2222222222222222,
            "train_time": 14.172305345535278,
            "test_time": 0.018031597137451172,
            "epochs": 250
        },
        {
            "run": 7,
            "AUC-ROC": 0.6860841423948221,
            "AUC-PR": 0.15363513198839526,
            "f1": 0.1111111111111111,
            "train_time": 13.891798496246338,
            "test_time": 0.018908977508544922,
            "epochs": 250
        },
        {
            "run": 8,
            "AUC-ROC": 0.6720604099244876,
            "AUC-PR": 0.13897136849908123,
            "f1": 0.1111111111111111,
            "train_time": 2.073012590408325,
            "test_time": 0.019529104232788086,
            "epochs": 36
        },
        {
            "run": 9,
            "AUC-ROC": 0.6418554476806904,
            "AUC-PR": 0.21494682112596555,
            "f1": 0.1111111111111111,
            "train_time": 1.9728586673736572,
            "test_time": 0.01890087127685547,
            "epochs": 34
        }
    ]
}