{
    "model_config": {
        "num_heads": 4,
        "num_latents": 3,
        "num_memories": 150,
        "depth": 4,
        "hidden_dim": 64,
        "mlp_ratio": 4.0,
        "dropout_prob": 0.0,
        "temperature": 0.1,
        "sim_type": "cos",
        "use_oe": true,
        "oe_lambda": 1.0,
        "oe_shuffle_ratio": 0.5,
        "oe_lambda_memory": 0.0,
        "is_weight_sharing": false,
        "use_pos_enc_as_query": false,
        "use_mask_token": false,
        "num_features": 9
    },
    "train_config": {
        "data_dir": "Data/",
        "epochs": 250,
        "learning_rate": 0.01,
        "sche_gamma": 0.95,
        "batch_size": 512,
        "random_seed": 42,
        "num_workers": 0,
        "preprocess": "standard",
        "model_type": "OELATTE",
        "dataset_name": "shuttle",
        "train_ratio": 1.0,
        "base_path": "results/OELATTE-d64-oe_lam1.0-oe_rat0.5/shuttle/1.0",
        "not_use_power_of_two": false,
        "num_memories_not_use_power_of_two": false,
        "num_memories_twice": false,
        "contamination_ratio": null,
        "latent_ratio": null,
        "memory_ratio": null,
        "run": 9
    },
    "mean_metrics": {
        "AUC-ROC": 0.9988429205261878,
        "AUC-PR": 0.9738258242151568,
        "f1": 0.981201936770151
    },
    "total_time": 764.2747051715851,
    "all_seeds": [
        {
            "run": 0,
            "AUC-ROC": 0.9984645657961391,
            "AUC-PR": 0.9661426019411722,
            "f1": 0.9797778410709199,
            "train_time": 55.20935797691345,
            "test_time": 0.29665231704711914,
            "epochs": 20
        },
        {
            "run": 1,
            "AUC-ROC": 0.9994717856420637,
            "AUC-PR": 0.9860090646785082,
            "f1": 0.9794930219310738,
            "train_time": 174.6494016647339,
            "test_time": 0.29395341873168945,
            "epochs": 82
        },
        {
            "run": 2,
            "AUC-ROC": 0.9989913431251154,
            "AUC-PR": 0.9809251339445948,
            "f1": 0.9837653090287667,
            "train_time": 57.72786283493042,
            "test_time": 0.26693058013916016,
            "epochs": 22
        },
        {
            "run": 3,
            "AUC-ROC": 0.9987853981313101,
            "AUC-PR": 0.9713795821882942,
            "f1": 0.9817715750498434,
            "train_time": 84.94618129730225,
            "test_time": 0.35434460639953613,
            "epochs": 34
        },
        {
            "run": 4,
            "AUC-ROC": 0.9989105945934748,
            "AUC-PR": 0.9727207552671799,
            "f1": 0.9817715750498434,
            "train_time": 105.27565002441406,
            "test_time": 0.2922484874725342,
            "epochs": 47
        },
        {
            "run": 5,
            "AUC-ROC": 0.99856465798717,
            "AUC-PR": 0.9699336396151896,
            "f1": 0.9803474793506124,
            "train_time": 50.912474632263184,
            "test_time": 0.29332685470581055,
            "epochs": 18
        },
        {
            "run": 6,
            "AUC-ROC": 0.9989270516990411,
            "AUC-PR": 0.97599163419919,
            "f1": 0.9797778410709199,
            "train_time": 61.53595972061157,
            "test_time": 0.29308581352233887,
            "epochs": 23
        },
        {
            "run": 7,
            "AUC-ROC": 0.9990558344856535,
            "AUC-PR": 0.9791122153330714,
            "f1": 0.9809171176303048,
            "train_time": 63.138882875442505,
            "test_time": 0.23884916305541992,
            "epochs": 23
        },
        {
            "run": 8,
            "AUC-ROC": 0.998940384828608,
            "AUC-PR": 0.9774433442397872,
            "f1": 0.9794930219310738,
            "train_time": 61.04136300086975,
            "test_time": 0.30370306968688965,
            "epochs": 22
        },
        {
            "run": 9,
            "AUC-ROC": 0.9983175889733044,
            "AUC-PR": 0.95860027074458,
            "f1": 0.9849045855881515,
            "train_time": 44.84964847564697,
            "test_time": 0.3438396453857422,
            "epochs": 15
        }
    ]
}