,reg,head1,head2,head3,head4,reg_abs,head_sum
feature_0,0.73218393,0.021943884,0.061709907,0.031153696,0.04341759,0.24554203,0.15822507
feature_1,0.11630938,0.018926382,0.0622018,0.02696789,0.039928045,0.03900501,0.14802411
feature_2,-0.2645537,0.07405332,0.04880711,0.028880393,0.055658676,0.08871958,0.20739949
feature_3,0.30669808,0.09421295,0.042425215,0.03316322,0.07166072,0.10285294,0.24146211
feature_4,-0.004819611,0.016895747,0.06265987,0.029888023,0.045548696,0.0016162839,0.15499233
feature_5,-0.04307156,0.10417838,0.06625614,0.050379146,0.104908004,0.014444292,0.32572168
feature_6,-0.7645458,0.036932014,0.09851025,0.048995413,0.0668561,0.25639477,0.25129378
feature_7,-0.7497266,0.020092122,0.0966502,0.047119576,0.04593869,0.25142506,0.20980059
cosine_similarity,-0.30867305,0.50102705,0.848372,0.805799,0.6761545,1.0,0.73901737
