,reg,head1,head2,reg_abs,head_sum
feature_0,0.73218393,0.06786893,0.03261696,0.24554203,0.10048589
feature_1,0.11630938,0.14293517,0.025193218,0.03900501,0.16812839
feature_2,-0.2645537,0.11075838,0.12034683,0.08871958,0.23110521
feature_3,0.30669808,0.122292854,0.21540657,0.10285294,0.3376994
feature_4,-0.004819611,0.036215443,0.013496472,0.0016162839,0.049711913
feature_5,-0.04307156,0.05793116,0.32237765,0.014444292,0.3803088
feature_6,-0.7645458,0.088284515,0.021075223,0.25639477,0.10935974
feature_7,-0.7497266,0.15962346,0.060127035,0.25142506,0.2197505
cosine_similarity,-0.30867305,0.7880296,0.35442793,1.0,0.59604716
