{
    "model_config": {
        "num_features": 33,
        "hidden_dim": 64,
        "depth": 4,
        "num_heads": 4,
        "mlp_ratio": 4.0,
        "dropout_prob": 0.0,
        "use_flash_attn": false,
        "ema_decay": 0.999,
        "contrastive_loss_weight": 0.01
    },
    "train_config": {
        "data_dir": "Data/",
        "epochs": 200,
        "learning_rate": 0.01,
        "sche_gamma": 0.95,
        "batch_size": 512,
        "random_seed": 42,
        "num_workers": 0,
        "preprocess": "standard",
        "patience": 10,
        "min_delta": 0,
        "use_amp": false,
        "model_type": "TKDAD",
        "dataset_name": "ionosphere",
        "base_path": "results/TKDAD-d64-lr0.01-contra0.01/ionosphere/1.0",
        "exp_name": "TKDAD-d64-lr0.01-contra0.01",
        "runs": 10,
        "train_ratio": 1.0
    },
    "mean_metrics": {
        "rauc": 0.9038137378845343,
        "ap": 0.9159013396099234,
        "avg_normal_score": 0.011028712335973977,
        "avg_abnormal_score": 0.037606799043715,
        "f1": 0.8317460317460317
    },
    "std_metrics": {
        "rauc_std": 0.02669542976029409,
        "ap_std": 0.028633159232406776,
        "avg_normal_score_std": 0.002084544393665335,
        "avg_abnormal_score_std": 0.013025243797615497,
        "f1_std": 0.034558001677900387
    },
    "total_time": 51.685476541519165,
    "all_seeds": [
        {
            "run": 0,
            "train_time": 6.2703070640563965,
            "test_time": 0.01819324493408203,
            "epochs": 106,
            "rauc": 0.8767383059418458,
            "ap": 0.8874495068318415,
            "f1": 0.7936507936507936,
            "avg_normal_score": 0.010257810354232788,
            "avg_abnormal_score": 0.027270978316664696
        },
        {
            "run": 1,
            "train_time": 6.13131308555603,
            "test_time": 0.020403146743774414,
            "epochs": 116,
            "rauc": 0.9087652760219131,
            "ap": 0.9284595647155951,
            "f1": 0.8174603174603174,
            "avg_normal_score": 0.009818642400205135,
            "avg_abnormal_score": 0.03064889833331108
        },
        {
            "run": 2,
            "train_time": 6.0592992305755615,
            "test_time": 0.019833803176879883,
            "epochs": 115,
            "rauc": 0.9232336002247507,
            "ap": 0.9297704078614997,
            "f1": 0.8412698412698413,
            "avg_normal_score": 0.014958907850086689,
            "avg_abnormal_score": 0.04871658608317375
        },
        {
            "run": 3,
            "train_time": 4.3670525550842285,
            "test_time": 0.019289493560791016,
            "epochs": 83,
            "rauc": 0.8605141171512852,
            "ap": 0.8578924792611295,
            "f1": 0.7857142857142857,
            "avg_normal_score": 0.013607709668576717,
            "avg_abnormal_score": 0.034703534096479416
        },
        {
            "run": 4,
            "train_time": 5.426013231277466,
            "test_time": 0.02101445198059082,
            "epochs": 105,
            "rauc": 0.8941564826520578,
            "ap": 0.9055456685027805,
            "f1": 0.8492063492063492,
            "avg_normal_score": 0.0116204172372818,
            "avg_abnormal_score": 0.03429868817329407
        },
        {
            "run": 5,
            "train_time": 5.105112075805664,
            "test_time": 0.013118267059326172,
            "epochs": 101,
            "rauc": 0.9549093973872734,
            "ap": 0.9651940454878647,
            "f1": 0.9126984126984127,
            "avg_normal_score": 0.012027978897094727,
            "avg_abnormal_score": 0.07161400467157364
        },
        {
            "run": 6,
            "train_time": 2.6002414226531982,
            "test_time": 0.013095378875732422,
            "epochs": 101,
            "rauc": 0.8747015030200871,
            "ap": 0.8967159356562664,
            "f1": 0.8015873015873016,
            "avg_normal_score": 0.010532036423683167,
            "avg_abnormal_score": 0.029774703085422516
        },
        {
            "run": 7,
            "train_time": 2.6923305988311768,
            "test_time": 0.012118101119995117,
            "epochs": 106,
            "rauc": 0.9261834527321252,
            "ap": 0.940874192170565,
            "f1": 0.8333333333333334,
            "avg_normal_score": 0.007043546997010708,
            "avg_abnormal_score": 0.024168729782104492
        },
        {
            "run": 8,
            "train_time": 5.58516788482666,
            "test_time": 0.018859148025512695,
            "epochs": 124,
            "rauc": 0.9087652760219133,
            "ap": 0.9198095990898884,
            "f1": 0.8492063492063492,
            "avg_normal_score": 0.010699777863919735,
            "avg_abnormal_score": 0.03760388866066933
        },
        {
            "run": 9,
            "train_time": 5.418766260147095,
            "test_time": 0.01283574104309082,
            "epochs": 112,
            "rauc": 0.9101699676920916,
            "ap": 0.927301996521803,
            "f1": 0.8333333333333334,
            "avg_normal_score": 0.009720295667648315,
            "avg_abnormal_score": 0.037267979234457016
        }
    ]
}