{
    "model_config": {
        "num_features": 64,
        "hidden_dim": 64,
        "depth": 4,
        "depth_enc": null,
        "depth_dec": null,
        "num_heads": 4,
        "mlp_ratio": 4.0,
        "dropout_prob": 0.0,
        "temperature": 0.1,
        "byol_loss_weight": 0.1,
        "dacl_alpha": 0.9,
        "projector_dim": null,
        "byol_momentum": 0.99,
        "use_flash_attn": false
    },
    "train_config": {
        "data_dir": "Data/",
        "epochs": 200,
        "learning_rate": 0.01,
        "sche_gamma": 0.95,
        "batch_size": 128,
        "random_seed": 42,
        "num_workers": 0,
        "preprocess": "standard",
        "patience": 50,
        "min_delta": 0,
        "use_amp": false,
        "model_type": "TAEDACL",
        "dataset_name": "optdigits",
        "base_path": "results/TAEDACL-260125-bw0.1-ap0.9/optdigits/1.0",
        "exp_name": "TAEDACL-260125-bw0.1-ap0.9",
        "runs": 10,
        "train_ratio": 1.0
    },
    "start_time_kst": "2026-01-25T01:06:58+09:00",
    "mean_metrics": {
        "avg_abnormal": 0.6070264339447021,
        "byol_rauc": 0.4777885248058955,
        "combined_ap": 0.4057437693125673,
        "combined_f1": 0.4701181716833891,
        "combined_avg_abnormal": -0.9481619119644165,
        "byol_avg_normal": -1.5462814569473267,
        "ap": 0.4874487614006938,
        "byol_ap": 0.05381600682319563,
        "byol_f1": 0.008,
        "combined_rauc": 0.9556138965653377,
        "combined_avg_normal": -1.2629722356796265,
        "rauc": 0.9691938412949073,
        "avg_normal": 0.28330918699502944,
        "byol_avg_abnormal": -1.5551883459091187,
        "f1": 0.5693333333333334
    },
    "std_metrics": {
        "avg_abnormal_std": 0.092828311032083,
        "byol_rauc_std": 0.1524004570044298,
        "combined_ap_std": 0.06998546620066247,
        "combined_f1_std": 0.10700621508075028,
        "combined_avg_abnormal_std": 0.08565896394968515,
        "byol_avg_normal_std": 0.04721868399161933,
        "ap_std": 0.07266885100390881,
        "byol_ap_std": 0.01677889437505276,
        "byol_f1_std": 0.011075498483890767,
        "combined_rauc_std": 0.016685353645256727,
        "combined_avg_normal_std": 0.08776106028926632,
        "rauc_std": 0.012929143068524216,
        "avg_normal_std": 0.09024931969387459,
        "byol_avg_abnormal_std": 0.06733648111068762,
        "f1_std": 0.09789790600416333
    },
    "total_time": 3189.7939591407776,
    "all_seeds": [
        {
            "run": 0,
            "train_time": 290.0290570259094,
            "test_time": 0.13001346588134766,
            "epochs": 200,
            "rauc": 0.9775575733649164,
            "ap": 0.5546755856371608,
            "f1": 0.6266666666666667,
            "avg_normal": 0.1890646368265152,
            "avg_abnormal": 0.5754426717758179,
            "byol_rauc": 0.6261534412422687,
            "byol_ap": 0.06681489645788984,
            "byol_f1": 0.006666666666666667,
            "byol_avg_normal": -1.5023369789123535,
            "byol_avg_abnormal": -1.494048833847046,
            "combined_rauc": 0.9680958020792209,
            "combined_ap": 0.4715017350363849,
            "combined_f1": 0.5733333333333334,
            "combined_avg_normal": -1.31327223777771,
            "combined_avg_abnormal": -0.9186062812805176
        },
        {
            "run": 1,
            "train_time": 321.17035150527954,
            "test_time": 0.12280416488647461,
            "epochs": 200,
            "rauc": 0.9709803921568627,
            "ap": 0.5062299511338838,
            "f1": 0.5733333333333334,
            "avg_normal": 0.33631184697151184,
            "avg_abnormal": 0.8507556319236755,
            "byol_rauc": 0.27659428872220027,
            "byol_ap": 0.035666502101675754,
            "byol_f1": 0.0,
            "byol_avg_normal": -1.5913469791412354,
            "byol_avg_abnormal": -1.6274350881576538,
            "combined_rauc": 0.9573759705224373,
            "combined_ap": 0.4082291393778185,
            "combined_f1": 0.4666666666666667,
            "combined_avg_normal": -1.255035161972046,
            "combined_avg_abnormal": -0.7766793966293335
        },
        {
            "run": 2,
            "train_time": 320.7961149215698,
            "test_time": 0.12836623191833496,
            "epochs": 200,
            "rauc": 0.9824450585603368,
            "ap": 0.5758884207960132,
            "f1": 0.6933333333333334,
            "avg_normal": 0.2148202359676361,
            "avg_abnormal": 0.5741741061210632,
            "byol_rauc": 0.6507566785103303,
            "byol_ap": 0.07212632939596766,
            "byol_f1": 0.02666666666666667,
            "byol_avg_normal": -1.4506689310073853,
            "byol_avg_abnormal": -1.4342594146728516,
            "combined_rauc": 0.9765548098434005,
            "combined_ap": 0.5163381833247976,
            "combined_f1": 0.6333333333333333,
            "combined_avg_normal": -1.2358486652374268,
            "combined_avg_abnormal": -0.8600852489471436
        },
        {
            "run": 3,
            "train_time": 323.25306606292725,
            "test_time": 0.12946224212646484,
            "epochs": 200,
            "rauc": 0.9767285169101197,
            "ap": 0.5144427319944874,
            "f1": 0.6333333333333333,
            "avg_normal": 0.21436090767383575,
            "avg_abnormal": 0.5443131327629089,
            "byol_rauc": 0.6075667851033031,
            "byol_ap": 0.06581306779369783,
            "byol_f1": 0.02666666666666667,
            "byol_avg_normal": -1.4945143461227417,
            "byol_avg_abnormal": -1.4848774671554565,
            "combined_rauc": 0.966303460981708,
            "combined_ap": 0.4407669470560755,
            "combined_f1": 0.5266666666666666,
            "combined_avg_normal": -1.2801533937454224,
            "combined_avg_abnormal": -0.9405643939971924
        },
        {
            "run": 4,
            "train_time": 324.4038951396942,
            "test_time": 0.12550854682922363,
            "epochs": 200,
            "rauc": 0.9692485853401763,
            "ap": 0.4883549539638117,
            "f1": 0.5466666666666666,
            "avg_normal": 0.21795010566711426,
            "avg_abnormal": 0.6034687161445618,
            "byol_rauc": 0.3513054349256481,
            "byol_ap": 0.03969709793776279,
            "byol_f1": 0.0,
            "byol_avg_normal": -1.5842028856277466,
            "byol_avg_abnormal": -1.6133947372436523,
            "combined_rauc": 0.9497407553625478,
            "combined_ap": 0.37878843253182576,
            "combined_f1": 0.43333333333333335,
            "combined_avg_normal": -1.3662527799606323,
            "combined_avg_abnormal": -1.009926199913025
        },
        {
            "run": 5,
            "train_time": 324.15987038612366,
            "test_time": 0.12793493270874023,
            "epochs": 200,
            "rauc": 0.9604316357415449,
            "ap": 0.4145724332580845,
            "f1": 0.49333333333333335,
            "avg_normal": 0.25012508034706116,
            "avg_abnormal": 0.5832624435424805,
            "byol_rauc": 0.4136346887748388,
            "byol_ap": 0.043714978886069136,
            "byol_f1": 0.0,
            "byol_avg_normal": -1.58526611328125,
            "byol_avg_abnormal": -1.6072076559066772,
            "combined_rauc": 0.9433846558757731,
            "combined_ap": 0.3337795044336368,
            "combined_f1": 0.35451505016722407,
            "combined_avg_normal": -1.3351409435272217,
            "combined_avg_abnormal": -1.0239450931549072
        },
        {
            "run": 6,
            "train_time": 324.6222550868988,
            "test_time": 0.12395429611206055,
            "epochs": 200,
            "rauc": 0.9780313199105145,
            "ap": 0.5359296370854773,
            "f1": 0.6466666666666666,
            "avg_normal": 0.4090310037136078,