{
    "model_config": {
        "hidden_dim": 32,
        "depth": 4,
        "num_heads": 4,
        "mlp_ratio": 4.0,
        "dropout_prob": 0.0,
        "num_prototypes": 64,
        "temperature": 0.1,
        "sinkhorn_iters": 3,
        "sinkhorn_eps": 0.1,
        "contrastive_loss_weight": 0.01,
        "use_flash_attn": false,
        "num_features": 21
    },
    "train_config": {
        "data_dir": "Data/",
        "epochs": 250,
        "learning_rate": 0.01,
        "sche_gamma": 0.95,
        "batch_size": 256,
        "random_seed": 42,
        "num_workers": 0,
        "preprocess": "standard",
        "patience": 20,
        "use_amp": false,
        "model_type": "ProtoAD",
        "dataset_name": "cardio",
        "base_path": "results/ProtoAD-d32-proto64-eps0.1-contra0.01-temp0.1/cardio/1.0",
        "exp_name": "ProtoAD-d32-proto64-eps0.1-contra0.01-temp0.1",
        "runs": 10,
        "train_ratio": 1.0,
        "run": 9
    },
    "mean_metrics": {
        "rauc": 0.9257874258893282,
        "ap": 0.7816325055117433,
        "f1": 0.7238636363636364,
        "entropy_rauc": 0.33691534914361,
        "entropy_ap": 0.1420837181747958,
        "entropy_f1": 0.09943181818181818,
        "avg_normal_entropy": 3.4529475212097167,
        "avg_abnormal_entropy": 3.3265451908111574,
        "avg_normal_recon": 0.43885370492935183,
        "avg_abnormal_recon": 4.648213601112365
    },
    "std_metrics": {
        "rauc_std": 0.026439846166364647,
        "ap_std": 0.060802365188157875,
        "f1_std": 0.0756002153567268,
        "entropy_rauc_std": 0.16388546819876848,
        "entropy_ap_std": 0.040272548897175194,
        "entropy_f1_std": 0.08301095529113676,
        "avg_normal_entropy_std": 0.14515122012318818,
        "avg_abnormal_entropy_std": 0.09903684368273465,
        "avg_normal_recon_std": 0.1443237107950372,
        "avg_abnormal_recon_std": 1.4445631973926862
    },
    "total_time": 49.824146032333374,
    "all_seeds": [
        {
            "run": 0,
            "train_time": 5.0141801834106445,
            "test_time": 0.051360130310058594,
            "epochs": 25,
            "rauc": 0.9370608256477821,
            "ap": 0.8079031789839984,
            "f1": 0.7840909090909091,
            "entropy_rauc": 0.24588274044795783,
            "entropy_ap": 0.11166781477549145,
            "entropy_f1": 0.0,
            "avg_normal_entropy": 3.3669698238372803,
            "avg_abnormal_entropy": 3.256410837173462,
            "avg_normal_recon": 0.5338384509086609,
            "avg_abnormal_recon": 5.387988567352295
        },
        {
            "run": 1,
            "train_time": 4.62839412689209,
            "test_time": 0.053121328353881836,
            "epochs": 27,
            "rauc": 0.9639328063241107,
            "ap": 0.8847733271804399,
            "f1": 0.8238636363636364,
            "entropy_rauc": 0.5289923693456302,
            "entropy_ap": 0.19561053693221817,
            "entropy_f1": 0.19318181818181818,
            "avg_normal_entropy": 3.42873215675354,
            "avg_abnormal_entropy": 3.4606711864471436,
            "avg_normal_recon": 0.45163214206695557,
            "avg_abnormal_recon": 5.954275131225586
        },
        {
            "run": 2,
            "train_time": 9.274194955825806,
            "test_time": 0.05076026916503906,
            "epochs": 53,
            "rauc": 0.885457839262187,
            "ap": 0.6865596108218559,
            "f1": 0.625,
            "entropy_rauc": 0.131477821695213,
            "entropy_ap": 0.09959554289487063,
            "entropy_f1": 0.022727272727272728,
            "avg_normal_entropy": 3.6829795837402344,
            "avg_abnormal_entropy": 3.280245065689087,
            "avg_normal_recon": 0.272554874420166,
            "avg_abnormal_recon": 3.6280694007873535
        },
        {
            "run": 3,
            "train_time": 4.015005826950073,
            "test_time": 0.050698041915893555,
            "epochs": 23,
            "rauc": 0.9485960144927537,
            "ap": 0.8307144646773591,
            "f1": 0.8181818181818182,
            "entropy_rauc": 0.6485507246376812,
            "entropy_ap": 0.21837892385960608,
            "entropy_f1": 0.1875,
            "avg_normal_entropy": 3.3467416763305664,
            "avg_abnormal_entropy": 3.4098074436187744,
            "avg_normal_recon": 0.609611451625824,
            "avg_abnormal_recon": 6.013583183288574
        },
        {
            "run": 4,
            "train_time": 4.700764179229736,
            "test_time": 0.05179238319396973,
            "epochs": 27,
            "rauc": 0.9510938186209925,
            "ap": 0.8404259231815866,
            "f1": 0.8011363636363636,
            "entropy_rauc": 0.3821159969257796,
            "entropy_ap": 0.16908087032967392,
            "entropy_f1": 0.18181818181818182,
            "avg_normal_entropy": 3.206609010696411,
            "avg_abnormal_entropy": 3.126812696456909,
            "avg_normal_recon": 0.47154179215431213,
            "avg_abnormal_recon": 3.8754706382751465
        },
        {
            "run": 5,
            "train_time": 6.843357563018799,
            "test_time": 0.05343818664550781,
            "epochs": 40,
            "rauc": 0.8845280248133509,
            "ap": 0.6908142616793764,
            "f1": 0.6306818181818182,
            "entropy_rauc": 0.12543231225296442,
            "entropy_ap": 0.09952337040350188,
            "entropy_f1": 0.005681818181818182,
            "avg_normal_entropy": 3.697918176651001,
            "avg_abnormal_entropy": 3.3478448390960693,
            "avg_normal_recon": 0.2898472845554352,
            "avg_abnormal_recon": 3.016455888748169
        },
        {
            "run": 6,
            "train_time": 7.261737585067749,
            "test_time": 0.023432493209838867,
            "epochs": 44,
            "rauc": 0.9019680500658761,
            "ap": 0.7466474620450431,
            "f1": 0.6534090909090909,
            "entropy_rauc": 0.20954792490118573,
            "entropy_ap": 0.10803605293743264,
            "entropy_f1": 0.05113636363636364,
            "avg_normal_entropy": 3.4594955444335938,
            "avg_abnormal_entropy": 3.2763290405273438,
            "avg_normal_recon": 0.25853532552719116,
            "avg_abnormal_recon": 2.003115653991699
        },
        {
            "run": 7,
            "train_time": 1.7664246559143066,
            "test_time": 0.023128509521484375,
            "epochs": 25,
            "rauc": 0.9156716622749232,
            "ap": 0.7488334585055276,
            "f1": 0.6590909090909091,
            "entropy_rauc": 0.2610960144927536,
            "entropy_ap": 0.11282260682610273,
            "entropy_f1": 0.028409090909090908,
            "avg_normal_entropy": 3.428703784942627,
            "avg_abnormal_entropy": 3.2849106788635254,
            "avg_normal_recon": 0.5606011152267456,
            "avg_abnormal_recon": 6.062845230102539
        },
        {
            "run": 8,
            "train_time": 1.6313650608062744,
            "test_time": 0.023364782333374023,
            "epochs": 23,
            "rauc": 0.9281675450153711,
            "ap": 0.7846033959070183,
            "f1": 0.7443181818181818,
            "entropy_rauc": 0.4510800944224857,
            "entropy_ap": 0.15137909811895645,
            "entropy_f1": 0.10795454545454546,
            "avg_normal_entropy": 3.362988233566284,
            "avg_abnormal_entropy": 3.351377248764038,
            "avg_normal_recon": 0.6568986773490906,
            "avg_abnormal_recon": 6.427424907684326
        },
        {
            "run": 9,
            "train_time": 2.559234857559204,
            "test_time": 0.023168325424194336,
            "epochs": 36,
            "rauc": 0.9413976723759332,
            "ap": 0.7950499721352281,
            "f1": 0.6988636363636364,
            "entropy_rauc": 0.3849774923144488,