{
    "model_config": {
        "model_type": "ICL",
        "dataset_name": "hepatitis",
        "train_ratio": 1.0
    },
    "mean_metrics": {
        "run": 1,
        "AUC-ROC": 0.753393665158371,
        "AUC-PR": 0.5522064781738076,
        "f1": 0.5384615384615384
    },
    "total_time": 9.042626142501831,
    "all_seeds": []
}