{
    "model_config": {
        "num_features": 9,
        "hidden_dim": 64,
        "depth": 4,
        "depth_enc": null,
        "depth_dec": null,
        "num_heads": 4,
        "mlp_ratio": 4.0,
        "dropout_prob": 0.0,
        "temperature": 0.2,
        "imix_loss_weight": 0.01,
        "mixup_alpha": 0.9,
        "projector_dim": null,
        "use_flash_attn": false
    },
    "train_config": {
        "data_dir": "Data/",
        "epochs": 200,
        "learning_rate": 0.01,
        "sche_gamma": 0.95,
        "batch_size": 128,
        "random_seed": 42,
        "num_workers": 0,
        "preprocess": "standard",
        "patience": 10,
        "min_delta": 0,
        "use_amp": false,
        "model_type": "TAEIMIX",
        "dataset_name": "breastw",
        "base_path": "results/TAEIMIX-260125-iw0.01-ap0.9-ep200-ep80_imix/breastw/1.0",
        "exp_name": "TAEIMIX-260125-iw0.01-ap0.9-ep200-ep80_imix",
        "runs": 10,
        "train_ratio": 1.0
    },
    "start_time_kst": "2026-01-25T16:07:40+09:00",
    "mean_metrics": {
        "rauc": 0.9814186571508748,
        "ap": 0.9678052731409461,
        "f1": 0.9465364946536494,
        "avg_normal": -0.09361127929555045,
        "avg_abnormal": -0.06800756520695156
    },
    "std_metrics": {
        "rauc_std": 0.007234921729564147,
        "ap_std": 0.01790612424625914,
        "f1_std": 0.015502865644382196,
        "avg_normal_std": 0.0020173520730244463,
        "avg_abnormal_std": 0.0028161034674721508
    },
    "total_time": 185.6345522403717,
    "all_seeds": [
        {
            "rauc": 0.9896339854498849,
            "ap": 0.9891147723624879,
            "f1": 0.9665271966527197,
            "avg_normal": -0.09557341039180756,
            "avg_abnormal": -0.06301441788673401,
            "run": 0,
            "epochs": 128,
            "train_time": 20.75192928314209,
            "test_time": 0.05948781967163086
        },
        {
            "rauc": 0.9797768479776848,
            "ap": 0.9623539491198789,
            "f1": 0.9497907949790795,
            "avg_normal": -0.09632641822099686,
            "avg_abnormal": -0.07146389782428741,
            "run": 1,
            "epochs": 141,
            "train_time": 21.71937584877014,
            "test_time": 0.06091904640197754
        },
        {
            "rauc": 0.9874665460439519,
            "ap": 0.9831890254774884,
            "f1": 0.9497907949790795,
            "avg_normal": -0.09221649169921875,
            "avg_abnormal": -0.06636415421962738,
            "run": 2,
            "epochs": 135,
            "train_time": 21.382431030273438,
            "test_time": 0.058804988861083984
        },
        {
            "rauc": 0.9717855931245053,
            "ap": 0.9457438193080394,
            "f1": 0.9246861924686193,
            "avg_normal": -0.09287424385547638,
            "avg_abnormal": -0.06736677885055542,
            "run": 3,
            "epochs": 123,
            "train_time": 19.49994134902954,
            "test_time": 0.05690360069274902
        },
        {
            "rauc": 0.9710505484564063,
            "ap": 0.9364105653330571,
            "f1": 0.9330543933054394,
            "avg_normal": -0.09280089288949966,
            "avg_abnormal": -0.06450026482343674,
            "run": 4,
            "epochs": 158,
            "train_time": 23.78112483024597,
            "test_time": 0.06143808364868164
        },
        {
            "rauc": 0.9813788684081571,
            "ap": 0.9653002893668566,
            "f1": 0.9246861924686193,
            "avg_normal": -0.09554361552000046,
            "avg_abnormal": -0.06856188923120499,
            "run": 5,
            "epochs": 128,
            "train_time": 18.752987146377563,
            "test_time": 0.058943986892700195
        },
        {
            "rauc": 0.9811527008179728,
            "ap": 0.9727290363547517,
            "f1": 0.9497907949790795,
            "avg_normal": -0.08954723179340363,
            "avg_abnormal": -0.06885957717895508,
            "run": 6,
            "epochs": 116,
            "train_time": 18.374565362930298,
            "test_time": 0.052377939224243164
        },
        {
            "rauc": 0.9770628368954728,
            "ap": 0.962431978585791,
            "f1": 0.9497907949790795,
            "avg_normal": -0.09282700717449188,
            "avg_abnormal": -0.07046084851026535,
            "run": 7,
            "epochs": 139,
            "train_time": 20.86138105392456,
            "test_time": 0.05503392219543457
        },
        {
            "rauc": 0.9934599871838365,
            "ap": 0.9929740223601636,
            "f1": 0.9707112970711297,
            "avg_normal": -0.0947922021150589,
            "avg_abnormal": -0.07147625833749771,
            "run": 8,
            "epochs": 114,
            "train_time": 18.157381057739258,
            "test_time": 0.04911947250366211
        }
    ]
}