{
    "model_config": {
        "num_features": 9,
        "hidden_dim": 64,
        "depth": 4,
        "depth_enc": null,
        "depth_dec": null,
        "num_heads": 4,
        "mlp_ratio": 4.0,
        "dropout_prob": 0.0,
        "temperature": 0.2,
        "imix_loss_weight": 0.01,
        "mixup_alpha": 0.9,
        "projector_dim": null,
        "use_flash_attn": false
    },
    "train_config": {
        "data_dir": "Data/",
        "epochs": 200,
        "learning_rate": 0.01,
        "sche_gamma": 0.95,
        "batch_size": 64,
        "random_seed": 42,
        "num_workers": 0,
        "preprocess": "standard",
        "patience": 10,
        "min_delta": 0,
        "use_amp": false,
        "model_type": "TAEIMIX",
        "dataset_name": "glass",
        "base_path": "results/TAEIMIX-260125-iw0.01-ap0.9-ep200-ep10_imix/glass/1.0",
        "exp_name": "TAEIMIX-260125-iw0.01-ap0.9-ep200-ep10_imix",
        "runs": 10,
        "train_ratio": 1.0
    },
    "start_time_kst": "2026-01-25T15:49:30+09:00",
    "mean_metrics": {
        "rauc": 0.7601941747572815,
        "ap": 0.21781546902570498,
        "f1": 0.13333333333333333,
        "avg_normal": -0.08633752092719078,
        "avg_abnormal": -0.08031589612364769
    },
    "std_metrics": {
        "rauc_std": 0.10135077527694575,
        "ap_std": 0.1333601003778238,
        "f1_std": 0.18459164139817943,
        "avg_normal_std": 0.0020111689286791304,
        "avg_abnormal_std": 0.006716730791450996
    },
    "total_time": 165.16403722763062,
    "all_seeds": [
        {
            "rauc": 0.703344120819849,
            "ap": 0.13351914326146505,
            "f1": 0.0,
            "avg_normal": -0.0891178771853447,
            "avg_abnormal": -0.08635683357715607,
            "run": 0,
            "epochs": 90,
            "train_time": 14.770578861236572,
            "test_time": 0.03211808204650879
        },
        {
            "rauc": 0.6914778856526429,
            "ap": 0.12976961939093296,
            "f1": 0.0,
            "avg_normal": -0.09022945165634155,
            "avg_abnormal": -0.08952515572309494,
            "run": 1,
            "epochs": 131,
            "train_time": 20.125024795532227,
            "test_time": 0.04585003852844238
        },
        {
            "rauc": 0.709816612729234,
            "ap": 0.1349043382733896,
            "f1": 0.0,
            "avg_normal": -0.08531425148248672,
            "avg_abnormal": -0.08201088756322861,
            "run": 2,
            "epochs": 106,
            "train_time": 16.228593349456787,
            "test_time": 0.041994333267211914
        },
        {
            "rauc": 0.9536138079827401,
            "ap": 0.5534792368125702,
            "f1": 0.5555555555555556,
            "avg_normal": -0.08449171483516693,
            "avg_abnormal": -0.06509903073310852,
            "run": 3,
            "epochs": 78,
            "train_time": 11.89799427986145,
            "test_time": 0.04216408729553223
        },
        {
            "rauc": 0.7227615965480043,
            "ap": 0.18841594215000407,
            "f1": 0.2222222222222222,
            "avg_normal": -0.08710255473852158,
            "avg_abnormal": -0.08277024328708649,
            "run": 4,
            "epochs": 99,
            "train_time": 15.190035820007324,
            "test_time": 0.039725542068481445
        },
        {
            "rauc": 0.7378640776699028,
            "ap": 0.16673014079812326,
            "f1": 0.0,
            "avg_normal": -0.08660809695720673,
            "avg_abnormal": -0.08420998603105545,
            "run": 5,
            "epochs": 133,
            "train_time": 19.70215892791748,
            "test_time": 0.03954625129699707
        },
        {
            "rauc": 0.6979503775620279,
            "ap": 0.12984117903696035,
            "f1": 0.0,
            "avg_normal": -0.08473603427410126,
            "avg_abnormal": -0.08099448680877686,
            "run": 6,
            "epochs": 102,
            "train_time": 14.374079465866089,
            "test_time": 0.04652142524719238
        },
        {
            "rauc": 0.9104638619201726,
            "ap": 0.32503743437695964,
            "f1": 0.2222222222222222,
            "avg_normal": -0.08482073247432709,
            "avg_abnormal": -0.07246900349855423,
            "run": 7,
            "epochs": 98,
            "train_time": 15.17969012260437,
            "test_time": 0.04304933547973633
        },
        {
            "rauc": 0.8500539374325782,
            "ap": 0.3096017166687101,
            "f1": 0.3333333333333333,
            "avg_normal": -0.08722544461488724,
            "avg_abnormal": -0.07743465900421143,
            "run": 8,
            "epochs": 113,
            "train_time": 17.609752893447876,
            "test_time": 0.03809046745300293
        },
        {
            "rauc": 0.6245954692556634,
            "ap": 0.10685593948793491,
            "f1": 0.0,
            "avg_normal": -0.08372905105352402,
            "avg_abnormal": -0.08228867501020432,
            "run": 9,
            "epochs": 115,
            "train_time": 17.829861879348755,
            "test_time": 0.04310894012451172
        }
    ]
}