{
    "model_config": {
        "num_features": 13,
        "hidden_dim": 64,
        "depth": 4,
        "num_heads": 4,
        "mlp_ratio": 4.0,
        "dropout_prob": 0.0,
        "temperature": 0.2,
        "contrastive_loss_weight": 0.01,
        "use_flash_attn": false
    },
    "train_config": {
        "data_dir": "Data/",
        "epochs": 200,
        "learning_rate": 0.01,
        "sche_gamma": 0.95,
        "batch_size": 512,
        "random_seed": 42,
        "num_workers": 0,
        "preprocess": "standard",
        "patience": 10,
        "min_delta": 0,
        "use_amp": false,
        "model_type": "TAECL",
        "dataset_name": "wine",
        "base_path": "results/TAECL-temp0.2-contra0.01-contra/wine/1.0",
        "exp_name": "TAECL-temp0.2-contra0.01-contra",
        "runs": 10,
        "train_ratio": 1.0
    },
    "mean_metrics": {
        "rauc": 0.7518333333333334,
        "ap": 0.43688026252226503,
        "f1": 0.42000000000000004,
        "avg_normal": -0.07940504029393196,
        "avg_abnormal": -0.0738943912088871
    },
    "std_metrics": {
        "rauc_std": 0.17092144069393075,
        "ap_std": 0.2127955438750083,
        "f1_std": 0.25612496949731395,
        "avg_normal_std": 0.0037233981969093796,
        "avg_abnormal_std": 0.008388551230160203
    },
    "total_time": 89.98134899139404,
    "all_seeds": [
        {
            "rauc": 0.97,
            "ap": 0.8127455877455877,
            "f1": 0.7,
            "avg_normal": -0.07304297387599945,
            "avg_abnormal": -0.05799955874681473,
            "run": 0,
            "epochs": 200,
            "train_time": 9.749130010604858,
            "test_time": 0.040433406829833984
        },
        {
            "rauc": 0.6566666666666667,
            "ap": 0.19442729700794217,
            "f1": 0.1,
            "avg_normal": -0.08394613116979599,
            "avg_abnormal": -0.08376877009868622,
            "run": 1,
            "epochs": 200,
            "train_time": 9.374680519104004,
            "test_time": 0.04160189628601074
        },
        {
            "rauc": 0.93,
            "ap": 0.6140384615384615,
            "f1": 0.6,
            "avg_normal": -0.07928571850061417,
            "avg_abnormal": -0.07078491896390915,
            "run": 2,
            "epochs": 200,
            "train_time": 8.969897270202637,
            "test_time": 0.042557716369628906
        },
        {
            "rauc": 0.8433333333333333,
            "ap": 0.5171491228070175,
            "f1": 0.6,
            "avg_normal": -0.07446601986885071,
            "avg_abnormal": -0.06645157933235168,
            "run": 3,
            "epochs": 200,
            "train_time": 9.008735179901123,
            "test_time": 0.041275978088378906
        },
        {
            "rauc": 0.855,
            "ap": 0.5865313771685585,
            "f1": 0.5,
            "avg_normal": -0.0786040723323822,
            "avg_abnormal": -0.07148130238056183,
            "run": 4,
            "epochs": 200,
            "train_time": 9.035704374313354,
            "test_time": 0.041463613510131836
        },
        {
            "rauc": 0.43,
            "ap": 0.12994318648948794,
            "f1": 0.0,
            "avg_normal": -0.08453970402479172,
            "avg_abnormal": -0.08509574830532074,
            "run": 5,
            "epochs": 200,
            "train_time": 9.150137901306152,
            "test_time": 0.04177069664001465
        },
        {
            "rauc": 0.7616666666666667,
            "ap": 0.47187229437229433,
            "f1": 0.6,
            "avg_normal": -0.08002924919128418,
            "avg_abnormal": -0.07417085766792297,
            "run": 6,
            "epochs": 200,
            "train_time": 8.257409572601318,
            "test_time": 0.028534889221191406
        },
        {
            "rauc": 0.7733333333333332,
            "ap": 0.3057776761492636,
            "f1": 0.3,
            "avg_normal": -0.08370711654424667,
            "avg_abnormal": -0.08260461688041687,
            "run": 7,
            "epochs": 200,
            "train_time": 6.01244330406189,
            "test_time": 0.042510271072387695
        },
        {
            "rauc": 0.4766666666666667,
            "ap": 0.1804493235757385,
            "f1": 0.1,
            "avg_normal": -0.0796969011425972,
            "avg_abnormal": -0.07963772863149643,
            "run": 8,
            "epochs": 200,
            "train_time": 9.14190673828125,
            "test_time": 0.04007530212402344
        },
        {
            "rauc": 0.8216666666666667,
            "ap": 0.5558682983682984,
            "f1": 0.7,
            "avg_normal": -0.07673251628875732,
            "avg_abnormal": -0.06694883108139038,
            "run": 9,
            "epochs": 200,
            "train_time": 9.146764755249023,
            "test_time": 0.041327476501464844
        }
    ]
}