{
    "model_config": {
        "hidden_dim": 64,
        "depth": 4,
        "num_heads": 4,
        "mlp_ratio": 4.0,
        "dropout_prob": 0.0,
        "num_prototypes": 10,
        "temperature": 0.1,
        "sinkhorn_iters": 3,
        "sinkhorn_eps": 0.1,
        "contrastive_loss_weight": 0.01,
        "use_flash_attn": false,
        "num_features": 9
    },
    "train_config": {
        "data_dir": "Data/",
        "epochs": 250,
        "learning_rate": 0.01,
        "sche_gamma": 0.95,
        "batch_size": 64,
        "random_seed": 42,
        "num_workers": 0,
        "preprocess": "standard",
        "patience": 20,
        "use_amp": false,
        "model_type": "ProtoAD",
        "dataset_name": "breastw",
        "base_path": "results/ProtoAD-d64-proto10-eps0.1-contra0.01-temp0.1/breastw/1.0",
        "exp_name": "ProtoAD-d64-proto10-eps0.1-contra0.01-temp0.1",
        "runs": 10,
        "train_ratio": 1.0,
        "run": 9
    },
    "mean_metrics": {
        "rauc": 0.9863168607938482,
        "ap": 0.9830277680707447,
        "f1": 0.9514644351464436,
        "entropy_rauc": 0.05271966527196652,
        "entropy_ap": 0.3305071674254708,
        "entropy_f1": 0.14811715481171545,
        "avg_normal_entropy": 2.167949950695038,
        "avg_abnormal_entropy": 1.8308756351470947,
        "avg_normal_recon": 0.46739109605550766,
        "avg_abnormal_recon": 13.133439636230468
    },
    "std_metrics": {
        "rauc_std": 0.004544904175183752,
        "ap_std": 0.007712774464234886,
        "f1_std": 0.011101672938428106,
        "entropy_rauc_std": 0.026274726080559155,
        "entropy_ap_std": 0.00466452585026199,
        "entropy_f1_std": 0.03658157823329606,
        "avg_normal_entropy_std": 0.15577178493722368,
        "avg_abnormal_entropy_std": 0.29969656671964967,
        "avg_normal_recon_std": 0.15749937981189924,
        "avg_abnormal_recon_std": 3.1272135718368386
    },
    "total_time": 164.34250497817993,
    "all_seeds": [
        {
            "run": 0,
            "train_time": 17.004952430725098,
            "test_time": 0.06941580772399902,
            "epochs": 100,
            "rauc": 0.9864487918881224,
            "ap": 0.984445259292148,
            "f1": 0.9539748953974896,
            "entropy_rauc": 0.07497455614610425,
            "entropy_ap": 0.3358458450121191,
            "entropy_f1": 0.1589958158995816,
            "avg_normal_entropy": 2.1508002281188965,
            "avg_abnormal_entropy": 1.7108577489852905,
            "avg_normal_recon": 0.47935906052589417,
            "avg_abnormal_recon": 15.617238998413086
        },
        {
            "run": 1,
            "train_time": 19.47771453857422,
            "test_time": 0.05961751937866211,
            "epochs": 119,
            "rauc": 0.9872026838554034,
            "ap": 0.9875677862123184,
            "f1": 0.9288702928870293,
            "entropy_rauc": 0.06598439443627727,
            "entropy_ap": 0.33434501318473947,
            "entropy_f1": 0.16317991631799164,
            "avg_normal_entropy": 2.2428677082061768,
            "avg_abnormal_entropy": 2.04115891456604,
            "avg_normal_recon": 0.43286752700805664,
            "avg_abnormal_recon": 10.9607515335083
        },
        {
            "run": 2,
            "train_time": 11.495853900909424,
            "test_time": 0.030371427536010742,
            "epochs": 97,
            "rauc": 0.9913679369746314,
            "ap": 0.9897030712522179,
            "f1": 0.9707112970711297,
            "entropy_rauc": 0.06049983037430737,
            "entropy_ap": 0.3308523884077712,
            "entropy_f1": 0.18410041841004185,
            "avg_normal_entropy": 2.2469370365142822,
            "avg_abnormal_entropy": 2.006061315536499,
            "avg_normal_recon": 0.24684329330921173,
            "avg_abnormal_recon": 10.891345024108887
        },
        {
            "run": 3,
            "train_time": 16.531851768493652,
            "test_time": 0.0628354549407959,
            "epochs": 101,
            "rauc": 0.9815296468016134,
            "ap": 0.9709748296669531,
            "f1": 0.9456066945606695,
            "entropy_rauc": 0.07369293980172639,
            "entropy_ap": 0.33398127370072156,
            "entropy_f1": 0.20502092050209206,
            "avg_normal_entropy": 2.191941022872925,
            "avg_abnormal_entropy": 1.895965337753296,
            "avg_normal_recon": 0.7531037330627441,
            "avg_abnormal_recon": 18.408206939697266
        },
        {
            "run": 4,
            "train_time": 8.916866064071655,
            "test_time": 0.0304563045501709,
            "epochs": 115,
            "rauc": 0.9848844660560141,
            "ap": 0.9823072495111578,
            "f1": 0.9623430962343096,
            "entropy_rauc": 0.08000678502770553,
            "entropy_ap": 0.3351784850422113,
            "entropy_f1": 0.17573221757322174,
            "avg_normal_entropy": 2.2528176307678223,
            "avg_abnormal_entropy": 2.130903959274292,
            "avg_normal_recon": 0.5064873695373535,
            "avg_abnormal_recon": 17.295326232910156
        },
        {
            "run": 5,
            "train_time": 10.291247129440308,
            "test_time": 0.06596255302429199,
            "epochs": 70,
            "rauc": 0.9885408420973275,
            "ap": 0.9881133315673953,
            "f1": 0.9497907949790795,
            "entropy_rauc": 0.015153228542349878,
            "entropy_ap": 0.3243058727776399,
            "entropy_f1": 0.1087866108786611,
            "avg_normal_entropy": 2.170114040374756,
            "avg_abnormal_entropy": 1.6313014030456543,
            "avg_normal_recon": 0.29199644923210144,
            "avg_abnormal_recon": 9.736822128295898
        },
        {
            "run": 6,
            "train_time": 22.026675939559937,
            "test_time": 0.06599998474121094,
            "epochs": 136,
            "rauc": 0.9884654529005993,
            "ap": 0.9833208200512916,
            "f1": 0.9456066945606695,
            "entropy_rauc": 0.08013871612197972,
            "entropy_ap": 0.3341803500777116,
            "entropy_f1": 0.16736401673640167,
            "avg_normal_entropy": 2.257420539855957,
            "avg_abnormal_entropy": 2.1749167442321777,
            "avg_normal_recon": 0.6579842567443848,
            "avg_abnormal_recon": 14.400641441345215
        },
        {
            "run": 7,
            "train_time": 20.12567377090454,
            "test_time": 0.06554579734802246,
            "epochs": 124,
            "rauc": 0.9755362056617286,
            "ap": 0.9663384607349248,
            "f1": 0.9456066945606695,
            "entropy_rauc": 0.04440423687285612,
            "entropy_ap": 0.32764372100272543,
            "entropy_f1": 0.11715481171548117,
            "avg_normal_entropy": 1.712264895439148,
            "avg_abnormal_entropy": 1.0903772115707397,
            "avg_normal_recon": 0.5565265417098999,
            "avg_abnormal_recon": 11.372447967529297
        },
        {
            "run": 8,
            "train_time": 20.667381048202515,
            "test_time": 0.06414294242858887,
            "epochs": 127,
            "rauc": 0.9915941045648158,
            "ap": 0.9911872956329555,
            "f1": 0.9623430962343096,
            "entropy_rauc": 0.009706359078744009,
            "entropy_ap": 0.3228129683117964,
            "entropy_f1": 0.08786610878661087,
            "avg_normal_entropy": 2.2322921752929688,
            "avg_abnormal_entropy": 1.7524317502975464,
            "avg_normal_recon": 0.2681066691875458,
            "avg_abnormal_recon": 8.684370040893555
        },
        {
            "run": 9,
            "train_time": 14.967044353485107,
            "test_time": 0.05921530723571777,
            "epochs": 99,
            "rauc": 0.9875984771382261,
            "ap": 0.986319576786083,
            "f1": 0.9497907949790795,