{
    "model_config": {
        "hidden_dim": 64,
        "depth": 4,
        "num_heads": 4,
        "mlp_ratio": 4.0,
        "dropout_prob": 0.0,
        "num_prototypes": 10,
        "temperature": 0.1,
        "sinkhorn_iters": 3,
        "sinkhorn_eps": 0.05,
        "contrastive_loss_weight": 1.0,
        "use_flash_attn": false,
        "num_features": 6
    },
    "train_config": {
        "data_dir": "Data/",
        "epochs": 250,
        "learning_rate": 0.01,
        "sche_gamma": 0.95,
        "batch_size": 512,
        "random_seed": 42,
        "num_workers": 0,
        "preprocess": "standard",
        "patience": 20,
        "use_amp": false,
        "model_type": "ProtoAD",
        "dataset_name": "mammography",
        "base_path": "results/ProtoAD-d64-proto10-eps0.05-contra1.0-temp0.1/mammography/1.0",
        "exp_name": "ProtoAD-d64-proto10-eps0.05-contra1.0-temp0.1",
        "runs": 10,
        "train_ratio": 1.0,
        "run": 9
    },
    "mean_metrics": {
        "rauc": 0.8370994000506998,
        "ap": 0.36108268751649064,
        "f1": 0.37846153846153846,
        "entropy_rauc": 0.40619975776694933,
        "entropy_ap": 0.03892394143375271,
        "entropy_f1": 0.0067646938224842305,
        "avg_normal_entropy": 0.25169903337955474,
        "avg_abnormal_entropy": 0.04202207177877426,
        "avg_normal_recon": 0.15265702083706856,
        "avg_abnormal_recon": 3.4329111337661744
    },
    "std_metrics": {
        "rauc_std": 0.016582382218836518,
        "ap_std": 0.055417423446621754,
        "f1_std": 0.04609611774331888,
        "entropy_rauc_std": 0.07945938181070294,
        "entropy_ap_std": 0.00835607409256332,
        "entropy_f1_std": 0.01140098930001577,
        "avg_normal_entropy_std": 0.0473519603210267,
        "avg_abnormal_entropy_std": 0.009161315889221085,
        "avg_normal_recon_std": 0.049583680400076525,
        "avg_abnormal_recon_std": 0.5703014246317459
    },
    "total_time": 479.7071647644043,
    "all_seeds": [
        {
            "run": 0,
            "train_time": 81.24521851539612,
            "test_time": 0.12987661361694336,
            "epochs": 198,
            "rauc": 0.8037243331549447,
            "ap": 0.24858857570483667,
            "f1": 0.29615384615384616,
            "entropy_rauc": 0.3196669999718334,
            "entropy_ap": 0.03129120703767054,
            "entropy_f1": 0.0,
            "avg_normal_entropy": 0.2460608035326004,
            "avg_abnormal_entropy": 0.0442659966647625,
            "avg_normal_recon": 0.21000756323337555,
            "avg_abnormal_recon": 2.7348484992980957
        },
        {
            "run": 1,
            "train_time": 48.358850717544556,
            "test_time": 0.07645225524902344,
            "epochs": 189,
            "rauc": 0.8370172943131566,
            "ap": 0.3857296614245498,
            "f1": 0.38076923076923075,
            "entropy_rauc": 0.5075722474157115,
            "entropy_ap": 0.04315266704964639,
            "entropy_f1": 0.007462686567164179,
            "avg_normal_entropy": 0.22662806510925293,
            "avg_abnormal_entropy": 0.05646201968193054,
            "avg_normal_recon": 0.10562434047460556,
            "avg_abnormal_recon": 3.2671217918395996
        },
        {
            "run": 2,
            "train_time": 20.108847856521606,
            "test_time": 0.06990718841552734,
            "epochs": 128,
            "rauc": 0.8231269188519279,
            "ap": 0.30937006939963785,
            "f1": 0.3576923076923077,
            "entropy_rauc": 0.35776730135481505,
            "entropy_ap": 0.03215516943226174,
            "entropy_f1": 0.0,
            "avg_normal_entropy": 0.22346514463424683,
            "avg_abnormal_entropy": 0.0348300039768219,
            "avg_normal_recon": 0.2258225977420807,
            "avg_abnormal_recon": 3.097318410873413
        },
        {
            "run": 3,
            "train_time": 31.08249831199646,
            "test_time": 0.07071566581726074,
            "epochs": 116,
            "rauc": 0.8234804101061882,
            "ap": 0.3502405017108167,
            "f1": 0.3576923076923077,
            "entropy_rauc": 0.2739993803340563,
            "entropy_ap": 0.028565438682409388,
            "entropy_f1": 0.0,
            "avg_normal_entropy": 0.3394877314567566,
            "avg_abnormal_entropy": 0.04924118518829346,
            "avg_normal_recon": 0.14246463775634766,
            "avg_abnormal_recon": 3.3069136142730713
        },
        {
            "run": 4,
            "train_time": 27.20034432411194,
            "test_time": 0.07905435562133789,
            "epochs": 171,
            "rauc": 0.8536102582880319,
            "ap": 0.4252178344427678,
            "f1": 0.4576923076923077,
            "entropy_rauc": 0.4113553784187252,
            "entropy_ap": 0.035588817204335904,
            "entropy_f1": 0.0,
            "avg_normal_entropy": 0.22890540957450867,
            "avg_abnormal_entropy": 0.03311062604188919,
            "avg_normal_recon": 0.19594404101371765,
            "avg_abnormal_recon": 4.850005626678467
        },
        {
            "run": 5,
            "train_time": 29.671961069107056,
            "test_time": 0.10408687591552734,
            "epochs": 149,
            "rauc": 0.8435604033461961,
            "ap": 0.36842180435619415,
            "f1": 0.35,
            "entropy_rauc": 0.5254369349069092,
            "entropy_ap": 0.04807541570184981,
            "entropy_f1": 0.007633587786259542,
            "avg_normal_entropy": 0.22600078582763672,
            "avg_abnormal_entropy": 0.03626740351319313,
            "avg_normal_recon": 0.09055321663618088,
            "avg_abnormal_recon": 2.8299527168273926
        },
        {
            "run": 6,
            "train_time": 61.950671434402466,
            "test_time": 0.2021946907043457,
            "epochs": 153,
            "rauc": 0.8341450018308313,
            "ap": 0.3398956286538514,
            "f1": 0.34615384615384615,
            "entropy_rauc": 0.4309347097428387,
            "entropy_ap": 0.03675904511704979,
            "entropy_f1": 0.0,
            "avg_normal_entropy": 0.22452302277088165,
            "avg_abnormal_entropy": 0.03167998790740967,
            "avg_normal_recon": 0.13871587812900543,
            "avg_abnormal_recon": 3.3493599891662598
        },
        {
            "run": 7,
            "train_time": 37.4755072593689,
            "test_time": 0.12830257415771484,
            "epochs": 91,
            "rauc": 0.8581070613750952,
            "ap": 0.4531779203376496,
            "f1": 0.4461538461538462,
            "entropy_rauc": 0.3394037123623356,
            "entropy_ap": 0.03161662773513631,
            "entropy_f1": 0.0,
            "avg_normal_entropy": 0.22311322391033173,
            "avg_abnormal_entropy": 0.031138643622398376,
            "avg_normal_recon": 0.11153465509414673,
            "avg_abnormal_recon": 3.859464645385742
        },
        {
            "run": 8,
            "train_time": 73.03760600090027,
            "test_time": 0.13200640678405762,
            "epochs": 178,
            "rauc": 0.8591583809818889,
            "ap": 0.3927239662358349,
            "f1": 0.4076923076923077,
            "entropy_rauc": 0.48501464664957894,
            "entropy_ap": 0.0475882979711587,
            "entropy_f1": 0.014814814814814815,
            "avg_normal_entropy": 0.227439746260643,
            "avg_abnormal_entropy": 0.05171441659331322,
            "avg_normal_recon": 0.09812945872545242,
            "avg_abnormal_recon": 3.3860013484954834
        },
        {
            "run": 9,
            "train_time": 66.63081049919128,
            "test_time": 0.12186694145202637,
            "epochs": 167,
            "rauc": 0.8350639382587386,
            "ap": 0.33746091289876673,
            "f1": 0.38461538461538464,
            "entropy_rauc": 0.41084626651268913,