{
    "model_config": {
        "num_features": 36,
        "hidden_dim": 64,
        "depth": 4,
        "num_heads": 4,
        "mlp_ratio": 4.0,
        "dropout_prob": 0.0,
        "use_flash_attn": false,
        "ema_decay": 0.999,
        "contrastive_loss_weight": 0.1
    },
    "train_config": {
        "data_dir": "Data/",
        "epochs": 200,
        "learning_rate": 0.01,
        "sche_gamma": 0.95,
        "batch_size": 512,
        "random_seed": 42,
        "num_workers": 0,
        "preprocess": "standard",
        "patience": 10,
        "min_delta": 0,
        "use_amp": false,
        "model_type": "TKDAD",
        "dataset_name": "satimage-2",
        "base_path": "results/TKDAD-d64-lr0.01-contra0.1/satimage-2/1.0",
        "exp_name": "TKDAD-d64-lr0.01-contra0.1",
        "runs": 10,
        "train_ratio": 1.0
    },
    "mean_metrics": {
        "rauc": 0.9928668311333458,
        "avg_normal_score": 0.006839448248501867,
        "f1": 0.876056338028169,
        "ap": 0.9184454550629632,
        "avg_abnormal_score": 0.04973626350983977
    },
    "std_metrics": {
        "rauc_std": 0.003760229867406129,
        "avg_normal_score_std": 0.004305585853676494,
        "f1_std": 0.04400140662482623,
        "ap_std": 0.03712820534486022,
        "avg_abnormal_score_std": 0.02178057473312331
    },
    "total_time": 73.01795101165771,
    "all_seeds": [
        {
            "run": 0,
            "train_time": 4.853200197219849,
            "test_time": 0.06745409965515137,
            "epochs": 16,
            "rauc": 0.9901958857120392,
            "ap": 0.929026876596041,
            "f1": 0.8873239436619719,
            "avg_normal_score": 0.014228849671781063,
            "avg_abnormal_score": 0.06331639736890793
        },
        {
            "run": 1,
            "train_time": 9.507524728775024,
            "test_time": 0.0683138370513916,
            "epochs": 37,
            "rauc": 0.9933902086630039,
            "ap": 0.9524296002540843,
            "f1": 0.9014084507042254,
            "avg_normal_score": 0.0025044342037290335,
            "avg_abnormal_score": 0.031749773770570755
        },
        {
            "run": 2,
            "train_time": 5.830152750015259,
            "test_time": 0.06721901893615723,
            "epochs": 21,
            "rauc": 0.9925203699517411,
            "ap": 0.9290465755478303,
            "f1": 0.9014084507042254,
            "avg_normal_score": 0.0045762211084365845,
            "avg_abnormal_score": 0.04518028721213341
        },
        {
            "run": 3,
            "train_time": 4.988529205322266,
            "test_time": 0.06688404083251953,
            "epochs": 18,
            "rauc": 0.9965353881839538,
            "ap": 0.9536883448768284,
            "f1": 0.9154929577464789,
            "avg_normal_score": 0.008913745172321796,
            "avg_abnormal_score": 0.0999722108244896
        },
        {
            "run": 4,
            "train_time": 5.499180555343628,
            "test_time": 0.058599233627319336,
            "epochs": 19,
            "rauc": 0.9939013003351582,
            "ap": 0.8711791375443467,
            "f1": 0.8309859154929577,
            "avg_normal_score": 0.0073520648293197155,
            "avg_abnormal_score": 0.04627535864710808
        },
        {
            "run": 5,
            "train_time": 4.759174108505249,
            "test_time": 0.05202603340148926,
            "epochs": 17,
            "rauc": 0.9948546828774462,
            "ap": 0.897515395104073,
            "f1": 0.8450704225352113,
            "avg_normal_score": 0.013108606450259686,
            "avg_abnormal_score": 0.06071450561285019
        },
        {
            "run": 6,
            "train_time": 7.109999179840088,
            "test_time": 0.06840944290161133,
            "epochs": 25,
            "rauc": 0.9844903334873161,
            "ap": 0.9127065181070843,
            "f1": 0.8732394366197183,
            "avg_normal_score": 0.0034915334545075893,
            "avg_abnormal_score": 0.05845676362514496
        },
        {
            "run": 7,
            "train_time": 4.914859771728516,
            "test_time": 0.06800031661987305,
            "epochs": 18,
            "rauc": 0.989281817913763,
            "ap": 0.8386541801140671,
            "f1": 0.7746478873239436,
            "avg_normal_score": 0.009759245440363884,
            "avg_abnormal_score": 0.042766354978084564
        },
        {
            "run": 8,
            "train_time": 8.475214719772339,
            "test_time": 0.06767511367797852,
            "epochs": 32,
            "rauc": 0.9956950355306999,
            "ap": 0.9434923988993645,
            "f1": 0.9154929577464789,
            "avg_normal_score": 0.0028484726790338755,
            "avg_abnormal_score": 0.03333236649632454
        },
        {
            "run": 9,
            "train_time": 14.627681255340576,
            "test_time": 0.053798675537109375,
            "epochs": 57,
            "rauc": 0.9978032886783367,
            "ap": 0.9567155235859113,
            "f1": 0.9154929577464789,
            "avg_normal_score": 0.0016113094752654433,
            "avg_abnormal_score": 0.015598616562783718
        }
    ]
}