{
    "model_config": {
        "num_features": 36,
        "hidden_dim": 128,
        "depth": 4,
        "num_heads": 4,
        "mlp_ratio": 4.0,
        "dropout_prob": 0.0,
        "temperature": 1.0,
        "contrastive_loss_weight": 0.001,
        "use_flash_attn": false
    },
    "train_config": {
        "data_dir": "Data/",
        "epochs": 200,
        "learning_rate": 0.001,
        "sche_gamma": 0.95,
        "batch_size": 512,
        "random_seed": 42,
        "num_workers": 0,
        "preprocess": "standard",
        "patience": 10,
        "min_delta": 0,
        "use_amp": false,
        "model_type": "TAECL",
        "dataset_name": "satellite",
        "base_path": "results/TAECL-temp1.0-contra0.001-contra/satellite/1.0",
        "exp_name": "TAECL-temp1.0-contra0.001-contra",
        "runs": 10,
        "train_ratio": 1.0,
        "run": 9
    },
    "mean_metrics": {
        "rauc": 0.65585755268798,
        "ap": 0.7644096704539166,
        "f1": 0.6090373280943026,
        "avg_normal": -0.008430459536612034,
        "avg_abnormal": -0.008289187587797642
    },
    "std_metrics": {
        "rauc_std": 0.014901377637150545,
        "ap_std": 0.015742128440404637,
        "f1_std": 0.01483755898841739,
        "avg_normal_std": 2.402286836829585e-05,
        "avg_abnormal_std": 4.360795505276547e-05
    },
    "total_time": 234.90039157867432,
    "all_seeds": [
        {
            "rauc": 0.6586421682443293,
            "ap": 0.7621137281622644,
            "f1": 0.6080550098231827,
            "avg_normal": -0.008447478525340557,
            "avg_abnormal": -0.0083547905087471,
            "run": 0,
            "epochs": 113,
            "train_time": 23.245176553726196,
            "test_time": 0.40415024757385254
        },
        {
            "rauc": 0.6725781389533846,
            "ap": 0.7855551018600536,
            "f1": 0.6272102161100196,
            "avg_normal": -0.008418986573815346,
            "avg_abnormal": -0.008228530175983906,
            "run": 1,
            "epochs": 105,
            "train_time": 20.77388572692871,
            "test_time": 0.1877918243408203
        },
        {
            "rauc": 0.6564146499374889,
            "ap": 0.7667939256132821,
            "f1": 0.6075638506876228,
            "avg_normal": -0.008456354960799217,
            "avg_abnormal": -0.008315341547131538,
            "run": 2,
            "epochs": 107,
            "train_time": 21.53135347366333,
            "test_time": 0.13676738739013672
        },
        {
            "rauc": 0.6554643686372568,
            "ap": 0.7646647150786359,
            "f1": 0.611984282907662,
            "avg_normal": -0.008478811010718346,
            "avg_abnormal": -0.008310297504067421,
            "run": 3,
            "epochs": 118,
            "train_time": 22.681166648864746,
            "test_time": 0.15717363357543945
        },
        {
            "rauc": 0.658307956777996,
            "ap": 0.7724079065668651,
            "f1": 0.6144400785854617,
            "avg_normal": -0.008412884548306465,
            "avg_abnormal": -0.008258908987045288,
            "run": 4,
            "epochs": 111,
            "train_time": 21.992193937301636,
            "test_time": 0.17075133323669434
        },
        {
            "rauc": 0.6453589926772638,
            "ap": 0.7567479139854694,
            "f1": 0.5972495088408645,
            "avg_normal": -0.008403345942497253,
            "avg_abnormal": -0.008286740630865097,
            "run": 5,
            "epochs": 115,
            "train_time": 22.951802968978882,
            "test_time": 0.43909525871276855
        },
        {
            "rauc": 0.6343184050723343,
            "ap": 0.7407698922856247,
            "f1": 0.5947937131630648,
            "avg_normal": -0.00841405801475048,
            "avg_abnormal": -0.008326275274157524,
            "run": 6,
            "epochs": 117,
            "train_time": 22.923803329467773,
            "test_time": 0.20069050788879395
        },
        {
            "rauc": 0.6496213609573138,
            "ap": 0.7566046174942922,
            "f1": 0.6105108055009824,
            "avg_normal": -0.008405900560319424,
            "avg_abnormal": -0.008256749249994755,
            "run": 7,
            "epochs": 139,
            "train_time": 27.721779823303223,
            "test_time": 0.11136221885681152
        },
        {
            "rauc": 0.6882573897124487,
            "ap": 0.7940317016317022,
            "f1": 0.6365422396856582,
            "avg_normal": -0.008447669446468353,
            "avg_abnormal": -0.008221165277063847,
            "run": 8,
            "epochs": 129,
            "train_time": 25.804879426956177,
            "test_time": 0.11192107200622559
        },
        {
            "rauc": 0.6396120959099839,
            "ap": 0.7444072018609753,
            "f1": 0.5820235756385069,
            "avg_normal": -0.008419105783104897,
            "avg_abnormal": -0.008333076722919941,
            "run": 9,
            "epochs": 109,
            "train_time": 21.045911073684692,
            "test_time": 0.14240813255310059
        }
    ]
}