{
    "model_config": {
        "num_features": 33,
        "hidden_dim": 64,
        "depth": 4,
        "depth_enc": null,
        "depth_dec": null,
        "num_heads": 4,
        "mlp_ratio": 4.0,
        "dropout_prob": 0.0,
        "temperature": 0.1,
        "byol_loss_weight": 0.1,
        "dacl_alpha": 0.9,
        "projector_dim": null,
        "byol_momentum": 0.99,
        "use_flash_attn": false
    },
    "train_config": {
        "data_dir": "Data/",
        "epochs": 200,
        "learning_rate": 0.01,
        "sche_gamma": 0.95,
        "batch_size": 512,
        "random_seed": 42,
        "num_workers": 0,
        "preprocess": "standard",
        "patience": 10,
        "min_delta": 0,
        "use_amp": false,
        "model_type": "TAEDACL",
        "dataset_name": "ionosphere",
        "base_path": "results/TAEDACL-260125-bw0.1-ap0.9-ep200-ep130_byol/ionosphere/1.0",
        "exp_name": "TAEDACL-260125-bw0.1-ap0.9-ep200-ep130_byol",
        "runs": 10,
        "train_ratio": 1.0
    },
    "start_time_kst": "2026-01-25T16:02:06+09:00",
    "mean_metrics": {
        "rauc": 0.7134288523669055,
        "ap": 0.7126911274816199,
        "f1": 0.6634920634920636,
        "avg_normal": -1.3020079135894775,
        "avg_abnormal": -1.243105661869049
    },
    "std_metrics": {
        "rauc_std": 0.06718630713719023,
        "ap_std": 0.08585623460611015,
        "f1_std": 0.042621338355865256,
        "avg_normal_std": 0.01853826421231582,
        "avg_abnormal_std": 0.04285844283483115
    },
    "total_time": 214.6682949066162,
    "all_seeds": [
        {
            "rauc": 0.6309172636606265,
            "ap": 0.6320621920781253,
            "f1": 0.6031746031746031,
            "avg_normal": -1.3210941553115845,
            "avg_abnormal": -1.304173469543457,
            "run": 0,
            "epochs": 200,
            "train_time": 22.993897438049316,
            "test_time": 0.02484869956970215
        },
        {
            "rauc": 0.6810647562859953,
            "ap": 0.7025925523336473,
            "f1": 0.6111111111111112,
            "avg_normal": -1.3187272548675537,
            "avg_abnormal": -1.270727515220642,
            "run": 1,
            "epochs": 197,
            "train_time": 22.09581422805786,
            "test_time": 0.045578956604003906
        },
        {
            "rauc": 0.7046635763449922,
            "ap": 0.6514683821518865,
            "f1": 0.7063492063492064,
            "avg_normal": -1.2809871435165405,
            "avg_abnormal": -1.251646876335144,
            "run": 2,
            "epochs": 200,
            "train_time": 22.16961932182312,
            "test_time": 0.03009033203125
        },
        {
            "rauc": 0.7165332209579998,
            "ap": 0.7097812366968719,
            "f1": 0.6825396825396826,
            "avg_normal": -1.2997040748596191,
            "avg_abnormal": -1.2448043823242188,
            "run": 3,
            "epochs": 183,
            "train_time": 19.404288291931152,
            "test_time": 0.04298281669616699
        },
        {
            "rauc": 0.8313667649950836,
            "ap": 0.8553980281632125,
            "f1": 0.7142857142857143,
            "avg_normal": -1.295620083808899,
            "avg_abnormal": -1.169282078742981,
            "run": 4,
            "epochs": 200,
            "train_time": 21.270718812942505,
            "test_time": 0.027915477752685547
        },
        {
            "rauc": 0.8081191178536311,
            "ap": 0.841783898002336,
            "f1": 0.7222222222222222,
            "avg_normal": -1.3287198543548584,
            "avg_abnormal": -1.2170835733413696,
            "run": 5,
            "epochs": 187,
            "train_time": 19.964258193969727,
            "test_time": 0.03983569145202637
        },
        {
            "rauc": 0.6621716533220958,
            "ap": 0.6661036362408366,
            "f1": 0.626984126984127,
            "avg_normal": -1.2773510217666626,
            "avg_abnormal": -1.2346550226211548,
            "run": 6,
            "epochs": 200,
            "train_time": 21.276633262634277,
            "test_time": 0.030830860137939453
        },
        {
            "rauc": 0.6362550920073045,
            "ap": 0.6117104155864533,
            "f1": 0.6190476190476191,
            "avg_normal": -1.3190221786499023,
            "avg_abnormal": -1.298153042793274,
            "run": 7,
            "epochs": 200,
            "train_time": 21.58124589920044,
            "test_time": 0.03373527526855469
        },
        {
            "rauc": 0.6812052254530131,
            "ap": 0.6458882567740654,
            "f1": 0.6746031746031746,
            "avg_normal": -1.3031619787216187,
            "avg_abnormal": -1.2622672319412231,
            "run": 8,
            "epochs": 188,
            "train_time": 19.746079921722412,
            "test_time": 0.04540085792541504
        },
        {
            "rauc": 0.781991852788313,
            "ap": 0.8101226767887637,
            "f1": 0.6746031746031746,
            "avg_normal": -1.2756913900375366,
            "avg_abnormal": -1.1782634258270264,
            "run": 9,
            "epochs": 200,
            "train_time": 21.620940685272217,
            "test_time": 0.030595779418945312
        }
    ]
}