{
    "model_config": {
        "model_type": "Perceiver",
        "dataset_name": "pendigits",
        "train_ratio": 1.0
    },
    "mean_metrics": {
        "AUC-ROC": 0.9611546481519672,
        "AUC-PR": 0.3741055282443156,
        "f1": 0.36538461538461536
    },
    "total_time": 80.11949396133423,
    "all_seeds": [
        {
            "run": 0,
            "AUC-ROC": 0.9611546481519672,
            "AUC-PR": 0.3741055282443156,
            "f1": 0.36538461538461536
        }
    ]
}