{
    "model_config": {
        "num_heads": 4,
        "num_latents": 2,
        "num_memories": 42,
        "depth": 4,
        "hidden_dim": 64,
        "mlp_ratio": 4.0,
        "dropout_prob": 0.0,
        "temperature": 0.1,
        "sim_type": "cos",
        "use_oe": true,
        "oe_lambda": 0.1,
        "oe_shuffle_ratio": 0.3,
        "oe_lambda_memory": 0.0,
        "is_weight_sharing": false,
        "use_pos_enc_as_query": false,
        "use_mask_token": false,
        "num_features": 6
    },
    "train_config": {
        "data_dir": "Data/",
        "epochs": 250,
        "learning_rate": 0.01,
        "sche_gamma": 0.95,
        "batch_size": 512,
        "random_seed": 42,
        "num_workers": 0,
        "preprocess": "standard",
        "model_type": "OELATTE",
        "dataset_name": "thyroid",
        "train_ratio": 1.0,
        "base_path": "results/OELATTE-d64-oe_lam0.1-oe_rat0.3/thyroid/1.0",
        "not_use_power_of_two": false,
        "num_memories_not_use_power_of_two": false,
        "num_memories_twice": false,
        "contamination_ratio": null,
        "latent_ratio": null,
        "memory_ratio": null,
        "run": 9
    },
    "mean_metrics": {
        "AUC-ROC": 0.9667689340813463,
        "AUC-PR": 0.7298461484405492,
        "f1": 0.6838709677419356
    },
    "total_time": 154.89307689666748,
    "all_seeds": [
        {
            "run": 0,
            "AUC-ROC": 0.9729780271154744,
            "AUC-PR": 0.7661085397365663,
            "f1": 0.6881720430107527,
            "train_time": 19.979127168655396,
            "test_time": 0.04970240592956543,
            "epochs": 93
        },
        {
            "run": 1,
            "AUC-ROC": 0.9276647966339411,
            "AUC-PR": 0.5023109971409905,
            "f1": 0.44086021505376344,
            "train_time": 21.484448432922363,
            "test_time": 0.05065655708312988,
            "epochs": 105
        },
        {
            "run": 2,
            "AUC-ROC": 0.9866643291257597,
            "AUC-PR": 0.8290135690315619,
            "f1": 0.7956989247311828,
            "train_time": 24.908754110336304,
            "test_time": 0.051012516021728516,
            "epochs": 123
        },
        {
            "run": 3,
            "AUC-ROC": 0.9808146330060776,
            "AUC-PR": 0.8125663164785916,
            "f1": 0.7526881720430108,
            "train_time": 20.76764678955078,
            "test_time": 0.05267453193664551,
            "epochs": 101
        },
        {
            "run": 4,
            "AUC-ROC": 0.9588943431510052,
            "AUC-PR": 0.8010304197522835,
            "f1": 0.7741935483870968,
            "train_time": 6.329446315765381,
            "test_time": 0.053765296936035156,
            "epochs": 28
        },
        {
            "run": 5,
            "AUC-ROC": 0.976618747078074,
            "AUC-PR": 0.7178611710628197,
            "f1": 0.6666666666666666,
            "train_time": 21.05218195915222,
            "test_time": 0.05072450637817383,
            "epochs": 103
        },
        {
            "run": 6,
            "AUC-ROC": 0.9800607760635811,
            "AUC-PR": 0.7523634556988692,
            "f1": 0.7096774193548387,
            "train_time": 16.738985300064087,
            "test_time": 0.020734786987304688,
            "epochs": 101
        },
        {
            "run": 7,
            "AUC-ROC": 0.9838125292192613,
            "AUC-PR": 0.7784655790102979,
            "f1": 0.7419354838709677,
            "train_time": 8.077688455581665,
            "test_time": 0.020833253860473633,
            "epochs": 108
        },
        {
            "run": 8,
            "AUC-ROC": 0.9735215053763441,
            "AUC-PR": 0.7333377729842379,
            "f1": 0.6881720430107527,
            "train_time": 6.9355692863464355,
            "test_time": 0.021360158920288086,
            "epochs": 84
        },
        {
            "run": 9,
            "AUC-ROC": 0.9266596540439458,
            "AUC-PR": 0.6054036635092723,
            "f1": 0.5806451612903226,
            "train_time": 6.662652015686035,
            "test_time": 0.020807743072509766,
            "epochs": 88
        }
    ]
}