{
    "model_config": {
        "num_heads": 4,
        "num_latents": 4,
        "num_memories": 28,
        "depth": 4,
        "hidden_dim": 64,
        "mlp_ratio": 4.0,
        "dropout_prob": 0.0,
        "temperature": 0.1,
        "sim_type": "cos",
        "use_oe": true,
        "oe_lambda": 0.1,
        "oe_shuffle_ratio": 0.5,
        "oe_lambda_memory": 0.0,
        "is_weight_sharing": false,
        "use_pos_enc_as_query": false,
        "use_mask_token": false,
        "num_features": 21
    },
    "train_config": {
        "data_dir": "Data/",
        "epochs": 250,
        "learning_rate": 0.01,
        "sche_gamma": 0.95,
        "batch_size": 512,
        "random_seed": 42,
        "num_workers": 0,
        "preprocess": "standard",
        "model_type": "OELATTE",
        "dataset_name": "cardio",
        "train_ratio": 1.0,
        "base_path": "results/OELATTE-d64-oe_lam0.1-oe_rat0.5/cardio/1.0",
        "not_use_power_of_two": false,
        "num_memories_not_use_power_of_two": false,
        "num_memories_twice": false,
        "contamination_ratio": null,
        "latent_ratio": null,
        "memory_ratio": null,
        "run": 9
    },
    "mean_metrics": {
        "AUC-ROC": 0.9225962066315327,
        "AUC-PR": 0.7669764933393382,
        "f1": 0.6984767547267546
    },
    "total_time": 125.05511164665222,
    "all_seeds": [
        {
            "run": 0,
            "AUC-ROC": 0.9084321475625823,
            "AUC-PR": 0.7374443985643289,
            "f1": 0.6818181818181818,
            "train_time": 10.120917558670044,
            "test_time": 0.04014229774475098,
            "epochs": 82
        },
        {
            "run": 1,
            "AUC-ROC": 0.9219710693895476,
            "AUC-PR": 0.8008526299160466,
            "f1": 0.7159090909090909,
            "train_time": 11.05367374420166,
            "test_time": 0.02464771270751953,
            "epochs": 103
        },
        {
            "run": 2,
            "AUC-ROC": 0.9170234958278436,
            "AUC-PR": 0.7277714413350829,
            "f1": 0.6988636363636364,
            "train_time": 12.733351230621338,
            "test_time": 0.03433561325073242,
            "epochs": 115
        },
        {
            "run": 3,
            "AUC-ROC": 0.9336366381203338,
            "AUC-PR": 0.80546901704448,
            "f1": 0.7102272727272727,
            "train_time": 12.993412494659424,
            "test_time": 0.03339576721191406,
            "epochs": 118
        },
        {
            "run": 4,
            "AUC-ROC": 0.9069567962231007,
            "AUC-PR": 0.734173715387526,
            "f1": 0.6381766381766382,
            "train_time": 12.050004482269287,
            "test_time": 0.03227567672729492,
            "epochs": 115
        },
        {
            "run": 5,
            "AUC-ROC": 0.9478000109793588,
            "AUC-PR": 0.8212873253673414,
            "f1": 0.7272727272727273,
            "train_time": 10.714537143707275,
            "test_time": 0.03327369689941406,
            "epochs": 101
        },
        {
            "run": 6,
            "AUC-ROC": 0.9203447518664909,
            "AUC-PR": 0.7511611258576885,
            "f1": 0.6761363636363636,
            "train_time": 12.147889614105225,
            "test_time": 0.03271293640136719,
            "epochs": 112
        },
        {
            "run": 7,
            "AUC-ROC": 0.9392910079051383,
            "AUC-PR": 0.773296107597569,
            "f1": 0.7443181818181818,
            "train_time": 12.263309955596924,
            "test_time": 0.03556418418884277,
            "epochs": 116
        },
        {
            "run": 8,
            "AUC-ROC": 0.945267896354853,
            "AUC-PR": 0.8055250609364464,
            "f1": 0.7727272727272727,
            "train_time": 14.351165294647217,
            "test_time": 0.024326562881469727,
            "epochs": 133
        },
        {
            "run": 9,
            "AUC-ROC": 0.8852382520860781,
            "AUC-PR": 0.7127841113868735,
            "f1": 0.6193181818181818,
            "train_time": 14.338988780975342,
            "test_time": 0.03144717216491699,
            "epochs": 133
        }
    ]
}