{
    "model_config": {
        "num_features": 9,
        "hidden_dim": 32,
        "depth": 4,
        "num_heads": 4,
        "mlp_ratio": 4.0,
        "dropout_prob": 0.0,
        "use_flash_attn": false,
        "mask_ratio": 0.1,
        "num_eval_repeat": 50,
        "eval_chunk_size": 50,
        "share_mask": true
    },
    "train_config": {
        "data_dir": "Data/",
        "epochs": 200,
        "learning_rate": 0.01,
        "sche_gamma": 0.95,
        "batch_size": 512,
        "random_seed": 42,
        "num_workers": 0,
        "preprocess": "standard",
        "patience": 10,
        "min_delta": 0,
        "use_amp": false,
        "model_type": "TMLM",
        "dataset_name": "glass",
        "base_path": "results/TMLM-tuned-shared_mask-r50/glass/1.0",
        "exp_name": "TMLM-tuned-shared_mask-r50",
        "runs": 10,
        "train_ratio": 1.0
    },
    "mean_metrics": {
        "ap": 0.2811738943636518,
        "rauc": 0.8160733549083063,
        "avg_normal_score": 0.5764894902706146,
        "f1": 0.17777777777777776,
        "avg_abnormal_score": 1.2753074288368225
    },
    "std_metrics": {
        "ap_std": 0.053568198567873926,
        "rauc_std": 0.07307078996275747,
        "avg_normal_score_std": 0.3295029715976139,
        "f1_std": 0.07370277311900887,
        "avg_abnormal_score_std": 0.3621608197970424
    },
    "total_time": 38.63260579109192,
    "all_seeds": [
        {
            "run": 0,
            "train_time": 4.653017997741699,
            "test_time": 0.01790165901184082,
            "epochs": 105,
            "rauc": 0.6440129449838188,
            "ap": 0.23527018694247587,
            "f1": 0.1111111111111111,
            "avg_normal_score": 0.31679072976112366,
            "avg_abnormal_score": 0.7685948014259338
        },
        {
            "run": 1,
            "train_time": 3.067864418029785,
            "test_time": 0.017812728881835938,
            "epochs": 82,
            "rauc": 0.8791801510248112,
            "ap": 0.37930974605547657,
            "f1": 0.3333333333333333,
            "avg_normal_score": 0.2100231945514679,
            "avg_abnormal_score": 1.0840764045715332
        },
        {
            "run": 2,
            "train_time": 3.933310031890869,
            "test_time": 0.018765926361083984,
            "epochs": 106,
            "rauc": 0.8133764832793958,
            "ap": 0.3030458889974701,
            "f1": 0.1111111111111111,
            "avg_normal_score": 0.2667030692100525,
            "avg_abnormal_score": 0.9471085667610168
        },
        {
            "run": 3,
            "train_time": 3.2497026920318604,
            "test_time": 0.018073558807373047,
            "epochs": 87,
            "rauc": 0.8532901833872707,
            "ap": 0.24407669128257364,
            "f1": 0.1111111111111111,
            "avg_normal_score": 1.195590615272522,
            "avg_abnormal_score": 1.7617921829223633
        },
        {
            "run": 4,
            "train_time": 3.159281015396118,
            "test_time": 0.018591880798339844,
            "epochs": 84,
            "rauc": 0.866235167206041,
            "ap": 0.2852678822787519,
            "f1": 0.1111111111111111,
            "avg_normal_score": 0.5146805644035339,
            "avg_abnormal_score": 1.5611509084701538
        },
        {
            "run": 5,
            "train_time": 3.706510066986084,
            "test_time": 0.018317222595214844,
            "epochs": 102,
            "rauc": 0.7939590075512406,
            "ap": 0.24236073930471214,
            "f1": 0.2222222222222222,
            "avg_normal_score": 0.46585240960121155,
            "avg_abnormal_score": 1.4389718770980835
        },
        {
            "run": 6,
            "train_time": 3.188528060913086,
            "test_time": 0.018502473831176758,
            "epochs": 85,
            "rauc": 0.9137001078748652,
            "ap": 0.3397391669218294,
            "f1": 0.2222222222222222,
            "avg_normal_score": 1.0574043989181519,
            "avg_abnormal_score": 1.9369311332702637
        },
        {
            "run": 7,
            "train_time": 2.9650347232818604,
            "test_time": 0.018930435180664062,
            "epochs": 78,
            "rauc": 0.7529665587918015,
            "ap": 0.19017159836771308,
            "f1": 0.1111111111111111,
            "avg_normal_score": 0.6186102628707886,
            "avg_abnormal_score": 1.1961795091629028
        },
        {
            "run": 8,
            "train_time": 4.084148406982422,
            "test_time": 0.017876863479614258,
            "epochs": 110,
            "rauc": 0.8522114347357065,
            "ap": 0.26965794954300704,
            "f1": 0.2222222222222222,
            "avg_normal_score": 0.838047444820404,
            "avg_abnormal_score": 1.0192925930023193
        },
        {
            "run": 9,
            "train_time": 4.787588357925415,
            "test_time": 0.01787257194519043,
            "epochs": 129,
            "rauc": 0.7918015102481122,
            "ap": 0.3228390939425081,
            "f1": 0.2222222222222222,
            "avg_normal_score": 0.28119221329689026,
            "avg_abnormal_score": 1.0389763116836548
        }
    ]
}