{
    "model_config": {
        "hidden_dim": 32,
        "depth": 4,
        "num_heads": 4,
        "mlp_ratio": 4.0,
        "dropout_prob": 0.0,
        "num_prototypes": 16,
        "temperature": 0.1,
        "sinkhorn_iters": 3,
        "sinkhorn_eps": 0.05,
        "contrastive_loss_weight": 0.1,
        "use_flash_attn": false,
        "num_features": 62
    },
    "train_config": {
        "data_dir": "Data/",
        "epochs": 250,
        "learning_rate": 0.01,
        "sche_gamma": 0.95,
        "batch_size": 512,
        "random_seed": 42,
        "num_workers": 0,
        "preprocess": "standard",
        "patience": 20,
        "use_amp": false,
        "model_type": "ProtoAD",
        "dataset_name": "campaign",
        "base_path": "results/ProtoAD-d32-proto16-eps0.05-contra0.1-temp0.1/campaign/1.0",
        "exp_name": "ProtoAD-d32-proto16-eps0.05-contra0.1-temp0.1",
        "runs": 10,
        "train_ratio": 1.0,
        "run": 9
    },
    "mean_metrics": {
        "rauc": 0.7688436970464915,
        "ap": 0.4534262390709104,
        "f1": 0.47230603448275865,
        "entropy_rauc": 0.5538953744815509,
        "entropy_ap": 0.2541069724162673,
        "entropy_f1": 0.2596551724137931,
        "avg_normal_entropy": 0.017768204119056462,
        "avg_abnormal_entropy": 0.01976078385487199,
        "avg_normal_recon": 0.42058696746826174,
        "avg_abnormal_recon": 0.8159617960453034
    },
    "std_metrics": {
        "rauc_std": 0.018337707479730334,
        "ap_std": 0.024064507199813366,
        "f1_std": 0.018813124518058808,
        "entropy_rauc_std": 0.07002470801855311,
        "entropy_ap_std": 0.039086399425034404,
        "entropy_f1_std": 0.05104309180066143,
        "avg_normal_entropy_std": 0.02163259592575631,
        "avg_abnormal_entropy_std": 0.0171266574441446,
        "avg_normal_recon_std": 0.10351867153510119,
        "avg_abnormal_recon_std": 0.30534733067828135
    },
    "total_time": 1679.349939107895,
    "all_seeds": [
        {
            "run": 0,
            "train_time": 198.1206500530243,
            "test_time": 0.36670660972595215,
            "epochs": 151,
            "rauc": 0.7423023642974944,
            "ap": 0.4187046439002182,
            "f1": 0.4338362068965517,
            "entropy_rauc": 0.5720924455038815,
            "entropy_ap": 0.2699717198697592,
            "entropy_f1": 0.2943965517241379,
            "avg_normal_entropy": 0.013495704159140587,
            "avg_abnormal_entropy": 0.01979563571512699,
            "avg_normal_recon": 0.3886065185070038,
            "avg_abnormal_recon": 0.6376497745513916
        },
        {
            "run": 1,
            "train_time": 146.17905640602112,
            "test_time": 0.36918091773986816,
            "epochs": 111,
            "rauc": 0.7622901024349652,
            "ap": 0.4464225009859022,
            "f1": 0.4698275862068966,
            "entropy_rauc": 0.5669447040358829,
            "entropy_ap": 0.23584742031544864,
            "entropy_f1": 0.23211206896551725,
            "avg_normal_entropy": 0.009455211460590363,
            "avg_abnormal_entropy": 0.010415277443826199,
            "avg_normal_recon": 0.42447906732559204,
            "avg_abnormal_recon": 0.7344939112663269
        },
        {
            "run": 2,
            "train_time": 142.01868772506714,
            "test_time": 0.45460009574890137,
            "epochs": 109,
            "rauc": 0.7683978650654972,
            "ap": 0.45084064211010516,
            "f1": 0.4700431034482759,
            "entropy_rauc": 0.5161050548074709,
            "entropy_ap": 0.2520799385540694,
            "entropy_f1": 0.2545258620689655,
            "avg_normal_entropy": 0.010152829810976982,
            "avg_abnormal_entropy": 0.014044146984815598,
            "avg_normal_recon": 0.38413292169570923,
            "avg_abnormal_recon": 0.7392340302467346
        },
        {
            "run": 3,
            "train_time": 158.3376109600067,
            "test_time": 0.4889035224914551,
            "epochs": 121,
            "rauc": 0.7510496234522008,
            "ap": 0.45751302223290236,
            "f1": 0.4685344827586207,
            "entropy_rauc": 0.5866562524766674,
            "entropy_ap": 0.29139142470086166,
            "entropy_f1": 0.3081896551724138,
            "avg_normal_entropy": 0.010632311925292015,
            "avg_abnormal_entropy": 0.01572197489440441,
            "avg_normal_recon": 0.4226432144641876,
            "avg_abnormal_recon": 0.7613034844398499
        },
        {
            "run": 4,
            "train_time": 139.11356043815613,
            "test_time": 0.36349964141845703,
            "epochs": 110,
            "rauc": 0.774334773024044,
            "ap": 0.4512939039015256,
            "f1": 0.4831896551724138,
            "entropy_rauc": 0.6145056937404942,
            "entropy_ap": 0.26342470799943446,
            "entropy_f1": 0.26357758620689653,
            "avg_normal_entropy": 0.010055643506348133,
            "avg_abnormal_entropy": 0.013280674815177917,
            "avg_normal_recon": 0.37322917580604553,
            "avg_abnormal_recon": 0.7334781885147095
        },
        {
            "run": 5,
            "train_time": 154.0302550792694,
            "test_time": 0.3671236038208008,
            "epochs": 118,
            "rauc": 0.782330628969744,
            "ap": 0.4654578569559102,
            "f1": 0.4875,
            "entropy_rauc": 0.47676519753899455,
            "entropy_ap": 0.2126422853023877,
            "entropy_f1": 0.20625,
            "avg_normal_entropy": 0.009801671840250492,
            "avg_abnormal_entropy": 0.011560047045350075,
            "avg_normal_recon": 0.3352344334125519,
            "avg_abnormal_recon": 0.6162578463554382
        },
        {
            "run": 6,
            "train_time": 146.96823740005493,
            "test_time": 0.4935784339904785,
            "epochs": 113,
            "rauc": 0.7887360221607485,
            "ap": 0.4695069474293967,
            "f1": 0.4795258620689655,
            "entropy_rauc": 0.5732342953338643,
            "entropy_ap": 0.28076641321248547,
            "entropy_f1": 0.29094827586206895,
            "avg_normal_entropy": 0.01014167070388794,
            "avg_abnormal_entropy": 0.015048841014504433,
            "avg_normal_recon": 0.38687095046043396,
            "avg_abnormal_recon": 0.7295103669166565
        },
        {
            "run": 7,
            "train_time": 160.87844371795654,
            "test_time": 0.4884908199310303,
            "epochs": 123,
            "rauc": 0.7908497103950214,
            "ap": 0.4551378801782173,
            "f1": 0.4771551724137931,
            "entropy_rauc": 0.5908501349665815,
            "entropy_ap": 0.2497310217237205,
            "entropy_f1": 0.2394396551724138,
            "avg_normal_entropy": 0.009782420471310616,
            "avg_abnormal_entropy": 0.011189762502908707,
            "avg_normal_recon": 0.3422431945800781,
            "avg_abnormal_recon": 0.738942563533783
        },
        {
            "run": 8,
            "train_time": 267.28028297424316,
            "test_time": 0.48406147956848145,
            "epochs": 204,
            "rauc": 0.7881660584285947,
            "ap": 0.5045456953775691,
            "f1": 0.5047413793103448,
            "entropy_rauc": 0.39344002738014816,
            "entropy_ap": 0.1701586909716869,
            "entropy_f1": 0.16034482758620688,
            "avg_normal_entropy": 0.08257806301116943,
            "avg_abnormal_entropy": 0.07053447514772415,
            "avg_normal_recon": 0.7170166969299316,
            "avg_abnormal_recon": 1.7216287851333618
        },
        {
            "run": 9,
            "train_time": 159.6947684288025,
            "test_time": 0.4149017333984375,
            "epochs": 127,
            "rauc": 0.7399798222366052,
            "ap": 0.41483929763735733,
            "f1": 0.44870689655172413,