{
    "model_config": {
        "hidden_dim": 64,
        "depth": 4,
        "num_heads": 4,
        "mlp_ratio": 4.0,
        "dropout_prob": 0.0,
        "num_prototypes": 32,
        "temperature": 0.1,
        "sinkhorn_iters": 3,
        "sinkhorn_eps": 0.1,
        "contrastive_loss_weight": 1.0,
        "use_flash_attn": false,
        "num_features": 33
    },
    "train_config": {
        "data_dir": "Data/",
        "epochs": 250,
        "learning_rate": 0.01,
        "sche_gamma": 0.95,
        "batch_size": 32,
        "random_seed": 42,
        "num_workers": 0,
        "preprocess": "standard",
        "patience": 5,
        "use_amp": false,
        "model_type": "ProtoAD",
        "dataset_name": "ionosphere",
        "base_path": "results/ProtoAD-d64-proto32-eps0.1-contra1.0-temp0.1/ionosphere/1.0",
        "exp_name": "ProtoAD-d64-proto32-eps0.1-contra1.0-temp0.1",
        "runs": 10,
        "train_ratio": 1.0,
        "run": 9
    },
    "mean_metrics": {
        "rauc": 0.9437140047759518,
        "ap": 0.9537843872089968,
        "f1": 0.8753968253968253,
        "entropy_rauc": 0.3416631549374912,
        "entropy_ap": 0.4314998936591786,
        "entropy_f1": 0.3912698412698413,
        "avg_normal_entropy": 2.9743530988693236,
        "avg_abnormal_entropy": 2.8427300453186035,
        "avg_normal_recon": 0.6823413282632828,
        "avg_abnormal_recon": 3.564646506309509
    },
    "std_metrics": {
        "rauc_std": 0.019261473107135673,
        "ap_std": 0.01705628876933212,
        "f1_std": 0.03496569963795347,
        "entropy_rauc_std": 0.07295347837078628,
        "entropy_ap_std": 0.034019469684538756,
        "entropy_f1_std": 0.0474932200011974,
        "avg_normal_entropy_std": 0.1209235071086448,
        "avg_abnormal_entropy_std": 0.16080316645266554,
        "avg_normal_recon_std": 0.1434335893050451,
        "avg_abnormal_recon_std": 0.22739305391351383
    },
    "total_time": 17.177356004714966,
    "all_seeds": [
        {
            "run": 0,
            "train_time": 2.6310009956359863,
            "test_time": 0.0645453929901123,
            "epochs": 10,
            "rauc": 0.9663576344992274,
            "ap": 0.9748043838446774,
            "f1": 0.9285714285714286,
            "entropy_rauc": 0.3513836212951257,
            "entropy_ap": 0.42327722604460727,
            "entropy_f1": 0.3968253968253968,
            "avg_normal_entropy": 3.1700761318206787,
            "avg_abnormal_entropy": 3.0596463680267334,
            "avg_normal_recon": 0.5244530439376831,
            "avg_abnormal_recon": 3.67512583732605
        },
        {
            "run": 1,
            "train_time": 1.7971296310424805,
            "test_time": 0.06393861770629883,
            "epochs": 10,
            "rauc": 0.9371400477595169,
            "ap": 0.9480868958434289,
            "f1": 0.8492063492063492,
            "entropy_rauc": 0.3887484197218711,
            "entropy_ap": 0.4426958458383776,
            "entropy_f1": 0.3968253968253968,
            "avg_normal_entropy": 3.064364194869995,
            "avg_abnormal_entropy": 2.9134998321533203,
            "avg_normal_recon": 0.627833902835846,
            "avg_abnormal_recon": 3.215287923812866
        },
        {
            "run": 2,
            "train_time": 1.670403242111206,
            "test_time": 0.06226634979248047,
            "epochs": 9,
            "rauc": 0.937772159011097,
            "ap": 0.9497873734350338,
            "f1": 0.873015873015873,
            "entropy_rauc": 0.4147352156201714,
            "entropy_ap": 0.48854631310343327,
            "entropy_f1": 0.3888888888888889,
            "avg_normal_entropy": 3.005904197692871,
            "avg_abnormal_entropy": 2.9260127544403076,
            "avg_normal_recon": 0.7504701614379883,
            "avg_abnormal_recon": 3.74263596534729
        },
        {
            "run": 3,
            "train_time": 1.919065237045288,
            "test_time": 0.06207084655761719,
            "epochs": 10,
            "rauc": 0.9455681977805872,
            "ap": 0.9528983211322424,
            "f1": 0.8888888888888888,
            "entropy_rauc": 0.2630285152409046,
            "entropy_ap": 0.3885003123762705,
            "entropy_f1": 0.3333333333333333,
            "avg_normal_entropy": 2.990450620651245,
            "avg_abnormal_entropy": 2.911436080932617,
            "avg_normal_recon": 0.5899079442024231,
            "avg_abnormal_recon": 3.3183176517486572
        },
        {
            "run": 4,
            "train_time": 1.827866554260254,
            "test_time": 0.06572914123535156,
            "epochs": 10,
            "rauc": 0.9714145245118696,
            "ap": 0.9772748719536879,
            "f1": 0.9206349206349206,
            "entropy_rauc": 0.3865009130495856,
            "entropy_ap": 0.4711871410129417,
            "entropy_f1": 0.36507936507936506,
            "avg_normal_entropy": 3.1329047679901123,
            "avg_abnormal_entropy": 3.0735690593719482,
            "avg_normal_recon": 0.4397571384906769,
            "avg_abnormal_recon": 3.2974791526794434
        },
        {
            "run": 5,
            "train_time": 1.2603249549865723,
            "test_time": 0.06653618812561035,
            "epochs": 7,
            "rauc": 0.9569462003090322,
            "ap": 0.9664808458212657,
            "f1": 0.8968253968253969,
            "entropy_rauc": 0.38952100014046914,
            "entropy_ap": 0.4333942615412272,
            "entropy_f1": 0.47619047619047616,
            "avg_normal_entropy": 2.805232048034668,
            "avg_abnormal_entropy": 2.712636709213257,
            "avg_normal_recon": 0.7411960959434509,
            "avg_abnormal_recon": 3.8299455642700195
        },
        {
            "run": 6,
            "train_time": 1.820953130722046,
            "test_time": 0.06982111930847168,
            "epochs": 10,
            "rauc": 0.9255513414805451,
            "ap": 0.9388507629533661,
            "f1": 0.8412698412698413,
            "entropy_rauc": 0.40539401601348496,
            "entropy_ap": 0.4413847259171324,
            "entropy_f1": 0.46825396825396826,
            "avg_normal_entropy": 2.941256046295166,
            "avg_abnormal_entropy": 2.7101328372955322,
            "avg_normal_recon": 0.8395321369171143,
            "avg_abnormal_recon": 3.877068281173706
        },
        {
            "run": 7,
            "train_time": 0.6244468688964844,
            "test_time": 0.029675006866455078,
            "epochs": 8,
            "rauc": 0.9548391628037646,
            "ap": 0.9638822292705465,
            "f1": 0.8888888888888888,
            "entropy_rauc": 0.3147914032869785,
            "entropy_ap": 0.4043785527385675,
            "entropy_f1": 0.40476190476190477,
            "avg_normal_entropy": 2.8003880977630615,
            "avg_abnormal_entropy": 2.5457396507263184,
            "avg_normal_recon": 0.6615269184112549,
            "avg_abnormal_recon": 3.6199002265930176
        },
        {
            "run": 8,
            "train_time": 0.5806341171264648,
            "test_time": 0.03013014793395996,
            "epochs": 8,
            "rauc": 0.9390363815142577,
            "ap": 0.9488091743387448,
            "f1": 0.8571428571428571,
            "entropy_rauc": 0.33480825958702065,
            "entropy_ap": 0.4496086390952231,
            "entropy_f1": 0.3492063492063492,
            "avg_normal_entropy": 2.974623203277588,
            "avg_abnormal_entropy": 2.867065668106079,
            "avg_normal_recon": 0.6886284947395325,
            "avg_abnormal_recon": 3.383164644241333
        },
        {
            "run": 9,
            "train_time": 0.5145583152770996,
            "test_time": 0.03164505958557129,
            "epochs": 7,
            "rauc": 0.9025143980896193,
            "ap": 0.9169690134969757,
            "f1": 0.8095238095238095,
            "entropy_rauc": 0.16772018541930048,