{
    "model_config": {
        "hidden_dim": 128,
        "depth": 4,
        "num_heads": 4,
        "mlp_ratio": 4.0,
        "dropout_prob": 0.0,
        "num_prototypes": 64,
        "temperature": 0.1,
        "sinkhorn_iters": 3,
        "sinkhorn_eps": 0.1,
        "contrastive_loss_weight": 0.01,
        "use_flash_attn": false,
        "num_features": 30
    },
    "train_config": {
        "data_dir": "Data/",
        "epochs": 250,
        "learning_rate": 0.01,
        "sche_gamma": 0.95,
        "batch_size": 16,
        "random_seed": 42,
        "num_workers": 0,
        "preprocess": "standard",
        "patience": 5,
        "use_amp": false,
        "model_type": "ProtoAD",
        "dataset_name": "wbc",
        "base_path": "results/ProtoAD-d128-proto64-eps0.1-contra0.01-temp0.1/wbc/1.0",
        "exp_name": "ProtoAD-d128-proto64-eps0.1-contra0.01-temp0.1",
        "runs": 10,
        "train_ratio": 1.0,
        "run": 9
    },
    "mean_metrics": {
        "rauc": 0.9470071827613727,
        "ap": 0.7614332262529616,
        "f1": 0.6476190476190476,
        "entropy_rauc": 0.3240356477786645,
        "entropy_ap": 0.15697298799128984,
        "entropy_f1": 0.10023228803716608,
        "avg_normal_entropy": 4.122949171066284,
        "avg_abnormal_entropy": 4.082681393623352,
        "avg_normal_recon": 0.8620437800884246,
        "avg_abnormal_recon": 9.142162752151489
    },
    "std_metrics": {
        "rauc_std": 0.014558719796697369,
        "ap_std": 0.044149061614069285,
        "f1_std": 0.060982135594598565,
        "entropy_rauc_std": 0.2548017301804009,
        "entropy_ap_std": 0.17503611086065246,
        "entropy_f1_std": 0.17994307158547604,
        "avg_normal_entropy_std": 0.03776331678204667,
        "avg_abnormal_entropy_std": 0.0885285374289191,
        "avg_normal_recon_std": 0.2164821781415637,
        "avg_abnormal_recon_std": 1.8462762241661512
    },
    "total_time": 63.70079278945923,
    "all_seeds": [
        {
            "run": 0,
            "train_time": 6.208654880523682,
            "test_time": 0.083587646484375,
            "epochs": 11,
            "rauc": 0.9555732907688215,
            "ap": 0.7984982004218697,
            "f1": 0.6666666666666666,
            "entropy_rauc": 0.1564245810055866,
            "entropy_ap": 0.06393054084728017,
            "entropy_f1": 0.0,
            "avg_normal_entropy": 4.100644111633301,
            "avg_abnormal_entropy": 4.061236381530762,
            "avg_normal_recon": 0.6077290177345276,
            "avg_abnormal_recon": 7.468537330627441
        },
        {
            "run": 1,
            "train_time": 5.320731163024902,
            "test_time": 0.0848233699798584,
            "epochs": 11,
            "rauc": 0.9563713753657888,
            "ap": 0.7535827906088113,
            "f1": 0.6666666666666666,
            "entropy_rauc": 0.27134876296887467,
            "entropy_ap": 0.0771745367963901,
            "entropy_f1": 0.04878048780487805,
            "avg_normal_entropy": 4.158647537231445,
            "avg_abnormal_entropy": 4.154277801513672,
            "avg_normal_recon": 1.1701831817626953,
            "avg_abnormal_recon": 11.084818840026855
        },
        {
            "run": 2,
            "train_time": 3.506622552871704,
            "test_time": 0.09231972694396973,
            "epochs": 7,
            "rauc": 0.9547752061718542,
            "ap": 0.7981015214370144,
            "f1": 0.7142857142857143,
            "entropy_rauc": 0.10122372971534982,
            "entropy_ap": 0.05949504285445888,
            "entropy_f1": 0.0,
            "avg_normal_entropy": 4.151628017425537,
            "avg_abnormal_entropy": 4.112834930419922,
            "avg_normal_recon": 0.9487869143486023,
            "avg_abnormal_recon": 11.189836502075195
        },
        {
            "run": 3,
            "train_time": 5.883195161819458,
            "test_time": 0.04096388816833496,
            "epochs": 13,
            "rauc": 0.9497206703910615,
            "ap": 0.7296809273667182,
            "f1": 0.6666666666666666,
            "entropy_rauc": 0.7560521415270018,
            "entropy_ap": 0.5989449533182778,
            "entropy_f1": 0.5238095238095238,
            "avg_normal_entropy": 4.02949857711792,
            "avg_abnormal_entropy": 4.044859886169434,
            "avg_normal_recon": 1.1604307889938354,
            "avg_abnormal_recon": 11.392905235290527
        },
        {
            "run": 4,
            "train_time": 5.227268934249878,
            "test_time": 0.04127931594848633,
            "epochs": 30,
            "rauc": 0.9590316573556797,
            "ap": 0.8034498449778491,
            "f1": 0.6666666666666666,
            "entropy_rauc": 0.10614525139664804,
            "entropy_ap": 0.060738442535530617,
            "entropy_f1": 0.0,
            "avg_normal_entropy": 4.126720905303955,
            "avg_abnormal_entropy": 4.078299045562744,
            "avg_normal_recon": 0.46424591541290283,
            "avg_abnormal_recon": 6.665409088134766
        },
        {
            "run": 5,
            "train_time": 6.010282516479492,
            "test_time": 0.08992958068847656,
            "epochs": 27,
            "rauc": 0.9438680500133014,
            "ap": 0.7447945563243232,
            "f1": 0.6190476190476191,
            "entropy_rauc": 0.10694333599361533,
            "entropy_ap": 0.060609587336765566,
            "entropy_f1": 0.0,
            "avg_normal_entropy": 4.095932483673096,
            "avg_abnormal_entropy": 3.8413264751434326,
            "avg_normal_recon": 0.6991766095161438,
            "avg_abnormal_recon": 7.898534774780273
        },
        {
            "run": 6,
            "train_time": 8.043676853179932,
            "test_time": 0.08287405967712402,
            "epochs": 16,
            "rauc": 0.9529130087789306,
            "ap": 0.7762609073744913,
            "f1": 0.6666666666666666,
            "entropy_rauc": 0.765097100292631,
            "entropy_ap": 0.38455396587304824,
            "entropy_f1": 0.38095238095238093,
            "avg_normal_entropy": 4.142211437225342,
            "avg_abnormal_entropy": 4.149048805236816,
            "avg_normal_recon": 0.9134499430656433,
            "avg_abnormal_recon": 10.176360130310059
        },
        {
            "run": 7,
            "train_time": 9.379414081573486,
            "test_time": 0.0931556224822998,
            "epochs": 20,
            "rauc": 0.9409417398244213,
            "ap": 0.7844660925333288,
            "f1": 0.6666666666666666,
            "entropy_rauc": 0.38773610002660286,
            "entropy_ap": 0.08395299477153326,
            "entropy_f1": 0.0,
            "avg_normal_entropy": 4.1193528175354,
            "avg_abnormal_entropy": 4.1226115226745605,
            "avg_normal_recon": 0.8484164476394653,
            "avg_abnormal_recon": 8.671207427978516
        },
        {
            "run": 8,
            "train_time": 6.194153308868408,
            "test_time": 0.08385062217712402,
            "epochs": 15,
            "rauc": 0.9063580739558393,
            "ap": 0.6488339093885218,
            "f1": 0.47619047619047616,
            "entropy_rauc": 0.085927108273477,
            "entropy_ap": 0.05924654304610568,
            "entropy_f1": 0.0,
            "avg_normal_entropy": 4.146630764007568,
            "avg_abnormal_entropy": 4.103987216949463,
            "avg_normal_recon": 0.8007116913795471,
            "avg_abnormal_recon": 6.401468753814697
        },
        {
            "run": 9,
            "train_time": 5.405383825302124,
            "test_time": 0.08284902572631836,
            "epochs": 11,
            "rauc": 0.9505187549880287,
            "ap": 0.7766635120966884,
            "f1": 0.6666666666666666,
            "entropy_rauc": 0.5034583665868582,
            "entropy_ap": 0.12108327253350806,
            "entropy_f1": 0.04878048780487805,