{
    "model_config": {
        "num_features": 29,
        "hidden_dim": 64,
        "depth": 4,
        "num_heads": 4,
        "mlp_ratio": 4.0,
        "dropout_prob": 0.0,
        "use_flash_attn": false,
        "mask_ratio": 0.3,
        "num_eval_repeat": 50,
        "eval_chunk_size": 5
    },
    "train_config": {
        "data_dir": "Data/",
        "epochs": 200,
        "learning_rate": 0.001,
        "sche_gamma": 0.95,
        "batch_size": 2048,
        "random_seed": 42,
        "num_workers": 0,
        "preprocess": "standard",
        "patience": 20,
        "min_delta": 0,
        "use_amp": false,
        "model_type": "TMLM",
        "dataset_name": "fraud",
        "base_path": "results/TMLM-d64-lr0.001-mask0.3-r50/fraud/1.0",
        "exp_name": "TMLM-d64-lr0.001-mask0.3-r50",
        "runs": 10,
        "train_ratio": 1.0
    },
    "mean_metrics": {
        "avg_normal_score": 0.12515065893530847,
        "avg_abnormal_score": 5.5035888195037845,
        "ap": 0.4931670708888566,
        "rauc": 0.959744307032928,
        "f1": 0.5335365853658537
    },
    "std_metrics": {
        "avg_normal_score_std": 0.004396312134179931,
        "avg_abnormal_score_std": 0.5838411816945278,
        "ap_std": 0.029314779095498764,
        "rauc_std": 0.0007669711673176047,
        "f1_std": 0.032268460650911594
    },
    "total_time": 8594.093611478806,
    "all_seeds": [
        {
            "run": 0,
            "train_time": 1172.296873807907,
            "test_time": 31.923743724822998,
            "epochs": 144,
            "rauc": 0.9596242435274983,
            "ap": 0.5072316858025551,
            "f1": 0.5487804878048781,
            "avg_normal_score": 0.12649185955524445,
            "avg_abnormal_score": 5.668307304382324
        },
        {
            "run": 1,
            "train_time": 882.8499672412872,
            "test_time": 31.714970350265503,
            "epochs": 110,
            "rauc": 0.9606847262126865,
            "ap": 0.5199108760799298,
            "f1": 0.5203252032520326,
            "avg_normal_score": 0.12149093300104141,
            "avg_abnormal_score": 6.623068809509277
        },
        {
            "run": 2,
            "train_time": 1138.5075402259827,
            "test_time": 31.192078113555908,
            "epochs": 153,
            "rauc": 0.9582248358833987,
            "ap": 0.5198542591540436,
            "f1": 0.5487804878048781,
            "avg_normal_score": 0.1186920702457428,
            "avg_abnormal_score": 5.59789514541626
        },
        {
            "run": 3,
            "train_time": 1007.7969980239868,
            "test_time": 30.90189504623413,
            "epochs": 138,
            "rauc": 0.9605069997118744,
            "ap": 0.4974808254421913,
            "f1": 0.5670731707317073,
            "avg_normal_score": 0.1296103447675705,
            "avg_abnormal_score": 5.828329563140869
        },
        {
            "run": 4,
            "train_time": 988.0632438659668,
            "test_time": 31.05877995491028,
            "epochs": 134,
            "rauc": 0.9609720725261953,
            "ap": 0.5213868615684318,
            "f1": 0.5691056910569106,
            "avg_normal_score": 0.12770070135593414,
            "avg_abnormal_score": 5.293886184692383
        },
        {
            "run": 5,
            "train_time": 975.9672989845276,
            "test_time": 31.488192081451416,
            "epochs": 131,
            "rauc": 0.9597272363957339,
            "ap": 0.47326147814467256,
            "f1": 0.524390243902439,
            "avg_normal_score": 0.1336212158203125,
            "avg_abnormal_score": 5.945859432220459
        },
        {
            "run": 6,
            "train_time": 916.8683915138245,
            "test_time": 31.1996808052063,
            "epochs": 124,
            "rauc": 0.959358743969409,
            "ap": 0.4580619606680013,
            "f1": 0.5060975609756098,
            "avg_normal_score": 0.12392961233854294,
            "avg_abnormal_score": 4.666196823120117
        },
        {
            "run": 7,
            "train_time": 903.5931859016418,
            "test_time": 31.3178071975708,
            "epochs": 121,
            "rauc": 0.959700171010911,
            "ap": 0.5110165779904248,
            "f1": 0.5447154471544715,
            "avg_normal_score": 0.11951375007629395,
            "avg_abnormal_score": 5.344677925109863
        },
        {
            "run": 8,
            "train_time": 1211.1266350746155,
            "test_time": 31.162322521209717,
            "epochs": 161,
            "rauc": 0.9591242916818652,
            "ap": 0.49512433936421274,
            "f1": 0.5508130081300813,
            "avg_normal_score": 0.12680131196975708,
            "avg_abnormal_score": 5.5845561027526855
        },
        {
            "run": 9,
            "train_time": 1198.1832258701324,
            "test_time": 31.052271604537964,
            "epochs": 161,
            "rauc": 0.9595197494097087,
            "ap": 0.4283418446741032,
            "f1": 0.45528455284552843,
            "avg_normal_score": 0.1236547902226448,
            "avg_abnormal_score": 4.4831109046936035
        }
    ]
}