{
    "model_config": {
        "hidden_dim": 128,
        "depth": 4,
        "num_heads": 4,
        "mlp_ratio": 4.0,
        "dropout_prob": 0.0,
        "num_prototypes": 64,
        "temperature": 0.1,
        "sinkhorn_iters": 3,
        "sinkhorn_eps": 0.1,
        "contrastive_loss_weight": 1.0,
        "use_flash_attn": false,
        "num_features": 30
    },
    "train_config": {
        "data_dir": "Data/",
        "epochs": 250,
        "learning_rate": 0.01,
        "sche_gamma": 0.95,
        "batch_size": 16,
        "random_seed": 42,
        "num_workers": 0,
        "preprocess": "standard",
        "patience": 5,
        "use_amp": false,
        "model_type": "ProtoAD",
        "dataset_name": "wbc",
        "base_path": "results/ProtoAD-d128-proto64-eps0.1-contra1.0-temp0.1/wbc/1.0",
        "exp_name": "ProtoAD-d128-proto64-eps0.1-contra1.0-temp0.1",
        "runs": 10,
        "train_ratio": 1.0,
        "run": 9
    },
    "mean_metrics": {
        "rauc": 0.9301409949454642,
        "ap": 0.7376443363292877,
        "f1": 0.6476190476190476,
        "entropy_rauc": 0.38125831338121846,
        "entropy_ap": 0.12168665587765337,
        "entropy_f1": 0.06666666666666668,
        "avg_normal_entropy": 4.021291065216064,
        "avg_abnormal_entropy": 4.003415822982788,
        "avg_normal_recon": 1.1684365808963775,
        "avg_abnormal_recon": 9.684449291229248
    },
    "std_metrics": {
        "rauc_std": 0.038249304649555865,
        "ap_std": 0.05351182835529127,
        "f1_std": 0.03809523809523809,
        "entropy_rauc_std": 0.18376909552505774,
        "entropy_ap_std": 0.107492890092921,
        "entropy_f1_std": 0.14317425122259914,
        "avg_normal_entropy_std": 0.10476802505952408,
        "avg_abnormal_entropy_std": 0.12303855068309086,
        "avg_normal_recon_std": 0.3354333665630428,
        "avg_abnormal_recon_std": 0.900154843077034
    },
    "total_time": 50.98081421852112,
    "all_seeds": [
        {
            "run": 0,
            "train_time": 4.513735771179199,
            "test_time": 0.08849143981933594,
            "epochs": 7,
            "rauc": 0.9499866985900505,
            "ap": 0.7699814456463936,
            "f1": 0.6666666666666666,
            "entropy_rauc": 0.14950784783187018,
            "entropy_ap": 0.06334093041863444,
            "entropy_f1": 0.0,
            "avg_normal_entropy": 3.9637627601623535,
            "avg_abnormal_entropy": 3.764279365539551,
            "avg_normal_recon": 1.0051653385162354,
            "avg_abnormal_recon": 8.948147773742676
        },
        {
            "run": 1,
            "train_time": 3.0680081844329834,
            "test_time": 0.08664226531982422,
            "epochs": 6,
            "rauc": 0.9337589784517158,
            "ap": 0.7345221420296356,
            "f1": 0.6190476190476191,
            "entropy_rauc": 0.3458366586858207,
            "entropy_ap": 0.07910289273709961,
            "entropy_f1": 0.0,
            "avg_normal_entropy": 3.991081476211548,
            "avg_abnormal_entropy": 3.9698708057403564,
            "avg_normal_recon": 1.3910894393920898,
            "avg_abnormal_recon": 11.278965950012207
        },
        {
            "run": 2,
            "train_time": 3.047175645828247,
            "test_time": 0.08565759658813477,
            "epochs": 6,
            "rauc": 0.9350891194466614,
            "ap": 0.7546665802816732,
            "f1": 0.6666666666666666,
            "entropy_rauc": 0.6219739292364991,
            "entropy_ap": 0.18085050320038656,
            "entropy_f1": 0.14285714285714285,
            "avg_normal_entropy": 3.8754398822784424,
            "avg_abnormal_entropy": 3.92488431930542,
            "avg_normal_recon": 1.053084373474121,
            "avg_abnormal_recon": 8.87687873840332
        },
        {
            "run": 3,
            "train_time": 3.4402027130126953,
            "test_time": 0.08515048027038574,
            "epochs": 7,
            "rauc": 0.9577015163607342,
            "ap": 0.7157023473838799,
            "f1": 0.6190476190476191,
            "entropy_rauc": 0.30007980845969673,
            "entropy_ap": 0.07418393194657685,
            "entropy_f1": 0.0,
            "avg_normal_entropy": 4.084653377532959,
            "avg_abnormal_entropy": 4.016329288482666,
            "avg_normal_recon": 1.2994847297668457,
            "avg_abnormal_recon": 10.731478691101074
        },
        {
            "run": 4,
            "train_time": 3.0862691402435303,
            "test_time": 0.08398556709289551,
            "epochs": 6,
            "rauc": 0.8943868050013302,
            "ap": 0.692555450786592,
            "f1": 0.6190476190476191,
            "entropy_rauc": 0.7983506251662676,
            "entropy_ap": 0.4293810653185522,
            "entropy_f1": 0.47619047619047616,
            "avg_normal_entropy": 3.9494922161102295,
            "avg_abnormal_entropy": 4.013795375823975,
            "avg_normal_recon": 1.4352116584777832,
            "avg_abnormal_recon": 9.753334045410156
        },
        {
            "run": 5,
            "train_time": 2.9782772064208984,
            "test_time": 0.0844888687133789,
            "epochs": 6,
            "rauc": 0.828145783453046,
            "ap": 0.6029457942190808,
            "f1": 0.5714285714285714,
            "entropy_rauc": 0.34078212290502796,
            "entropy_ap": 0.07963449365501084,
            "entropy_f1": 0.0,
            "avg_normal_entropy": 3.8577935695648193,
            "avg_abnormal_entropy": 3.8516628742218018,
            "avg_normal_recon": 1.94865083694458,
            "avg_abnormal_recon": 8.544169425964355
        },
        {
            "run": 6,
            "train_time": 8.938720226287842,
            "test_time": 0.07236242294311523,
            "epochs": 19,
            "rauc": 0.9555732907688215,
            "ap": 0.7734671231306844,
            "f1": 0.6666666666666666,
            "entropy_rauc": 0.3054003724394786,
            "entropy_ap": 0.07406316964941556,
            "entropy_f1": 0.0,
            "avg_normal_entropy": 4.158853530883789,
            "avg_abnormal_entropy": 4.158839702606201,
            "avg_normal_recon": 0.9236612319946289,
            "avg_abnormal_recon": 10.094696998596191
        },
        {
            "run": 7,
            "train_time": 5.312926530838013,
            "test_time": 0.08293342590332031,
            "epochs": 11,
            "rauc": 0.9430699654163341,
            "ap": 0.7705165501533133,
            "f1": 0.6666666666666666,
            "entropy_rauc": 0.2596435222133546,
            "entropy_ap": 0.0732443923817377,
            "entropy_f1": 0.0,
            "avg_normal_entropy": 4.118438243865967,
            "avg_abnormal_entropy": 4.111334800720215,
            "avg_normal_recon": 0.7979214787483215,
            "avg_abnormal_recon": 8.87700366973877
        },
        {
            "run": 8,
            "train_time": 9.833343505859375,
            "test_time": 0.08393383026123047,
            "epochs": 21,
            "rauc": 0.951050811386007,
            "ap": 0.7652146345123538,
            "f1": 0.6666666666666666,
            "entropy_rauc": 0.24674115456238363,
            "entropy_ap": 0.06950839133573647,
            "entropy_f1": 0.0,
            "avg_normal_entropy": 4.158744812011719,
            "avg_abnormal_entropy": 4.158486366271973,
            "avg_normal_recon": 0.9954631328582764,
            "avg_abnormal_recon": 10.603283882141113
        },
        {
            "run": 9,
            "train_time": 3.9779207706451416,
            "test_time": 0.0767364501953125,
            "epochs": 8,
            "rauc": 0.9526469805799415,
            "ap": 0.7968712951492705,
            "f1": 0.7142857142857143,
            "entropy_rauc": 0.4442670923117851,
            "entropy_ap": 0.09355678813338357,
            "entropy_f1": 0.047619047619047616,
            "avg_normal_entropy": 4.054650783538818,