{
    "model_config": {
        "num_features": 13,
        "hidden_dim": 64,
        "depth": 4,
        "depth_enc": null,
        "depth_dec": null,
        "num_heads": 4,
        "mlp_ratio": 4.0,
        "dropout_prob": 0.0,
        "temperature": 0.1,
        "byol_loss_weight": 0.1,
        "dacl_alpha": 0.9,
        "projector_dim": null,
        "byol_momentum": 0.99,
        "use_flash_attn": false
    },
    "train_config": {
        "data_dir": "Data/",
        "epochs": 200,
        "learning_rate": 0.01,
        "sche_gamma": 0.95,
        "batch_size": 64,
        "random_seed": 42,
        "num_workers": 0,
        "preprocess": "standard",
        "patience": 10,
        "min_delta": 0,
        "use_amp": false,
        "model_type": "TAEDACL",
        "dataset_name": "wine",
        "base_path": "results/TAEDACL-260125-bw0.1-ap0.9-ep200-ep200_combined/wine/1.0",
        "exp_name": "TAEDACL-260125-bw0.1-ap0.9-ep200-ep200_combined",
        "runs": 10,
        "train_ratio": 1.0
    },
    "start_time_kst": "2026-01-25T15:41:22+09:00",
    "mean_metrics": {
        "rauc": 0.9711666666666666,
        "ap": 0.8307972011648481,
        "f1": 0.7500000000000001,
        "avg_normal": -0.650615257024765,
        "avg_abnormal": 1.0918827965855598
    },
    "std_metrics": {
        "rauc_std": 0.013825298871593655,
        "ap_std": 0.07671827849638363,
        "f1_std": 0.1118033988749895,
        "avg_normal_std": 0.12427675070874615,
        "avg_abnormal_std": 0.563631129451189
    },
    "total_time": 214.48379230499268,
    "all_seeds": [
        {
            "rauc": 0.9716666666666667,
            "ap": 0.8633333333333332,
            "f1": 0.8,
            "avg_normal": -0.6096343994140625,
            "avg_abnormal": 1.660578727722168,
            "run": 0,
            "epochs": 200,
            "train_time": 22.453876733779907,
            "test_time": 0.03048563003540039
        },
        {
            "rauc": 0.99,
            "ap": 0.9354365079365078,
            "f1": 0.9,
            "avg_normal": -0.7150171995162964,
            "avg_abnormal": 1.3489700555801392,
            "run": 1,
            "epochs": 200,
            "train_time": 21.860844612121582,
            "test_time": 0.03430676460266113
        },
        {
            "rauc": 0.9633333333333334,
            "ap": 0.7637193362193362,
            "f1": 0.7,
            "avg_normal": -0.7765207886695862,
            "avg_abnormal": 0.39162445068359375,
            "run": 2,
            "epochs": 200,
            "train_time": 21.89706325531006,
            "test_time": 0.020974159240722656
        },
        {
            "rauc": 0.9533333333333334,
            "ap": 0.7079793735676088,
            "f1": 0.7,
            "avg_normal": -0.5597399473190308,
            "avg_abnormal": 1.094684362411499,
            "run": 3,
            "epochs": 200,
            "train_time": 21.195483922958374,
            "test_time": 0.02161717414855957
        },
        {
            "rauc": 0.975,
            "ap": 0.8322069597069596,
            "f1": 0.8,
            "avg_normal": -0.849740207195282,
            "avg_abnormal": 0.3385653495788574,
            "run": 4,
            "epochs": 200,
            "train_time": 20.867468118667603,
            "test_time": 0.048807621002197266
        },
        {
            "rauc": 0.95,
            "ap": 0.7646693502575854,
            "f1": 0.5,
            "avg_normal": -0.39460575580596924,
            "avg_abnormal": 2.0092077255249023,
            "run": 5,
            "epochs": 200,
            "train_time": 20.75687837600708,
            "test_time": 0.03267621994018555
        },
        {
            "rauc": 0.9783333333333333,
            "ap": 0.8190262515262514,
            "f1": 0.8,
            "avg_normal": -0.7613100409507751,
            "avg_abnormal": 0.22524423897266388,
            "run": 6,
            "epochs": 200,
            "train_time": 19.909958124160767,
            "test_time": 0.033188819885253906
        },
        {
            "rauc": 0.9733333333333334,
            "ap": 0.8583866133866133,
            "f1": 0.7,
            "avg_normal": -0.6386564373970032,
            "avg_abnormal": 1.2231438159942627,
            "run": 7,
            "epochs": 200,
            "train_time": 20.94473099708557,
            "test_time": 0.031958580017089844
        },
        {
            "rauc": 0.9616666666666667,
            "ap": 0.7898809523809522,
            "f1": 0.7,
            "avg_normal": -0.6312150359153748,
            "avg_abnormal": 1.209688425064087,
            "run": 8,
            "epochs": 200,
            "train_time": 21.280731439590454,
            "test_time": 0.03148031234741211
        },
        {
            "rauc": 0.995,
            "ap": 0.9733333333333333,
            "f1": 0.9,
            "avg_normal": -0.56971275806427,
            "avg_abnormal": 1.4171208143234253,
            "run": 9,
            "epochs": 200,
            "train_time": 20.797058820724487,
            "test_time": 0.026253461837768555
        }
    ]
}