{
    "model_config": {
        "hidden_dim": 64,
        "depth": 4,
        "num_heads": 4,
        "mlp_ratio": 4.0,
        "dropout_prob": 0.0,
        "num_prototypes": 16,
        "temperature": 0.1,
        "sinkhorn_iters": 3,
        "sinkhorn_eps": 0.1,
        "contrastive_loss_weight": 1.0,
        "use_flash_attn": false,
        "num_features": 30
    },
    "train_config": {
        "data_dir": "Data/",
        "epochs": 250,
        "learning_rate": 0.01,
        "sche_gamma": 0.95,
        "batch_size": 16,
        "random_seed": 42,
        "num_workers": 0,
        "preprocess": "standard",
        "patience": 5,
        "use_amp": false,
        "model_type": "ProtoAD",
        "dataset_name": "wbc",
        "base_path": "results/ProtoAD-d64-proto16-eps0.1-contra1.0-temp0.1/wbc/1.0",
        "exp_name": "ProtoAD-d64-proto16-eps0.1-contra1.0-temp0.1",
        "runs": 10,
        "train_ratio": 1.0,
        "run": 9
    },
    "mean_metrics": {
        "rauc": 0.942511306198457,
        "ap": 0.7584454836180794,
        "f1": 0.6714285714285715,
        "entropy_rauc": 0.33649906890130354,
        "entropy_ap": 0.12939844558696567,
        "entropy_f1": 0.10476190476190476,
        "avg_normal_entropy": 2.6584087133407595,
        "avg_abnormal_entropy": 2.6310420274734496,
        "avg_normal_recon": 0.9122473537921906,
        "avg_abnormal_recon": 9.119496583938599
    },
    "std_metrics": {
        "rauc_std": 0.015330912210804664,
        "ap_std": 0.052300285901122553,
        "f1_std": 0.039555351728181296,
        "entropy_rauc_std": 0.2660360653266349,
        "entropy_ap_std": 0.14043539348738104,
        "entropy_f1_std": 0.16468206157895793,
        "avg_normal_entropy_std": 0.09740994592289128,
        "avg_abnormal_entropy_std": 0.12098344867066356,
        "avg_normal_recon_std": 0.11536575821443486,
        "avg_abnormal_recon_std": 1.171533669440951
    },
    "total_time": 48.108436584472656,
    "all_seeds": [
        {
            "run": 0,
            "train_time": 10.444830179214478,
            "test_time": 0.08044648170471191,
            "epochs": 21,
            "rauc": 0.960095770151636,
            "ap": 0.8264642448648662,
            "f1": 0.7142857142857143,
            "entropy_rauc": 0.1910082468741687,
            "entropy_ap": 0.06707435676538238,
            "entropy_f1": 0.047619047619047616,
            "avg_normal_entropy": 2.766883134841919,
            "avg_abnormal_entropy": 2.7121992111206055,
            "avg_normal_recon": 0.7150529026985168,
            "avg_abnormal_recon": 7.423641204833984
        },
        {
            "run": 1,
            "train_time": 3.0112080574035645,
            "test_time": 0.0802304744720459,
            "epochs": 6,
            "rauc": 0.9491886139930832,
            "ap": 0.7240687375707763,
            "f1": 0.6666666666666666,
            "entropy_rauc": 0.1097366320830008,
            "entropy_ap": 0.060407571589577894,
            "entropy_f1": 0.0,
            "avg_normal_entropy": 2.669362783432007,
            "avg_abnormal_entropy": 2.639183521270752,
            "avg_normal_recon": 1.0947004556655884,
            "avg_abnormal_recon": 9.516937255859375
        },
        {
            "run": 2,
            "train_time": 7.022138833999634,
            "test_time": 0.08420610427856445,
            "epochs": 15,
            "rauc": 0.9630220803405162,
            "ap": 0.8148218395474929,
            "f1": 0.7619047619047619,
            "entropy_rauc": 0.07927640329874969,
            "entropy_ap": 0.05890947664010981,
            "entropy_f1": 0.0,
            "avg_normal_entropy": 2.7725043296813965,
            "avg_abnormal_entropy": 2.769731283187866,
            "avg_normal_recon": 0.8248047232627869,
            "avg_abnormal_recon": 10.240788459777832
        },
        {
            "run": 3,
            "train_time": 3.8294973373413086,
            "test_time": 0.08164596557617188,
            "epochs": 8,
            "rauc": 0.9130087789305666,
            "ap": 0.6327799220370481,
            "f1": 0.6190476190476191,
            "entropy_rauc": 0.09656823623304071,
            "entropy_ap": 0.060038815238953755,
            "entropy_f1": 0.0,
            "avg_normal_entropy": 2.72986102104187,
            "avg_abnormal_entropy": 2.6530063152313232,
            "avg_normal_recon": 1.0347949266433716,
            "avg_abnormal_recon": 7.473622798919678
        },
        {
            "run": 4,
            "train_time": 3.4100422859191895,
            "test_time": 0.08218932151794434,
            "epochs": 7,
            "rauc": 0.9444001064112796,
            "ap": 0.7817493788312606,
            "f1": 0.6666666666666666,
            "entropy_rauc": 0.9171322160148976,
            "entropy_ap": 0.5397343270413194,
            "entropy_f1": 0.5714285714285714,
            "avg_normal_entropy": 2.6636605262756348,
            "avg_abnormal_entropy": 2.7005887031555176,
            "avg_normal_recon": 0.9119793176651001,
            "avg_abnormal_recon": 10.366994857788086
        },
        {
            "run": 5,
            "train_time": 5.190340995788574,
            "test_time": 0.07997775077819824,
            "epochs": 11,
            "rauc": 0.9438680500133014,
            "ap": 0.7804134940947525,
            "f1": 0.6666666666666666,
            "entropy_rauc": 0.212024474594307,
            "entropy_ap": 0.06686327964122735,
            "entropy_f1": 0.047619047619047616,
            "avg_normal_entropy": 2.767796277999878,
            "avg_abnormal_entropy": 2.7620625495910645,
            "avg_normal_recon": 0.8127633929252625,
            "avg_abnormal_recon": 9.272102355957031
        },
        {
            "run": 6,
            "train_time": 3.00850248336792,
            "test_time": 0.08288168907165527,
            "epochs": 6,
            "rauc": 0.9207235967012504,
            "ap": 0.7227864982595891,
            "f1": 0.6666666666666666,
            "entropy_rauc": 0.2854482575152966,
            "entropy_ap": 0.07953796086480597,
            "entropy_f1": 0.09523809523809523,
            "avg_normal_entropy": 2.5267834663391113,
            "avg_abnormal_entropy": 2.3581528663635254,
            "avg_normal_recon": 0.871584415435791,
            "avg_abnormal_recon": 7.396176338195801
        },
        {
            "run": 7,
            "train_time": 2.9878194332122803,
            "test_time": 0.056162357330322266,
            "epochs": 6,
            "rauc": 0.9326948656557594,
            "ap": 0.7637811571811495,
            "f1": 0.6190476190476191,
            "entropy_rauc": 0.601755786113328,
            "entropy_ap": 0.14671086660889665,
            "entropy_f1": 0.14285714285714285,
            "avg_normal_entropy": 2.5596907138824463,
            "avg_abnormal_entropy": 2.566422462463379,
            "avg_normal_recon": 0.8385807871818542,
            "avg_abnormal_recon": 9.2130765914917
        },
        {
            "run": 8,
            "train_time": 3.0123202800750732,
            "test_time": 0.08231639862060547,
            "epochs": 6,
            "rauc": 0.9537110933758979,
            "ap": 0.7729688693648382,
            "f1": 0.6666666666666666,
            "entropy_rauc": 0.25432295823357276,
            "entropy_ap": 0.0702485286906943,
            "entropy_f1": 0.0,
            "avg_normal_entropy": 2.50091814994812,
            "avg_abnormal_entropy": 2.494016408920288,
            "avg_normal_recon": 1.0445533990859985,
            "avg_abnormal_recon": 10.319089889526367
        },
        {
            "run": 9,
            "train_time": 3.757211208343506,
            "test_time": 0.05531454086303711,
            "epochs": 8,
            "rauc": 0.9444001064112796,
            "ap": 0.7646206944290207,
            "f1": 0.6666666666666666,
            "entropy_rauc": 0.6177174780526735,
            "entropy_ap": 0.14445927278868928,