{
    "model_config": {
        "num_features": 13,
        "hidden_dim": 64,
        "depth": 4,
        "depth_enc": null,
        "depth_dec": null,
        "num_heads": 4,
        "mlp_ratio": 4.0,
        "dropout_prob": 0.0,
        "temperature": 0.2,
        "imix_loss_weight": 0.1,
        "mixup_alpha": 0.9,
        "projector_dim": null,
        "use_flash_attn": false
    },
    "train_config": {
        "data_dir": "Data/",
        "epochs": 200,
        "learning_rate": 0.01,
        "sche_gamma": 0.95,
        "batch_size": 64,
        "random_seed": 42,
        "num_workers": 0,
        "preprocess": "standard",
        "patience": 10,
        "min_delta": 0,
        "use_amp": false,
        "model_type": "TAEIMIX",
        "dataset_name": "wine",
        "base_path": "results/TAEIMIX-260125-iw0.1-ap0.9-ep200-ep40_imix/wine/1.0",
        "exp_name": "TAEIMIX-260125-iw0.1-ap0.9-ep200-ep40_imix",
        "runs": 10,
        "train_ratio": 1.0
    },
    "start_time_kst": "2026-01-25T15:42:28+09:00",
    "mean_metrics": {
        "rauc": 0.6991666666666667,
        "ap": 0.48328678628855554,
        "f1": 0.38999999999999996,
        "avg_normal": -0.7926016688346863,
        "avg_abnormal": -0.7497831284999847
    },
    "std_metrics": {
        "rauc_std": 0.31130661020215356,
        "ap_std": 0.33421162452148806,
        "f1_std": 0.34481879299133333,
        "avg_normal_std": 0.025189501072292314,
        "avg_abnormal_std": 0.07581800759604185
    },
    "total_time": 102.05691599845886,
    "all_seeds": [
        {
            "rauc": 0.5800000000000001,
            "ap": 0.1680178875169789,
            "f1": 0.0,
            "avg_normal": -0.7629194855690002,
            "avg_abnormal": -0.76318359375,
            "run": 0,
            "epochs": 98,
            "train_time": 9.145462989807129,
            "test_time": 0.040337324142456055
        },
        {
            "rauc": 0.9450000000000001,
            "ap": 0.748883572567783,
            "f1": 0.7,
            "avg_normal": -0.7638539671897888,
            "avg_abnormal": -0.7131198048591614,
            "run": 1,
            "epochs": 121,
            "train_time": 10.387162208557129,
            "test_time": 0.04339742660522461
        },
        {
            "rauc": 0.9266666666666667,
            "ap": 0.7548476033770151,
            "f1": 0.6,
            "avg_normal": -0.7736436724662781,
            "avg_abnormal": -0.7193006277084351,
            "run": 2,
            "epochs": 103,
            "train_time": 8.943000316619873,
            "test_time": 0.040192365646362305
        },
        {
            "rauc": 0.09500000000000003,
            "ap": 0.08773826736602505,
            "f1": 0.0,
            "avg_normal": -0.8213215470314026,
            "avg_abnormal": -0.8373395204544067,
            "run": 3,
            "epochs": 135,
            "train_time": 11.748748302459717,
            "test_time": 0.04018688201904297
        },
        {
            "rauc": 0.9266666666666666,
            "ap": 0.542941685507475,
            "f1": 0.5,
            "avg_normal": -0.7976662516593933,
            "avg_abnormal": -0.7638421058654785,
            "run": 4,
            "epochs": 122,
            "train_time": 10.529367446899414,
            "test_time": 0.040452003479003906
        },
        {
            "rauc": 0.19833333333333333,
            "ap": 0.09771821557099758,
            "f1": 0.0,
            "avg_normal": -0.8351020216941833,
            "avg_abnormal": -0.8515642285346985,
            "run": 5,
            "epochs": 95,
            "train_time": 8.11138391494751,
            "test_time": 0.040743112564086914
        },
        {
            "rauc": 0.99,
            "ap": 0.941540404040404,
            "f1": 0.8,
            "avg_normal": -0.7688511610031128,
            "avg_abnormal": -0.6302894353866577,
            "run": 6,
            "epochs": 129,
            "train_time": 11.359679222106934,
            "test_time": 0.041718482971191406
        },
        {
            "rauc": 0.645,
            "ap": 0.19138668714533716,
            "f1": 0.0,
            "avg_normal": -0.8221737146377563,
            "avg_abnormal": -0.8183552026748657,
            "run": 7,
            "epochs": 87,
            "train_time": 7.572566986083984,
            "test_time": 0.044422149658203125
        },
        {
            "rauc": 0.995,
            "ap": 0.9769230769230769,
            "f1": 0.9,
            "avg_normal": -0.7809754014015198,
            "avg_abnormal": -0.6199418306350708,
            "run": 8,
            "epochs": 117,
            "train_time": 10.42441701889038,
            "test_time": 0.03769493103027344
        },
        {
            "rauc": 0.6900000000000001,
            "ap": 0.32287046287046284,
            "f1": 0.4,
            "avg_normal": -0.7995094656944275,
            "avg_abnormal": -0.780894935131073,
            "run": 9,
            "epochs": 133,
            "train_time": 11.485259771347046,
            "test_time": 0.03888893127441406
        }
    ]
}