{
    "model_config": {
        "num_features": 30,
        "hidden_dim": 128,
        "depth": 4,
        "num_heads": 4,
        "mlp_ratio": 4.0,
        "dropout_prob": 0.0,
        "use_flash_attn": false,
        "mask_ratio": 0.5,
        "num_eval_repeat": 50,
        "eval_chunk_size": 50
    },
    "train_config": {
        "data_dir": "Data/",
        "epochs": 200,
        "learning_rate": 0.001,
        "sche_gamma": 0.95,
        "batch_size": 512,
        "random_seed": 42,
        "num_workers": 0,
        "preprocess": "standard",
        "patience": 10,
        "min_delta": 0,
        "use_amp": false,
        "model_type": "TMLM",
        "dataset_name": "wbc",
        "base_path": "results/TMLM-d128-lr0.001-mask0.5-r50/wbc/1.0",
        "exp_name": "TMLM-d128-lr0.001-mask0.5-r50",
        "runs": 10,
        "train_ratio": 1.0
    },
    "mean_metrics": {
        "ap": 0.8028301653323983,
        "rauc": 0.9634477254588987,
        "avg_abnormal_score": 5.104011392593383,
        "avg_normal_score": 0.2683355465531349,
        "f1": 0.7047619047619047
    },
    "std_metrics": {
        "ap_std": 0.029206872676278705,
        "rauc_std": 0.0043586429027103624,
        "avg_abnormal_score_std": 0.33976561105404657,
        "avg_normal_score_std": 0.02961397698812312,
        "f1_std": 0.03563483225498992
    },
    "total_time": 322.02116775512695,
    "all_seeds": [
        {
            "run": 0,
            "train_time": 32.69488167762756,
            "test_time": 0.05861043930053711,
            "epochs": 200,
            "rauc": 0.9603617983506251,
            "ap": 0.8025820183868264,
            "f1": 0.7142857142857143,
            "avg_normal_score": 0.2850501239299774,
            "avg_abnormal_score": 4.936314582824707
        },
        {
            "run": 1,
            "train_time": 32.059224128723145,
            "test_time": 0.05794930458068848,
            "epochs": 200,
            "rauc": 0.9563713753657888,
            "ap": 0.7496967306905198,
            "f1": 0.6666666666666666,
            "avg_normal_score": 0.30567365884780884,
            "avg_abnormal_score": 5.297840118408203
        },
        {
            "run": 2,
            "train_time": 32.155253410339355,
            "test_time": 0.05654501914978027,
            "epochs": 200,
            "rauc": 0.9630220803405161,
            "ap": 0.8257751354575624,
            "f1": 0.7619047619047619,
            "avg_normal_score": 0.23912088572978973,
            "avg_abnormal_score": 5.05700159072876
        },
        {
            "run": 3,
            "train_time": 32.37743020057678,
            "test_time": 0.057770729064941406,
            "epochs": 200,
            "rauc": 0.962756052141527,
            "ap": 0.7565829909781445,
            "f1": 0.6666666666666666,
            "avg_normal_score": 0.33122697472572327,
            "avg_abnormal_score": 5.290487289428711
        },
        {
            "run": 4,
            "train_time": 32.02066469192505,
            "test_time": 0.0576021671295166,
            "epochs": 200,
            "rauc": 0.9651503059324288,
            "ap": 0.8175516392463409,
            "f1": 0.6666666666666666,
            "avg_normal_score": 0.24513351917266846,
            "avg_abnormal_score": 5.71469783782959
        },
        {
            "run": 5,
            "train_time": 32.03168058395386,
            "test_time": 0.058388710021972656,
            "epochs": 200,
            "rauc": 0.962756052141527,
            "ap": 0.7898597453055409,
            "f1": 0.7142857142857143,
            "avg_normal_score": 0.27889126539230347,
            "avg_abnormal_score": 5.32953405380249
        },
        {
            "run": 6,
            "train_time": 31.99046015739441,
            "test_time": 0.057621002197265625,
            "epochs": 200,
            "rauc": 0.9696727853152435,
            "ap": 0.82403458857392,
            "f1": 0.7142857142857143,
            "avg_normal_score": 0.24640676379203796,
            "avg_abnormal_score": 5.026874542236328
        },
        {
            "run": 7,
            "train_time": 32.01219177246094,
            "test_time": 0.05785083770751953,
            "epochs": 200,
            "rauc": 0.9678105879223198,
            "ap": 0.841549889272468,
            "f1": 0.6666666666666666,
            "avg_normal_score": 0.23878994584083557,
            "avg_abnormal_score": 4.355683326721191
        },
        {
            "run": 8,
            "train_time": 32.01151919364929,
            "test_time": 0.05768442153930664,
            "epochs": 200,
            "rauc": 0.9574354881617451,
            "ap": 0.7930791558139105,
            "f1": 0.7142857142857143,
            "avg_normal_score": 0.2581557035446167,
            "avg_abnormal_score": 5.168221473693848
        },
        {
            "run": 9,
            "train_time": 30.251402378082275,
            "test_time": 0.054039955139160156,
            "epochs": 200,
            "rauc": 0.9691407289172652,
            "ap": 0.8275897595987496,
            "f1": 0.7619047619047619,
            "avg_normal_score": 0.25490662455558777,
            "avg_abnormal_score": 4.86345911026001
        }
    ]
}