{
    "model_config": {
        "num_features": 16,
        "hidden_dim": 128,
        "depth": 4,
        "num_heads": 4,
        "mlp_ratio": 4.0,
        "dropout_prob": 0.0,
        "use_flash_attn": false
    },
    "train_config": {
        "data_dir": "Data/",
        "epochs": 200,
        "learning_rate": 0.1,
        "sche_gamma": 0.95,
        "batch_size": 512,
        "random_seed": 42,
        "num_workers": 0,
        "preprocess": "standard",
        "patience": 10,
        "min_delta": 0,
        "use_amp": false,
        "model_type": "TAE",
        "dataset_name": "pendigits",
        "base_path": "results/TAE-d128-lr0.1/pendigits/1.0",
        "exp_name": "TAE-d128-lr0.1",
        "runs": 10,
        "train_ratio": 1.0,
        "run": 9
    },
    "mean_metrics": {
        "rauc": 0.9410126562941576,
        "ap": 0.37248451017931306,
        "f1": 0.4314102564102564,
        "avg_normal_score": 0.9965800702571869,
        "avg_abnormal_score": 2.223315119743347
    },
    "std_metrics": {
        "rauc_std": 0.003827043942170616,
        "ap_std": 0.025041545731798332,
        "f1_std": 0.020880124967823495,
        "avg_normal_score_std": 0.012081266046818676,
        "avg_abnormal_score_std": 0.05222489496016313
    },
    "total_time": 123.97048234939575,
    "all_seeds": [
        {
            "run": 0,
            "train_time": 14.187639713287354,
            "test_time": 0.07652068138122559,
            "epochs": 57,
            "rauc": 0.9396439128342614,
            "ap": 0.3413505750830271,
            "f1": 0.40384615384615385,
            "avg_normal_score": 0.9961283802986145,
            "avg_abnormal_score": 2.2975635528564453
        },
        {
            "run": 1,
            "train_time": 13.25343632698059,
            "test_time": 0.0778193473815918,
            "epochs": 56,
            "rauc": 0.9340031927163295,
            "ap": 0.34356356672204946,
            "f1": 0.40384615384615385,
            "avg_normal_score": 0.9937312006950378,
            "avg_abnormal_score": 2.10418438911438
        },
        {
            "run": 2,
            "train_time": 12.093856573104858,
            "test_time": 0.07338690757751465,
            "epochs": 52,
            "rauc": 0.9432433567822308,
            "ap": 0.39317590775235034,
            "f1": 0.4423076923076923,
            "avg_normal_score": 0.9825134873390198,
            "avg_abnormal_score": 2.1821837425231934
        },
        {
            "run": 3,
            "train_time": 9.094693899154663,
            "test_time": 0.055928707122802734,
            "epochs": 39,
            "rauc": 0.9423917111584672,
            "ap": 0.41269698706175895,
            "f1": 0.4551282051282051,
            "avg_normal_score": 0.9722722768783569,
            "avg_abnormal_score": 2.185879945755005
        },
        {
            "run": 4,
            "train_time": 20.282262325286865,
            "test_time": 0.05940508842468262,
            "epochs": 89,
            "rauc": 0.9425826630920465,
            "ap": 0.39196155747654954,
            "f1": 0.4551282051282051,
            "avg_normal_score": 0.989112138748169,
            "avg_abnormal_score": 2.226433277130127
        },
        {
            "run": 5,
            "train_time": 15.38895869255066,
            "test_time": 0.07757449150085449,
            "epochs": 65,
            "rauc": 0.9366803388251109,
            "ap": 0.35235873325931,
            "f1": 0.4423076923076923,
            "avg_normal_score": 1.008744716644287,
            "avg_abnormal_score": 2.248504161834717
        },
        {
            "run": 6,
            "train_time": 7.988802433013916,
            "test_time": 0.07891035079956055,
            "epochs": 33,
            "rauc": 0.9464723539790564,
            "ap": 0.3949440211296729,
            "f1": 0.4358974358974359,
            "avg_normal_score": 0.9990625381469727,
            "avg_abnormal_score": 2.2384049892425537
        },
        {
            "run": 7,
            "train_time": 14.954157590866089,
            "test_time": 0.07534575462341309,
            "epochs": 63,
            "rauc": 0.9378012266752214,
            "ap": 0.35494542563921494,
            "f1": 0.41025641025641024,
            "avg_normal_score": 1.0121275186538696,
            "avg_abnormal_score": 2.218714475631714
        },
        {
            "run": 8,
            "train_time": 7.535497188568115,
            "test_time": 0.07492351531982422,
            "epochs": 31,
            "rauc": 0.9410779618554418,
            "ap": 0.34979572776399925,
            "f1": 0.41025641025641024,
            "avg_normal_score": 1.0100139379501343,
            "avg_abnormal_score": 2.265362024307251
        },
        {
            "run": 9,
            "train_time": 6.4518561363220215,
            "test_time": 0.07682013511657715,
            "epochs": 27,
            "rauc": 0.9462298450234107,
            "ap": 0.3900525999051978,
            "f1": 0.4551282051282051,
            "avg_normal_score": 1.0020945072174072,
            "avg_abnormal_score": 2.265920639038086
        }
    ]
}