{
    "model_config": {
        "hidden_dim": 128,
        "depth": 4,
        "num_heads": 4,
        "mlp_ratio": 4.0,
        "dropout_prob": 0.0,
        "num_prototypes": 16,
        "temperature": 0.1,
        "sinkhorn_iters": 3,
        "sinkhorn_eps": 0.1,
        "contrastive_loss_weight": 0.1,
        "use_flash_attn": false,
        "num_features": 36
    },
    "train_config": {
        "data_dir": "Data/",
        "epochs": 250,
        "learning_rate": 0.01,
        "sche_gamma": 0.95,
        "batch_size": 512,
        "random_seed": 42,
        "num_workers": 0,
        "preprocess": "standard",
        "patience": 30,
        "use_amp": false,
        "model_type": "ProtoAD",
        "dataset_name": "satimage-2",
        "base_path": "results/ProtoAD-d128-proto16-eps0.1-contra0.1-temp0.1/satimage-2/1.0",
        "exp_name": "ProtoAD-d128-proto16-eps0.1-contra0.1-temp0.1",
        "runs": 10,
        "train_ratio": 1.0,
        "run": 9
    },
    "mean_metrics": {
        "rauc": 0.9946586005916869,
        "ap": 0.9630784163108583,
        "f1": 0.9225352112676056,
        "entropy_rauc": 0.5012836263919876,
        "entropy_ap": 0.046976936211147104,
        "entropy_f1": 0.04370192787933273,
        "avg_normal_entropy": 2.3744322538375853,
        "avg_abnormal_entropy": 2.3698268294334413,
        "avg_normal_recon": 0.4337875694036484,
        "avg_abnormal_recon": 6.0200278759002686
    },
    "std_metrics": {
        "rauc_std": 0.0021030292815907214,
        "ap_std": 0.009502060426722376,
        "f1_std": 0.015746957588026668,
        "entropy_rauc_std": 0.2740481640264716,
        "entropy_ap_std": 0.03498082886827274,
        "entropy_f1_std": 0.043400349332084726,
        "avg_normal_entropy_std": 0.28209997661727493,
        "avg_abnormal_entropy_std": 0.3235170089858329,
        "avg_normal_recon_std": 0.09596086621199278,
        "avg_abnormal_recon_std": 0.3212172118926712
    },
    "total_time": 138.02638030052185,
    "all_seeds": [
        {
            "run": 0,
            "train_time": 17.459747791290283,
            "test_time": 0.06403684616088867,
            "epochs": 62,
            "rauc": 0.995950581366777,
            "ap": 0.9648190838751336,
            "f1": 0.9154929577464789,
            "entropy_rauc": 0.2192828990692234,
            "entropy_ap": 0.042580534262469306,
            "entropy_f1": 0.08450704225352113,
            "avg_normal_entropy": 2.067206382751465,
            "avg_abnormal_entropy": 1.9821996688842773,
            "avg_normal_recon": 0.33771637082099915,
            "avg_abnormal_recon": 5.686268329620361
        },
        {
            "run": 1,
            "train_time": 8.650664329528809,
            "test_time": 0.07813119888305664,
            "epochs": 32,
            "rauc": 0.9945106788673422,
            "ap": 0.9643265988829232,
            "f1": 0.9295774647887324,
            "entropy_rauc": 0.08185821137572118,
            "entropy_ap": 0.013264141397424899,
            "entropy_f1": 0.0,
            "avg_normal_entropy": 2.0996651649475098,
            "avg_abnormal_entropy": 1.8031305074691772,
            "avg_normal_recon": 0.6416720747947693,
            "avg_abnormal_recon": 6.3857293128967285
        },
        {
            "run": 2,
            "train_time": 11.868149280548096,
            "test_time": 0.08009743690490723,
            "epochs": 44,
            "rauc": 0.9942944477752769,
            "ap": 0.9394557715995826,
            "f1": 0.9014084507042254,
            "entropy_rauc": 0.5545786933744827,
            "entropy_ap": 0.026566461776110356,
            "entropy_f1": 0.0,
            "avg_normal_entropy": 2.078113555908203,
            "avg_abnormal_entropy": 2.0829269886016846,
            "avg_normal_recon": 0.42856234312057495,
            "avg_abnormal_recon": 5.504945278167725
        },
        {
            "run": 3,
            "train_time": 13.621594667434692,
            "test_time": 0.07675814628601074,
            "epochs": 50,
            "rauc": 0.9918716766755452,
            "ap": 0.9719344491948763,
            "f1": 0.9577464788732394,
            "entropy_rauc": 0.3760283262730606,
            "entropy_ap": 0.019665358239385818,
            "entropy_f1": 0.014084507042253521,
            "avg_normal_entropy": 2.1266887187957764,
            "avg_abnormal_entropy": 2.2622525691986084,
            "avg_normal_recon": 0.4098304212093353,
            "avg_abnormal_recon": 5.591270923614502
        },
        {
            "run": 4,
            "train_time": 8.953564405441284,
            "test_time": 0.04791545867919922,
            "epochs": 33,
            "rauc": 0.9906774913261847,
            "ap": 0.9514558618672896,
            "f1": 0.9014084507042254,
            "entropy_rauc": 0.567198726202294,
            "entropy_ap": 0.027689255634870697,
            "entropy_f1": 0.014084507042253521,
            "avg_normal_entropy": 2.236342430114746,
            "avg_abnormal_entropy": 2.311495065689087,
            "avg_normal_recon": 0.5304422974586487,
            "avg_abnormal_recon": 6.191573143005371
        },
        {
            "run": 5,
            "train_time": 9.268190383911133,
            "test_time": 0.08649206161499023,
            "epochs": 34,
            "rauc": 0.996446930009927,
            "ap": 0.9647256162606326,
            "f1": 0.9154929577464789,
            "entropy_rauc": 0.8690548735539545,
            "entropy_ap": 0.12340882892939187,
            "entropy_f1": 0.11267605633802817,
            "avg_normal_entropy": 2.4213757514953613,
            "avg_abnormal_entropy": 2.484184980392456,
            "avg_normal_recon": 0.48563310503959656,
            "avg_abnormal_recon": 6.40242338180542
        },
        {
            "run": 6,
            "train_time": 28.42258048057556,
            "test_time": 0.07626676559448242,
            "epochs": 106,
            "rauc": 0.9961029259998231,
            "ap": 0.9677747241230781,
            "f1": 0.9295774647887324,
            "entropy_rauc": 0.701864010300463,
            "entropy_ap": 0.045752936886671106,
            "entropy_f1": 0.05673758865248227,
            "avg_normal_entropy": 2.7718541622161865,
            "avg_abnormal_entropy": 2.772294282913208,
            "avg_normal_recon": 0.30632442235946655,
            "avg_abnormal_recon": 5.994164943695068
        },
        {
            "run": 7,
            "train_time": 10.998012065887451,
            "test_time": 0.07726025581359863,
            "epochs": 40,
            "rauc": 0.99784751776535,
            "ap": 0.9695473265371508,
            "f1": 0.9295774647887324,
            "entropy_rauc": 0.6620897752179511,
            "entropy_ap": 0.06100988335441182,
            "entropy_f1": 0.04225352112676056,
            "avg_normal_entropy": 2.752018928527832,
            "avg_abnormal_entropy": 2.7611584663391113,
            "avg_normal_recon": 0.3550057113170624,
            "avg_abnormal_recon": 6.306475639343262
        },
        {
            "run": 8,
            "train_time": 15.959169626235962,
            "test_time": 0.06484317779541016,
            "epochs": 59,
            "rauc": 0.993169063227937,
            "ap": 0.96980310627629,
            "f1": 0.9295774647887324,
            "entropy_rauc": 0.12225165367641998,
            "entropy_ap": 0.013807187619366692,
            "entropy_f1": 0.0,
            "avg_normal_entropy": 2.764617443084717,
            "avg_abnormal_entropy": 2.7317001819610596,
            "avg_normal_recon": 0.4674139618873596,
            "avg_abnormal_recon": 6.261604309082031
        },
        {
            "run": 9,
            "train_time": 9.862056970596313,
            "test_time": 0.07523655891418457,
            "epochs": 36,
            "rauc": 0.9957146929027059,
            "ap": 0.9669416244916269,
            "f1": 0.9154929577464789,
            "entropy_rauc": 0.858629094876306,