{
    "model_config": {
        "num_features": 9,
        "hidden_dim": 64,
        "depth": 4,
        "depth_enc": null,
        "depth_dec": null,
        "num_heads": 4,
        "mlp_ratio": 4.0,
        "dropout_prob": 0.0,
        "temperature": 0.1,
        "byol_loss_weight": 0.01,
        "dacl_alpha": 0.9,
        "projector_dim": null,
        "byol_momentum": 0.99,
        "use_flash_attn": false
    },
    "train_config": {
        "data_dir": "Data/",
        "epochs": 200,
        "learning_rate": 0.01,
        "sche_gamma": 0.95,
        "batch_size": 128,
        "random_seed": 42,
        "num_workers": 0,
        "preprocess": "standard",
        "patience": 10,
        "min_delta": 0,
        "use_amp": false,
        "model_type": "TAEDACL",
        "dataset_name": "breastw",
        "base_path": "results/TAEDACL-260125-bw0.01-ap0.9-ep200-ep30_combined/breastw/1.0",
        "exp_name": "TAEDACL-260125-bw0.01-ap0.9-ep200-ep30_combined",
        "runs": 10,
        "train_ratio": 1.0
    },
    "start_time_kst": "2026-01-25T16:18:52+09:00",
    "mean_metrics": {
        "rauc": 0.9847619586113309,
        "ap": 0.9798480787675855,
        "f1": 0.9510460251046025,
        "avg_normal": 0.5927106380462647,
        "avg_abnormal": 15.019978332519532
    },
    "std_metrics": {
        "rauc_std": 0.0030860143170345607,
        "ap_std": 0.006354465447709954,
        "f1_std": 0.007726437369296829,
        "avg_normal_std": 0.23832400373470602,
        "avg_abnormal_std": 3.492894280716752
    },
    "total_time": 243.48165154457092,
    "all_seeds": [
        {
            "rauc": 0.9843378943797354,
            "ap": 0.980491812169749,
            "f1": 0.9581589958158996,
            "avg_normal": 0.4854179620742798,
            "avg_abnormal": 15.610447883605957,
            "run": 0,
            "epochs": 144,
            "train_time": 27.20992946624756,
            "test_time": 0.053519248962402344
        },
        {
            "rauc": 0.986184929699574,
            "ap": 0.9828465892909363,
            "f1": 0.9581589958158996,
            "avg_normal": 0.6127477288246155,
            "avg_abnormal": 17.317289352416992,
            "run": 1,
            "epochs": 151,
            "train_time": 22.813356399536133,
            "test_time": 0.05390453338623047
        },
        {
            "rauc": 0.988182743412869,
            "ap": 0.9850323009989825,
            "f1": 0.9665271966527197,
            "avg_normal": 0.3577355444431305,
            "avg_abnormal": 12.428714752197266,
            "run": 2,
            "epochs": 157,
            "train_time": 28.477975606918335,
            "test_time": 0.05810093879699707
        },
        {
            "rauc": 0.9798522371744129,
            "ap": 0.9649862740388194,
            "f1": 0.9456066945606695,
            "avg_normal": 1.1235612630844116,
            "avg_abnormal": 21.662269592285156,
            "run": 3,
            "epochs": 142,
            "train_time": 26.495221614837646,
            "test_time": 0.05559492111206055
        },
        {
            "rauc": 0.9817935089901617,
            "ap": 0.9773096143180343,
            "f1": 0.9456066945606695,
            "avg_normal": 0.7993819713592529,
            "avg_abnormal": 18.83008575439453,
            "run": 4,
            "epochs": 133,
            "train_time": 23.59176540374756,
            "test_time": 0.05895352363586426
        },
        {
            "rauc": 0.9823589279656225,
            "ap": 0.9759096479357572,
            "f1": 0.9414225941422594,
            "avg_normal": 0.4625176191329956,
            "avg_abnormal": 12.077253341674805,
            "run": 5,
            "epochs": 124,
            "train_time": 22.046059608459473,
            "test_time": 0.05354166030883789
        },
        {
            "rauc": 0.9852425647404727,
            "ap": 0.9821187586097908,
            "f1": 0.9414225941422594,
            "avg_normal": 0.5722109079360962,
            "avg_abnormal": 12.684517860412598,
            "run": 6,
            "epochs": 142,
            "train_time": 26.03754472732544,
            "test_time": 0.05195283889770508
        },
        {
            "rauc": 0.9820950657770742,
            "ap": 0.9760543925110758,
            "f1": 0.9497907949790795,
            "avg_normal": 0.7725975513458252,
            "avg_abnormal": 15.631351470947266,
            "run": 7,
            "epochs": 107,
            "train_time": 19.037733554840088,
            "test_time": 0.04925894737243652
        },
        {
            "rauc": 0.9899920841343435,
            "ap": 0.9886878387214681,
            "f1": 0.9539748953974896,
            "avg_normal": 0.2525103688240051,
            "avg_abnormal": 8.975475311279297,
            "run": 8,
            "epochs": 121,
            "train_time": 21.87227511405945,
            "test_time": 0.05461287498474121
        },
        {
            "rauc": 0.9875796298390441,
            "ap": 0.9850435590812407,
            "f1": 0.9497907949790795,
            "avg_normal": 0.48842546343803406,
            "avg_abnormal": 14.982378005981445,
            "run": 9,
            "epochs": 130,
            "train_time": 23.423600673675537,
            "test_time": 0.044522762298583984
        }
    ]
}