{
    "model_config": {
        "num_heads": 4,
        "num_latents": 3,
        "num_memories": 10,
        "depth": 4,
        "hidden_dim": 32,
        "mlp_ratio": 4.0,
        "dropout_prob": 0.0,
        "temperature": 0.1,
        "sim_type": "cos",
        "use_oe": true,
        "oe_lambda": 0.1,
        "oe_shuffle_ratio": 0.5,
        "oe_lambda_memory": 0.0,
        "is_weight_sharing": false,
        "use_pos_enc_as_query": false,
        "use_mask_token": false,
        "num_features": 9
    },
    "train_config": {
        "data_dir": "Data/",
        "epochs": 250,
        "learning_rate": 0.01,
        "sche_gamma": 0.95,
        "batch_size": 512,
        "random_seed": 42,
        "num_workers": 0,
        "preprocess": "standard",
        "model_type": "OELATTE",
        "dataset_name": "glass",
        "train_ratio": 1.0,
        "base_path": "results/OELATTE-d32-oe_lam0.1-oe_rat0.5/glass/1.0",
        "not_use_power_of_two": false,
        "num_memories_not_use_power_of_two": false,
        "num_memories_twice": false,
        "contamination_ratio": null,
        "latent_ratio": null,
        "memory_ratio": null,
        "run": 9
    },
    "mean_metrics": {
        "AUC-ROC": 0.7886731391585761,
        "AUC-PR": 0.26511085085989655,
        "f1": 0.16666666666666666
    },
    "total_time": 116.78186464309692,
    "all_seeds": [
        {
            "run": 0,
            "AUC-ROC": 0.5846817691477886,
            "AUC-PR": 0.1540212079315892,
            "f1": 0.1111111111111111,
            "train_time": 2.1450581550598145,
            "test_time": 0.019299983978271484,
            "epochs": 24
        },
        {
            "run": 1,
            "AUC-ROC": 0.8565264293419633,
            "AUC-PR": 0.3478032199963689,
            "f1": 0.2222222222222222,
            "train_time": 13.008341550827026,
            "test_time": 0.01781153678894043,
            "epochs": 250
        },
        {
            "run": 2,
            "AUC-ROC": 0.7680690399137001,
            "AUC-PR": 0.3274614181052125,
            "f1": 0.2222222222222222,
            "train_time": 13.72929573059082,
            "test_time": 0.017880678176879883,
            "epochs": 250
        },
        {
            "run": 3,
            "AUC-ROC": 0.8554476806903991,
            "AUC-PR": 0.23745782739133053,
            "f1": 0.1111111111111111,
            "train_time": 13.843463897705078,
            "test_time": 0.01846909523010254,
            "epochs": 250
        },
        {
            "run": 4,
            "AUC-ROC": 0.8694714131607335,
            "AUC-PR": 0.2707439052175894,
            "f1": 0.1111111111111111,
            "train_time": 13.828104972839355,
            "test_time": 0.020313739776611328,
            "epochs": 250
        },
        {
            "run": 5,
            "AUC-ROC": 0.872707659115426,
            "AUC-PR": 0.35867023816052396,
            "f1": 0.2222222222222222,
            "train_time": 14.33930492401123,
            "test_time": 0.018493175506591797,
            "epochs": 250
        },
        {
            "run": 6,
            "AUC-ROC": 0.8511326860841424,
            "AUC-PR": 0.2559031040326107,
            "f1": 0.2222222222222222,
            "train_time": 13.882873773574829,
            "test_time": 0.019125699996948242,
            "epochs": 250
        },
        {
            "run": 7,
            "AUC-ROC": 0.5900755124056094,
            "AUC-PR": 0.12325089341747823,
            "f1": 0.1111111111111111,
            "train_time": 10.83636999130249,
            "test_time": 0.019150495529174805,
            "epochs": 201
        },
        {
            "run": 8,
            "AUC-ROC": 0.8683926645091693,
            "AUC-PR": 0.2811108893524234,
            "f1": 0.2222222222222222,
            "train_time": 10.422234058380127,
            "test_time": 0.007565021514892578,
            "epochs": 250
        },
        {
            "run": 9,
            "AUC-ROC": 0.7702265372168284,
            "AUC-PR": 0.29468580499383856,
            "f1": 0.1111111111111111,
            "train_time": 9.000421047210693,
            "test_time": 0.0186159610748291,
            "epochs": 250
        }
    ]
}