{
    "model_config": {
        "hidden_dim": 128,
        "depth": 4,
        "num_heads": 4,
        "mlp_ratio": 4.0,
        "dropout_prob": 0.0,
        "num_prototypes": 16,
        "temperature": 0.1,
        "sinkhorn_iters": 3,
        "sinkhorn_eps": 0.05,
        "contrastive_loss_weight": 0.01,
        "use_flash_attn": false,
        "num_features": 30
    },
    "train_config": {
        "data_dir": "Data/",
        "epochs": 250,
        "learning_rate": 0.01,
        "sche_gamma": 0.95,
        "batch_size": 16,
        "random_seed": 42,
        "num_workers": 0,
        "preprocess": "standard",
        "patience": 5,
        "use_amp": false,
        "model_type": "ProtoAD",
        "dataset_name": "wbc",
        "base_path": "results/ProtoAD-d128-proto16-eps0.05-contra0.01-temp0.1/wbc/1.0",
        "exp_name": "ProtoAD-d128-proto16-eps0.05-contra0.01-temp0.1",
        "runs": 10,
        "train_ratio": 1.0,
        "run": 9
    },
    "mean_metrics": {
        "rauc": 0.9433625964352222,
        "ap": 0.7561261349069517,
        "f1": 0.6714285714285715,
        "entropy_rauc": 0.3256185155626496,
        "entropy_ap": 0.121896132216556,
        "entropy_f1": 0.08571428571428572,
        "avg_normal_entropy": 2.303080451488495,
        "avg_abnormal_entropy": 2.205125164985657,
        "avg_normal_recon": 0.8587375760078431,
        "avg_abnormal_recon": 8.94792971611023
    },
    "std_metrics": {
        "rauc_std": 0.008859537873798716,
        "ap_std": 0.03280095514368329,
        "f1_std": 0.025643641938735737,
        "entropy_rauc_std": 0.2559371500651148,
        "entropy_ap_std": 0.13105392868895377,
        "entropy_f1_std": 0.15474358865973256,
        "avg_normal_entropy_std": 0.41049895082321775,
        "avg_abnormal_entropy_std": 0.49890827820359007,
        "avg_normal_recon_std": 0.24802645730479855,
        "avg_abnormal_recon_std": 1.617209996369425
    },
    "total_time": 97.8240122795105,
    "all_seeds": [
        {
            "run": 0,
            "train_time": 8.051374912261963,
            "test_time": 0.08182001113891602,
            "epochs": 13,
            "rauc": 0.9207235967012504,
            "ap": 0.7258051462437964,
            "f1": 0.6666666666666666,
            "entropy_rauc": 0.16573556797020483,
            "entropy_ap": 0.07059787321499887,
            "entropy_f1": 0.09523809523809523,
            "avg_normal_entropy": 2.2629568576812744,
            "avg_abnormal_entropy": 1.8389780521392822,
            "avg_normal_recon": 1.015936017036438,
            "avg_abnormal_recon": 8.839995384216309
        },
        {
            "run": 1,
            "train_time": 8.795263290405273,
            "test_time": 0.08504319190979004,
            "epochs": 18,
            "rauc": 0.9430699654163341,
            "ap": 0.7032837709142059,
            "f1": 0.6666666666666666,
            "entropy_rauc": 0.226389997339718,
            "entropy_ap": 0.06763655928713817,
            "entropy_f1": 0.0,
            "avg_normal_entropy": 1.9982109069824219,
            "avg_abnormal_entropy": 1.7488383054733276,
            "avg_normal_recon": 0.8367418050765991,
            "avg_abnormal_recon": 7.856283187866211
        },
        {
            "run": 2,
            "train_time": 20.013083696365356,
            "test_time": 0.08746886253356934,
            "epochs": 42,
            "rauc": 0.9425379090183559,
            "ap": 0.7475964857124027,
            "f1": 0.7142857142857143,
            "entropy_rauc": 0.1412609736632083,
            "entropy_ap": 0.06508463306426808,
            "entropy_f1": 0.0,
            "avg_normal_entropy": 1.9457141160964966,
            "avg_abnormal_entropy": 1.7237417697906494,
            "avg_normal_recon": 0.5948938727378845,
            "avg_abnormal_recon": 6.942590713500977
        },
        {
            "run": 3,
            "train_time": 5.134356498718262,
            "test_time": 0.08468818664550781,
            "epochs": 10,
            "rauc": 0.9433359936153232,
            "ap": 0.7083986280483046,
            "f1": 0.6190476190476191,
            "entropy_rauc": 0.6255653099228518,
            "entropy_ap": 0.14590824767400654,
            "entropy_f1": 0.14285714285714285,
            "avg_normal_entropy": 2.771380662918091,
            "avg_abnormal_entropy": 2.7714569568634033,
            "avg_normal_recon": 1.2548282146453857,
            "avg_abnormal_recon": 11.153288841247559
        },
        {
            "run": 4,
            "train_time": 6.0865867137908936,
            "test_time": 0.08912277221679688,
            "epochs": 12,
            "rauc": 0.9481245011971269,
            "ap": 0.77938955842183,
            "f1": 0.6666666666666666,
            "entropy_rauc": 0.07701516360734237,
            "entropy_ap": 0.05884462546928283,
            "entropy_f1": 0.0,
            "avg_normal_entropy": 2.7724313735961914,
            "avg_abnormal_entropy": 2.7719156742095947,
            "avg_normal_recon": 1.0369049310684204,
            "avg_abnormal_recon": 11.055821418762207
        },
        {
            "run": 5,
            "train_time": 12.929140329360962,
            "test_time": 0.08620762825012207,
            "epochs": 27,
            "rauc": 0.9372173450385741,
            "ap": 0.7718591360207414,
            "f1": 0.6666666666666666,
            "entropy_rauc": 0.47698856078744345,
            "entropy_ap": 0.0990580527509368,
            "entropy_f1": 0.09523809523809523,
            "avg_normal_entropy": 1.6688430309295654,
            "avg_abnormal_entropy": 1.673931360244751,
            "avg_normal_recon": 0.5037075281143188,
            "avg_abnormal_recon": 6.696405410766602
        },
        {
            "run": 6,
            "train_time": 16.24244713783264,
            "test_time": 0.08539700508117676,
            "epochs": 34,
            "rauc": 0.9553072625698324,
            "ap": 0.7971379077615943,
            "f1": 0.7142857142857143,
            "entropy_rauc": 0.16068103218941207,
            "entropy_ap": 0.06433682348419367,
            "entropy_f1": 0.0,
            "avg_normal_entropy": 1.9012126922607422,
            "avg_abnormal_entropy": 1.631956934928894,
            "avg_normal_recon": 0.45070695877075195,
            "avg_abnormal_recon": 7.088459491729736
        },
        {
            "run": 7,
            "train_time": 5.888230085372925,
            "test_time": 0.08482241630554199,
            "epochs": 12,
            "rauc": 0.9494546421920723,
            "ap": 0.7973538376111908,
            "f1": 0.6666666666666666,
            "entropy_rauc": 0.13540835328544823,
            "entropy_ap": 0.06117151389194936,
            "entropy_f1": 0.0,
            "avg_normal_entropy": 2.772397756576538,
            "avg_abnormal_entropy": 2.771541118621826,
            "avg_normal_recon": 0.917130172252655,
            "avg_abnormal_recon": 9.750657081604004
        },
        {
            "run": 8,
            "train_time": 5.156703233718872,
            "test_time": 0.08553290367126465,
            "epochs": 10,
            "rauc": 0.9451981910082468,
            "ap": 0.7517846050718338,
            "f1": 0.6666666666666666,
            "entropy_rauc": 0.9151370045224794,
            "entropy_ap": 0.5078826038060187,
            "entropy_f1": 0.5238095238095238,
            "avg_normal_entropy": 2.165287733078003,
            "avg_abnormal_entropy": 2.3467037677764893,
            "avg_normal_recon": 0.9548534154891968,
            "avg_abnormal_recon": 9.923565864562988
        },
        {
            "run": 9,
            "train_time": 6.904830694198608,
            "test_time": 0.08493471145629883,
            "epochs": 14,
            "rauc": 0.9486565575951051,
            "ap": 0.7786522732636181,
            "f1": 0.6666666666666666,
            "entropy_rauc": 0.3320031923383878,
            "entropy_ap": 0.07844038952276694,
            "entropy_f1": 0.0,