{
    "model_config": {
        "num_heads": 4,
        "num_latents": 5,
        "num_memories": 10,
        "depth": 4,
        "hidden_dim": 64,
        "mlp_ratio": 4.0,
        "dropout_prob": 0.0,
        "temperature": 0.1,
        "sim_type": "cos",
        "use_oe": true,
        "oe_lambda": 1.0,
        "oe_shuffle_ratio": 0.5,
        "oe_lambda_memory": 0.1,
        "is_weight_sharing": false,
        "use_pos_enc_as_query": false,
        "use_mask_token": false,
        "num_features": 33
    },
    "train_config": {
        "data_dir": "Data/",
        "epochs": 250,
        "learning_rate": 0.01,
        "sche_gamma": 0.95,
        "batch_size": 512,
        "random_seed": 42,
        "num_workers": 0,
        "preprocess": "standard",
        "model_type": "OELATTE",
        "dataset_name": "ionosphere",
        "train_ratio": 1.0,
        "base_path": "results/OELATTE-d64-oe_lam1.0-oe_rat0.5-oe_lam_mem0.1/ionosphere/1.0",
        "not_use_power_of_two": false,
        "num_memories_not_use_power_of_two": false,
        "num_memories_twice": false,
        "contamination_ratio": null,
        "latent_ratio": null,
        "memory_ratio": null,
        "run": 9
    },
    "mean_metrics": {
        "AUC-ROC": 0.9186964461300743,
        "AUC-PR": 0.934821337124496,
        "f1": 0.8452380952380952
    },
    "total_time": 44.32453989982605,
    "all_seeds": [
        {
            "run": 0,
            "AUC-ROC": 0.9015311139204945,
            "AUC-PR": 0.9188873310757295,
            "f1": 0.8095238095238095,
            "train_time": 3.449084997177124,
            "test_time": 0.01921391487121582,
            "epochs": 46
        },
        {
            "run": 1,
            "AUC-ROC": 0.8768085405253546,
            "AUC-PR": 0.8995145090763963,
            "f1": 0.7619047619047619,
            "train_time": 2.9067258834838867,
            "test_time": 0.01936483383178711,
            "epochs": 56
        },
        {
            "run": 2,
            "AUC-ROC": 0.9539261132181486,
            "AUC-PR": 0.9640839020258004,
            "f1": 0.8968253968253969,
            "train_time": 6.061861515045166,
            "test_time": 0.019782066345214844,
            "epochs": 122
        },
        {
            "run": 3,
            "AUC-ROC": 0.9697288945076555,
            "AUC-PR": 0.9761926928487692,
            "f1": 0.9206349206349206,
            "train_time": 6.558367729187012,
            "test_time": 0.00946044921875,
            "epochs": 135
        },
        {
            "run": 4,
            "AUC-ROC": 0.9003371260008427,
            "AUC-PR": 0.9159481593851355,
            "f1": 0.7936507936507936,
            "train_time": 1.512974739074707,
            "test_time": 0.021475791931152344,
            "epochs": 41
        },
        {
            "run": 5,
            "AUC-ROC": 0.8942969518190758,
            "AUC-PR": 0.9039127377593106,
            "f1": 0.8253968253968254,
            "train_time": 1.629960536956787,
            "test_time": 0.02060723304748535,
            "epochs": 26
        },
        {
            "run": 6,
            "AUC-ROC": 0.9358758252563562,
            "AUC-PR": 0.9484588152538864,
            "f1": 0.8571428571428571,
            "train_time": 6.1367409229278564,
            "test_time": 0.013214826583862305,
            "epochs": 128
        },
        {
            "run": 7,
            "AUC-ROC": 0.9541368169686754,
            "AUC-PR": 0.9632203291743119,
            "f1": 0.8888888888888888,
            "train_time": 4.804750442504883,
            "test_time": 0.021998882293701172,
            "epochs": 94
        },
        {
            "run": 8,
            "AUC-ROC": 0.8296109004073605,
            "AUC-PR": 0.8812810160267524,
            "f1": 0.7698412698412699,
            "train_time": 1.6270215511322021,
            "test_time": 0.021107196807861328,
            "epochs": 28
        },
        {
            "run": 9,
            "AUC-ROC": 0.9707121786767805,
            "AUC-PR": 0.9767138786188674,
            "f1": 0.9285714285714286,
            "train_time": 7.319002628326416,
            "test_time": 0.01199030876159668,
            "epochs": 139
        }
    ]
}