{
    "model_config": {
        "num_features": 9,
        "hidden_dim": 128,
        "depth": 4,
        "num_heads": 4,
        "mlp_ratio": 4.0,
        "dropout_prob": 0.0,
        "use_flash_attn": false,
        "ema_decay": 0.999,
        "contrastive_loss_weight": 0.01
    },
    "train_config": {
        "data_dir": "Data/",
        "epochs": 200,
        "learning_rate": 0.001,
        "sche_gamma": 0.95,
        "batch_size": 512,
        "random_seed": 42,
        "num_workers": 0,
        "preprocess": "standard",
        "patience": 10,
        "min_delta": 0,
        "use_amp": false,
        "model_type": "TKDAD",
        "dataset_name": "shuttle",
        "base_path": "results/TKDAD-d128-lr0.001-contra0.01/shuttle/1.0",
        "exp_name": "TKDAD-d128-lr0.001-contra0.01",
        "runs": 10,
        "train_ratio": 1.0
    },
    "mean_metrics": {
        "ap": 0.9576751533986751,
        "f1": 0.980974081458274,
        "avg_normal_score": 0.0007702875940594822,
        "avg_abnormal_score": 0.058012363873422144,
        "rauc": 0.9979510916065599
    },
    "std_metrics": {
        "ap_std": 0.01895892272281808,
        "f1_std": 0.004896570361228496,
        "avg_normal_score_std": 0.0001247208851775606,
        "avg_abnormal_score_std": 0.07621229096368838,
        "rauc_std": 0.0008106346283218705
    },
    "total_time": 143.3885190486908,
    "all_seeds": [
        {
            "run": 0,
            "train_time": 22.712407112121582,
            "test_time": 0.5756485462188721,
            "epochs": 14,
            "rauc": 0.9971591062094735,
            "ap": 0.9367362195857638,
            "f1": 0.9737966391341498,
            "avg_normal_score": 0.0009888330241665244,
            "avg_abnormal_score": 0.019958196207880974
        },
        {
            "run": 1,
            "train_time": 27.443246603012085,
            "test_time": 0.41655969619750977,
            "epochs": 18,
            "rauc": 0.999879714428107,
            "ap": 0.9987669206147636,
            "f1": 0.9911706066647679,
            "avg_normal_score": 0.0005631998647004366,
            "avg_abnormal_score": 0.2844187319278717
        },
        {
            "run": 2,
            "train_time": 20.741524696350098,
            "test_time": 0.3325192928314209,
            "epochs": 14,
            "rauc": 0.9970565023417386,
            "ap": 0.9339519616209199,
            "f1": 0.9772144688123042,
            "avg_normal_score": 0.0008634618134237826,
            "avg_abnormal_score": 0.01982910744845867
        },
        {
            "run": 3,
            "train_time": 28.521744966506958,
            "test_time": 0.36872267723083496,
            "epochs": 15,
            "rauc": 0.9977172482574868,
            "ap": 0.9526671635898487,
            "f1": 0.9763600113927656,
            "avg_normal_score": 0.0006322333356365561,
            "avg_abnormal_score": 0.023653356358408928
        },
        {
            "run": 4,
            "train_time": 25.345959424972534,
            "test_time": 0.3564777374267578,
            "epochs": 14,
            "rauc": 0.9980422667204973,
            "ap": 0.9588409074127229,
            "f1": 0.9797778410709199,
            "avg_normal_score": 0.0007927716942504048,
            "avg_abnormal_score": 0.03647208213806152
        },
        {
            "run": 5,
            "train_time": 26.57659602165222,
            "test_time": 0.31844186782836914,
            "epochs": 16,
            "rauc": 0.9974677050546293,
            "ap": 0.9462096155889653,
            "f1": 0.9786385645115352,
            "avg_normal_score": 0.000731344916857779,
            "avg_abnormal_score": 0.029387231916189194
        },
        {
            "run": 6,
            "train_time": 28.09601092338562,
            "test_time": 0.3485407829284668,
            "epochs": 15,
            "rauc": 0.9974604949180221,
            "ap": 0.9452933765106939,
            "f1": 0.9817715750498434,
            "avg_normal_score": 0.0007875615847297013,
            "avg_abnormal_score": 0.03490066155791283
        },
        {
            "run": 7,
            "train_time": 27.751029014587402,
            "test_time": 0.34284448623657227,
            "epochs": 15,
            "rauc": 0.9981475322157838,
            "ap": 0.9611933924598036,
            "f1": 0.982626032469382,
            "avg_normal_score": 0.0009011267102323472,
            "avg_abnormal_score": 0.048106055706739426
        },
        {
            "run": 8,
            "train_time": 29.449867725372314,
            "test_time": 0.34238553047180176,
            "epochs": 16,
            "rauc": 0.9977341677115011,
            "ap": 0.9616398949901103,
            "f1": 0.981201936770151,
            "avg_normal_score": 0.00064085639314726,
            "avg_abnormal_score": 0.029683388769626617
        },
        {
            "run": 9,
            "train_time": 27.88067626953125,
            "test_time": 0.3422727584838867,
            "epochs": 15,
            "rauc": 0.9988461782083605,
            "ap": 0.9814520816131591,
            "f1": 0.9871831387069211,
            "avg_normal_score": 0.0008014866034500301,
            "avg_abnormal_score": 0.053714826703071594
        }
    ]
}