{
    "model_config": {
        "num_features": 8,
        "hidden_dim": 64,
        "depth": 4,
        "depth_enc": null,
        "depth_dec": null,
        "num_heads": 4,
        "mlp_ratio": 4.0,
        "dropout_prob": 0.0,
        "temperature": 0.1,
        "byol_loss_weight": 0.1,
        "dacl_alpha": 0.9,
        "projector_dim": null,
        "byol_momentum": 0.99,
        "use_flash_attn": false
    },
    "train_config": {
        "data_dir": "Data/",
        "epochs": 200,
        "learning_rate": 0.01,
        "sche_gamma": 0.95,
        "batch_size": 128,
        "random_seed": 42,
        "num_workers": 0,
        "preprocess": "standard",
        "patience": 10,
        "min_delta": 0,
        "use_amp": false,
        "model_type": "TAEDACL",
        "dataset_name": "pima",
        "base_path": "results/TAEDACL-260125-bw0.1-ap0.9-ep200-ep80/pima/1.0",
        "exp_name": "TAEDACL-260125-bw0.1-ap0.9-ep200-ep80",
        "runs": 10,
        "train_ratio": 1.0
    },
    "start_time_kst": "2026-01-25T16:22:59+09:00",
    "mean_metrics": {
        "rauc": 0.688731343283582,
        "ap": 0.6818037954920424,
        "f1": 0.6548507462686567,
        "avg_normal": 0.11407091561704874,
        "avg_abnormal": 0.22143065743148327
    },
    "std_metrics": {
        "rauc_std": 0.011317640890304702,
        "ap_std": 0.027715283717720786,
        "f1_std": 0.013192290693778875,
        "avg_normal_std": 0.036795844114730865,
        "avg_abnormal_std": 0.0463739673401997
    },
    "total_time": 257.83365392684937,
    "all_seeds": [
        {
            "rauc": 0.7016417910447761,
            "ap": 0.6905428832858642,
            "f1": 0.6791044776119403,
            "avg_normal": 0.08632263541221619,
            "avg_abnormal": 0.18156637251377106,
            "run": 0,
            "epochs": 184,
            "train_time": 33.0780827999115,
            "test_time": 0.05448031425476074
        },
        {
            "rauc": 0.6648656716417911,
            "ap": 0.6343067525044983,
            "f1": 0.6417910447761194,
            "avg_normal": 0.16200973093509674,
            "avg_abnormal": 0.24649763107299805,
            "run": 1,
            "epochs": 166,
            "train_time": 28.57103395462036,
            "test_time": 0.05727744102478027
        },
        {
            "rauc": 0.6969701492537312,
            "ap": 0.703934845359578,
            "f1": 0.664179104477612,
            "avg_normal": 0.13577121496200562,
            "avg_abnormal": 0.2919621169567108,
            "run": 2,
            "epochs": 185,
            "train_time": 31.374303340911865,
            "test_time": 0.05163073539733887
        },
        {
            "rauc": 0.6923432835820895,
            "ap": 0.6964035079397302,
            "f1": 0.6604477611940298,
            "avg_normal": 0.07084459066390991,
            "avg_abnormal": 0.15638503432273865,
            "run": 3,
            "epochs": 175,
            "train_time": 32.74673008918762,
            "test_time": 0.06619572639465332
        },
        {
            "rauc": 0.6878059701492537,
            "ap": 0.7001739340248927,
            "f1": 0.6417910447761194,
            "avg_normal": 0.10854622721672058,
            "avg_abnormal": 0.231827050447464,
            "run": 4,
            "epochs": 199,
            "train_time": 37.002819776535034,
            "test_time": 0.055533647537231445
        },
        {
            "rauc": 0.7004776119402985,
            "ap": 0.7186491633215635,
            "f1": 0.664179104477612,
            "avg_normal": 0.06992683559656143,
            "avg_abnormal": 0.19074998795986176,
            "run": 5,
            "epochs": 182,
            "train_time": 33.326273918151855,
            "test_time": 0.0534055233001709
        },
        {
            "rauc": 0.6826865671641792,
            "ap": 0.6548365256515452,
            "f1": 0.6417910447761194,
            "avg_normal": 0.10683149099349976,
            "avg_abnormal": 0.189893439412117,
            "run": 6,
            "epochs": 152,
            "train_time": 26.773441076278687,
            "test_time": 0.05140352249145508
        },
        {
            "rauc": 0.6830597014925373,
            "ap": 0.6555827518486668,
            "f1": 0.6455223880597015,
            "avg_normal": 0.1723145991563797,
            "avg_abnormal": 0.28256362676620483,
            "run": 7,
            "epochs": 176,
            "train_time": 32.60799980163574,
            "test_time": 0.04913187026977539
        }
    ]
}