{
    "model_config": {
        "num_heads": 4,
        "num_latents": 2,
        "num_memories": 73,
        "depth": 4,
        "hidden_dim": 16,
        "mlp_ratio": 4.0,
        "dropout_prob": 0.0,
        "temperature": 0.1,
        "sim_type": "cos",
        "use_oe": true,
        "oe_lambda": 0.1,
        "oe_shuffle_ratio": 0.3,
        "oe_lambda_memory": 0.0,
        "is_weight_sharing": false,
        "use_pos_enc_as_query": false,
        "use_mask_token": false,
        "latent_loss_weight": 0.1,
        "entropy_loss_weight": 0.1,
        "num_features": 6
    },
    "train_config": {
        "data_dir": "Data/",
        "epochs": 250,
        "learning_rate": 0.01,
        "sche_gamma": 0.95,
        "batch_size": 512,
        "random_seed": 42,
        "num_workers": 0,
        "preprocess": "standard",
        "model_type": "OELATTE",
        "dataset_name": "mammography",
        "train_ratio": 1.0,
        "base_path": "results/OELATTE-d16-oe_lam0.1-oe_rat0.3-lat_lam0.1-mem_ent_lam0.1/mammography/1.0",
        "not_use_power_of_two": false,
        "num_memories_not_use_power_of_two": false,
        "num_memories_twice": false,
        "contamination_ratio": null,
        "latent_ratio": null,
        "memory_ratio": null,
        "run": 9
    },
    "mean_metrics": {
        "AUC-ROC": 0.8636185674450045,
        "AUC-PR": 0.4131083457266665,
        "f1": 0.3953846153846154
    },
    "total_time": 398.83529591560364,
    "all_seeds": [
        {
            "run": 0,
            "AUC-ROC": 0.8835366025406305,
            "AUC-PR": 0.4278435416934538,
            "f1": 0.4115384615384615,
            "train_time": 55.986642837524414,
            "test_time": 0.10397601127624512,
            "epochs": 100
        },
        {
            "run": 1,
            "AUC-ROC": 0.8395896121454526,
            "AUC-PR": 0.37735485998452567,
            "f1": 0.3576923076923077,
            "train_time": 49.48846507072449,
            "test_time": 0.10394072532653809,
            "epochs": 90
        },
        {
            "run": 2,
            "AUC-ROC": 0.8580838239022054,
            "AUC-PR": 0.40750877495546245,
            "f1": 0.38461538461538464,
            "train_time": 11.012723922729492,
            "test_time": 0.10451197624206543,
            "epochs": 16
        },
        {
            "run": 3,
            "AUC-ROC": 0.8663908683773203,
            "AUC-PR": 0.4738244020270623,
            "f1": 0.4423076923076923,
            "train_time": 13.081044912338257,
            "test_time": 0.1725168228149414,
            "epochs": 20
        },
        {
            "run": 4,
            "AUC-ROC": 0.886939131904346,
            "AUC-PR": 0.4656864554189137,
            "f1": 0.45,
            "train_time": 61.91032528877258,
            "test_time": 0.1394333839416504,
            "epochs": 133
        },
        {
            "run": 5,
            "AUC-ROC": 0.8454672844548347,
            "AUC-PR": 0.3851561021441124,
            "f1": 0.3576923076923077,
            "train_time": 60.66057205200195,
            "test_time": 0.05537581443786621,
            "epochs": 126
        },
        {
            "run": 6,
            "AUC-ROC": 0.8665281807171226,
            "AUC-PR": 0.41786386859413743,
            "f1": 0.40384615384615385,
            "train_time": 5.243342399597168,
            "test_time": 0.055510520935058594,
            "epochs": 21
        },
        {
            "run": 7,
            "AUC-ROC": 0.874390192378109,
            "AUC-PR": 0.4191447323204094,
            "f1": 0.4115384615384615,
            "train_time": 54.921555280685425,
            "test_time": 0.10409855842590332,
            "epochs": 111
        },
        {
            "run": 8,
            "AUC-ROC": 0.8595604596794637,
            "AUC-PR": 0.3996878525705171,
            "f1": 0.3730769230769231,
            "train_time": 20.12603783607483,
            "test_time": 0.1083066463470459,
            "epochs": 33
        },
        {
            "run": 9,
            "AUC-ROC": 0.8556995183505619,
            "AUC-PR": 0.3570128675580711,
            "f1": 0.36153846153846153,
            "train_time": 63.64886283874512,
            "test_time": 0.10417723655700684,
            "epochs": 116
        }
    ]
}