{
    "model_config": {
        "num_features": 9,
        "hidden_dim": 64,
        "depth": 4,
        "depth_enc": null,
        "depth_dec": null,
        "num_heads": 4,
        "mlp_ratio": 4.0,
        "dropout_prob": 0.0,
        "temperature": 0.2,
        "imix_loss_weight": 0.01,
        "mixup_alpha": 0.9,
        "projector_dim": null,
        "use_flash_attn": false
    },
    "train_config": {
        "data_dir": "Data/",
        "epochs": 200,
        "learning_rate": 0.01,
        "sche_gamma": 0.95,
        "batch_size": 128,
        "random_seed": 42,
        "num_workers": 0,
        "preprocess": "standard",
        "patience": 10,
        "min_delta": 0,
        "use_amp": false,
        "model_type": "TAEIMIX",
        "dataset_name": "breastw",
        "base_path": "results/TAEIMIX-260125-iw0.01-ap0.9-ep200-ep20_imix/breastw/1.0",
        "exp_name": "TAEIMIX-260125-iw0.01-ap0.9-ep200-ep20_imix",
        "runs": 10,
        "train_ratio": 1.0
    },
    "start_time_kst": "2026-01-25T16:07:40+09:00",
    "mean_metrics": {
        "rauc": 0.9880696596177767,
        "ap": 0.9844280083682979,
        "f1": 0.9642026964202697,
        "avg_normal": -0.09639601326651043,
        "avg_abnormal": -0.07103236681885189
    },
    "std_metrics": {
        "rauc_std": 0.002948449648310757,
        "ap_std": 0.005092445954832605,
        "f1_std": 0.01217647685142614,
        "avg_normal_std": 0.0029657447771170246,
        "avg_abnormal_std": 0.0034496804222421303
    },
    "total_time": 185.6345522403717,
    "all_seeds": [
        {
            "rauc": 0.986184929699574,
            "ap": 0.9852075801165155,
            "f1": 0.9581589958158996,
            "avg_normal": -0.09579461067914963,
            "avg_abnormal": -0.06733357161283493,
            "run": 0,
            "epochs": 128,
            "train_time": 20.75192928314209,
            "test_time": 0.05948781967163086
        },
        {
            "rauc": 0.9845829092691016,
            "ap": 0.9840269755491265,
            "f1": 0.9414225941422594,
            "avg_normal": -0.09288225322961807,
            "avg_abnormal": -0.0706162080168724,
            "run": 1,
            "epochs": 141,
            "train_time": 21.71937584877014,
            "test_time": 0.06091904640197754
        },
        {
            "rauc": 0.9920841343435487,
            "ap": 0.9893532554897465,
            "f1": 0.9790794979079498,
            "avg_normal": -0.09331247955560684,
            "avg_abnormal": -0.07081574201583862,
            "run": 2,
            "epochs": 135,
            "train_time": 21.382431030273438,
            "test_time": 0.058804988861083984
        },
        {
            "rauc": 0.9872780730521314,
            "ap": 0.9748678852526637,
            "f1": 0.9623430962343096,
            "avg_normal": -0.09350357204675674,
            "avg_abnormal": -0.07156550139188766,
            "run": 3,
            "epochs": 123,
            "train_time": 19.49994134902954,
            "test_time": 0.05690360069274902
        },
        {
            "rauc": 0.9864676391873044,
            "ap": 0.9840292567174587,
            "f1": 0.9665271966527197,
            "avg_normal": -0.09681113064289093,
            "avg_abnormal": -0.06577741354703903,
            "run": 4,
            "epochs": 158,
            "train_time": 23.78112483024597,
            "test_time": 0.06143808364868164
        },
        {
            "rauc": 0.9943081156470278,
            "ap": 0.9929608992751245,
            "f1": 0.9790794979079498,
            "avg_normal": -0.1004105806350708,
            "avg_abnormal": -0.07049558311700821,
            "run": 5,
            "epochs": 128,
            "train_time": 18.752987146377563,
            "test_time": 0.058943986892700195
        },
        {
            "rauc": 0.9864676391873044,
            "ap": 0.9780678859403418,
            "f1": 0.9497907949790795,
            "avg_normal": -0.0945199653506279,
            "avg_abnormal": -0.07298702001571655,
            "run": 6,
            "epochs": 116,
            "train_time": 18.374565362930298,
            "test_time": 0.052377939224243164
        },
        {
            "rauc": 0.9868068905725809,
            "ap": 0.9861555507000881,
            "f1": 0.9748953974895398,
            "avg_normal": -0.0997389703989029,
            "avg_abnormal": -0.07084742933511734,
            "run": 7,
            "epochs": 139,
            "train_time": 20.86138105392456,
            "test_time": 0.05503392219543457
        },
        {
            "rauc": 0.9884466056014173,
            "ap": 0.9851827862736154,
            "f1": 0.9665271966527197,
            "avg_normal": -0.10059055685997009,
            "avg_abnormal": -0.0788528323173523,
            "run": 8,
            "epochs": 114,
            "train_time": 18.157381057739258,
            "test_time": 0.04911947250366211
        }
    ]
}