{
    "model_config": {
        "num_heads": 4,
        "num_latents": 4,
        "num_memories": 57,
        "depth": 4,
        "hidden_dim": 16,
        "mlp_ratio": 4.0,
        "dropout_prob": 0.0,
        "temperature": 0.1,
        "sim_type": "cos",
        "use_oe": true,
        "oe_lambda": 1.0,
        "oe_shuffle_ratio": 0.3,
        "oe_lambda_memory": 1.0,
        "is_weight_sharing": false,
        "use_pos_enc_as_query": false,
        "use_mask_token": false,
        "num_features": 16
    },
    "train_config": {
        "data_dir": "Data/",
        "epochs": 250,
        "learning_rate": 0.01,
        "sche_gamma": 0.95,
        "batch_size": 512,
        "random_seed": 42,
        "num_workers": 0,
        "preprocess": "standard",
        "model_type": "OELATTE",
        "dataset_name": "pendigits",
        "train_ratio": 1.0,
        "base_path": "results/OELATTE-d16-oe_lam1.0-oe_rat0.3-oe_lam_mem1.0/pendigits/1.0",
        "not_use_power_of_two": false,
        "num_memories_not_use_power_of_two": false,
        "num_memories_twice": false,
        "contamination_ratio": null,
        "latent_ratio": null,
        "memory_ratio": null,
        "run": 9
    },
    "mean_metrics": {
        "AUC-ROC": 0.8821754008081086,
        "AUC-PR": 0.3028261395699242,
        "f1": 0.366025641025641
    },
    "total_time": 111.31652235984802,
    "all_seeds": [
        {
            "run": 0,
            "AUC-ROC": 0.9690466915667989,
            "AUC-PR": 0.529477343861241,
            "f1": 0.5897435897435898,
            "train_time": 11.573667287826538,
            "test_time": 0.0712435245513916,
            "epochs": 28
        },
        {
            "run": 1,
            "AUC-ROC": 0.7532461828708477,
            "AUC-PR": 0.17802428352412938,
            "f1": 0.26282051282051283,
            "train_time": 10.960525751113892,
            "test_time": 0.05301094055175781,
            "epochs": 29
        },
        {
            "run": 2,
            "AUC-ROC": 0.8435779045698616,
            "AUC-PR": 0.20756444470761182,
            "f1": 0.21794871794871795,
            "train_time": 10.964653730392456,
            "test_time": 0.054619789123535156,
            "epochs": 29
        },
        {
            "run": 3,
            "AUC-ROC": 0.8434270525423341,
            "AUC-PR": 0.2426968846336924,
            "f1": 0.30128205128205127,
            "train_time": 10.978367328643799,
            "test_time": 0.057605743408203125,
            "epochs": 29
        },
        {
            "run": 4,
            "AUC-ROC": 0.8969031415412112,
            "AUC-PR": 0.28820052309461214,
            "f1": 0.36538461538461536,
            "train_time": 10.918578863143921,
            "test_time": 0.055425167083740234,
            "epochs": 29
        },
        {
            "run": 5,
            "AUC-ROC": 0.9010391604225385,
            "AUC-PR": 0.31230623624894627,
            "f1": 0.41025641025641024,
            "train_time": 10.282407999038696,
            "test_time": 0.07088136672973633,
            "epochs": 27
        },
        {
            "run": 6,
            "AUC-ROC": 0.93982149813249,
            "AUC-PR": 0.3337451986984343,
            "f1": 0.3717948717948718,
            "train_time": 10.594763994216919,
            "test_time": 0.05303502082824707,
            "epochs": 28
        },
        {
            "run": 7,
            "AUC-ROC": 0.8953335166471896,
            "AUC-PR": 0.27683891508748454,
            "f1": 0.33974358974358976,
            "train_time": 10.854217052459717,
            "test_time": 0.055329084396362305,
            "epochs": 29
        },
        {
            "run": 8,
            "AUC-ROC": 0.8712793015742077,
            "AUC-PR": 0.2967654638620668,
            "f1": 0.3717948717948718,
            "train_time": 10.599899291992188,
            "test_time": 0.034085988998413086,
            "epochs": 28
        },
        {
            "run": 9,
            "AUC-ROC": 0.9080795582136065,
            "AUC-PR": 0.3626421019810234,
            "f1": 0.42948717948717946,
            "train_time": 10.851399183273315,
            "test_time": 0.05551314353942871,
            "epochs": 29
        }
    ]
}