{
    "model_config": {
        "num_heads": 4,
        "num_latents": 5,
        "num_memories": 13,
        "depth": 4,
        "hidden_dim": 32,
        "mlp_ratio": 4.0,
        "dropout_prob": 0.0,
        "temperature": 0.1,
        "sim_type": "cos",
        "use_oe": true,
        "oe_lambda": 0.1,
        "oe_shuffle_ratio": 0.5,
        "oe_lambda_memory": 0.01,
        "is_weight_sharing": false,
        "use_pos_enc_as_query": false,
        "use_mask_token": false,
        "num_features": 30
    },
    "train_config": {
        "data_dir": "Data/",
        "epochs": 250,
        "learning_rate": 0.01,
        "sche_gamma": 0.95,
        "batch_size": 512,
        "random_seed": 42,
        "num_workers": 0,
        "preprocess": "standard",
        "model_type": "OELATTE",
        "dataset_name": "wbc",
        "train_ratio": 1.0,
        "base_path": "results/OELATTE-d32-oe_lam0.1-oe_rat0.5-oe_lam_mem0.01/wbc/1.0",
        "not_use_power_of_two": false,
        "num_memories_not_use_power_of_two": false,
        "num_memories_twice": false,
        "contamination_ratio": null,
        "latent_ratio": null,
        "memory_ratio": null,
        "run": 9
    },
    "mean_metrics": {
        "AUC-ROC": 0.954509177972865,
        "AUC-PR": 0.7870542819205567,
        "f1": 0.6666666666666667
    },
    "total_time": 64.89916658401489,
    "all_seeds": [
        {
            "run": 0,
            "AUC-ROC": 0.9577015163607343,
            "AUC-PR": 0.8082052130391508,
            "f1": 0.7142857142857143,
            "train_time": 7.345275402069092,
            "test_time": 0.018639087677001953,
            "epochs": 120
        },
        {
            "run": 1,
            "AUC-ROC": 0.9563713753657888,
            "AUC-PR": 0.7663070840075854,
            "f1": 0.6190476190476191,
            "train_time": 6.738396644592285,
            "test_time": 0.019028663635253906,
            "epochs": 121
        },
        {
            "run": 2,
            "AUC-ROC": 0.9326948656557594,
            "AUC-PR": 0.7701651272464083,
            "f1": 0.7142857142857143,
            "train_time": 6.780386686325073,
            "test_time": 0.017949819564819336,
            "epochs": 123
        },
        {
            "run": 3,
            "AUC-ROC": 0.9566374035647779,
            "AUC-PR": 0.7418475781921161,
            "f1": 0.6666666666666666,
            "train_time": 6.406414747238159,
            "test_time": 0.017711639404296875,
            "epochs": 119
        },
        {
            "run": 4,
            "AUC-ROC": 0.959829741952647,
            "AUC-PR": 0.8023180291937417,
            "f1": 0.6190476190476191,
            "train_time": 6.035932302474976,
            "test_time": 0.022247791290283203,
            "epochs": 117
        },
        {
            "run": 5,
            "AUC-ROC": 0.9539771215748869,
            "AUC-PR": 0.7820393368593483,
            "f1": 0.6666666666666666,
            "train_time": 5.838566064834595,
            "test_time": 0.018110036849975586,
            "epochs": 111
        },
        {
            "run": 6,
            "AUC-ROC": 0.9569034317637668,
            "AUC-PR": 0.8058056644954219,
            "f1": 0.7142857142857143,
            "train_time": 5.6895225048065186,
            "test_time": 0.016103506088256836,
            "epochs": 101
        },
        {
            "run": 7,
            "AUC-ROC": 0.9608938547486034,
            "AUC-PR": 0.8187467335804093,
            "f1": 0.6666666666666666,
            "train_time": 5.788436412811279,
            "test_time": 0.011367082595825195,
            "epochs": 114
        },
        {
            "run": 8,
            "AUC-ROC": 0.9462623038042032,
            "AUC-PR": 0.7584860164181055,
            "f1": 0.6190476190476191,
            "train_time": 5.706597805023193,
            "test_time": 0.022626638412475586,
            "epochs": 116
        },
        {
            "run": 9,
            "AUC-ROC": 0.9638201649374833,
            "AUC-PR": 0.8166220361732792,
            "f1": 0.6666666666666666,
            "train_time": 6.499840497970581,
            "test_time": 0.016654253005981445,
            "epochs": 124
        }
    ]
}