{
    "model_config": {
        "model_type": "GOAD",
        "dataset_name": "cardio",
        "train_ratio": 1.0
    },
    "mean_metrics": {
        "run": 2,
        "AUC-ROC": 0.47928675340360116,
        "AUC-PR": 0.31973337659530815,
        "f1": 0.2897727272727273
    },
    "total_time": 12.29685640335083,
    "all_seeds": []
}