{
    "model_config": {
        "num_features": 30,
        "hidden_dim": 64,
        "depth": 4,
        "depth_enc": null,
        "depth_dec": null,
        "num_heads": 4,
        "mlp_ratio": 4.0,
        "dropout_prob": 0.0,
        "temperature": 0.2,
        "imix_loss_weight": 0.1,
        "mixup_alpha": 0.9,
        "projector_dim": null,
        "use_flash_attn": false
    },
    "train_config": {
        "data_dir": "Data/",
        "epochs": 200,
        "learning_rate": 0.01,
        "sche_gamma": 0.95,
        "batch_size": 512,
        "random_seed": 42,
        "num_workers": 0,
        "preprocess": "standard",
        "patience": 10,
        "min_delta": 0,
        "use_amp": false,
        "model_type": "TAEIMIX",
        "dataset_name": "wbc",
        "base_path": "results/TAEIMIX-260125-iw0.1-ap0.9-ep200-ep90_imix/wbc/1.0",
        "exp_name": "TAEIMIX-260125-iw0.1-ap0.9-ep200-ep90_imix",
        "runs": 10,
        "train_ratio": 1.0
    },
    "start_time_kst": "2026-01-25T15:52:18+09:00",
    "mean_metrics": {
        "rauc": 0.8812051077414205,
        "ap": 0.5484665661779914,
        "f1": 0.5238095238095238,
        "avg_normal": -0.9626544415950775,
        "avg_abnormal": -0.9059153378009797
    },
    "std_metrics": {
        "rauc_std": 0.061681735878684515,
        "ap_std": 0.17816312164578005,
        "f1_std": 0.1963383631246505,
        "avg_normal_std": 0.03347876871636714,
        "avg_abnormal_std": 0.06610489284147944
    },
    "total_time": 126.71473503112793,
    "all_seeds": [
        {
            "rauc": 0.7188081936685289,
            "ap": 0.17548658767246386,
            "f1": 0.047619047619047616,
            "avg_normal": -0.9549224972724915,
            "avg_abnormal": -0.9429106712341309,
            "run": 0,
            "epochs": 165,
            "train_time": 15.510305166244507,
            "test_time": 0.026312828063964844
        },
        {
            "rauc": 0.9595637137536579,
            "ap": 0.7796132775142801,
            "f1": 0.7619047619047619,
            "avg_normal": -1.0179919004440308,
            "avg_abnormal": -1.017608642578125,
            "run": 1,
            "epochs": 123,
            "train_time": 10.864776611328125,
            "test_time": 0.04552888870239258
        },
        {
            "rauc": 0.9071561585528066,
            "ap": 0.7257485679422877,
            "f1": 0.6666666666666666,
            "avg_normal": -0.9500555396080017,
            "avg_abnormal": -0.8899248242378235,
            "run": 2,
            "epochs": 122,
            "train_time": 10.991806983947754,
            "test_time": 0.047133445739746094
        },
        {
            "rauc": 0.9366852886405959,
            "ap": 0.7042783620123544,
            "f1": 0.6666666666666666,
            "avg_normal": -0.9624473452568054,
            "avg_abnormal": -0.8638905882835388,
            "run": 3,
            "epochs": 155,
            "train_time": 13.860637187957764,
            "test_time": 0.046829938888549805
        },
        {
            "rauc": 0.8482309124767226,
            "ap": 0.4818107308084388,
            "f1": 0.5238095238095238,
            "avg_normal": -1.01803719997406,
            "avg_abnormal": -1.0178780555725098,
            "run": 4,
            "epochs": 146,
            "train_time": 13.06593656539917,
            "test_time": 0.044342994689941406
        },
        {
            "rauc": 0.8959829741952647,
            "ap": 0.6317191219646928,
            "f1": 0.6666666666666666,
            "avg_normal": -0.9767612814903259,
            "avg_abnormal": -0.932779848575592,
            "run": 5,
            "epochs": 134,
            "train_time": 12.207277536392212,
            "test_time": 0.04741334915161133
        },
        {
            "rauc": 0.8840117052407555,
            "ap": 0.391570154215438,
            "f1": 0.47619047619047616,
            "avg_normal": -0.9202125668525696,
            "avg_abnormal": -0.8673828840255737,
            "run": 6,
            "epochs": 195,
            "train_time": 17.210493803024292,
            "test_time": 0.04877519607543945
        },
        {
            "rauc": 0.8919925512104283,
            "ap": 0.5914390954259684,
            "f1": 0.5238095238095238,
            "avg_normal": -0.9105864763259888,
            "avg_abnormal": -0.8174189329147339,
            "run": 7,
            "epochs": 118,
            "train_time": 10.504801988601685,
            "test_time": 0.040459394454956055
        },
        {
            "rauc": 0.8975791433891992,
            "ap": 0.6175236709068086,
            "f1": 0.5714285714285714,
            "avg_normal": -0.9648722410202026,
            "avg_abnormal": -0.8525820374488831,
            "run": 8,
            "epochs": 97,
            "train_time": 8.780640363693237,
            "test_time": 0.04585075378417969
        },
        {
            "rauc": 0.8720404362862463,
            "ap": 0.38547609331718097,
            "f1": 0.3333333333333333,
            "avg_normal": -0.9506573677062988,
            "avg_abnormal": -0.8567768931388855,
            "run": 9,
            "epochs": 125,
            "train_time": 11.205511331558228,
            "test_time": 0.04259204864501953
        }
    ]
}