{
    "model_config": {
        "num_heads": 4,
        "num_latents": 3,
        "num_memories": 150,
        "depth": 4,
        "hidden_dim": 64,
        "mlp_ratio": 4.0,
        "dropout_prob": 0.0,
        "temperature": 0.1,
        "sim_type": "cos",
        "use_oe": true,
        "oe_lambda": 1.0,
        "oe_shuffle_ratio": 0.1,
        "oe_lambda_memory": 1.0,
        "is_weight_sharing": false,
        "use_pos_enc_as_query": false,
        "use_mask_token": false,
        "num_features": 9
    },
    "train_config": {
        "data_dir": "Data/",
        "epochs": 250,
        "learning_rate": 0.01,
        "sche_gamma": 0.95,
        "batch_size": 512,
        "random_seed": 42,
        "num_workers": 0,
        "preprocess": "standard",
        "model_type": "OELATTE",
        "dataset_name": "shuttle",
        "train_ratio": 1.0,
        "base_path": "results/OELATTE-d64-oe_lam1.0-oe_rat0.1-oe_lam_mem1.0/shuttle/1.0",
        "not_use_power_of_two": false,
        "num_memories_not_use_power_of_two": false,
        "num_memories_twice": false,
        "contamination_ratio": null,
        "latent_ratio": null,
        "memory_ratio": null,
        "run": 9
    },
    "mean_metrics": {
        "AUC-ROC": 0.9973358538987902,
        "AUC-PR": 0.9681848901741759,
        "f1": 0.9760182284249501
    },
    "total_time": 668.9336030483246,
    "all_seeds": [
        {
            "run": 0,
            "AUC-ROC": 0.997041894629964,
            "AUC-PR": 0.9689798151560656,
            "f1": 0.978353745371689,
            "train_time": 67.37881565093994,
            "test_time": 0.2956714630126953,
            "epochs": 27
        },
        {
            "run": 1,
            "AUC-ROC": 0.9963520707456105,
            "AUC-PR": 0.9588161735337342,
            "f1": 0.9604101395613786,
            "train_time": 72.06632590293884,
            "test_time": 0.2357320785522461,
            "epochs": 29
        },
        {
            "run": 2,
            "AUC-ROC": 0.9980860023844934,
            "AUC-PR": 0.9757323305292083,
            "f1": 0.975505553973227,
            "train_time": 63.41369128227234,
            "test_time": 0.29010677337646484,
            "epochs": 25
        },
        {
            "run": 3,
            "AUC-ROC": 0.9986991014182939,
            "AUC-PR": 0.9746656645437278,
            "f1": 0.9817715750498434,
            "train_time": 49.056856870651245,
            "test_time": 0.24135160446166992,
            "epochs": 29
        },
        {
            "run": 4,
            "AUC-ROC": 0.9975454483213584,
            "AUC-PR": 0.9742123761848749,
            "f1": 0.9803474793506124,
            "train_time": 52.088406562805176,
            "test_time": 0.3212723731994629,
            "epochs": 29
        },
        {
            "run": 5,
            "AUC-ROC": 0.9961322428024624,
            "AUC-PR": 0.9612403053433022,
            "f1": 0.9732270008544575,
            "train_time": 72.11966681480408,
            "test_time": 0.31549763679504395,
            "epochs": 29
        },
        {
            "run": 6,
            "AUC-ROC": 0.9958594947058792,
            "AUC-PR": 0.9688453764357372,
            "f1": 0.9669609797778411,
            "train_time": 72.18850946426392,
            "test_time": 0.322721004486084,
            "epochs": 29
        },
        {
            "run": 7,
            "AUC-ROC": 0.997428517899689,
            "AUC-PR": 0.9692685643834774,
            "f1": 0.9766448305326118,
            "train_time": 72.18232750892639,
            "test_time": 0.23418641090393066,
            "epochs": 29
        },
        {
            "run": 8,
            "AUC-ROC": 0.997826924806885,
            "AUC-PR": 0.9658909384538374,
            "f1": 0.9809171176303048,
            "train_time": 70.81138348579407,
            "test_time": 0.23496341705322266,
            "epochs": 29
        },
        {
            "run": 9,
            "AUC-ROC": 0.9983868412732662,
            "AUC-PR": 0.9641973571777933,
            "f1": 0.9860438621475364,
            "train_time": 72.02694582939148,
            "test_time": 0.23239898681640625,
            "epochs": 29
        }
    ]
}