{
    "model_config": {
        "num_heads": 4,
        "num_latents": 3,
        "num_memories": 10,
        "depth": 4,
        "hidden_dim": 16,
        "mlp_ratio": 4.0,
        "dropout_prob": 0.0,
        "temperature": 0.1,
        "sim_type": "cos",
        "use_oe": true,
        "oe_lambda": 1.0,
        "oe_shuffle_ratio": 0.1,
        "oe_lambda_memory": 1.0,
        "is_weight_sharing": false,
        "use_pos_enc_as_query": false,
        "use_mask_token": false,
        "num_features": 9
    },
    "train_config": {
        "data_dir": "Data/",
        "epochs": 250,
        "learning_rate": 0.01,
        "sche_gamma": 0.95,
        "batch_size": 512,
        "random_seed": 42,
        "num_workers": 0,
        "preprocess": "standard",
        "model_type": "OELATTE",
        "dataset_name": "glass",
        "train_ratio": 1.0,
        "base_path": "results/OELATTE-d16-oe_lam1.0-oe_rat0.1-oe_lam_mem1.0/glass/1.0",
        "not_use_power_of_two": false,
        "num_memories_not_use_power_of_two": false,
        "num_memories_twice": false,
        "contamination_ratio": null,
        "latent_ratio": null,
        "memory_ratio": null,
        "run": 9
    },
    "mean_metrics": {
        "AUC-ROC": 0.6157497303128372,
        "AUC-PR": 0.15624596526975354,
        "f1": 0.11111111111111112
    },
    "total_time": 18.841540336608887,
    "all_seeds": [
        {
            "run": 0,
            "AUC-ROC": 0.5846817691477886,
            "AUC-PR": 0.1562089132829971,
            "f1": 0.1111111111111111,
            "train_time": 2.529029130935669,
            "test_time": 0.019513845443725586,
            "epochs": 29
        },
        {
            "run": 1,
            "AUC-ROC": 0.5717367853290183,
            "AUC-PR": 0.208289201622901,
            "f1": 0.1111111111111111,
            "train_time": 1.37587308883667,
            "test_time": 0.018184185028076172,
            "epochs": 25
        },
        {
            "run": 2,
            "AUC-ROC": 0.5706580366774541,
            "AUC-PR": 0.16908815121939189,
            "f1": 0.1111111111111111,
            "train_time": 1.4756104946136475,
            "test_time": 0.018264293670654297,
            "epochs": 27
        },
        {
            "run": 3,
            "AUC-ROC": 0.697950377562028,
            "AUC-PR": 0.14314782879755103,
            "f1": 0.1111111111111111,
            "train_time": 1.7350423336029053,
            "test_time": 0.01924419403076172,
            "epochs": 29
        },
        {
            "run": 4,
            "AUC-ROC": 0.5825242718446602,
            "AUC-PR": 0.11358990868227978,
            "f1": 0.1111111111111111,
            "train_time": 1.6147944927215576,
            "test_time": 0.019144773483276367,
            "epochs": 28
        },
        {
            "run": 5,
            "AUC-ROC": 0.4789644012944984,
            "AUC-PR": 0.12115905222063374,
            "f1": 0.1111111111111111,
            "train_time": 1.729707956314087,
            "test_time": 0.01774764060974121,
            "epochs": 29
        },
        {
            "run": 6,
            "AUC-ROC": 0.6483279395900755,
            "AUC-PR": 0.12803402343123094,
            "f1": 0.1111111111111111,
            "train_time": 1.21685791015625,
            "test_time": 0.019067049026489258,
            "epochs": 28
        },
        {
            "run": 7,
            "AUC-ROC": 0.6245954692556634,
            "AUC-PR": 0.1296078204533847,
            "f1": 0.1111111111111111,
            "train_time": 1.6479260921478271,
            "test_time": 0.01921677589416504,
            "epochs": 29
        },
        {
            "run": 8,
            "AUC-ROC": 0.7281553398058253,
            "AUC-PR": 0.16378069290217778,
            "f1": 0.1111111111111111,
            "train_time": 1.6407997608184814,
            "test_time": 0.0190584659576416,
            "epochs": 29
        },
        {
            "run": 9,
            "AUC-ROC": 0.6699029126213594,
            "AUC-PR": 0.22955406008498733,
            "f1": 0.1111111111111111,
            "train_time": 1.624345064163208,
            "test_time": 0.01918792724609375,
            "epochs": 29
        }
    ]
}