{
    "model_config": {
        "num_heads": 4,
        "num_latents": 5,
        "num_memories": 13,
        "depth": 4,
        "hidden_dim": 16,
        "mlp_ratio": 4.0,
        "dropout_prob": 0.0,
        "temperature": 0.1,
        "sim_type": "cos",
        "use_oe": true,
        "oe_lambda": 1.0,
        "oe_shuffle_ratio": 0.3,
        "oe_lambda_memory": 0.0,
        "is_weight_sharing": false,
        "use_pos_enc_as_query": false,
        "use_mask_token": false,
        "num_features": 30
    },
    "train_config": {
        "data_dir": "Data/",
        "epochs": 250,
        "learning_rate": 0.01,
        "sche_gamma": 0.95,
        "batch_size": 512,
        "random_seed": 42,
        "num_workers": 0,
        "preprocess": "standard",
        "model_type": "OELATTE",
        "dataset_name": "wbc",
        "train_ratio": 1.0,
        "base_path": "results/OELATTE-d16-oe_lam1.0-oe_rat0.3/wbc/1.0",
        "not_use_power_of_two": false,
        "num_memories_not_use_power_of_two": false,
        "num_memories_twice": false,
        "contamination_ratio": null,
        "latent_ratio": null,
        "memory_ratio": null,
        "run": 9
    },
    "mean_metrics": {
        "AUC-ROC": 0.9466613461026869,
        "AUC-PR": 0.7513360580943622,
        "f1": 0.6476190476190476
    },
    "total_time": 135.72197484970093,
    "all_seeds": [
        {
            "run": 0,
            "AUC-ROC": 0.959829741952647,
            "AUC-PR": 0.8137872877718819,
            "f1": 0.7142857142857143,
            "train_time": 14.712929248809814,
            "test_time": 0.020512819290161133,
            "epochs": 250
        },
        {
            "run": 1,
            "AUC-ROC": 0.939611598829476,
            "AUC-PR": 0.7108056035946886,
            "f1": 0.6190476190476191,
            "train_time": 14.031847476959229,
            "test_time": 0.02064347267150879,
            "epochs": 250
        },
        {
            "run": 2,
            "AUC-ROC": 0.9420058526203777,
            "AUC-PR": 0.7684216944067621,
            "f1": 0.6666666666666666,
            "train_time": 14.14354944229126,
            "test_time": 0.01871657371520996,
            "epochs": 250
        },
        {
            "run": 3,
            "AUC-ROC": 0.9303006118648577,
            "AUC-PR": 0.6631242676934135,
            "f1": 0.5714285714285714,
            "train_time": 14.127930402755737,
            "test_time": 0.01848888397216797,
            "epochs": 250
        },
        {
            "run": 4,
            "AUC-ROC": 0.9603617983506251,
            "AUC-PR": 0.8032493552342874,
            "f1": 0.7142857142857143,
            "train_time": 14.075135231018066,
            "test_time": 0.019299983978271484,
            "epochs": 250
        },
        {
            "run": 5,
            "AUC-ROC": 0.9491886139930832,
            "AUC-PR": 0.7570516612975704,
            "f1": 0.6666666666666666,
            "train_time": 14.054307460784912,
            "test_time": 0.020267724990844727,
            "epochs": 250
        },
        {
            "run": 6,
            "AUC-ROC": 0.9603617983506252,
            "AUC-PR": 0.7992432557851064,
            "f1": 0.6666666666666666,
            "train_time": 10.331157922744751,
            "test_time": 0.008416175842285156,
            "epochs": 250
        },
        {
            "run": 7,
            "AUC-ROC": 0.9361532322426178,
            "AUC-PR": 0.7279238290644658,
            "f1": 0.6190476190476191,
            "train_time": 10.40333366394043,
            "test_time": 0.018893718719482422,
            "epochs": 250
        },
        {
            "run": 8,
            "AUC-ROC": 0.9388135142325087,
            "AUC-PR": 0.7260767258617129,
            "f1": 0.6190476190476191,
            "train_time": 13.991343975067139,
            "test_time": 0.018005847930908203,
            "epochs": 250
        },
        {
            "run": 9,
            "AUC-ROC": 0.9499866985900506,
            "AUC-PR": 0.7436769002337338,
            "f1": 0.6190476190476191,
            "train_time": 14.071893215179443,
            "test_time": 0.018448591232299805,
            "epochs": 250
        }
    ]
}