{
    "model_config": {
        "num_heads": 4,
        "num_latents": 3,
        "num_memories": 14,
        "depth": 4,
        "hidden_dim": 32,
        "mlp_ratio": 4.0,
        "dropout_prob": 0.0,
        "temperature": 0.1,
        "sim_type": "cos",
        "use_oe": true,
        "oe_lambda": 1.0,
        "oe_shuffle_ratio": 0.3,
        "oe_lambda_memory": 0.01,
        "is_weight_sharing": false,
        "use_pos_enc_as_query": false,
        "use_mask_token": false,
        "num_features": 9
    },
    "train_config": {
        "data_dir": "Data/",
        "epochs": 250,
        "learning_rate": 0.01,
        "sche_gamma": 0.95,
        "batch_size": 512,
        "random_seed": 42,
        "num_workers": 0,
        "preprocess": "standard",
        "model_type": "OELATTE",
        "dataset_name": "breastw",
        "train_ratio": 1.0,
        "base_path": "results/OELATTE-d32-oe_lam1.0-oe_rat0.3-oe_lam_mem0.01/breastw/1.0",
        "not_use_power_of_two": false,
        "num_memories_not_use_power_of_two": false,
        "num_memories_twice": false,
        "contamination_ratio": null,
        "latent_ratio": null,
        "memory_ratio": null,
        "run": 9
    },
    "mean_metrics": {
        "AUC-ROC": 0.9861038863130911,
        "AUC-PR": 0.9827272721136235,
        "f1": 0.9518828451882847
    },
    "total_time": 61.99321413040161,
    "all_seeds": [
        {
            "run": 0,
            "AUC-ROC": 0.9851294809453806,
            "AUC-PR": 0.9839299066008987,
            "f1": 0.9497907949790795,
            "train_time": 7.828780174255371,
            "test_time": 0.02808523178100586,
            "epochs": 126
        },
        {
            "run": 1,
            "AUC-ROC": 0.987485393343134,
            "AUC-PR": 0.9842639953354251,
            "f1": 0.9539748953974896,
            "train_time": 6.4210498332977295,
            "test_time": 0.02819657325744629,
            "epochs": 119
        },
        {
            "run": 2,
            "AUC-ROC": 0.9893324286629726,
            "AUC-PR": 0.9870650858606629,
            "f1": 0.9623430962343096,
            "train_time": 6.84322190284729,
            "test_time": 0.019296884536743164,
            "epochs": 128
        },
        {
            "run": 3,
            "AUC-ROC": 0.9789287195144936,
            "AUC-PR": 0.9640654984489428,
            "f1": 0.9456066945606695,
            "train_time": 6.4540932178497314,
            "test_time": 0.01872539520263672,
            "epochs": 117
        },
        {
            "run": 4,
            "AUC-ROC": 0.9781748275472125,
            "AUC-PR": 0.9767911304686316,
            "f1": 0.9330543933054394,
            "train_time": 5.810992240905762,
            "test_time": 0.014916419982910156,
            "epochs": 128
        },
        {
            "run": 5,
            "AUC-ROC": 0.9876738663349541,
            "AUC-PR": 0.9833462044014885,
            "f1": 0.9623430962343096,
            "train_time": 5.321585178375244,
            "test_time": 0.025824546813964844,
            "epochs": 114
        },
        {
            "run": 6,
            "AUC-ROC": 0.9876173244374081,
            "AUC-PR": 0.9870109388753248,
            "f1": 0.9414225941422594,
            "train_time": 6.657606363296509,
            "test_time": 0.025165319442749023,
            "epochs": 121
        },
        {
            "run": 7,
            "AUC-ROC": 0.9921218289419126,
            "AUC-PR": 0.9916306698534592,
            "f1": 0.9623430962343096,
            "train_time": 2.883867025375366,
            "test_time": 0.01924729347229004,
            "epochs": 51
        },
        {
            "run": 8,
            "AUC-ROC": 0.9884654529005994,
            "AUC-PR": 0.9869308742368188,
            "f1": 0.9539748953974896,
            "train_time": 6.1119866371154785,
            "test_time": 0.023827552795410156,
            "epochs": 115
        },
        {
            "run": 9,
            "AUC-ROC": 0.9861095405028459,
            "AUC-PR": 0.9822384170545834,
            "f1": 0.9539748953974896,
            "train_time": 5.832867622375488,
            "test_time": 0.02292776107788086,
            "epochs": 105
        }
    ]
}