{
    "model_config": {
        "hidden_dim": 32,
        "depth": 4,
        "num_heads": 4,
        "mlp_ratio": 4.0,
        "dropout_prob": 0.0,
        "num_prototypes": 64,
        "temperature": 0.1,
        "sinkhorn_iters": 3,
        "sinkhorn_eps": 0.05,
        "contrastive_loss_weight": 0.01,
        "use_flash_attn": false,
        "num_features": 274
    },
    "train_config": {
        "data_dir": "Data/",
        "epochs": 250,
        "learning_rate": 0.01,
        "sche_gamma": 0.95,
        "batch_size": 32,
        "random_seed": 42,
        "num_workers": 0,
        "preprocess": "standard",
        "patience": 20,
        "use_amp": false,
        "model_type": "ProtoAD",
        "dataset_name": "arrhythmia",
        "base_path": "results/ProtoAD-d32-proto64-eps0.05-contra0.01-temp0.1/arrhythmia/1.0",
        "exp_name": "ProtoAD-d32-proto64-eps0.05-contra0.01-temp0.1",
        "runs": 10,
        "train_ratio": 1.0,
        "run": 9
    },
    "mean_metrics": {
        "rauc": 0.805832940807034,
        "ap": 0.6125737713950896,
        "f1": 0.5666666666666667,
        "entropy_rauc": 0.3624195321086513,
        "entropy_ap": 0.20241467754267778,
        "entropy_f1": 0.13333333333333333,
        "avg_normal_entropy": 2.2047926664352415,
        "avg_abnormal_entropy": 1.977537989616394,
        "avg_normal_recon": 1.0425492644309997,
        "avg_abnormal_recon": 5.4941590309143065
    },
    "std_metrics": {
        "rauc_std": 0.01702608964873745,
        "ap_std": 0.027959380653278847,
        "f1_std": 0.034015067152490384,
        "entropy_rauc_std": 0.06857999734579011,
        "entropy_ap_std": 0.025308344635309094,
        "entropy_f1_std": 0.05821022034029863,
        "avg_normal_entropy_std": 0.13116604367677606,
        "avg_abnormal_entropy_std": 0.19903938407098923,
        "avg_normal_recon_std": 0.20570338838144855,
        "avg_abnormal_recon_std": 1.805188407749496
    },
    "total_time": 240.20547080039978,
    "all_seeds": [
        {
            "run": 0,
            "train_time": 23.794922351837158,
            "test_time": 0.06880307197570801,
            "epochs": 85,
            "rauc": 0.8015387030931073,
            "ap": 0.5947323655345369,
            "f1": 0.5454545454545454,
            "entropy_rauc": 0.3175537761029989,
            "entropy_ap": 0.20717382017589153,
            "entropy_f1": 0.15151515151515152,
            "avg_normal_entropy": 2.1935172080993652,
            "avg_abnormal_entropy": 1.9201287031173706,
            "avg_normal_recon": 0.9617762565612793,
            "avg_abnormal_recon": 4.85165548324585
        },
        {
            "run": 1,
            "train_time": 23.58433198928833,
            "test_time": 0.0313568115234375,
            "epochs": 104,
            "rauc": 0.7971424085413723,
            "ap": 0.5898854140535369,
            "f1": 0.5606060606060606,
            "entropy_rauc": 0.31472758674831214,
            "entropy_ap": 0.18114966695759377,
            "entropy_f1": 0.07575757575757576,
            "avg_normal_entropy": 2.0449070930480957,
            "avg_abnormal_entropy": 1.7344468832015991,
            "avg_normal_recon": 1.044129729270935,
            "avg_abnormal_recon": 4.445582866668701
        },
        {
            "run": 2,
            "train_time": 24.770545482635498,
            "test_time": 0.07023787498474121,
            "epochs": 114,
            "rauc": 0.7808133144920709,
            "ap": 0.5987867429867503,
            "f1": 0.5303030303030303,
            "entropy_rauc": 0.45305385460825875,
            "entropy_ap": 0.2202119082879602,
            "entropy_f1": 0.13636363636363635,
            "avg_normal_entropy": 2.1756973266601562,
            "avg_abnormal_entropy": 2.0659186840057373,
            "avg_normal_recon": 1.2827566862106323,
            "avg_abnormal_recon": 7.277473449707031
        },
        {
            "run": 3,
            "train_time": 19.968113660812378,
            "test_time": 0.06599020957946777,
            "epochs": 74,
            "rauc": 0.8330193122939238,
            "ap": 0.6868639931240634,
            "f1": 0.6363636363636364,
            "entropy_rauc": 0.4878316847228764,
            "entropy_ap": 0.26612131706335534,
            "entropy_f1": 0.2878787878787879,
            "avg_normal_entropy": 2.2433125972747803,
            "avg_abnormal_entropy": 2.2171993255615234,
            "avg_normal_recon": 0.6197714805603027,
            "avg_abnormal_recon": 4.180518627166748
        },
        {
            "run": 4,
            "train_time": 24.074658632278442,
            "test_time": 0.0665137767791748,
            "epochs": 92,
            "rauc": 0.8171612498037369,
            "ap": 0.6110404263990641,
            "f1": 0.5606060606060606,
            "entropy_rauc": 0.24187470560527558,
            "entropy_ap": 0.17129545186727144,
            "entropy_f1": 0.09090909090909091,
            "avg_normal_entropy": 2.3356664180755615,
            "avg_abnormal_entropy": 1.8551223278045654,
            "avg_normal_recon": 1.1581445932388306,
            "avg_abnormal_recon": 4.292588233947754
        },
        {
            "run": 5,
            "train_time": 34.87606358528137,
            "test_time": 0.06605863571166992,
            "epochs": 131,
            "rauc": 0.784267545925577,
            "ap": 0.5806708036426227,
            "f1": 0.5454545454545454,
            "entropy_rauc": 0.34510912231119484,
            "entropy_ap": 0.19104984079668538,
            "entropy_f1": 0.13636363636363635,
            "avg_normal_entropy": 2.0020265579223633,
            "avg_abnormal_entropy": 1.7247490882873535,
            "avg_normal_recon": 1.1224937438964844,
            "avg_abnormal_recon": 5.161375999450684
        },
        {
            "run": 6,
            "train_time": 25.366889476776123,
            "test_time": 0.0677177906036377,
            "epochs": 95,
            "rauc": 0.8180248076621134,
            "ap": 0.6267653634290646,
            "f1": 0.5757575757575758,
            "entropy_rauc": 0.38962160464751133,
            "entropy_ap": 0.20705335707441355,
            "entropy_f1": 0.15151515151515152,
            "avg_normal_entropy": 2.2761776447296143,
            "avg_abnormal_entropy": 2.110924005508423,
            "avg_normal_recon": 0.912717342376709,
            "avg_abnormal_recon": 5.157549858093262
        },
        {
            "run": 7,
            "train_time": 17.527536153793335,
            "test_time": 0.031488656997680664,
            "epochs": 98,
            "rauc": 0.8040508714083844,
            "ap": 0.6155033415596782,
            "f1": 0.5606060606060606,
            "entropy_rauc": 0.402574972523159,
            "entropy_ap": 0.20460813695018915,
            "entropy_f1": 0.12121212121212122,
            "avg_normal_entropy": 2.477717161178589,
            "avg_abnormal_entropy": 2.365422487258911,
            "avg_normal_recon": 0.852756142616272,
            "avg_abnormal_recon": 4.344529628753662
        },
        {
            "run": 8,
            "train_time": 25.86896252632141,
            "test_time": 0.06246161460876465,
            "epochs": 104,
            "rauc": 0.8290155440414508,
            "ap": 0.6151177013299456,
            "f1": 0.6212121212121212,
            "entropy_rauc": 0.34628670120898103,
            "entropy_ap": 0.18824419285743582,
            "entropy_f1": 0.07575757575757576,
            "avg_normal_entropy": 2.143381118774414,
            "avg_abnormal_entropy": 1.946970820426941,
            "avg_normal_recon": 1.1068248748779297,
            "avg_abnormal_recon": 4.952253341674805
        },
        {
            "run": 9,
            "train_time": 17.742289543151855,
            "test_time": 0.06684136390686035,
            "epochs": 98,
            "rauc": 0.7932956508086042,
            "ap": 0.6063715618916333,
            "f1": 0.5303030303030303,