{
    "model_config": {
        "num_features": 29,
        "hidden_dim": 128,
        "depth": 4,
        "depth_enc": null,
        "depth_dec": null,
        "num_heads": 4,
        "mlp_ratio": 4.0,
        "dropout_prob": 0.0,
        "temperature": 0.2,
        "imix_loss_weight": 0.01,
        "mixup_alpha": 0.9,
        "projector_dim": null,
        "use_flash_attn": false
    },
    "train_config": {
        "data_dir": "Data/",
        "epochs": 200,
        "learning_rate": 0.001,
        "sche_gamma": 0.95,
        "batch_size": 2048,
        "random_seed": 42,
        "num_workers": 0,
        "preprocess": "standard",
        "patience": 20,
        "min_delta": 0,
        "use_amp": false,
        "model_type": "TAEIMIX",
        "dataset_name": "fraud",
        "base_path": "results/TAEIMIX-260125-iw0.01-ap0.9/fraud/1.0",
        "exp_name": "TAEIMIX-260125-iw0.01-ap0.9",
        "runs": 10,
        "train_ratio": 1.0
    },
    "start_time_kst": "2026-01-25T08:43:36+09:00",
    "mean_metrics": {
        "combined_ap": 0.6633482845060857,
        "imix_avg_abnormal": -0.14918102324008942,
        "imix_f1": 0.49085365853658536,
        "combined_avg_abnormal": 1.872867262363434,
        "ap": 0.6637229434335162,
        "imix_ap": 0.4678633357214733,
        "f1": 0.6949186991869919,
        "combined_avg_normal": -0.1590527266263962,
        "avg_abnormal": 2.0220482468605043,
        "imix_avg_normal": -0.16312221437692642,
        "imix_rauc": 0.9536083698294249,
        "combined_rauc": 0.9572334671532887,
        "avg_normal": 0.004069484258070588,
        "combined_f1": 0.6947154471544715,
        "rauc": 0.9583985404651667
    },
    "std_metrics": {
        "combined_ap_std": 0.024060904796820413,
        "imix_avg_abnormal_std": 0.0023634911344359907,
        "imix_f1_std": 0.06649324310144548,
        "combined_avg_abnormal_std": 0.3359985038927734,
        "ap_std": 0.02261096821851785,
        "imix_ap_std": 0.0785264031862232,
        "f1_std": 0.02265963923910005,
        "combined_avg_normal_std": 0.003654775006556012,
        "avg_abnormal_std": 0.33598647620487887,
        "imix_avg_normal_std": 0.0006184725769545283,
        "imix_rauc_std": 0.0021695323429430564,
        "combined_rauc_std": 0.0015740634865611621,
        "avg_normal_std": 0.0031766143901624548,
        "combined_f1_std": 0.022883687715508246,
        "rauc_std": 0.0008604963274573463
    },
    "total_time": 18879.625237464905,
    "all_seeds": [
        {
            "run": 0,
            "train_time": 1622.3719420433044,
            "test_time": 5.102956056594849,
            "epochs": 130,
            "rauc": 0.9589613060219151,
            "ap": 0.6352246888806232,
            "f1": 0.6565040650406504,
            "avg_normal": 0.006604105234146118,
            "avg_abnormal": 1.5510802268981934,
            "imix_rauc": 0.9528382809943409,
            "imix_ap": 0.37938171775498297,
            "imix_f1": 0.40853658536585363,
            "imix_avg_normal": -0.163539856672287,
            "imix_avg_abnormal": -0.1512022763490677,
            "combined_rauc": 0.9574568609506633,
            "combined_ap": 0.6333778672283257,
            "combined_f1": 0.6565040650406504,
            "combined_avg_normal": -0.15693576633930206,
            "combined_avg_abnormal": 1.3998780250549316
        },
        {
            "run": 1,
            "train_time": 1657.9479184150696,
            "test_time": 5.18061089515686,
            "epochs": 133,
            "rauc": 0.9598117567456432,
            "ap": 0.6706163580188476,
            "f1": 0.7012195121951219,
            "avg_normal": 0.0014415088808164,
            "avg_abnormal": 1.728096604347229,
            "imix_rauc": 0.9499950501657551,
            "imix_ap": 0.4637955534701808,
            "imix_f1": 0.4613821138211382,
            "imix_avg_normal": -0.16384048759937286,
            "imix_avg_abnormal": -0.15137434005737305,
            "combined_rauc": 0.9548292595997331,
            "combined_ap": 0.6690164779657474,
            "combined_f1": 0.6971544715447154,
            "combined_avg_normal": -0.16239899396896362,
            "combined_avg_abnormal": 1.576722264289856
        },
        {
            "run": 2,
            "train_time": 2039.434823513031,
            "test_time": 5.338757038116455,
            "epochs": 165,
            "rauc": 0.9578995722954315,
            "ap": 0.6876375923415521,
            "f1": 0.709349593495935,
            "avg_normal": 0.0012715838383883238,
            "avg_abnormal": 2.3714609146118164,
            "imix_rauc": 0.9547310063908051,
            "imix_ap": 0.6385343973018397,
            "imix_f1": 0.6483739837398373,
            "imix_avg_normal": -0.16311420500278473,
            "imix_avg_abnormal": -0.14565657079219818,
            "combined_rauc": 0.956645671477185,
            "combined_ap": 0.690136912485408,
            "combined_f1": 0.709349593495935,
            "combined_avg_normal": -0.16184261441230774,
            "combined_avg_abnormal": 2.225804328918457
        },
        {
            "run": 3,
            "train_time": 2252.841950893402,
            "test_time": 5.153095722198486,
            "epochs": 182,
            "rauc": 0.958308212424124,
            "ap": 0.6658353105531035,
            "f1": 0.7032520325203252,
            "avg_normal": 0.008877590298652649,
            "avg_abnormal": 2.19675874710083,
            "imix_rauc": 0.9539034604459918,
            "imix_ap": 0.48112692753579217,
            "imix_f1": 0.5142276422764228,
            "imix_avg_normal": -0.16234974563121796,
            "imix_avg_abnormal": -0.1457727700471878,
            "combined_rauc": 0.9570381910451865,
            "combined_ap": 0.6652757763963634,
            "combined_f1": 0.7073170731707317,
            "combined_avg_normal": -0.1534721553325653,
            "combined_avg_abnormal": 2.0509860515594482
        },
        {
            "run": 4,
            "train_time": 2131.976940870285,
            "test_time": 6.312345743179321,
            "epochs": 171,
            "rauc": 0.9584510027031643,
            "ap": 0.6529061029971784,
            "f1": 0.7012195121951219,
            "avg_normal": 0.008297912776470184,
            "avg_abnormal": 1.5955191850662231,
            "imix_rauc": 0.9562355300989382,
            "imix_ap": 0.39432880328813324,
            "imix_f1": 0.4613821138211382,
            "imix_avg_normal": -0.16222074627876282,
            "imix_avg_abnormal": -0.1469038426876068,
            "combined_rauc": 0.9595524980964156,
            "combined_ap": 0.6517611845075544,
            "combined_f1": 0.7032520325203252,
            "combined_avg_normal": -0.15392284095287323,
            "combined_avg_abnormal": 1.448615312576294
        },
        {
            "run": 5,
            "train_time": 1553.0801177024841,
            "test_time": 5.651057243347168,
            "epochs": 122,
            "rauc": 0.9578949470170428,
            "ap": 0.6306671257327906,
            "f1": 0.6686991869918699,
            "avg_normal": 0.007788205984979868,
            "avg_abnormal": 1.816780924797058,
            "imix_rauc": 0.9546897506232903,
            "imix_ap": 0.38182369961893403,
            "imix_f1": 0.42886178861788615,
            "imix_avg_normal": -0.1623384952545166,
            "imix_avg_abnormal": -0.1477864533662796,
            "combined_rauc": 0.9581054936926359,
            "combined_ap": 0.6281190744407927,
            "combined_f1": 0.6747967479674797,
            "combined_avg_normal": -0.15455025434494019,
            "combined_avg_abnormal": 1.668994665145874
        },
        {
            "run": 6,
            "train_time": 1737.0090608596802,
            "test_time": 5.6190338134765625,
            "epochs": 138,
            "rauc": 0.9576085014532668,
            "ap": 0.6701237862147915,
            "f1": 0.693089430894309,
            "avg_normal": 0.0013349740765988827,