{
    "model_config": {
        "hidden_dim": 128,
        "depth": 4,
        "num_heads": 4,
        "mlp_ratio": 4.0,
        "dropout_prob": 0.0,
        "num_prototypes": 32,
        "temperature": 0.1,
        "sinkhorn_iters": 3,
        "sinkhorn_eps": 0.1,
        "contrastive_loss_weight": 0.01,
        "use_flash_attn": false,
        "num_features": 62
    },
    "train_config": {
        "data_dir": "Data/",
        "epochs": 250,
        "learning_rate": 0.01,
        "sche_gamma": 0.95,
        "batch_size": 512,
        "random_seed": 42,
        "num_workers": 0,
        "preprocess": "standard",
        "patience": 20,
        "use_amp": false,
        "model_type": "ProtoAD",
        "dataset_name": "campaign",
        "base_path": "results/ProtoAD-d128-proto32-eps0.1-contra0.01-temp0.1/campaign/1.0",
        "exp_name": "ProtoAD-d128-proto32-eps0.1-contra0.01-temp0.1",
        "runs": 10,
        "train_ratio": 1.0,
        "run": 9
    },
    "mean_metrics": {
        "rauc": 0.7546612656053635,
        "ap": 0.43017951321184844,
        "f1": 0.44377155172413796,
        "entropy_rauc": 0.36808050136240295,
        "entropy_ap": 0.16366926718759528,
        "entropy_f1": 0.13442084183417505,
        "avg_normal_entropy": 3.412086009979248,
        "avg_abnormal_entropy": 3.362993764877319,
        "avg_normal_recon": 0.5889248490333557,
        "avg_abnormal_recon": 1.0658512324094773
    },
    "std_metrics": {
        "rauc_std": 0.04024876044807958,
        "ap_std": 0.0644914957938801,
        "f1_std": 0.06560044979893682,
        "entropy_rauc_std": 0.10269221759477942,
        "entropy_ap_std": 0.04149916420228724,
        "entropy_f1_std": 0.057501943293784066,
        "avg_normal_entropy_std": 0.07545243882723963,
        "avg_abnormal_entropy_std": 0.17380729284279486,
        "avg_normal_recon_std": 0.2641609284215483,
        "avg_abnormal_recon_std": 0.529083255778579
    },
    "total_time": 1229.653486251831,
    "all_seeds": [
        {
            "run": 0,
            "train_time": 192.18041801452637,
            "test_time": 0.5102853775024414,
            "epochs": 141,
            "rauc": 0.8614107675593363,
            "ap": 0.5763625787162018,
            "f1": 0.5948275862068966,
            "entropy_rauc": 0.3657686054333838,
            "entropy_ap": 0.1600233460465624,
            "entropy_f1": 0.14612068965517241,
            "avg_normal_entropy": 3.460085391998291,
            "avg_abnormal_entropy": 3.4565727710723877,
            "avg_normal_recon": 0.06476974487304688,
            "avg_abnormal_recon": 0.24537858366966248
        },
        {
            "run": 1,
            "train_time": 98.01668882369995,
            "test_time": 0.5129549503326416,
            "epochs": 71,
            "rauc": 0.7356347745808064,
            "ap": 0.4099098264380828,
            "f1": 0.41422413793103446,
            "entropy_rauc": 0.3578595271971106,
            "entropy_ap": 0.15293014678467548,
            "entropy_f1": 0.11617631210259727,
            "avg_normal_entropy": 3.444044589996338,
            "avg_abnormal_entropy": 3.4361491203308105,
            "avg_normal_recon": 0.6095445156097412,
            "avg_abnormal_recon": 0.9981178045272827
        },
        {
            "run": 2,
            "train_time": 170.5930688381195,
            "test_time": 0.5560576915740967,
            "epochs": 128,
            "rauc": 0.7165339015673295,
            "ap": 0.360651528281536,
            "f1": 0.38297413793103446,
            "entropy_rauc": 0.2624818731531137,
            "entropy_ap": 0.1337780987183686,
            "entropy_f1": 0.08448275862068966,
            "avg_normal_entropy": 3.4541893005371094,
            "avg_abnormal_entropy": 3.4272687435150146,
            "avg_normal_recon": 0.4677045941352844,
            "avg_abnormal_recon": 0.7802209854125977
        },
        {
            "run": 3,
            "train_time": 37.565964221954346,
            "test_time": 0.4928550720214844,
            "epochs": 28,
            "rauc": 0.7528282834477474,
            "ap": 0.4217411803449417,
            "f1": 0.4508620689655172,
            "entropy_rauc": 0.410970050486276,
            "entropy_ap": 0.16587600087187374,
            "entropy_f1": 0.10474137931034483,
            "avg_normal_entropy": 3.395580291748047,
            "avg_abnormal_entropy": 3.391254186630249,
            "avg_normal_recon": 0.7562874555587769,
            "avg_abnormal_recon": 1.3529704809188843
        },
        {
            "run": 4,
            "train_time": 183.43381261825562,
            "test_time": 0.5131566524505615,
            "epochs": 137,
            "rauc": 0.7289936734120079,
            "ap": 0.3545183898118307,
            "f1": 0.3584051724137931,
            "entropy_rauc": 0.27621661570235456,
            "entropy_ap": 0.13780646038967456,
            "entropy_f1": 0.09892241379310344,
            "avg_normal_entropy": 3.4587366580963135,
            "avg_abnormal_entropy": 3.446117877960205,
            "avg_normal_recon": 0.37267759442329407,
            "avg_abnormal_recon": 0.6208603978157043
        },
        {
            "run": 5,
            "train_time": 190.48416948318481,
            "test_time": 0.5085093975067139,
            "epochs": 141,
            "rauc": 0.7389521054975412,
            "ap": 0.40929310998187474,
            "f1": 0.422198275862069,
            "entropy_rauc": 0.40968461881021834,
            "entropy_ap": 0.1681694078450662,
            "entropy_f1": 0.1495689655172414,
            "avg_normal_entropy": 3.447814464569092,
            "avg_abnormal_entropy": 3.4414987564086914,
            "avg_normal_recon": 0.4763447344303131,
            "avg_abnormal_recon": 0.7668042182922363
        },
        {
            "run": 6,
            "train_time": 99.90624570846558,
            "test_time": 0.509981632232666,
            "epochs": 74,
            "rauc": 0.7339950792156181,
            "ap": 0.39679392767698674,
            "f1": 0.41336206896551725,
            "entropy_rauc": 0.33305419915425344,
            "entropy_ap": 0.1460088692525392,
            "entropy_f1": 0.10775862068965517,
            "avg_normal_entropy": 3.4296281337738037,
            "avg_abnormal_entropy": 3.3863601684570312,
            "avg_normal_recon": 0.5765151977539062,
            "avg_abnormal_recon": 0.9313575625419617
        },
        {
            "run": 7,
            "train_time": 164.41092658042908,
            "test_time": 0.5074608325958252,
            "epochs": 121,
            "rauc": 0.7278698796669849,
            "ap": 0.39779049604833094,
            "f1": 0.4075431034482759,
            "entropy_rauc": 0.2896636284640322,
            "entropy_ap": 0.14034751272573048,
            "entropy_f1": 0.10280172413793104,
            "avg_normal_entropy": 3.4478330612182617,
            "avg_abnormal_entropy": 3.3817906379699707,
            "avg_normal_recon": 0.5899693369865417,
            "avg_abnormal_recon": 1.0192022323608398
        },
        {
            "run": 8,
            "train_time": 53.95126676559448,
            "test_time": 0.48474931716918945,
            "epochs": 39,
            "rauc": 0.7684445148656656,
            "ap": 0.48286627072199984,
            "f1": 0.49418103448275863,
            "entropy_rauc": 0.6396438151245599,
            "entropy_ap": 0.28369503598264734,
            "entropy_f1": 0.2956896551724138,
            "avg_normal_entropy": 3.3848214149475098,
            "avg_abnormal_entropy": 3.415949821472168,
            "avg_normal_recon": 1.0214664936065674,
            "avg_abnormal_recon": 1.9073463678359985
        },
        {
            "run": 9,
            "train_time": 31.205076932907104,
            "test_time": 0.49281859397888184,
            "epochs": 22,
            "rauc": 0.7819496762405981,
            "ap": 0.49186782409669916,
            "f1": 0.4991379310344828,