{
    "model_config": {
        "num_features": 9,
        "hidden_dim": 32,
        "depth": 4,
        "num_heads": 4,
        "mlp_ratio": 4.0,
        "dropout_prob": 0.0,
        "use_flash_attn": false,
        "mask_ratio": 0.1,
        "num_eval_repeat": 100,
        "eval_chunk_size": 50,
        "share_mask": true
    },
    "train_config": {
        "data_dir": "Data/",
        "epochs": 200,
        "learning_rate": 0.01,
        "sche_gamma": 0.95,
        "batch_size": 512,
        "random_seed": 42,
        "num_workers": 0,
        "preprocess": "standard",
        "patience": 10,
        "min_delta": 0,
        "use_amp": false,
        "model_type": "TMLM",
        "dataset_name": "glass",
        "base_path": "results/TMLM-tuned-shared_mask-r100/glass/1.0",
        "exp_name": "TMLM-tuned-shared_mask-r100",
        "runs": 10,
        "train_ratio": 1.0
    },
    "mean_metrics": {
        "avg_normal_score": 0.6674084678292275,
        "rauc": 0.8258899676375403,
        "f1": 0.2,
        "ap": 0.2839017453345031,
        "avg_abnormal_score": 1.360823506116867
    },
    "std_metrics": {
        "avg_normal_score_std": 0.3859166249580864,
        "rauc_std": 0.06512319033843532,
        "f1_std": 0.09686442096757052,
        "ap_std": 0.0638660863662853,
        "avg_abnormal_score_std": 0.36291330841174957
    },
    "total_time": 50.291380167007446,
    "all_seeds": [
        {
            "run": 0,
            "train_time": 4.0809900760650635,
            "test_time": 0.023161888122558594,
            "epochs": 88,
            "rauc": 0.7551240560949298,
            "ap": 0.20959947558863548,
            "f1": 0.1111111111111111,
            "avg_normal_score": 0.42408090829849243,
            "avg_abnormal_score": 0.8887997269630432
        },
        {
            "run": 1,
            "train_time": 5.4033098220825195,
            "test_time": 0.023488283157348633,
            "epochs": 146,
            "rauc": 0.8511326860841423,
            "ap": 0.3604855691812213,
            "f1": 0.3333333333333333,
            "avg_normal_score": 0.21820729970932007,
            "avg_abnormal_score": 1.1132134199142456
        },
        {
            "run": 2,
            "train_time": 3.7947254180908203,
            "test_time": 0.02334737777709961,
            "epochs": 106,
            "rauc": 0.8629989212513484,
            "ap": 0.38672808672808673,
            "f1": 0.3333333333333333,
            "avg_normal_score": 0.23936758935451508,
            "avg_abnormal_score": 0.9770805835723877
        },
        {
            "run": 3,
            "train_time": 4.319549322128296,
            "test_time": 0.023519515991210938,
            "epochs": 117,
            "rauc": 0.8576051779935274,
            "ap": 0.25082490683513703,
            "f1": 0.1111111111111111,
            "avg_normal_score": 1.4530786275863647,
            "avg_abnormal_score": 1.7205920219421387
        },
        {
            "run": 4,
            "train_time": 4.675704002380371,
            "test_time": 0.02310323715209961,
            "epochs": 129,
            "rauc": 0.8079827400215749,
            "ap": 0.26052909612231645,
            "f1": 0.1111111111111111,
            "avg_normal_score": 0.7280195951461792,
            "avg_abnormal_score": 1.7919445037841797
        },
        {
            "run": 5,
            "train_time": 4.449102878570557,
            "test_time": 0.01891636848449707,
            "epochs": 120,
            "rauc": 0.8791801510248112,
            "ap": 0.31300732923450975,
            "f1": 0.3333333333333333,
            "avg_normal_score": 0.5414018034934998,
            "avg_abnormal_score": 1.7696961164474487
        },
        {
            "run": 6,
            "train_time": 2.8957769870758057,
            "test_time": 0.02302694320678711,
            "epochs": 78,
            "rauc": 0.8910463861920173,
            "ap": 0.3033219196262674,
            "f1": 0.2222222222222222,
            "avg_normal_score": 1.067323923110962,
            "avg_abnormal_score": 1.7531486749649048
        },
        {
            "run": 7,
            "train_time": 4.184421062469482,
            "test_time": 0.023517847061157227,
            "epochs": 111,
            "rauc": 0.7313915857605178,
            "ap": 0.16628788027482555,
            "f1": 0.1111111111111111,
            "avg_normal_score": 0.7099577784538269,
            "avg_abnormal_score": 1.1826449632644653
        },
        {
            "run": 8,
            "train_time": 3.0367069244384766,
            "test_time": 0.02392864227294922,
            "epochs": 80,
            "rauc": 0.9050701186623517,
            "ap": 0.32512675701844274,
            "f1": 0.2222222222222222,
            "avg_normal_score": 0.996785044670105,
            "avg_abnormal_score": 1.4965280294418335
        },
        {
            "run": 9,
            "train_time": 3.8299922943115234,
            "test_time": 0.02328801155090332,
            "epochs": 102,
            "rauc": 0.7173678532901833,
            "ap": 0.26310643273558876,
            "f1": 0.1111111111111111,
            "avg_normal_score": 0.2958621084690094,
            "avg_abnormal_score": 0.9145870208740234
        }
    ]
}