{
    "model_config": {
        "hidden_dim": 32,
        "depth": 4,
        "num_heads": 4,
        "mlp_ratio": 4.0,
        "dropout_prob": 0.0,
        "num_prototypes": 32,
        "temperature": 0.1,
        "sinkhorn_iters": 3,
        "sinkhorn_eps": 0.1,
        "contrastive_loss_weight": 0.1,
        "use_flash_attn": false,
        "num_features": 13
    },
    "train_config": {
        "data_dir": "Data/",
        "epochs": 250,
        "learning_rate": 0.01,
        "sche_gamma": 0.95,
        "batch_size": 512,
        "random_seed": 42,
        "num_workers": 0,
        "preprocess": "standard",
        "patience": 5,
        "use_amp": false,
        "model_type": "ProtoAD",
        "dataset_name": "wine",
        "base_path": "results/ProtoAD-d32-proto32-eps0.1-contra0.1-temp0.1/wine/1.0",
        "exp_name": "ProtoAD-d32-proto32-eps0.1-contra0.1-temp0.1",
        "runs": 10,
        "train_ratio": 1.0,
        "run": 9
    },
    "mean_metrics": {
        "rauc": 0.9650000000000001,
        "ap": 0.8060248401409392,
        "f1": 0.72,
        "entropy_rauc": 0.22433333333333336,
        "entropy_ap": 0.12268380800497114,
        "entropy_f1": 0.02,
        "avg_normal_entropy": 2.5338589549064636,
        "avg_abnormal_entropy": 2.2925155639648436,
        "avg_normal_recon": 0.7354024916887283,
        "avg_abnormal_recon": 2.5862685441970825
    },
    "std_metrics": {
        "rauc_std": 0.023863035105460572,
        "ap_std": 0.12774405149961462,
        "f1_std": 0.13266499161421602,
        "entropy_rauc_std": 0.16992024272843093,
        "entropy_ap_std": 0.07802164176988384,
        "entropy_f1_std": 0.06,
        "avg_normal_entropy_std": 0.3289720243535538,
        "avg_abnormal_entropy_std": 0.3604174277326873,
        "avg_normal_recon_std": 0.3359571396701748,
        "avg_abnormal_recon_std": 0.4720304022198727
    },
    "total_time": 16.469719886779785,
    "all_seeds": [
        {
            "run": 0,
            "train_time": 1.551701307296753,
            "test_time": 0.03207969665527344,
            "epochs": 20,
            "rauc": 0.9716666666666667,
            "ap": 0.8536247086247085,
            "f1": 0.7,
            "entropy_rauc": 0.11166666666666666,
            "entropy_ap": 0.08838608305991702,
            "entropy_f1": 0.0,
            "avg_normal_entropy": 2.763267993927002,
            "avg_abnormal_entropy": 2.3905458450317383,
            "avg_normal_recon": 0.5377939939498901,
            "avg_abnormal_recon": 2.388761520385742
        },
        {
            "run": 1,
            "train_time": 1.2178876399993896,
            "test_time": 0.027875661849975586,
            "epochs": 26,
            "rauc": 0.9666666666666667,
            "ap": 0.8086247086247086,
            "f1": 0.7,
            "entropy_rauc": 0.135,
            "entropy_ap": 0.09105827799027057,
            "entropy_f1": 0.0,
            "avg_normal_entropy": 2.519958972930908,
            "avg_abnormal_entropy": 2.3625388145446777,
            "avg_normal_recon": 0.5649512410163879,
            "avg_abnormal_recon": 1.9611175060272217
        },
        {
            "run": 2,
            "train_time": 3.3196053504943848,
            "test_time": 0.02971363067626953,
            "epochs": 74,
            "rauc": 0.985,
            "ap": 0.8923595848595848,
            "f1": 0.9,
            "entropy_rauc": 0.36,
            "entropy_ap": 0.11592589801911837,
            "entropy_f1": 0.0,
            "avg_normal_entropy": 2.5678906440734863,
            "avg_abnormal_entropy": 2.473752498626709,
            "avg_normal_recon": 0.4351491928100586,
            "avg_abnormal_recon": 1.8178303241729736
        },
        {
            "run": 3,
            "train_time": 0.23637771606445312,
            "test_time": 0.02987194061279297,
            "epochs": 5,
            "rauc": 0.9183333333333333,
            "ap": 0.5419342697206474,
            "f1": 0.5,
            "entropy_rauc": 0.6,
            "entropy_ap": 0.35290274928275966,
            "entropy_f1": 0.2,
            "avg_normal_entropy": 2.0441040992736816,
            "avg_abnormal_entropy": 2.180389404296875,
            "avg_normal_recon": 1.1376031637191772,
            "avg_abnormal_recon": 2.650698661804199
        },
        {
            "run": 4,
            "train_time": 2.8285484313964844,
            "test_time": 0.03206610679626465,
            "epochs": 60,
            "rauc": 0.9916666666666666,
            "ap": 0.9430122655122654,
            "f1": 0.9,
            "entropy_rauc": 0.07500000000000001,
            "entropy_ap": 0.08572296666316961,
            "entropy_f1": 0.0,
            "avg_normal_entropy": 2.775783061981201,
            "avg_abnormal_entropy": 2.3288772106170654,
            "avg_normal_recon": 0.461946576833725,
            "avg_abnormal_recon": 2.8562469482421875
        },
        {
            "run": 5,
            "train_time": 0.8561882972717285,
            "test_time": 0.033812522888183594,
            "epochs": 18,
            "rauc": 0.9383333333333334,
            "ap": 0.6750299210593328,
            "f1": 0.6,
            "entropy_rauc": 0.08833333333333335,
            "entropy_ap": 0.08762624414752769,
            "entropy_f1": 0.0,
            "avg_normal_entropy": 2.681572437286377,
            "avg_abnormal_entropy": 2.3054325580596924,
            "avg_normal_recon": 0.9487234950065613,
            "avg_abnormal_recon": 2.9822044372558594
        },
        {
            "run": 6,
            "train_time": 2.0401816368103027,
            "test_time": 0.02957749366760254,
            "epochs": 48,
            "rauc": 0.995,
            "ap": 0.9697979797979798,
            "f1": 0.9,
            "entropy_rauc": 0.19,
            "entropy_ap": 0.09408020385422859,
            "entropy_f1": 0.0,
            "avg_normal_entropy": 2.969245433807373,
            "avg_abnormal_entropy": 2.7644762992858887,
            "avg_normal_recon": 0.447867214679718,
            "avg_abnormal_recon": 2.7137393951416016
        },
        {
            "run": 7,
            "train_time": 0.22627949714660645,
            "test_time": 0.029616832733154297,
            "epochs": 5,
            "rauc": 0.945,
            "ap": 0.6968731217183229,
            "f1": 0.7,
            "entropy_rauc": 0.125,
            "entropy_ap": 0.09108456982852892,
            "entropy_f1": 0.0,
            "avg_normal_entropy": 1.8401535749435425,
            "avg_abnormal_entropy": 1.4789738655090332,
            "avg_normal_recon": 1.4974204301834106,
            "avg_abnormal_recon": 3.4987616539001465
        },
        {
            "run": 8,
            "train_time": 1.2048115730285645,
            "test_time": 0.023810625076293945,
            "epochs": 27,
            "rauc": 0.9566666666666667,
            "ap": 0.7811272061272061,
            "f1": 0.6,
            "entropy_rauc": 0.43833333333333335,
            "entropy_ap": 0.13145624090384142,
            "entropy_f1": 0.0,
            "avg_normal_entropy": 2.7134506702423096,
            "avg_abnormal_entropy": 2.7392914295196533,
            "avg_normal_recon": 0.7450496554374695,
            "avg_abnormal_recon": 2.7301695346832275
        },
        {
            "run": 9,
            "train_time": 0.9065983295440674,
            "test_time": 0.026783227920532227,
            "epochs": 19,
            "rauc": 0.9816666666666666,
            "ap": 0.8978646353646352,
            "f1": 0.7,
            "entropy_rauc": 0.12,
            "entropy_ap": 0.0885948463003497,
            "entropy_f1": 0.0,
            "avg_normal_entropy": 2.463162660598755,
            "avg_abnormal_entropy": 1.9008777141571045,
            "avg_normal_recon": 0.577519953250885,
            "avg_abnormal_recon": 2.263155460357666
        }
    ]
}