{
    "model_config": {
        "hidden_dim": 128,
        "depth": 4,
        "num_heads": 4,
        "mlp_ratio": 4.0,
        "dropout_prob": 0.0,
        "num_prototypes": 32,
        "temperature": 0.1,
        "sinkhorn_iters": 3,
        "sinkhorn_eps": 0.05,
        "contrastive_loss_weight": 0.1,
        "use_flash_attn": false,
        "num_features": 9
    },
    "train_config": {
        "data_dir": "Data/",
        "epochs": 250,
        "learning_rate": 0.01,
        "sche_gamma": 0.95,
        "batch_size": 64,
        "random_seed": 42,
        "num_workers": 0,
        "preprocess": "standard",
        "patience": 20,
        "use_amp": false,
        "model_type": "ProtoAD",
        "dataset_name": "breastw",
        "base_path": "results/ProtoAD-d128-proto32-eps0.05-contra0.1-temp0.1/breastw/1.0",
        "exp_name": "ProtoAD-d128-proto32-eps0.05-contra0.1-temp0.1",
        "runs": 10,
        "train_ratio": 1.0,
        "run": 9
    },
    "mean_metrics": {
        "rauc": 0.9836330053903277,
        "ap": 0.9797561076225854,
        "f1": 0.9464435146443515,
        "entropy_rauc": 0.2818632439971352,
        "entropy_ap": 0.39421139123354376,
        "entropy_f1": 0.3549119229281671,
        "avg_normal_entropy": 1.2822927117347718,
        "avg_abnormal_entropy": 0.9859584867954254,
        "avg_normal_recon": 0.6718140631914139,
        "avg_abnormal_recon": 15.047790908813477
    },
    "std_metrics": {
        "rauc_std": 0.004372412555321677,
        "ap_std": 0.007073869187756416,
        "f1_std": 0.010214690891827367,
        "entropy_rauc_std": 0.14937765175060772,
        "entropy_ap_std": 0.054865101838972447,
        "entropy_f1_std": 0.12559506757564048,
        "avg_normal_entropy_std": 0.10057232623681363,
        "avg_abnormal_entropy_std": 0.1686602662695196,
        "avg_normal_recon_std": 0.21586524349779532,
        "avg_abnormal_recon_std": 3.4327027445113516
    },
    "total_time": 173.28371000289917,
    "all_seeds": [
        {
            "run": 0,
            "train_time": 13.690223693847656,
            "test_time": 0.06469368934631348,
            "epochs": 78,
            "rauc": 0.9848656187568321,
            "ap": 0.9838080697782288,
            "f1": 0.9456066945606695,
            "entropy_rauc": 0.553375551283501,
            "entropy_ap": 0.499464722194898,
            "entropy_f1": 0.5774058577405857,
            "avg_normal_entropy": 1.3148212432861328,
            "avg_abnormal_entropy": 1.3554213047027588,
            "avg_normal_recon": 0.6589756608009338,
            "avg_abnormal_recon": 17.04024314880371
        },
        {
            "run": 1,
            "train_time": 19.336767435073853,
            "test_time": 0.06370830535888672,
            "epochs": 120,
            "rauc": 0.9828866523427193,
            "ap": 0.9793998998221554,
            "f1": 0.9372384937238494,
            "entropy_rauc": 0.17260356590900525,
            "entropy_ap": 0.352368708160771,
            "entropy_f1": 0.30962343096234307,
            "avg_normal_entropy": 1.3088299036026,
            "avg_abnormal_entropy": 0.7306638360023499,
            "avg_normal_recon": 0.6049200296401978,
            "avg_abnormal_recon": 13.098010063171387
        },
        {
            "run": 2,
            "train_time": 21.551421403884888,
            "test_time": 0.06471490859985352,
            "epochs": 136,
            "rauc": 0.9898790003392515,
            "ap": 0.9886771397066402,
            "f1": 0.9581589958158996,
            "entropy_rauc": 0.31784085340570695,
            "entropy_ap": 0.3969453609666299,
            "entropy_f1": 0.39748953974895396,
            "avg_normal_entropy": 1.2158879041671753,
            "avg_abnormal_entropy": 1.0476264953613281,
            "avg_normal_recon": 0.47080788016319275,
            "avg_abnormal_recon": 12.622342109680176
        },
        {
            "run": 3,
            "train_time": 15.386608600616455,
            "test_time": 0.06609272956848145,
            "epochs": 96,
            "rauc": 0.9808322967318783,
            "ap": 0.9670264087653864,
            "f1": 0.9456066945606695,
            "entropy_rauc": 0.24567454483772475,
            "entropy_ap": 0.3755204786448871,
            "entropy_f1": 0.33472803347280333,
            "avg_normal_entropy": 1.3430588245391846,
            "avg_abnormal_entropy": 0.8919549584388733,
            "avg_normal_recon": 1.1956124305725098,
            "avg_abnormal_recon": 22.945405960083008
        },
        {
            "run": 4,
            "train_time": 19.009461164474487,
            "test_time": 0.05645418167114258,
            "epochs": 119,
            "rauc": 0.9828678050435372,
            "ap": 0.9812333111585911,
            "f1": 0.9372384937238494,
            "entropy_rauc": 0.13253420784801537,
            "entropy_ap": 0.34314062608389956,
            "entropy_f1": 0.23949579831932774,
            "avg_normal_entropy": 1.2518103122711182,
            "avg_abnormal_entropy": 0.9331350922584534,
            "avg_normal_recon": 0.7654284238815308,
            "avg_abnormal_recon": 17.974355697631836
        },
        {
            "run": 5,
            "train_time": 16.04128909111023,
            "test_time": 0.06494426727294922,
            "epochs": 100,
            "rauc": 0.9804930453466019,
            "ap": 0.9749246872678994,
            "f1": 0.9372384937238494,
            "entropy_rauc": 0.5084247427343662,
            "entropy_ap": 0.4908977593273363,
            "entropy_f1": 0.5397489539748954,
            "avg_normal_entropy": 1.1659023761749268,
            "avg_abnormal_entropy": 1.1790084838867188,
            "avg_normal_recon": 0.6725741624832153,
            "avg_abnormal_recon": 13.42465591430664
        },
        {
            "run": 6,
            "train_time": 20.263626098632812,
            "test_time": 0.06497788429260254,
            "epochs": 126,
            "rauc": 0.9744996042067172,
            "ap": 0.9694163843505194,
            "f1": 0.9330543933054394,
            "entropy_rauc": 0.04212371367183082,
            "entropy_ap": 0.32792228281286795,
            "entropy_f1": 0.13389121338912133,
            "avg_normal_entropy": 1.5355290174484253,
            "avg_abnormal_entropy": 0.8351091742515564,
            "avg_normal_recon": 0.7474057078361511,
            "avg_abnormal_recon": 13.39095687866211
        },
        {
            "run": 7,
            "train_time": 13.95202088356018,
            "test_time": 0.06487679481506348,
            "epochs": 103,
            "rauc": 0.9839797956952769,
            "ap": 0.9791628996850883,
            "f1": 0.9539748953974896,
            "entropy_rauc": 0.3251536054883335,
            "entropy_ap": 0.39821039133508546,
            "entropy_f1": 0.40585774058577406,
            "avg_normal_entropy": 1.1786280870437622,
            "avg_abnormal_entropy": 0.9324057698249817,
            "avg_normal_recon": 0.6723463535308838,
            "avg_abnormal_recon": 15.533384323120117
        },
        {
            "run": 8,
            "train_time": 16.633732795715332,
            "test_time": 0.06360220909118652,
            "epochs": 103,
            "rauc": 0.9902370990237098,
            "ap": 0.988652240547474,
            "f1": 0.9665271966527197,
            "entropy_rauc": 0.2825964039353161,
            "entropy_ap": 0.38496593894377834,
            "entropy_f1": 0.3138075313807531,
            "avg_normal_entropy": 1.267600417137146,
            "avg_abnormal_entropy": 1.0235368013381958,
            "avg_normal_recon": 0.3124302625656128,
            "avg_abnormal_recon": 9.807343482971191
        },
        {
            "run": 9,
            "train_time": 14.880424499511719,
            "test_time": 0.06331515312194824,
            "epochs": 92,
            "rauc": 0.9857891364167514,
            "ap": 0.9852600351438715,
            "f1": 0.9497907949790795,