{
    "model_config": {
        "num_features": 30,
        "hidden_dim": 64,
        "depth": 4,
        "num_heads": 4,
        "mlp_ratio": 4.0,
        "dropout_prob": 0.0,
        "temperature": 0.2,
        "contrastive_loss_weight": 0.01,
        "use_flash_attn": false
    },
    "train_config": {
        "data_dir": "Data/",
        "epochs": 200,
        "learning_rate": 0.01,
        "sche_gamma": 0.95,
        "batch_size": 512,
        "random_seed": 42,
        "num_workers": 0,
        "preprocess": "standard",
        "patience": 10,
        "min_delta": 0,
        "use_amp": false,
        "model_type": "TAECL",
        "dataset_name": "wbc",
        "base_path": "results/TAECL-temp0.2-contra0.01-contra/wbc/1.0",
        "exp_name": "TAECL-temp0.2-contra0.01-contra",
        "runs": 10,
        "train_ratio": 1.0
    },
    "mean_metrics": {
        "rauc": 0.8739558393189677,
        "ap": 0.48020536209665937,
        "f1": 0.4809523809523809,
        "avg_normal": -0.08742255046963691,
        "avg_abnormal": -0.07766123935580253
    },
    "std_metrics": {
        "rauc_std": 0.06318679919474535,
        "ap_std": 0.16698340452880217,
        "f1_std": 0.1722862144297671,
        "avg_normal_std": 0.004526126141277361,
        "avg_abnormal_std": 0.004166180666814389
    },
    "total_time": 96.55787348747253,
    "all_seeds": [
        {
            "rauc": 0.9132748071295557,
            "ap": 0.6534151844479281,
            "f1": 0.6190476190476191,
            "avg_normal": -0.08770444989204407,
            "avg_abnormal": -0.0688680112361908,
            "run": 0,
            "epochs": 200,
            "train_time": 10.035869121551514,
            "test_time": 0.04493355751037598
        },
        {
            "rauc": 0.8930566640063846,
            "ap": 0.47834433628076883,
            "f1": 0.5238095238095238,
            "avg_normal": -0.08239304274320602,
            "avg_abnormal": -0.07320957630872726,
            "run": 1,
            "epochs": 200,
            "train_time": 9.345210552215576,
            "test_time": 0.04276847839355469
        },
        {
            "rauc": 0.9326948656557594,
            "ap": 0.732678660713094,
            "f1": 0.6190476190476191,
            "avg_normal": -0.08887406438589096,
            "avg_abnormal": -0.07704932987689972,
            "run": 2,
            "epochs": 200,
            "train_time": 9.25093412399292,
            "test_time": 0.045070648193359375
        },
        {
            "rauc": 0.7140196860867252,
            "ap": 0.16239569624181877,
            "f1": 0.0,
            "avg_normal": -0.08396648615598679,
            "avg_abnormal": -0.08324781805276871,
            "run": 3,
            "epochs": 200,
            "train_time": 9.332181930541992,
            "test_time": 0.04514169692993164
        },
        {
            "rauc": 0.9217877094972068,
            "ap": 0.46983673354870326,
            "f1": 0.5238095238095238,
            "avg_normal": -0.08679784834384918,
            "avg_abnormal": -0.0780908465385437,
            "run": 4,
            "epochs": 200,
            "train_time": 9.306509494781494,
            "test_time": 0.044799089431762695
        },
        {
            "rauc": 0.8816174514498536,
            "ap": 0.36239574951209175,
            "f1": 0.42857142857142855,
            "avg_normal": -0.08183392882347107,
            "avg_abnormal": -0.07567698508501053,
            "run": 5,
            "epochs": 200,
            "train_time": 9.453840255737305,
            "test_time": 0.04043006896972656
        },
        {
            "rauc": 0.9220537376961957,
            "ap": 0.5909224964612224,
            "f1": 0.6190476190476191,
            "avg_normal": -0.09506458044052124,
            "avg_abnormal": -0.08234885334968567,
            "run": 6,
            "epochs": 200,
            "train_time": 9.384119272232056,
            "test_time": 0.043204307556152344
        },
        {
            "rauc": 0.8914604948124502,
            "ap": 0.6403812702462343,
            "f1": 0.5238095238095238,
            "avg_normal": -0.09543784707784653,
            "avg_abnormal": -0.07860077172517776,
            "run": 7,
            "epochs": 200,
            "train_time": 9.438246488571167,
            "test_time": 0.041219472885131836
        },
        {
            "rauc": 0.8129821761106677,
            "ap": 0.33084293308582086,
            "f1": 0.47619047619047616,
            "avg_normal": -0.08413498848676682,
            "avg_abnormal": -0.07763178646564484,
            "run": 8,
            "epochs": 200,
            "train_time": 9.38321566581726,
            "test_time": 0.04061412811279297
        },
        {
            "rauc": 0.8566108007448789,
            "ap": 0.3808405604289122,
            "f1": 0.47619047619047616,
            "avg_normal": -0.0880182683467865,
            "avg_abnormal": -0.08188841491937637,
            "run": 9,
            "epochs": 200,
            "train_time": 9.623651266098022,
            "test_time": 0.044866323471069336
        }
    ]
}