{
    "model_config": {
        "num_features": 36,
        "hidden_dim": 128,
        "depth": 4,
        "num_heads": 4,
        "mlp_ratio": 4.0,
        "dropout_prob": 0.0,
        "temperature": 0.2,
        "contrastive_loss_weight": 0.01,
        "use_flash_attn": false
    },
    "train_config": {
        "data_dir": "Data/",
        "epochs": 200,
        "learning_rate": 0.001,
        "sche_gamma": 0.95,
        "batch_size": 512,
        "random_seed": 42,
        "num_workers": 0,
        "preprocess": "standard",
        "patience": 10,
        "min_delta": 0,
        "use_amp": false,
        "model_type": "TAECL",
        "dataset_name": "satellite",
        "base_path": "results/TAECL-temp0.2-contra0.01/satellite/1.0",
        "exp_name": "TAECL-temp0.2-contra0.01",
        "runs": 10,
        "train_ratio": 1.0
    },
    "mean_metrics": {
        "f1": 0.7461198428290766,
        "combined_rauc": 0.8322744574924095,
        "combined_f1": 0.7451375245579569,
        "avg_normal": 0.030103051289916038,
        "contra_rauc": 0.8128862073584567,
        "rauc": 0.8292217806751205,
        "contra_avg_normal": -0.10085019543766975,
        "avg_abnormal": 1.1769665420055389,
        "ap": 0.8707077147388598,
        "contra_f1": 0.731483300589391,
        "combined_ap": 0.8714062327026657,
        "combined_avg_abnormal": 1.0817792475223542,
        "combined_avg_normal": -0.0707471452653408,
        "contra_ap": 0.8226375702305034,
        "contra_avg_abnormal": -0.09518726468086243
    },
    "std_metrics": {
        "f1_std": 0.0031020889341135797,
        "combined_rauc_std": 0.0019158376618871342,
        "combined_f1_std": 0.0036189463693101606,
        "avg_normal_std": 0.002023534771901718,
        "contra_rauc_std": 0.014210108450804912,
        "rauc_std": 0.0015762315272103845,
        "contra_avg_normal_std": 0.0014965259833429083,
        "avg_abnormal_std": 0.0944704887422476,
        "ap_std": 0.0022227615598746833,
        "contra_f1_std": 0.015539657207074356,
        "combined_ap_std": 0.001987779918746771,
        "combined_avg_abnormal_std": 0.0935102690841417,
        "combined_avg_normal_std": 0.0016918624219578726,
        "contra_ap_std": 0.02718958360762494,
        "contra_avg_abnormal_std": 0.0018827079402198616
    },
    "total_time": 242.8635013103485,
    "all_seeds": [
        {
            "run": 0,
            "train_time": 26.0018413066864,
            "test_time": 0.12863659858703613,
            "epochs": 146,
            "rauc": 0.8271740489373103,
            "ap": 0.8688886087970851,
            "f1": 0.7490176817288802,
            "avg_normal": 0.03182550519704819,
            "avg_abnormal": 1.256455421447754,
            "contra_rauc": 0.8206300232184318,
            "contra_ap": 0.8174186928664023,
            "contra_f1": 0.7382121807465619,
            "contra_avg_normal": -0.10062508285045624,
            "contra_avg_abnormal": -0.09546901285648346,
            "combined_rauc": 0.8317304429362387,
            "combined_ap": 0.8705696713245199,
            "combined_f1": 0.7480353634577603,
            "combined_avg_normal": -0.06879957765340805,
            "combined_avg_abnormal": 1.1609864234924316
        },
        {
            "run": 1,
            "train_time": 17.25971007347107,
            "test_time": 0.1308741569519043,
            "epochs": 157,
            "rauc": 0.8291364529380247,
            "ap": 0.8726260435939417,
            "f1": 0.7490176817288802,
            "avg_normal": 0.027706239372491837,
            "avg_abnormal": 1.2633675336837769,
            "contra_rauc": 0.8084088676549384,
            "contra_ap": 0.8322234020725123,
            "contra_f1": 0.7259332023575639,
            "contra_avg_normal": -0.1000237688422203,
            "contra_avg_abnormal": -0.09421743452548981,
            "combined_rauc": 0.8301351803893553,
            "combined_ap": 0.8723871277023298,
            "combined_f1": 0.7441060903732809,
            "combined_avg_normal": -0.07231752574443817,
            "combined_avg_abnormal": 1.1691501140594482
        },
        {
            "run": 2,
            "train_time": 23.382688760757446,
            "test_time": 0.1666703224182129,
            "epochs": 131,
            "rauc": 0.8288107251294874,
            "ap": 0.8688436937033612,
            "f1": 0.7431237721021611,
            "avg_normal": 0.03018377162516117,
            "avg_abnormal": 1.1660438776016235,
            "contra_rauc": 0.8195909983925701,
            "contra_ap": 0.8371415259983754,
            "contra_f1": 0.7406679764243614,
            "contra_avg_normal": -0.0999966412782669,
            "contra_avg_abnormal": -0.09395866096019745,
            "combined_rauc": 0.8327900071441329,
            "combined_ap": 0.8700701843459424,
            "combined_f1": 0.7441060903732809,
            "combined_avg_normal": -0.06981286406517029,
            "combined_avg_abnormal": 1.0720852613449097
        },
        {
            "run": 3,
            "train_time": 21.838204383850098,
            "test_time": 0.19644761085510254,
            "epochs": 113,
            "rauc": 0.829508394356135,
            "ap": 0.8727698916374178,
            "f1": 0.7450884086444007,
            "avg_normal": 0.028229624032974243,
            "avg_abnormal": 1.278993010520935,
            "contra_rauc": 0.7792318940882301,
            "contra_ap": 0.7990203694943121,
            "contra_f1": 0.6925343811394892,
            "contra_avg_normal": -0.1023198664188385,
            "contra_avg_abnormal": -0.0962962657213211,
            "combined_rauc": 0.8307371852116449,
            "combined_ap": 0.8717938655655881,
            "combined_f1": 0.7426326129666012,
            "combined_avg_normal": -0.07409024238586426,
            "combined_avg_abnormal": 1.1826967000961304
        },
        {
            "run": 4,
            "train_time": 29.292778491973877,
            "test_time": 0.16844558715820312,
            "epochs": 155,
            "rauc": 0.8317190569744597,
            "ap": 0.8732147832948031,
            "f1": 0.7480353634577603,
            "avg_normal": 0.031973328441381454,
            "avg_abnormal": 1.1879370212554932,
            "contra_rauc": 0.8195075013395248,
            "contra_ap": 0.8209709171152155,
            "contra_f1": 0.7445972495088409,
            "contra_avg_normal": -0.10093959420919418,
            "contra_avg_abnormal": -0.09617078304290771,
            "combined_rauc": 0.8349372655831399,
            "combined_ap": 0.8744068830972418,
            "combined_f1": 0.75049115913556,
            "combined_avg_normal": -0.06896626204252243,
            "combined_avg_abnormal": 1.091766119003296
        },
        {
            "run": 5,
            "train_time": 21.803460597991943,
            "test_time": 0.1678457260131836,
            "epochs": 115,
            "rauc": 0.8264502589748169,
            "ap": 0.868758054283629,
            "f1": 0.7411591355599214,
            "avg_normal": 0.02888353168964386,
            "avg_abnormal": 1.0313884019851685,
            "contra_rauc": 0.8257813895338453,
            "contra_ap": 0.8443155871748318,
            "contra_f1": 0.7362475442043221,
            "contra_avg_normal": -0.10156399756669998,
            "contra_avg_abnormal": -0.09512760490179062,
            "combined_rauc": 0.8315589837470977,
            "combined_ap": 0.8703516999628044,
            "combined_f1": 0.7391944990176817,
            "combined_avg_normal": -0.07268047332763672,
            "combined_avg_abnormal": 0.9362607002258301
        },
        {
            "run": 6,
            "train_time": 22.363966941833496,
            "test_time": 0.17080974578857422,
            "epochs": 117,
            "rauc": 0.8299704188247902,
            "ap": 0.8716828443743331,
            "f1": 0.7455795677799607,
            "avg_normal": 0.02817074954509735,
            "avg_abnormal": 1.1198327541351318,