{
    "model_config": {
        "num_features": 30,
        "hidden_dim": 64,
        "depth": 4,
        "num_heads": 4,
        "mlp_ratio": 4.0,
        "dropout_prob": 0.0,
        "use_flash_attn": false,
        "mask_ratio": 0.3,
        "num_eval_repeat": 50
    },
    "train_config": {
        "data_dir": "Data/",
        "epochs": 200,
        "learning_rate": 0.001,
        "sche_gamma": 0.95,
        "batch_size": 512,
        "random_seed": 42,
        "num_workers": 0,
        "preprocess": "standard",
        "patience": 10,
        "min_delta": 0,
        "use_amp": false,
        "model_type": "TMLM",
        "dataset_name": "wbc",
        "base_path": "results/TMLM-d64-lr0.001-mask0.3-r50/wbc/1.0",
        "exp_name": "TMLM-d64-lr0.001-mask0.3-r50",
        "runs": 10,
        "train_ratio": 1.0
    },
    "mean_metrics": {
        "ap": 0.7970738239988991,
        "avg_abnormal_score": 5.65787525177002,
        "rauc": 0.9621441872838521,
        "f1": 0.6904761904761905,
        "avg_normal_score": 0.26426457017660143
    },
    "std_metrics": {
        "ap_std": 0.027514662298415375,
        "avg_abnormal_score_std": 0.438369136768266,
        "rauc_std": 0.003954882968850997,
        "f1_std": 0.023809523809523836,
        "avg_normal_score_std": 0.04362651222724598
    },
    "total_time": 322.35834407806396,
    "all_seeds": [
        {
            "run": 0,
            "train_time": 32.58662176132202,
            "test_time": 0.05910134315490723,
            "epochs": 200,
            "rauc": 0.9606278265496142,
            "ap": 0.7972876412141952,
            "f1": 0.7142857142857143,
            "avg_normal_score": 0.2929280996322632,
            "avg_abnormal_score": 5.537837982177734
        },
        {
            "run": 1,
            "train_time": 31.89650249481201,
            "test_time": 0.05965256690979004,
            "epochs": 200,
            "rauc": 0.9579675445597233,
            "ap": 0.7535346708948087,
            "f1": 0.6666666666666666,
            "avg_normal_score": 0.3164439797401428,
            "avg_abnormal_score": 6.3958282470703125
        },
        {
            "run": 2,
            "train_time": 31.954618453979492,
            "test_time": 0.059926509857177734,
            "epochs": 200,
            "rauc": 0.9707368981111998,
            "ap": 0.8413148207870236,
            "f1": 0.7142857142857143,
            "avg_normal_score": 0.21507872641086578,
            "avg_abnormal_score": 5.267238616943359
        },
        {
            "run": 3,
            "train_time": 31.95121455192566,
            "test_time": 0.06000232696533203,
            "epochs": 200,
            "rauc": 0.9635541367384943,
            "ap": 0.7526167358214131,
            "f1": 0.6666666666666666,
            "avg_normal_score": 0.3505200147628784,
            "avg_abnormal_score": 6.046404838562012
        },
        {
            "run": 4,
            "train_time": 31.951337099075317,
            "test_time": 0.06042742729187012,
            "epochs": 200,
            "rauc": 0.9608938547486033,
            "ap": 0.8021517261849453,
            "f1": 0.6666666666666666,
            "avg_normal_score": 0.2290554791688919,
            "avg_abnormal_score": 6.10681676864624
        },
        {
            "run": 5,
            "train_time": 31.984009504318237,
            "test_time": 0.06001615524291992,
            "epochs": 200,
            "rauc": 0.9624900239425379,
            "ap": 0.785018801372185,
            "f1": 0.7142857142857143,
            "avg_normal_score": 0.2884240746498108,
            "avg_abnormal_score": 5.892456531524658
        },
        {
            "run": 6,
            "train_time": 31.950830698013306,
            "test_time": 0.05962967872619629,
            "epochs": 200,
            "rauc": 0.9622239957435488,
            "ap": 0.8084116645543393,
            "f1": 0.7142857142857143,
            "avg_normal_score": 0.22283880412578583,
            "avg_abnormal_score": 5.249001979827881
        },
        {
            "run": 7,
            "train_time": 31.929847478866577,
            "test_time": 0.06035304069519043,
            "epochs": 200,
            "rauc": 0.9584996009577015,
            "ap": 0.8265690377759347,
            "f1": 0.6666666666666666,
            "avg_normal_score": 0.22495679557323456,
            "avg_abnormal_score": 5.0949482917785645
        },
        {
            "run": 8,
            "train_time": 32.01380228996277,
            "test_time": 0.060053110122680664,
            "epochs": 200,
            "rauc": 0.9574354881617452,
            "ap": 0.785720320498215,
            "f1": 0.6666666666666666,
            "avg_normal_score": 0.26128098368644714,
            "avg_abnormal_score": 5.85801887512207
        },
        {
            "run": 9,
            "train_time": 32.00148582458496,
            "test_time": 0.0601656436920166,
            "epochs": 200,
            "rauc": 0.9670125033253525,
            "ap": 0.8181128208859305,
            "f1": 0.7142857142857143,
            "avg_normal_score": 0.24111874401569366,
            "avg_abnormal_score": 5.130200386047363
        }
    ]
}