{
    "model_config": {
        "num_features": 36,
        "hidden_dim": 32,
        "depth": 4,
        "num_heads": 4,
        "mlp_ratio": 4.0,
        "dropout_prob": 0.0,
        "use_flash_attn": false,
        "ema_decay": 0.999,
        "contrastive_loss_weight": 1.0
    },
    "train_config": {
        "data_dir": "Data/",
        "epochs": 200,
        "learning_rate": 0.01,
        "sche_gamma": 0.95,
        "batch_size": 512,
        "random_seed": 42,
        "num_workers": 0,
        "preprocess": "standard",
        "patience": 10,
        "min_delta": 0,
        "use_amp": false,
        "model_type": "TKDAD",
        "dataset_name": "satellite",
        "base_path": "results/TKDAD-d32-lr0.01-contra1.0/satellite/1.0",
        "exp_name": "TKDAD-d32-lr0.01-contra1.0",
        "runs": 10,
        "train_ratio": 1.0
    },
    "mean_metrics": {
        "avg_abnormal_score": 0.05428048186004162,
        "ap": 0.8229903030648874,
        "f1": 0.7132121807465619,
        "rauc": 0.798848499732095,
        "avg_normal_score": 0.025394367519766092
    },
    "std_metrics": {
        "avg_abnormal_score_std": 0.01191595834070432,
        "ap_std": 0.031036024289561384,
        "f1_std": 0.03613773224659322,
        "rauc_std": 0.0377174287969804,
        "avg_normal_score_std": 0.008301547209428165
    },
    "total_time": 38.811805725097656,
    "all_seeds": [
        {
            "run": 0,
            "train_time": 4.018041133880615,
            "test_time": 0.09142851829528809,
            "epochs": 15,
            "rauc": 0.7314946865511699,
            "ap": 0.7767354567072173,
            "f1": 0.6792730844793713,
            "avg_normal_score": 0.02540438249707222,
            "avg_abnormal_score": 0.057520538568496704
        },
        {
            "run": 1,
            "train_time": 3.617738962173462,
            "test_time": 0.0910496711730957,
            "epochs": 16,
            "rauc": 0.787457246829791,
            "ap": 0.800223288659121,
            "f1": 0.6856581532416502,
            "avg_normal_score": 0.01677822135388851,
            "avg_abnormal_score": 0.03879593685269356
        },
        {
            "run": 2,
            "train_time": 3.083496332168579,
            "test_time": 0.09356069564819336,
            "epochs": 14,
            "rauc": 0.7846387747812109,
            "ap": 0.8136215434749732,
            "f1": 0.6915520628683693,
            "avg_normal_score": 0.03235350176692009,
            "avg_abnormal_score": 0.053043704479932785
        },
        {
            "run": 3,
            "train_time": 3.3558244705200195,
            "test_time": 0.09063863754272461,
            "epochs": 15,
            "rauc": 0.7924874977674585,
            "ap": 0.8173584836771937,
            "f1": 0.6733791748526523,
            "avg_normal_score": 0.02115911804139614,
            "avg_abnormal_score": 0.04028188809752464
        },
        {
            "run": 4,
            "train_time": 5.0833740234375,
            "test_time": 0.09168791770935059,
            "epochs": 22,
            "rauc": 0.7957762546883372,
            "ap": 0.8196561454840635,
            "f1": 0.7107072691552063,
            "avg_normal_score": 0.010063265450298786,
            "avg_abnormal_score": 0.039893440902233124
        },
        {
            "run": 5,
            "train_time": 3.525218963623047,
            "test_time": 0.09305834770202637,
            "epochs": 16,
            "rauc": 0.8473830148240757,
            "ap": 0.8608027553248387,
            "f1": 0.7716110019646365,
            "avg_normal_score": 0.019728902727365494,
            "avg_abnormal_score": 0.05006927251815796
        },
        {
            "run": 6,
            "train_time": 3.4385406970977783,
            "test_time": 0.09383583068847656,
            "epochs": 14,
            "rauc": 0.7509996204679408,
            "ap": 0.7772177232088724,
            "f1": 0.6782907662082515,
            "avg_normal_score": 0.03961184248328209,
            "avg_abnormal_score": 0.055889103561639786
        },
        {
            "run": 7,
            "train_time": 3.296065330505371,
            "test_time": 0.09186029434204102,
            "epochs": 14,
            "rauc": 0.8110789873191642,
            "ap": 0.8416466096930355,
            "f1": 0.7293713163064833,
            "avg_normal_score": 0.03282565623521805,
            "avg_abnormal_score": 0.07262913137674332
        },
        {
            "run": 8,
            "train_time": 3.435955047607422,
            "test_time": 0.09358382225036621,
            "epochs": 16,
            "rauc": 0.8276060457224504,
            "ap": 0.8572884921153846,
            "f1": 0.7401768172888016,
            "avg_normal_score": 0.025731854140758514,
            "avg_abnormal_score": 0.061552535742521286
        },
        {
            "run": 9,
            "train_time": 3.149671792984009,
            "test_time": 0.06688117980957031,
            "epochs": 14,
            "rauc": 0.8595628683693517,
            "ap": 0.8653525323041746,
            "f1": 0.7721021611001965,
            "avg_normal_score": 0.03028693050146103,
            "avg_abnormal_score": 0.07312926650047302
        }
    ]
}