{
    "model_config": {
        "num_heads": 4,
        "num_latents": 4,
        "num_memories": 57,
        "depth": 4,
        "hidden_dim": 32,
        "mlp_ratio": 4.0,
        "dropout_prob": 0.0,
        "temperature": 0.1,
        "sim_type": "cos",
        "use_oe": true,
        "oe_lambda": 0.1,
        "oe_shuffle_ratio": 0.1,
        "oe_lambda_memory": 0.0,
        "is_weight_sharing": false,
        "use_pos_enc_as_query": false,
        "use_mask_token": false,
        "num_features": 16
    },
    "train_config": {
        "data_dir": "Data/",
        "epochs": 250,
        "learning_rate": 0.01,
        "sche_gamma": 0.95,
        "batch_size": 512,
        "random_seed": 42,
        "num_workers": 0,
        "preprocess": "standard",
        "model_type": "OELATTE",
        "dataset_name": "pendigits",
        "train_ratio": 1.0,
        "base_path": "results/OELATTE-d32-oe_lam0.1-oe_rat0.1/pendigits/1.0",
        "not_use_power_of_two": false,
        "num_memories_not_use_power_of_two": false,
        "num_memories_twice": false,
        "contamination_ratio": null,
        "latent_ratio": null,
        "memory_ratio": null,
        "run": 9
    },
    "mean_metrics": {
        "AUC-ROC": 0.9950648472766435,
        "AUC-PR": 0.8890122426518982,
        "f1": 0.8544871794871796
    },
    "total_time": 390.0744893550873,
    "all_seeds": [
        {
            "run": 0,
            "AUC-ROC": 0.9966946220297427,
            "AUC-PR": 0.8792883572382173,
            "f1": 0.8782051282051282,
            "train_time": 43.522356033325195,
            "test_time": 0.07247185707092285,
            "epochs": 122
        },
        {
            "run": 1,
            "AUC-ROC": 0.9979033477692996,
            "AUC-PR": 0.9384637360520147,
            "f1": 0.8910256410256411,
            "train_time": 38.088255643844604,
            "test_time": 0.07368659973144531,
            "epochs": 108
        },
        {
            "run": 2,
            "AUC-ROC": 0.9988791121498896,
            "AUC-PR": 0.9594712863196677,
            "f1": 0.9294871794871795,
            "train_time": 32.94315958023071,
            "test_time": 0.06996726989746094,
            "epochs": 93
        },
        {
            "run": 3,
            "AUC-ROC": 0.9993870442932106,
            "AUC-PR": 0.9832079773131273,
            "f1": 0.9487179487179487,
            "train_time": 37.60230565071106,
            "test_time": 0.07079958915710449,
            "epochs": 107
        },
        {
            "run": 4,
            "AUC-ROC": 0.989558748271885,
            "AUC-PR": 0.7843206371024408,
            "f1": 0.7307692307692307,
            "train_time": 39.898964643478394,
            "test_time": 0.07509183883666992,
            "epochs": 114
        },
        {
            "run": 5,
            "AUC-ROC": 0.9843323938498201,
            "AUC-PR": 0.6761458788401972,
            "f1": 0.6153846153846154,
            "train_time": 39.24375653266907,
            "test_time": 0.07275700569152832,
            "epochs": 111
        },
        {
            "run": 6,
            "AUC-ROC": 0.9994175966025832,
            "AUC-PR": 0.9861099131571547,
            "f1": 0.9423076923076923,
            "train_time": 32.21160578727722,
            "test_time": 0.06935572624206543,
            "epochs": 113
        },
        {
            "run": 7,
            "AUC-ROC": 0.9978995287306279,
            "AUC-PR": 0.9379569148426047,
            "f1": 0.9102564102564102,
            "train_time": 38.743398666381836,
            "test_time": 0.07354521751403809,
            "epochs": 110
        },
        {
            "run": 8,
            "AUC-ROC": 0.9888961450623649,
            "AUC-PR": 0.8211642974938624,
            "f1": 0.8012820512820513,
            "train_time": 39.34867858886719,
            "test_time": 0.0770421028137207,
            "epochs": 112
        },
        {
            "run": 9,
            "AUC-ROC": 0.9976799340070117,
            "AUC-PR": 0.9239934281596957,
            "f1": 0.8974358974358975,
            "train_time": 45.99672317504883,
            "test_time": 0.07206058502197266,
            "epochs": 132
        }
    ]
}