{
    "model_config": {
        "num_features": 36,
        "hidden_dim": 64,
        "depth": 4,
        "num_heads": 4,
        "mlp_ratio": 4.0,
        "dropout_prob": 0.0,
        "use_flash_attn": false,
        "mask_ratio": 0.3,
        "num_eval_repeat": 50,
        "eval_chunk_size": 50
    },
    "train_config": {
        "data_dir": "Data/",
        "epochs": 200,
        "learning_rate": 0.01,
        "sche_gamma": 0.95,
        "batch_size": 512,
        "random_seed": 42,
        "num_workers": 0,
        "preprocess": "standard",
        "patience": 10,
        "min_delta": 0,
        "use_amp": false,
        "model_type": "TMLM",
        "dataset_name": "satimage-2",
        "base_path": "results/TMLM-d64-lr0.01-mask0.3-r50/satimage-2/1.0",
        "exp_name": "TMLM-d64-lr0.01-mask0.3-r50",
        "runs": 10,
        "train_ratio": 1.0
    },
    "mean_metrics": {
        "avg_normal_score": 0.12217651456594467,
        "ap": 0.9630444233715444,
        "avg_abnormal_score": 3.1684096693992614,
        "f1": 0.9183098591549296,
        "rauc": 0.9983473064486009
    },
    "std_metrics": {
        "avg_normal_score_std": 0.01192318955254965,
        "ap_std": 0.037850911297282214,
        "avg_abnormal_score_std": 0.7959093087816929,
        "f1_std": 0.05800355009006759,
        "rauc_std": 0.0014114657855588404
    },
    "total_time": 268.408659696579,
    "all_seeds": [
        {
            "run": 0,
            "train_time": 33.39423894882202,
            "test_time": 0.7656838893890381,
            "epochs": 120,
            "rauc": 0.9980195197704018,
            "ap": 0.951796390643879,
            "f1": 0.8873239436619719,
            "avg_normal_score": 0.11078982055187225,
            "avg_abnormal_score": 2.339203357696533
        },
        {
            "run": 1,
            "train_time": 35.586063623428345,
            "test_time": 0.7648270130157471,
            "epochs": 133,
            "rauc": 0.9991203326027344,
            "ap": 0.9826266742570064,
            "f1": 0.9577464788732394,
            "avg_normal_score": 0.12013071030378342,
            "avg_abnormal_score": 3.666273832321167
        },
        {
            "run": 2,
            "train_time": 17.831374168395996,
            "test_time": 0.7665152549743652,
            "epochs": 66,
            "rauc": 0.9986976991046067,
            "ap": 0.978470615722167,
            "f1": 0.9436619718309859,
            "avg_normal_score": 0.13329747319221497,
            "avg_abnormal_score": 3.471916675567627
        },
        {
            "run": 3,
            "train_time": 34.98025393486023,
            "test_time": 0.7667670249938965,
            "epochs": 126,
            "rauc": 0.9991793047187523,
            "ap": 0.9844390194722626,
            "f1": 0.9577464788732394,
            "avg_normal_score": 0.11800948530435562,
            "avg_abnormal_score": 3.765341281890869
        },
        {
            "run": 4,
            "train_time": 14.581695079803467,
            "test_time": 0.7676408290863037,
            "epochs": 53,
            "rauc": 0.9985207827565532,
            "ap": 0.9695826934230009,
            "f1": 0.9014084507042254,
            "avg_normal_score": 0.13301730155944824,
            "avg_abnormal_score": 2.8595850467681885
        },
        {
            "run": 5,
            "train_time": 29.371413469314575,
            "test_time": 0.7679126262664795,
            "epochs": 107,
            "rauc": 0.9988746154526602,
            "ap": 0.9802108446835804,
            "f1": 0.9577464788732394,
            "avg_normal_score": 0.11291531473398209,
            "avg_abnormal_score": 3.589311122894287
        },
        {
            "run": 6,
            "train_time": 14.466136932373047,
            "test_time": 0.7672176361083984,
            "epochs": 52,
            "rauc": 0.9987173564766126,
            "ap": 0.9786867033852499,
            "f1": 0.9436619718309859,
            "avg_normal_score": 0.13389262557029724,
            "avg_abnormal_score": 3.5554463863372803
        },
        {
            "run": 7,
            "train_time": 19.73300838470459,
            "test_time": 0.7644801139831543,
            "epochs": 71,
            "rauc": 0.9942305613162576,
            "ap": 0.8529898000812468,
            "f1": 0.7605633802816901,
            "avg_normal_score": 0.13874061405658722,
            "avg_abnormal_score": 1.5715230703353882
        },
        {
            "run": 8,
            "train_time": 33.66583585739136,
            "test_time": 0.7688796520233154,
            "epochs": 122,
            "rauc": 0.9990122170567017,
            "ap": 0.9687274023453806,
            "f1": 0.9154929577464789,
            "avg_normal_score": 0.0991176888346672,
            "avg_abnormal_score": 2.473921537399292
        },
        {
            "run": 9,
            "train_time": 25.610541105270386,
            "test_time": 0.7648868560791016,
            "epochs": 93,
            "rauc": 0.9991006752307284,
            "ap": 0.9829140897016702,
            "f1": 0.9577464788732394,
            "avg_normal_score": 0.12185411155223846,
            "avg_abnormal_score": 4.391574382781982
        }
    ]
}