{
    "model_config": {
        "num_features": 30,
        "hidden_dim": 64,
        "depth": 4,
        "depth_enc": null,
        "depth_dec": null,
        "num_heads": 4,
        "mlp_ratio": 4.0,
        "dropout_prob": 0.0,
        "temperature": 0.1,
        "byol_loss_weight": 0.1,
        "dacl_alpha": 0.9,
        "projector_dim": null,
        "byol_momentum": 0.99,
        "use_flash_attn": false
    },
    "train_config": {
        "data_dir": "Data/",
        "epochs": 200,
        "learning_rate": 0.01,
        "sche_gamma": 0.95,
        "batch_size": 512,
        "random_seed": 42,
        "num_workers": 0,
        "preprocess": "standard",
        "patience": 10,
        "min_delta": 0,
        "use_amp": false,
        "model_type": "TAEDACL",
        "dataset_name": "wbc",
        "base_path": "results/TAEDACL-260125-bw0.1-ap0.9-ep200-ep20_byol/wbc/1.0",
        "exp_name": "TAEDACL-260125-bw0.1-ap0.9-ep200-ep20_byol",
        "runs": 10,
        "train_ratio": 1.0
    },
    "start_time_kst": "2026-01-25T15:55:05+09:00",
    "mean_metrics": {
        "rauc": 0.9068103218941207,
        "ap": 0.5521209877213605,
        "f1": 0.5666666666666667,
        "avg_normal": -1.3821082353591918,
        "avg_abnormal": -1.3017206907272338
    },
    "std_metrics": {
        "rauc_std": 0.027327208561261893,
        "ap_std": 0.13017208794642793,
        "f1_std": 0.12857142857142856,
        "avg_normal_std": 0.052401891500226526,
        "avg_abnormal_std": 0.08053861811974838
    },
    "total_time": 207.33341455459595,
    "all_seeds": [
        {
            "rauc": 0.9108805533386539,
            "ap": 0.6175490715535282,
            "f1": 0.7142857142857143,
            "avg_normal": -1.3237264156341553,
            "avg_abnormal": -1.2013847827911377,
            "run": 0,
            "epochs": 190,
            "train_time": 19.950753688812256,
            "test_time": 0.03543877601623535
        },
        {
            "rauc": 0.9356211758446396,
            "ap": 0.6117840388300084,
            "f1": 0.6666666666666666,
            "avg_normal": -1.3687525987625122,
            "avg_abnormal": -1.2653135061264038,
            "run": 1,
            "epochs": 200,
            "train_time": 21.331600189208984,
            "test_time": 0.0340120792388916
        },
        {
            "rauc": 0.8704442670923117,
            "ap": 0.5225565909220204,
            "f1": 0.5714285714285714,
            "avg_normal": -1.5164912939071655,
            "avg_abnormal": -1.514366626739502,
            "run": 2,
            "epochs": 200,
            "train_time": 21.098015308380127,
            "test_time": 0.031438350677490234
        },
        {
            "rauc": 0.8606012237297153,
            "ap": 0.30602629636816836,
            "f1": 0.2857142857142857,
            "avg_normal": -1.3867850303649902,
            "avg_abnormal": -1.328303337097168,
            "run": 3,
            "epochs": 200,
            "train_time": 21.236529111862183,
            "test_time": 0.03396153450012207
        },
        {
            "rauc": 0.9185953711093376,
            "ap": 0.7337694253019902,
            "f1": 0.6666666666666666,
            "avg_normal": -1.3581749200820923,
            "avg_abnormal": -1.2699155807495117,
            "run": 4,
            "epochs": 200,
            "train_time": 21.242482662200928,
            "test_time": 0.03124690055847168
        },
        {
            "rauc": 0.9438680500133013,
            "ap": 0.6347960853796125,
            "f1": 0.6666666666666666,
            "avg_normal": -1.4169423580169678,
            "avg_abnormal": -1.32925546169281,
            "run": 5,
            "epochs": 200,
            "train_time": 20.794024229049683,
            "test_time": 0.03477954864501953
        },
        {
            "rauc": 0.9406757116254323,
            "ap": 0.6939212683121274,
            "f1": 0.6666666666666666,
            "avg_normal": -1.3599239587783813,
            "avg_abnormal": -1.2708944082260132,
            "run": 6,
            "epochs": 200,
            "train_time": 17.48624849319458,
            "test_time": 0.034123897552490234
        },
        {
            "rauc": 0.8951848895982973,
            "ap": 0.5744237268819197,
            "f1": 0.47619047619047616,
            "avg_normal": -1.3437740802764893,
            "avg_abnormal": -1.2508571147918701,
            "run": 7,
            "epochs": 200,
            "train_time": 21.068601369857788,
            "test_time": 0.032558441162109375
        },
        {
            "rauc": 0.9044958765629156,
            "ap": 0.4369803461294892,
            "f1": 0.47619047619047616,
            "avg_normal": -1.403976321220398,
            "avg_abnormal": -1.3258875608444214,
            "run": 8,
            "epochs": 200,
            "train_time": 20.019254684448242,
            "test_time": 0.03098607063293457
        },
        {
            "rauc": 0.8877361000266029,
            "ap": 0.3894030275347409,
            "f1": 0.47619047619047616,
            "avg_normal": -1.342535376548767,
            "avg_abnormal": -1.261028528213501,
            "run": 9,
            "epochs": 200,
            "train_time": 20.724546194076538,
            "test_time": 0.030146360397338867
        }
    ]
}