{
    "model_config": {
        "num_features": 64,
        "hidden_dim": 32,
        "depth": 4,
        "num_heads": 4,
        "mlp_ratio": 4.0,
        "dropout_prob": 0.0,
        "use_flash_attn": false,
        "mask_ratio": 0.5,
        "num_eval_repeat": 50,
        "eval_chunk_size": 50
    },
    "train_config": {
        "data_dir": "Data/",
        "epochs": 200,
        "learning_rate": 0.001,
        "sche_gamma": 0.95,
        "batch_size": 512,
        "random_seed": 42,
        "num_workers": 0,
        "preprocess": "standard",
        "patience": 10,
        "min_delta": 0,
        "use_amp": false,
        "model_type": "TMLM",
        "dataset_name": "optdigits",
        "base_path": "results/TMLM-d32-lr0.001-mask0.5-r50/optdigits/1.0",
        "exp_name": "TMLM-d32-lr0.001-mask0.5-r50",
        "runs": 10,
        "train_ratio": 1.0
    },
    "mean_metrics": {
        "f1": 0.12333333333333332,
        "ap": 0.22586309334390936,
        "avg_normal_score": 0.5154945313930511,
        "avg_abnormal_score": 0.5839892029762268,
        "rauc": 0.9064524279510462
    },
    "std_metrics": {
        "f1_std": 0.0412310562561766,
        "ap_std": 0.019610167719786884,
        "avg_normal_score_std": 0.13093300068321262,
        "avg_abnormal_score_std": 0.031464126540739316,
        "rauc_std": 0.0108944352598178
    },
    "total_time": 194.25388431549072,
    "all_seeds": [
        {
            "run": 0,
            "train_time": 18.37878155708313,
            "test_time": 0.7167770862579346,
            "epochs": 77,
            "rauc": 0.893420186866693,
            "ap": 0.20443563260100467,
            "f1": 0.07333333333333333,
            "avg_normal_score": 0.4202885329723358,
            "avg_abnormal_score": 0.5418940782546997
        },
        {
            "run": 1,
            "train_time": 15.649965286254883,
            "test_time": 0.715811014175415,
            "epochs": 66,
            "rauc": 0.9121252796420581,
            "ap": 0.23481427641150948,
            "f1": 0.15333333333333332,
            "avg_normal_score": 0.3709052503108978,
            "avg_abnormal_score": 0.5693475604057312
        },
        {
            "run": 2,
            "train_time": 22.199805974960327,
            "test_time": 0.7160661220550537,
            "epochs": 95,
            "rauc": 0.9020344782208185,
            "ap": 0.21541232314193148,
            "f1": 0.09333333333333334,
            "avg_normal_score": 0.5277913808822632,
            "avg_abnormal_score": 0.5773691534996033
        },
        {
            "run": 3,
            "train_time": 19.18317937850952,
            "test_time": 0.715425968170166,
            "epochs": 81,
            "rauc": 0.9202684563758389,
            "ap": 0.252630240146505,
            "f1": 0.18666666666666668,
            "avg_normal_score": 0.5452759265899658,
            "avg_abnormal_score": 0.6345791816711426
        },
        {
            "run": 4,
            "train_time": 16.361403942108154,
            "test_time": 0.7156095504760742,
            "epochs": 67,
            "rauc": 0.9009711804184761,
            "ap": 0.2133842009721226,
            "f1": 0.10666666666666667,
            "avg_normal_score": 0.41567376255989075,
            "avg_abnormal_score": 0.56674724817276
        },
        {
            "run": 5,
            "train_time": 21.7518150806427,
            "test_time": 0.7152912616729736,
            "epochs": 90,
            "rauc": 0.8975444137386498,
            "ap": 0.21165170291330723,
            "f1": 0.12666666666666668,
            "avg_normal_score": 0.4156191051006317,
            "avg_abnormal_score": 0.556454598903656
        },
        {
            "run": 6,
            "train_time": 22.173022985458374,
            "test_time": 0.7182166576385498,
            "epochs": 93,
            "rauc": 0.9205895512567445,
            "ap": 0.2526334068784413,
            "f1": 0.18666666666666668,
            "avg_normal_score": 0.6340705156326294,
            "avg_abnormal_score": 0.6085449457168579
        },
        {
            "run": 7,
            "train_time": 16.95892310142517,
            "test_time": 0.7073249816894531,
            "epochs": 69,
            "rauc": 0.9210290827740492,
            "ap": 0.2521264856997165,
            "f1": 0.14666666666666667,
            "avg_normal_score": 0.5152621269226074,
            "avg_abnormal_score": 0.6330748200416565
        },
        {
            "run": 8,
            "train_time": 12.771865606307983,
            "test_time": 0.713221549987793,
            "epochs": 57,
            "rauc": 0.8905619160415844,
            "ap": 0.19934758636923794,
            "f1": 0.07333333333333333,
            "avg_normal_score": 0.838722825050354,
            "avg_abnormal_score": 0.5523502826690674
        },
        {
            "run": 9,
            "train_time": 20.295398473739624,
            "test_time": 0.7171237468719482,
            "epochs": 86,
            "rauc": 0.9059797341755493,
            "ap": 0.22219507830531732,
            "f1": 0.08666666666666667,
            "avg_normal_score": 0.47133588790893555,
            "avg_abnormal_score": 0.5995301604270935
        }
    ]
}