{
    "model_config": {
        "num_features": 274,
        "hidden_dim": 64,
        "depth": 4,
        "num_heads": 4,
        "mlp_ratio": 4.0,
        "dropout_prob": 0.0,
        "temperature": 0.1,
        "contrastive_loss_weight": 0.01,
        "use_flash_attn": false
    },
    "train_config": {
        "data_dir": "Data/",
        "epochs": 200,
        "learning_rate": 0.01,
        "sche_gamma": 0.95,
        "batch_size": 512,
        "random_seed": 42,
        "num_workers": 0,
        "preprocess": "standard",
        "patience": 10,
        "min_delta": 0,
        "use_amp": false,
        "model_type": "TAECL",
        "dataset_name": "arrhythmia",
        "base_path": "results/TAECL-temp0.1-contra0.01-contra/arrhythmia/1.0",
        "exp_name": "TAECL-temp0.1-contra0.01-contra",
        "runs": 10,
        "train_ratio": 1.0,
        "run": 9
    },
    "mean_metrics": {
        "rauc": 0.7366030774061862,
        "ap": 0.49651497018201496,
        "f1": 0.4924242424242424,
        "avg_normal": -0.13180338069796563,
        "avg_abnormal": -0.12610128074884414
    },
    "std_metrics": {
        "rauc_std": 0.04730555917457833,
        "ap_std": 0.08190237014844516,
        "f1_std": 0.07643635306442084,
        "avg_normal_std": 0.011897535266645163,
        "avg_abnormal_std": 0.01332317941402112
    },
    "total_time": 105.54617667198181,
    "all_seeds": [
        {
            "rauc": 0.7900769351546554,
            "ap": 0.5459631117154178,
            "f1": 0.5757575757575758,
            "avg_normal": -0.1207730695605278,
            "avg_abnormal": -0.11260110884904861,
            "run": 0,
            "epochs": 200,
            "train_time": 16.57556676864624,
            "test_time": 0.09934592247009277
        },
        {
            "rauc": 0.7003454231433506,
            "ap": 0.45507484897826367,
            "f1": 0.45454545454545453,
            "avg_normal": -0.12140443921089172,
            "avg_abnormal": -0.11442644149065018,
            "run": 1,
            "epochs": 200,
            "train_time": 16.218132734298706,
            "test_time": 0.07863497734069824
        },
        {
            "rauc": 0.6538703093107238,
            "ap": 0.34110566292904076,
            "f1": 0.3484848484848485,
            "avg_normal": -0.12297996878623962,
            "avg_abnormal": -0.12085997313261032,
            "run": 2,
            "epochs": 200,
            "train_time": 16.27596378326416,
            "test_time": 0.0747368335723877
        },
        {
            "rauc": 0.6784424556445282,
            "ap": 0.4604717958478453,
            "f1": 0.4393939393939394,
            "avg_normal": -0.1493019312620163,
            "avg_abnormal": -0.14794841408729553,
            "run": 3,
            "epochs": 10,
            "train_time": 1.2063908576965332,
            "test_time": 0.09368729591369629
        },
        {
            "rauc": 0.7348092322185587,
            "ap": 0.5181661601792704,
            "f1": 0.5303030303030303,
            "avg_normal": -0.12272222340106964,
            "avg_abnormal": -0.11535581946372986,
            "run": 4,
            "epochs": 200,
            "train_time": 16.199663162231445,
            "test_time": 0.0953373908996582
        },
        {
            "rauc": 0.7676636834667924,
            "ap": 0.6199675204529862,
            "f1": 0.5454545454545454,
            "avg_normal": -0.14863933622837067,
            "avg_abnormal": -0.14568333327770233,
            "run": 5,
            "epochs": 10,
            "train_time": 1.196721076965332,
            "test_time": 0.1174311637878418
        },
        {
            "rauc": 0.742738263463652,
            "ap": 0.5097570184775724,
            "f1": 0.5454545454545454,
            "avg_normal": -0.14383402466773987,
            "avg_abnormal": -0.13921833038330078,
            "run": 6,
            "epochs": 10,
            "train_time": 0.819920539855957,
            "test_time": 0.11409425735473633
        },
        {
            "rauc": 0.79902653477783,
            "ap": 0.6211383314252761,
            "f1": 0.5909090909090909,
            "avg_normal": -0.14266248047351837,
            "avg_abnormal": -0.13230650126934052,
            "run": 7,
            "epochs": 10,
            "train_time": 1.140730619430542,
            "test_time": 0.11112427711486816
        },
        {
            "rauc": 0.7865441984612969,
            "ap": 0.4701854532348423,
            "f1": 0.5,
            "avg_normal": -0.12030386924743652,
            "avg_abnormal": -0.11128723621368408,
            "run": 8,
            "epochs": 200,
            "train_time": 16.411632299423218,
            "test_time": 0.47132277488708496
        },
        {
            "rauc": 0.712513738420474,
            "ap": 0.42331979857963487,
            "f1": 0.3939393939393939,
            "avg_normal": -0.1254124641418457,
            "avg_abnormal": -0.12132564932107925,
            "run": 9,
            "epochs": 200,
            "train_time": 16.03348398208618,
            "test_time": 0.07146167755126953
        }
    ]
}