{
    "model_config": {
        "num_features": 9,
        "hidden_dim": 64,
        "depth": 4,
        "num_heads": 4,
        "mlp_ratio": 4.0,
        "dropout_prob": 0.0,
        "temperature": 1.0,
        "contrastive_loss_weight": 0.1,
        "use_flash_attn": false
    },
    "train_config": {
        "data_dir": "Data/",
        "epochs": 200,
        "learning_rate": 0.01,
        "sche_gamma": 0.95,
        "batch_size": 512,
        "random_seed": 42,
        "num_workers": 0,
        "preprocess": "standard",
        "patience": 10,
        "min_delta": 0,
        "use_amp": false,
        "model_type": "TAECL",
        "dataset_name": "breastw",
        "base_path": "results/TAECL-temp1.0-contra0.1-combined/breastw/1.0",
        "exp_name": "TAECL-temp1.0-contra0.1-combined",
        "runs": 10,
        "train_ratio": 1.0,
        "run": 9
    },
    "mean_metrics": {
        "rauc": 0.9856025481548494,
        "ap": 0.9826627144532883,
        "f1": 0.9514644351464435,
        "avg_normal": -0.008653047680854797,
        "avg_abnormal": 14.00014524459839
    },
    "std_metrics": {
        "rauc_std": 0.0044709230060957185,
        "ap_std": 0.006572255532814007,
        "f1_std": 0.009936687938943865,
        "avg_normal_std": 0.22436499609583213,
        "avg_abnormal_std": 3.195882638889557
    },
    "total_time": 105.22691869735718,
    "all_seeds": [
        {
            "rauc": 0.9844886727731916,
            "ap": 0.9821169941750056,
            "f1": 0.9581589958158996,
            "avg_normal": 0.06496429443359375,
            "avg_abnormal": 16.733734130859375,
            "run": 0,
            "epochs": 200,
            "train_time": 10.879595279693604,
            "test_time": 0.03682303428649902
        },
        {
            "rauc": 0.9874476987447699,
            "ap": 0.9833833801088492,
            "f1": 0.9539748953974896,
            "avg_normal": 0.04545032978057861,
            "avg_abnormal": 14.893134117126465,
            "run": 1,
            "epochs": 200,
            "train_time": 10.250306367874146,
            "test_time": 0.046478986740112305
        },
        {
            "rauc": 0.9922349127370048,
            "ap": 0.9922063167795157,
            "f1": 0.9623430962343096,
            "avg_normal": -0.21225181221961975,
            "avg_abnormal": 12.420660972595215,
            "run": 2,
            "epochs": 200,
            "train_time": 10.355258464813232,
            "test_time": 0.05722212791442871
        },
        {
            "rauc": 0.9817369670926156,
            "ap": 0.972063293206217,
            "f1": 0.9456066945606695,
            "avg_normal": 0.18262474238872528,
            "avg_abnormal": 17.895854949951172,
            "run": 3,
            "epochs": 200,
            "train_time": 10.274604082107544,
            "test_time": 0.03662252426147461
        },
        {
            "rauc": 0.9771005314938369,
            "ap": 0.9741958455783594,
            "f1": 0.9288702928870293,
            "avg_normal": 0.503014326095581,
            "avg_abnormal": 19.592466354370117,
            "run": 4,
            "epochs": 200,
            "train_time": 9.864201784133911,
            "test_time": 0.02997875213623047
        },
        {
            "rauc": 0.9824343171623506,
            "ap": 0.9793818965869875,
            "f1": 0.9497907949790795,
            "avg_normal": -0.05922615900635719,
            "avg_abnormal": 12.86223316192627,
            "run": 5,
            "epochs": 200,
            "train_time": 10.262846231460571,
            "test_time": 0.02462482452392578
        },
        {
            "rauc": 0.9876738663349542,
            "ap": 0.9870393562400281,
            "f1": 0.9414225941422594,
            "avg_normal": -0.292722225189209,
            "avg_abnormal": 8.73677921295166,
            "run": 6,
            "epochs": 200,
            "train_time": 9.888020038604736,
            "test_time": 0.04212188720703125
        },
        {
            "rauc": 0.9827170266500811,
            "ap": 0.9771484281209252,
            "f1": 0.9581589958158996,
            "avg_normal": 0.050841573625802994,
            "avg_abnormal": 13.824749946594238,
            "run": 7,
            "epochs": 200,
            "train_time": 10.713232040405273,
            "test_time": 0.09156417846679688
        },
        {
            "rauc": 0.9908025179991707,
            "ap": 0.9902284598661308,
            "f1": 0.9623430962343096,
            "avg_normal": -0.24157977104187012,
            "avg_abnormal": 10.179354667663574,
            "run": 8,
            "epochs": 200,
            "train_time": 10.078717470169067,
            "test_time": 0.04255843162536621
        },
        {
            "rauc": 0.9893889705605187,
            "ap": 0.9888631738708653,
            "f1": 0.9539748953974896,
            "avg_normal": -0.12764577567577362,
            "avg_abnormal": 12.8624849319458,
            "run": 9,
            "epochs": 200,
            "train_time": 10.273992538452148,
            "test_time": 0.041613101959228516
        }
    ]
}