{
    "model_config": {
        "num_heads": 4,
        "num_latents": 7,
        "num_memories": 135,
        "depth": 4,
        "hidden_dim": 16,
        "mlp_ratio": 4.0,
        "dropout_prob": 0.0,
        "temperature": 0.1,
        "sim_type": "cos",
        "use_oe": true,
        "oe_lambda": 1.0,
        "oe_shuffle_ratio": 0.1,
        "oe_lambda_memory": 1.0,
        "is_weight_sharing": false,
        "use_pos_enc_as_query": false,
        "use_mask_token": false,
        "num_features": 62
    },
    "train_config": {
        "data_dir": "Data/",
        "epochs": 250,
        "learning_rate": 0.01,
        "sche_gamma": 0.95,
        "batch_size": 512,
        "random_seed": 42,
        "num_workers": 0,
        "preprocess": "standard",
        "model_type": "OELATTE",
        "dataset_name": "campaign",
        "train_ratio": 1.0,
        "base_path": "results/OELATTE-d16-oe_lam1.0-oe_rat0.1-oe_lam_mem1.0/campaign/1.0",
        "not_use_power_of_two": false,
        "num_memories_not_use_power_of_two": false,
        "num_memories_twice": false,
        "contamination_ratio": null,
        "latent_ratio": null,
        "memory_ratio": null,
        "run": 9
    },
    "mean_metrics": {
        "AUC-ROC": 0.7634886278507622,
        "AUC-PR": 0.45662047847476395,
        "f1": 0.48890086206896555
    },
    "total_time": 544.0483968257904,
    "all_seeds": [
        {
            "run": 0,
            "AUC-ROC": 0.759441628250803,
            "AUC-PR": 0.43521228124520506,
            "f1": 0.4732758620689655,
            "train_time": 48.83295917510986,
            "test_time": 0.21899008750915527,
            "epochs": 29
        },
        {
            "run": 1,
            "AUC-ROC": 0.7727746317549334,
            "AUC-PR": 0.49272411233207786,
            "f1": 0.49202586206896554,
            "train_time": 43.97118353843689,
            "test_time": 0.2622709274291992,
            "epochs": 23
        },
        {
            "run": 2,
            "AUC-ROC": 0.7653441989844249,
            "AUC-PR": 0.4500229948181636,
            "f1": 0.4825431034482759,
            "train_time": 57.414347410202026,
            "test_time": 0.21121501922607422,
            "epochs": 29
        },
        {
            "run": 3,
            "AUC-ROC": 0.7618168761534194,
            "AUC-PR": 0.4454591258045964,
            "f1": 0.4831896551724138,
            "train_time": 52.64840006828308,
            "test_time": 0.24442028999328613,
            "epochs": 27
        },
        {
            "run": 4,
            "AUC-ROC": 0.7641126525155393,
            "AUC-PR": 0.4587340983220695,
            "f1": 0.49310344827586206,
            "train_time": 51.452960729599,
            "test_time": 0.2730889320373535,
            "epochs": 26
        },
        {
            "run": 5,
            "AUC-ROC": 0.7525996516626223,
            "AUC-PR": 0.4319591092321371,
            "f1": 0.47780172413793104,
            "train_time": 55.61223649978638,
            "test_time": 0.2690608501434326,
            "epochs": 28
        },
        {
            "run": 6,
            "AUC-ROC": 0.7729509174047922,
            "AUC-PR": 0.47292200755723457,
            "f1": 0.5094827586206897,
            "train_time": 57.37372875213623,
            "test_time": 0.2875330448150635,
            "epochs": 29
        },
        {
            "run": 7,
            "AUC-ROC": 0.7528099855928717,
            "AUC-PR": 0.4308581794638603,
            "f1": 0.4836206896551724,
            "train_time": 57.2341685295105,
            "test_time": 0.21374773979187012,
            "epochs": 29
        },
        {
            "run": 8,
            "AUC-ROC": 0.7669443620199039,
            "AUC-PR": 0.48397361097668135,
            "f1": 0.4898706896551724,
            "train_time": 57.42612051963806,
            "test_time": 0.21732044219970703,
            "epochs": 29
        },
        {
            "run": 9,
            "AUC-ROC": 0.7660913741683115,
            "AUC-PR": 0.4643392649956135,
            "f1": 0.5040948275862069,
            "train_time": 56.853097677230835,
            "test_time": 0.21566009521484375,
            "epochs": 29
        }
    ]
}