{
    "model_config": {
        "num_features": 8,
        "hidden_dim": 64,
        "depth": 4,
        "num_heads": 4,
        "mlp_ratio": 4.0,
        "dropout_prob": 0.0,
        "temperature": 0.2,
        "contrastive_loss_weight": 0.1,
        "use_flash_attn": false
    },
    "train_config": {
        "data_dir": "Data/",
        "epochs": 200,
        "learning_rate": 0.01,
        "sche_gamma": 0.95,
        "batch_size": 512,
        "random_seed": 42,
        "num_workers": 0,
        "preprocess": "standard",
        "patience": 10,
        "min_delta": 0,
        "use_amp": false,
        "model_type": "TAECL",
        "dataset_name": "pima",
        "base_path": "results/TAECL-temp0.2-contra0.1-contra/pima/1.0",
        "exp_name": "TAECL-temp0.2-contra0.1-contra",
        "runs": 10,
        "train_ratio": 1.0
    },
    "mean_metrics": {
        "rauc": 0.6546641791044776,
        "ap": 0.6395805925876539,
        "f1": 0.6272388059701492,
        "avg_normal": -0.8307686269283294,
        "avg_abnormal": -0.8147799611091614
    },
    "std_metrics": {
        "rauc_std": 0.05581489322426406,
        "ap_std": 0.05186175959456268,
        "f1_std": 0.04013406193192097,
        "avg_normal_std": 0.03404296326091321,
        "avg_abnormal_std": 0.036785810617347044
    },
    "total_time": 100.56881976127625,
    "all_seeds": [
        {
            "rauc": 0.6403432835820895,
            "ap": 0.6703761447614596,
            "f1": 0.6194029850746269,
            "avg_normal": -0.8498558402061462,
            "avg_abnormal": -0.8251383900642395,
            "run": 0,
            "epochs": 200,
            "train_time": 10.14265751838684,
            "test_time": 0.03524303436279297
        },
        {
            "rauc": 0.708402985074627,
            "ap": 0.6804914264007603,
            "f1": 0.664179104477612,
            "avg_normal": -0.8139965534210205,
            "avg_abnormal": -0.7894116640090942,
            "run": 1,
            "epochs": 200,
            "train_time": 9.81137990951538,
            "test_time": 0.05219244956970215
        },
        {
            "rauc": 0.6837164179104478,
            "ap": 0.6378401129931344,
            "f1": 0.6455223880597015,
            "avg_normal": -0.7869805693626404,
            "avg_abnormal": -0.771959125995636,
            "run": 2,
            "epochs": 200,
            "train_time": 9.705584049224854,
            "test_time": 0.05495309829711914
        },
        {
            "rauc": 0.5205671641791045,
            "ap": 0.5075933535506196,
            "f1": 0.5335820895522388,
            "avg_normal": -0.8418123722076416,
            "avg_abnormal": -0.8428875207901001,
            "run": 3,
            "epochs": 200,
            "train_time": 9.7333083152771,
            "test_time": 0.05013561248779297
        },
        {
            "rauc": 0.6587462686567165,
            "ap": 0.6448703964891408,
            "f1": 0.6231343283582089,
            "avg_normal": -0.8798230886459351,
            "avg_abnormal": -0.8653564453125,
            "run": 4,
            "epochs": 200,
            "train_time": 9.913281917572021,
            "test_time": 0.051200151443481445
        },
        {
            "rauc": 0.7089850746268656,
            "ap": 0.6929176699283653,
            "f1": 0.6791044776119403,
            "avg_normal": -0.8259216547012329,
            "avg_abnormal": -0.8077936768531799,
            "run": 5,
            "epochs": 200,
            "train_time": 9.694553136825562,
            "test_time": 0.050038814544677734
        },
        {
            "rauc": 0.6513880597014926,
            "ap": 0.6248256627706446,
            "f1": 0.6343283582089553,
            "avg_normal": -0.892474889755249,
            "avg_abnormal": -0.8790688514709473,
            "run": 6,
            "epochs": 200,
            "train_time": 9.918248414993286,
            "test_time": 0.055329322814941406
        },
        {
            "rauc": 0.6682537313432836,
            "ap": 0.6507764022841558,
            "f1": 0.6268656716417911,
            "avg_normal": -0.7969905734062195,
            "avg_abnormal": -0.7792387008666992,
            "run": 7,
            "epochs": 200,
            "train_time": 9.794707298278809,
            "test_time": 0.052933454513549805
        },
        {
            "rauc": 0.7081940298507463,
            "ap": 0.6855464484492035,
            "f1": 0.6604477611940298,
            "avg_normal": -0.7918034791946411,
            "avg_abnormal": -0.7685084939002991,
            "run": 8,
            "epochs": 200,
            "train_time": 9.91938591003418,
            "test_time": 0.04987955093383789
        },
        {
            "rauc": 0.598044776119403,
            "ap": 0.6005683082490556,
            "f1": 0.585820895522388,
            "avg_normal": -0.8280272483825684,
            "avg_abnormal": -0.8184367418289185,
            "run": 9,
            "epochs": 200,
            "train_time": 9.72270154953003,
            "test_time": 0.05006289482116699
        }
    ]
}