{
    "model_config": {
        "num_features": 30,
        "hidden_dim": 32,
        "depth": 4,
        "num_heads": 4,
        "mlp_ratio": 4.0,
        "dropout_prob": 0.0,
        "use_flash_attn": false,
        "ema_decay": 0.999,
        "contrastive_loss_weight": 0.1
    },
    "train_config": {
        "data_dir": "Data/",
        "epochs": 200,
        "learning_rate": 0.001,
        "sche_gamma": 0.95,
        "batch_size": 512,
        "random_seed": 42,
        "num_workers": 0,
        "preprocess": "standard",
        "patience": 10,
        "min_delta": 0,
        "use_amp": false,
        "model_type": "TKDAD",
        "dataset_name": "wbc",
        "base_path": "results/TKDAD-d32-lr0.001-contra0.1/wbc/1.0",
        "exp_name": "TKDAD-d32-lr0.001-contra0.1",
        "runs": 10,
        "train_ratio": 1.0
    },
    "mean_metrics": {
        "avg_abnormal_score": 0.15920693352818488,
        "avg_normal_score": 0.06595152541995049,
        "rauc": 0.8974727321096037,
        "ap": 0.5659444837856833,
        "f1": 0.5523809523809524
    },
    "std_metrics": {
        "avg_abnormal_score_std": 0.04952444727063301,
        "avg_normal_score_std": 0.016213737049973517,
        "rauc_std": 0.04503916333824522,
        "ap_std": 0.1366751483804481,
        "f1_std": 0.1227057021592869
    },
    "total_time": 95.3198869228363,
    "all_seeds": [
        {
            "run": 0,
            "train_time": 11.416633605957031,
            "test_time": 0.022034883499145508,
            "epochs": 200,
            "rauc": 0.9071561585528066,
            "ap": 0.5758171193140558,
            "f1": 0.5238095238095238,
            "avg_normal_score": 0.08237412571907043,
            "avg_abnormal_score": 0.21353571116924286
        },
        {
            "run": 1,
            "train_time": 7.527167558670044,
            "test_time": 0.019351720809936523,
            "epochs": 140,
            "rauc": 0.8057994147379622,
            "ap": 0.37242996173806053,
            "f1": 0.38095238095238093,
            "avg_normal_score": 0.0545673593878746,
            "avg_abnormal_score": 0.10146919637918472
        },
        {
            "run": 2,
            "train_time": 10.776194334030151,
            "test_time": 0.021707773208618164,
            "epochs": 200,
            "rauc": 0.945464219207236,
            "ap": 0.6919249113461892,
            "f1": 0.7142857142857143,
            "avg_normal_score": 0.05842731520533562,
            "avg_abnormal_score": 0.14051201939582825
        },
        {
            "run": 3,
            "train_time": 6.024638891220093,
            "test_time": 0.018910884857177734,
            "epochs": 113,
            "rauc": 0.8507581803671189,
            "ap": 0.4798605663376966,
            "f1": 0.42857142857142855,
            "avg_normal_score": 0.043435242027044296,
            "avg_abnormal_score": 0.10387235879898071
        },
        {
            "run": 4,
            "train_time": 7.623884677886963,
            "test_time": 0.019893169403076172,
            "epochs": 140,
            "rauc": 0.9515828677839852,
            "ap": 0.7628192421204365,
            "f1": 0.7142857142857143,
            "avg_normal_score": 0.081917904317379,
            "avg_abnormal_score": 0.24278636276721954
        },
        {
            "run": 5,
            "train_time": 8.073091268539429,
            "test_time": 0.018436431884765625,
            "epochs": 150,
            "rauc": 0.9563713753657888,
            "ap": 0.7368708345925095,
            "f1": 0.7142857142857143,
            "avg_normal_score": 0.054403264075517654,
            "avg_abnormal_score": 0.14336159825325012
        },
        {
            "run": 6,
            "train_time": 9.37857437133789,
            "test_time": 0.018993377685546875,
            "epochs": 175,
            "rauc": 0.9076882149507848,
            "ap": 0.44279020250214224,
            "f1": 0.5238095238095238,
            "avg_normal_score": 0.07038936018943787,
            "avg_abnormal_score": 0.1496746838092804
        },
        {
            "run": 7,
            "train_time": 10.836888790130615,
            "test_time": 0.02164745330810547,
            "epochs": 200,
            "rauc": 0.8760308592710827,
            "ap": 0.4162522514628518,
            "f1": 0.47619047619047616,
            "avg_normal_score": 0.053366921842098236,
            "avg_abnormal_score": 0.11826968193054199
        },
        {
            "run": 8,
            "train_time": 10.835726261138916,
            "test_time": 0.021717548370361328,
            "epochs": 200,
            "rauc": 0.8792231976589518,
            "ap": 0.49227455347484,
            "f1": 0.42857142857142855,
            "avg_normal_score": 0.06178482994437218,
            "avg_abnormal_score": 0.14448165893554688
        },
        {
            "run": 9,
            "train_time": 10.850564956665039,
            "test_time": 0.020853757858276367,
            "epochs": 200,
            "rauc": 0.8946528332003192,
            "ap": 0.6884051949680507,
            "f1": 0.6190476190476191,
            "avg_normal_score": 0.09884893149137497,
            "avg_abnormal_score": 0.23410606384277344
        }
    ]
}