{
    "model_config": {
        "hidden_dim": 128,
        "depth": 4,
        "num_heads": 4,
        "mlp_ratio": 4.0,
        "dropout_prob": 0.0,
        "num_prototypes": 10,
        "temperature": 0.1,
        "sinkhorn_iters": 3,
        "sinkhorn_eps": 0.05,
        "contrastive_loss_weight": 0.1,
        "use_flash_attn": false,
        "num_features": 9
    },
    "train_config": {
        "data_dir": "Data/",
        "epochs": 250,
        "learning_rate": 0.01,
        "sche_gamma": 0.95,
        "batch_size": 64,
        "random_seed": 42,
        "num_workers": 0,
        "preprocess": "standard",
        "patience": 20,
        "use_amp": false,
        "model_type": "ProtoAD",
        "dataset_name": "breastw",
        "base_path": "results/ProtoAD-d128-proto10-eps0.05-contra0.1-temp0.1/breastw/1.0",
        "exp_name": "ProtoAD-d128-proto10-eps0.05-contra0.1-temp0.1",
        "runs": 10,
        "train_ratio": 1.0,
        "run": 9
    },
    "mean_metrics": {
        "rauc": 0.9863809416110672,
        "ap": 0.9835567954950506,
        "f1": 0.9514644351464435,
        "entropy_rauc": 0.5258509555580686,
        "entropy_ap": 0.5541929186320796,
        "entropy_f1": 0.5317991631799164,
        "avg_normal_entropy": 0.7724427849054336,
        "avg_abnormal_entropy": 0.7510598659515381,
        "avg_normal_recon": 0.8367622315883636,
        "avg_abnormal_recon": 21.16458101272583
    },
    "std_metrics": {
        "rauc_std": 0.004164137482610431,
        "ap_std": 0.006895154654874456,
        "f1_std": 0.012010627694064715,
        "entropy_rauc_std": 0.2784757488872827,
        "entropy_ap_std": 0.17752121817259425,
        "entropy_f1_std": 0.22492760302634204,
        "avg_normal_entropy_std": 0.4925097245472102,
        "avg_abnormal_entropy_std": 0.4229131200140724,
        "avg_normal_recon_std": 0.24022920053855673,
        "avg_abnormal_recon_std": 6.864440150650419
    },
    "total_time": 182.67834329605103,
    "all_seeds": [
        {
            "run": 0,
            "train_time": 13.135788202285767,
            "test_time": 0.06318020820617676,
            "epochs": 125,
            "rauc": 0.9842625051830073,
            "ap": 0.9816784268796372,
            "f1": 0.9456066945606695,
            "entropy_rauc": 0.8187266764672623,
            "entropy_ap": 0.7272198235228806,
            "entropy_f1": 0.7740585774058577,
            "avg_normal_entropy": 0.16298720240592957,
            "avg_abnormal_entropy": 0.33475548028945923,
            "avg_normal_recon": 0.6558336615562439,
            "avg_abnormal_recon": 17.222654342651367
        },
        {
            "run": 1,
            "train_time": 22.137262105941772,
            "test_time": 0.044171810150146484,
            "epochs": 138,
            "rauc": 0.9862226242979382,
            "ap": 0.983306193937246,
            "f1": 0.9497907949790795,
            "entropy_rauc": 0.349768178220061,
            "entropy_ap": 0.4117122136209132,
            "entropy_f1": 0.39748953974895396,
            "avg_normal_entropy": 0.42431142926216125,
            "avg_abnormal_entropy": 0.27413028478622437,
            "avg_normal_recon": 0.7909607291221619,
            "avg_abnormal_recon": 18.50615882873535
        },
        {
            "run": 2,
            "train_time": 6.7913877964019775,
            "test_time": 0.06339502334594727,
            "epochs": 42,
            "rauc": 0.9929511101059219,
            "ap": 0.9927386852926752,
            "f1": 0.9665271966527197,
            "entropy_rauc": 0.7106562629575183,
            "entropy_ap": 0.586088030089488,
            "entropy_f1": 0.7112970711297071,
            "avg_normal_entropy": 1.4101892709732056,
            "avg_abnormal_entropy": 1.7652451992034912,
            "avg_normal_recon": 0.8454809188842773,
            "avg_abnormal_recon": 26.110448837280273
        },
        {
            "run": 3,
            "train_time": 24.540172815322876,
            "test_time": 0.07468843460083008,
            "epochs": 156,
            "rauc": 0.9833389875230879,
            "ap": 0.9726340659727621,
            "f1": 0.9623430962343096,
            "entropy_rauc": 0.8665234271928833,
            "entropy_ap": 0.7613370327971039,
            "entropy_f1": 0.8117154811715481,
            "avg_normal_entropy": 0.49321842193603516,
            "avg_abnormal_entropy": 0.8405080437660217,
            "avg_normal_recon": 1.3208239078521729,
            "avg_abnormal_recon": 32.190711975097656
        },
        {
            "run": 4,
            "train_time": 19.478581190109253,
            "test_time": 0.06248593330383301,
            "epochs": 122,
            "rauc": 0.9861283878020279,
            "ap": 0.9855720839431983,
            "f1": 0.9497907949790795,
            "entropy_rauc": 0.7629575181876438,
            "entropy_ap": 0.783469310461701,
            "entropy_f1": 0.6820083682008368,
            "avg_normal_entropy": 0.4457733631134033,
            "avg_abnormal_entropy": 0.6424874663352966,
            "avg_normal_recon": 1.1494609117507935,
            "avg_abnormal_recon": 26.748249053955078
        },
        {
            "run": 5,
            "train_time": 12.256260871887207,
            "test_time": 0.06656169891357422,
            "epochs": 77,
            "rauc": 0.9807569075351502,
            "ap": 0.9766388708568015,
            "f1": 0.9288702928870293,
            "entropy_rauc": 0.7750386369633232,
            "entropy_ap": 0.7553532616382128,
            "entropy_f1": 0.7238493723849372,
            "avg_normal_entropy": 0.27059540152549744,
            "avg_abnormal_entropy": 0.46896541118621826,
            "avg_normal_recon": 0.6128483414649963,
            "avg_abnormal_recon": 13.464008331298828
        },
        {
            "run": 6,
            "train_time": 28.64462637901306,
            "test_time": 0.056383371353149414,
            "epochs": 179,
            "rauc": 0.9917448829582721,
            "ap": 0.9920801891752937,
            "f1": 0.9623430962343096,
            "entropy_rauc": 0.22219081005691882,
            "entropy_ap": 0.36640260625719706,
            "entropy_f1": 0.2719665271966527,
            "avg_normal_entropy": 1.1481263637542725,
            "avg_abnormal_entropy": 0.980552077293396,
            "avg_normal_recon": 0.8449392318725586,
            "avg_abnormal_recon": 25.528541564941406
        },
        {
            "run": 7,
            "train_time": 22.66106867790222,
            "test_time": 0.06650757789611816,
            "epochs": 148,
            "rauc": 0.9803611142523276,
            "ap": 0.9740947959816666,
            "f1": 0.9414225941422594,
            "entropy_rauc": 0.41205850201666094,
            "entropy_ap": 0.43110534777580795,
            "entropy_f1": 0.4476987447698745,
            "avg_normal_entropy": 0.8064300417900085,
            "avg_abnormal_entropy": 0.5490010380744934,
            "avg_normal_recon": 0.7312220931053162,
            "avg_abnormal_recon": 13.74914836883545
        },
        {
            "run": 8,
            "train_time": 22.53412437438965,
            "test_time": 0.06383419036865234,
            "epochs": 141,
            "rauc": 0.9873157676504958,
            "ap": 0.9865443842617245,
            "f1": 0.9414225941422594,
            "entropy_rauc": 0.29714651890384103,
            "entropy_ap": 0.3896811573036868,
            "entropy_f1": 0.3598326359832636,
            "avg_normal_entropy": 0.8180345296859741,
            "avg_abnormal_entropy": 0.5493831038475037,
            "avg_normal_recon": 0.46760302782058716,
            "avg_abnormal_recon": 11.024925231933594
        },
        {
            "run": 9,
            "train_time": 7.734271049499512,
            "test_time": 0.06287384033203125,
            "epochs": 48,
            "rauc": 0.9907271288024426,
            "ap": 0.9902802586495012,
            "f1": 0.9665271966527197,