{
    "model_config": {
        "num_features": 36,
        "hidden_dim": 128,
        "depth": 4,
        "num_heads": 4,
        "mlp_ratio": 4.0,
        "dropout_prob": 0.0,
        "temperature": 0.1,
        "contrastive_loss_weight": 0.1,
        "use_flash_attn": false
    },
    "train_config": {
        "data_dir": "Data/",
        "epochs": 200,
        "learning_rate": 0.001,
        "sche_gamma": 0.95,
        "batch_size": 512,
        "random_seed": 42,
        "num_workers": 0,
        "preprocess": "standard",
        "patience": 10,
        "min_delta": 0,
        "use_amp": false,
        "model_type": "TAECL",
        "dataset_name": "satellite",
        "base_path": "results/TAECL-temp0.1-contra0.1/satellite/1.0",
        "exp_name": "TAECL-temp0.1-contra0.1",
        "runs": 10,
        "train_ratio": 1.0,
        "run": 9
    },
    "mean_metrics": {
        "rauc": 0.8480780831398465,
        "ap": 0.8792386622091067,
        "f1": 0.7580058939096268,
        "avg_normal": 0.040116988494992255,
        "avg_abnormal": 1.2490822553634644,
        "contra_rauc": 0.6978671302911235,
        "contra_ap": 0.7126980850759462,
        "contra_f1": 0.6268664047151277,
        "contra_avg_normal": -0.9752374112606048,
        "contra_avg_abnormal": -0.9561671078205108,
        "combined_rauc": 0.8423742744240043,
        "combined_ap": 0.8752467155458616,
        "combined_f1": 0.7530943025540274,
        "combined_avg_normal": -0.9351204216480256,
        "combined_avg_abnormal": 0.2929151073098183
    },
    "std_metrics": {
        "rauc_std": 0.007630187213047768,
        "ap_std": 0.005084430539837626,
        "f1_std": 0.005664536415278159,
        "avg_normal_std": 0.0014704857806380164,
        "avg_abnormal_std": 0.07339457665282172,
        "contra_rauc_std": 0.02379222967975607,
        "contra_ap_std": 0.02892711136914629,
        "contra_f1_std": 0.027069998597177028,
        "contra_avg_normal_std": 0.00403821289486951,
        "contra_avg_abnormal_std": 0.004346893882285497,
        "combined_rauc_std": 0.017082738071428405,
        "combined_ap_std": 0.010228437496272731,
        "combined_f1_std": 0.016309219951674114,
        "combined_avg_normal_std": 0.003618704790908327,
        "combined_avg_abnormal_std": 0.07464931080979642
    },
    "total_time": 224.16645431518555,
    "all_seeds": [
        {
            "run": 0,
            "train_time": 22.357966899871826,
            "test_time": 0.1654815673828125,
            "epochs": 113,
            "rauc": 0.8511071173423825,
            "ap": 0.8811785669332759,
            "f1": 0.7608055009823183,
            "avg_normal": 0.04112939164042473,
            "avg_abnormal": 1.3219552040100098,
            "contra_rauc": 0.7238698874799072,
            "contra_ap": 0.7511734514931353,
            "contra_f1": 0.650294695481336,
            "contra_avg_normal": -0.975925624370575,
            "contra_avg_abnormal": -0.9547033309936523,
            "combined_rauc": 0.859356358278264,
            "combined_ap": 0.8836119268663134,
            "combined_f1": 0.7745579567779961,
            "combined_avg_normal": -0.9347962737083435,
            "combined_avg_abnormal": 0.36725181341171265
        },
        {
            "run": 1,
            "train_time": 20.860548734664917,
            "test_time": 0.17383122444152832,
            "epochs": 105,
            "rauc": 0.8472711644936596,
            "ap": 0.8771712005902916,
            "f1": 0.7539292730844793,
            "avg_normal": 0.040499892085790634,
            "avg_abnormal": 1.1581146717071533,
            "contra_rauc": 0.686739931237721,
            "contra_ap": 0.7060070364691485,
            "contra_f1": 0.6159135559921415,
            "contra_avg_normal": -0.9699866771697998,
            "contra_avg_abnormal": -0.9526491761207581,
            "combined_rauc": 0.8335036390426862,
            "combined_ap": 0.8691491048442881,
            "combined_f1": 0.7396856581532416,
            "combined_avg_normal": -0.9294868111610413,
            "combined_avg_abnormal": 0.2054653763771057
        },
        {
            "run": 2,
            "train_time": 19.58465266227722,
            "test_time": 0.11627507209777832,
            "epochs": 99,
            "rauc": 0.8404690569744597,
            "ap": 0.8739852439325063,
            "f1": 0.7554027504911591,
            "avg_normal": 0.04049393907189369,
            "avg_abnormal": 1.3127074241638184,
            "contra_rauc": 0.6896921325236649,
            "contra_ap": 0.7235561955276623,
            "contra_f1": 0.6129666011787819,
            "contra_avg_normal": -0.9724724888801575,
            "contra_avg_abnormal": -0.953304648399353,
            "combined_rauc": 0.8061344659760671,
            "combined_ap": 0.8540798352019277,
            "combined_f1": 0.7234774066797642,
            "combined_avg_normal": -0.9319785237312317,
            "combined_avg_abnormal": 0.35940268635749817
        },
        {
            "run": 3,
            "train_time": 22.795154094696045,
            "test_time": 0.5562534332275391,
            "epochs": 115,
            "rauc": 0.856020048222897,
            "ap": 0.8869718968770145,
            "f1": 0.7662082514734774,
            "avg_normal": 0.03724173083901405,
            "avg_abnormal": 1.2841393947601318,
            "contra_rauc": 0.7110043088051438,
            "contra_ap": 0.6734820510815022,
            "contra_f1": 0.6547151277013753,
            "contra_avg_normal": -0.9717289805412292,
            "contra_avg_abnormal": -0.9556951522827148,
            "combined_rauc": 0.8678464904447223,
            "combined_ap": 0.8925593946459525,
            "combined_f1": 0.7804518664047151,
            "combined_avg_normal": -0.9344872832298279,
            "combined_avg_abnormal": 0.32844433188438416
        },
        {
            "run": 4,
            "train_time": 18.087613344192505,
            "test_time": 0.17593169212341309,
            "epochs": 92,
            "rauc": 0.8451006876227898,
            "ap": 0.8792536460737344,
            "f1": 0.7554027504911591,
            "avg_normal": 0.03986191377043724,
            "avg_abnormal": 1.1878074407577515,
            "contra_rauc": 0.6488478969458832,
            "contra_ap": 0.7082778096247604,
            "contra_f1": 0.5702357563850687,
            "contra_avg_normal": -0.9748592972755432,
            "contra_avg_abnormal": -0.9545701742172241,
            "combined_rauc": 0.8230120333988212,
            "combined_ap": 0.8657603522404513,
            "combined_f1": 0.7416502946954814,
            "combined_avg_normal": -0.9349973201751709,
            "combined_avg_abnormal": 0.23323728144168854
        },
        {
            "run": 5,
            "train_time": 22.482336282730103,
            "test_time": 0.1682286262512207,
            "epochs": 117,
            "rauc": 0.8463057019110555,
            "ap": 0.8776862784282805,
            "f1": 0.7558939096267191,
            "avg_normal": 0.039453186094760895,
            "avg_abnormal": 1.2232850790023804,
            "contra_rauc": 0.7275023441686015,
            "contra_ap": 0.7447020070981041,
            "contra_f1": 0.6606090373280943,
            "contra_avg_normal": -0.9788800477981567,
            "contra_avg_abnormal": -0.9587165117263794,
            "combined_rauc": 0.8556257813895338,
            "combined_ap": 0.8835246133098114,
            "combined_f1": 0.7612966601178782,
            "combined_avg_normal": -0.939426839351654,
            "combined_avg_abnormal": 0.2645684778690338
        },
        {
            "run": 6,
            "train_time": 24.49315619468689,
            "test_time": 0.1659090518951416,
            "epochs": 122,
            "rauc": 0.8665928067512054,
            "ap": 0.8895034925348513,
            "f1": 0.768664047151277,
            "avg_normal": 0.03987249732017517,
            "avg_abnormal": 1.3726892471313477,