{
    "model_config": {
        "num_features": 6,
        "hidden_dim": 32,
        "depth": 4,
        "num_heads": 4,
        "mlp_ratio": 4.0,
        "dropout_prob": 0.0,
        "use_flash_attn": false,
        "ema_decay": 0.999,
        "contrastive_loss_weight": 0.1
    },
    "train_config": {
        "data_dir": "Data/",
        "epochs": 200,
        "learning_rate": 0.001,
        "sche_gamma": 0.95,
        "batch_size": 512,
        "random_seed": 42,
        "num_workers": 0,
        "preprocess": "standard",
        "patience": 10,
        "min_delta": 0,
        "use_amp": false,
        "model_type": "TKDAD",
        "dataset_name": "mammography",
        "base_path": "results/TKDAD-d32-lr0.001-contra0.1/mammography/1.0",
        "exp_name": "TKDAD-d32-lr0.001-contra0.1",
        "runs": 10,
        "train_ratio": 1.0
    },
    "mean_metrics": {
        "avg_normal_score": 0.005424819001927972,
        "ap": 0.1587480063262116,
        "avg_abnormal_score": 0.01496285442262888,
        "rauc": 0.7702601188631947,
        "f1": 0.1980769230769231
    },
    "std_metrics": {
        "avg_normal_score_std": 0.001097106562250401,
        "ap_std": 0.0461442768181262,
        "avg_abnormal_score_std": 0.004857248796965899,
        "rauc_std": 0.04613679621060546,
        "f1_std": 0.0657962157865809
    },
    "total_time": 95.24315214157104,
    "all_seeds": [
        {
            "run": 0,
            "train_time": 9.229304075241089,
            "test_time": 0.11304926872253418,
            "epochs": 23,
            "rauc": 0.7944832126862519,
            "ap": 0.17035154816400105,
            "f1": 0.19230769230769232,
            "avg_normal_score": 0.005808616988360882,
            "avg_abnormal_score": 0.01885746233165264
        },
        {
            "run": 1,
            "train_time": 8.929766416549683,
            "test_time": 0.09135890007019043,
            "epochs": 22,
            "rauc": 0.7724945779229925,
            "ap": 0.12819436044180949,
            "f1": 0.18461538461538463,
            "avg_normal_score": 0.005148202646523714,
            "avg_abnormal_score": 0.011220468208193779
        },
        {
            "run": 2,
            "train_time": 9.0444016456604,
            "test_time": 0.09613275527954102,
            "epochs": 24,
            "rauc": 0.7803477875109146,
            "ap": 0.19422595175803706,
            "f1": 0.23076923076923078,
            "avg_normal_score": 0.005842586513608694,
            "avg_abnormal_score": 0.02177324704825878
        },
        {
            "run": 3,
            "train_time": 11.551479816436768,
            "test_time": 0.09554362297058105,
            "epochs": 29,
            "rauc": 0.7900099991550009,
            "ap": 0.22830074010136725,
            "f1": 0.27307692307692305,
            "avg_normal_score": 0.004738896153867245,
            "avg_abnormal_score": 0.019788211211562157
        },
        {
            "run": 4,
            "train_time": 10.06756591796875,
            "test_time": 0.09519457817077637,
            "epochs": 25,
            "rauc": 0.7639139650170408,
            "ap": 0.12266508718087693,
            "f1": 0.16923076923076924,
            "avg_normal_score": 0.003808605019003153,
            "avg_abnormal_score": 0.007904522120952606
        },
        {
            "run": 5,
            "train_time": 8.232735633850098,
            "test_time": 0.09404349327087402,
            "epochs": 22,
            "rauc": 0.7812251781539589,
            "ap": 0.18523447433782395,
            "f1": 0.23461538461538461,
            "avg_normal_score": 0.006422963924705982,
            "avg_abnormal_score": 0.018360426649451256
        },
        {
            "run": 6,
            "train_time": 8.18062973022461,
            "test_time": 0.08612585067749023,
            "epochs": 21,
            "rauc": 0.8091083852068839,
            "ap": 0.18246939482163219,
            "f1": 0.22692307692307692,
            "avg_normal_score": 0.004753356799483299,
            "avg_abnormal_score": 0.013993593864142895
        },
        {
            "run": 7,
            "train_time": 9.112431287765503,
            "test_time": 0.23498868942260742,
            "epochs": 24,
            "rauc": 0.7945596146804497,
            "ap": 0.1950215081541993,
            "f1": 0.2923076923076923,
            "avg_normal_score": 0.005449129734188318,
            "avg_abnormal_score": 0.016315974295139313
        },
        {
            "run": 8,
            "train_time": 7.603023052215576,
            "test_time": 0.09456825256347656,
            "epochs": 19,
            "rauc": 0.7798066360589246,
            "ap": 0.11211018953910001,
            "f1": 0.10384615384615385,
            "avg_normal_score": 0.00788300670683384,
            "avg_abnormal_score": 0.014993145130574703
        },
        {
            "run": 9,
            "train_time": 9.942163467407227,
            "test_time": 0.12094330787658691,
            "epochs": 25,
            "rauc": 0.6366518322395291,
            "ap": 0.06890680876326867,
            "f1": 0.07307692307692308,
            "avg_normal_score": 0.004392825532704592,
            "avg_abnormal_score": 0.006421493366360664
        }
    ]
}