{
    "model_config": {
        "hidden_dim": 64,
        "depth": 4,
        "num_heads": 4,
        "mlp_ratio": 4.0,
        "dropout_prob": 0.0,
        "num_prototypes": 5,
        "temperature": 0.1,
        "sinkhorn_iters": 3,
        "sinkhorn_eps": 0.1,
        "contrastive_loss_weight": 0.01,
        "use_flash_attn": false,
        "num_features": 6
    },
    "train_config": {
        "data_dir": "Data/",
        "epochs": 250,
        "learning_rate": 0.01,
        "sche_gamma": 0.95,
        "batch_size": 512,
        "random_seed": 42,
        "num_workers": 0,
        "preprocess": "standard",
        "patience": 20,
        "use_amp": false,
        "model_type": "ProtoAD",
        "dataset_name": "mammography",
        "base_path": "results/ProtoAD-d64-proto5-eps0.1-contra0.01-temp0.1/mammography/1.0",
        "exp_name": "ProtoAD-d64-proto5-eps0.1-contra0.01-temp0.1",
        "runs": 10,
        "train_ratio": 1.0,
        "run": 9
    },
    "mean_metrics": {
        "rauc": 0.8692123552939188,
        "ap": 0.39510532193592895,
        "f1": 0.42153846153846153,
        "entropy_rauc": 0.3624611300453483,
        "entropy_ap": 0.037389898512148086,
        "entropy_f1": 0.007692307692307693,
        "avg_normal_entropy": 1.0633366882801056,
        "avg_abnormal_entropy": 0.9858263969421387,
        "avg_normal_recon": 0.3249830506742001,
        "avg_abnormal_recon": 4.690492069721222
    },
    "std_metrics": {
        "rauc_std": 0.015236480689190974,
        "ap_std": 0.046062376581097554,
        "f1_std": 0.05976284492170778,
        "entropy_rauc_std": 0.1847517080220605,
        "entropy_ap_std": 0.014865418022858163,
        "entropy_f1_std": 0.006661733875264914,
        "avg_normal_entropy_std": 0.14665014665547643,
        "avg_abnormal_entropy_std": 0.23150510551754133,
        "avg_normal_recon_std": 0.260707749706267,
        "avg_abnormal_recon_std": 2.291239901888978
    },
    "total_time": 187.64583778381348,
    "all_seeds": [
        {
            "run": 0,
            "train_time": 13.326566934585571,
            "test_time": 0.12845277786254883,
            "epochs": 30,
            "rauc": 0.8562037010956821,
            "ap": 0.4261896417495077,
            "f1": 0.5,
            "entropy_rauc": 0.2039567078838408,
            "entropy_ap": 0.02719577459649732,
            "entropy_f1": 0.0038461538461538464,
            "avg_normal_entropy": 1.1199997663497925,
            "avg_abnormal_entropy": 1.0085315704345703,
            "avg_normal_recon": 0.15728013217449188,
            "avg_abnormal_recon": 3.34112286567688
        },
        {
            "run": 1,
            "train_time": 31.049330711364746,
            "test_time": 0.12229490280151367,
            "epochs": 75,
            "rauc": 0.8676030898797286,
            "ap": 0.3851513226251394,
            "f1": 0.36153846153846153,
            "entropy_rauc": 0.13003443370982734,
            "entropy_ap": 0.024732164784923488,
            "entropy_f1": 0.007692307692307693,
            "avg_normal_entropy": 0.9504715204238892,
            "avg_abnormal_entropy": 0.7677709460258484,
            "avg_normal_recon": 0.0638476088643074,
            "avg_abnormal_recon": 2.1932296752929688
        },
        {
            "run": 2,
            "train_time": 9.70064926147461,
            "test_time": 0.12427926063537598,
            "epochs": 23,
            "rauc": 0.8811058220432075,
            "ap": 0.38448134467270867,
            "f1": 0.4,
            "entropy_rauc": 0.5962619356110752,
            "entropy_ap": 0.05107334527800456,
            "entropy_f1": 0.0,
            "avg_normal_entropy": 1.154834270477295,
            "avg_abnormal_entropy": 1.19085693359375,
            "avg_normal_recon": 0.7858222723007202,
            "avg_abnormal_recon": 7.663018226623535
        },
        {
            "run": 3,
            "train_time": 28.797085285186768,
            "test_time": 0.10749554634094238,
            "epochs": 69,
            "rauc": 0.8527145593330142,
            "ap": 0.40114109010835325,
            "f1": 0.36923076923076925,
            "entropy_rauc": 0.2287204602427964,
            "entropy_ap": 0.02731706274866646,
            "entropy_f1": 0.0,
            "avg_normal_entropy": 0.9170289039611816,
            "avg_abnormal_entropy": 0.7254064679145813,
            "avg_normal_recon": 0.02528352290391922,
            "avg_abnormal_recon": 1.7469826936721802
        },
        {
            "run": 4,
            "train_time": 40.619396448135376,
            "test_time": 0.1306920051574707,
            "epochs": 98,
            "rauc": 0.876616060614596,
            "ap": 0.37636676884002773,
            "f1": 0.36923076923076925,
            "entropy_rauc": 0.28153289862828496,
            "entropy_ap": 0.02909842757624608,
            "entropy_f1": 0.007692307692307693,
            "avg_normal_entropy": 0.9036075472831726,
            "avg_abnormal_entropy": 0.7179831266403198,
            "avg_normal_recon": 0.10802549868822098,
            "avg_abnormal_recon": 2.421135663986206
        },
        {
            "run": 5,
            "train_time": 11.446826457977295,
            "test_time": 0.25409603118896484,
            "epochs": 27,
            "rauc": 0.8388241838717855,
            "ap": 0.289535873773928,
            "f1": 0.33076923076923076,
            "entropy_rauc": 0.470417992845675,
            "entropy_ap": 0.042314438887006534,
            "entropy_f1": 0.023076923076923078,
            "avg_normal_entropy": 1.0272209644317627,
            "avg_abnormal_entropy": 1.0006418228149414,
            "avg_normal_recon": 0.2697713375091553,
            "avg_abnormal_recon": 3.2305750846862793
        },
        {
            "run": 6,
            "train_time": 19.96045160293579,
            "test_time": 0.12736201286315918,
            "epochs": 48,
            "rauc": 0.8704285553333522,
            "ap": 0.45406643254202184,
            "f1": 0.49615384615384617,
            "entropy_rauc": 0.18841013435484327,
            "entropy_ap": 0.026083760607062197,
            "entropy_f1": 0.007692307692307693,
            "avg_normal_entropy": 0.9671213626861572,
            "avg_abnormal_entropy": 0.804961085319519,
            "avg_normal_recon": 0.2816367745399475,
            "avg_abnormal_recon": 6.2834367752075195
        },
        {
            "run": 7,
            "train_time": 9.058881044387817,
            "test_time": 0.1356503963470459,
            "epochs": 21,
            "rauc": 0.8863250992873842,
            "ap": 0.438793906787936,
            "f1": 0.4423076923076923,
            "entropy_rauc": 0.469607497957919,
            "entropy_ap": 0.03966191857747818,
            "entropy_f1": 0.007692307692307693,
            "avg_normal_entropy": 1.4085379838943481,
            "avg_abnormal_entropy": 1.4077653884887695,
            "avg_normal_recon": 0.6441929936408997,
            "avg_abnormal_recon": 8.066450119018555
        },
        {
            "run": 8,
            "train_time": 11.160398483276367,
            "test_time": 0.1341381072998047,
            "epochs": 26,
            "rauc": 0.871706616342281,
            "ap": 0.43708786866293764,
            "f1": 0.48846153846153845,
            "entropy_rauc": 0.33423478297608655,
            "entropy_ap": 0.03164299589743387,
            "entropy_f1": 0.015384615384615385,
            "avg_normal_entropy": 1.0134623050689697,
            "avg_abnormal_entropy": 0.9427914619445801,
            "avg_normal_recon": 0.24200285971164703,
            "avg_abnormal_recon": 4.883669853210449
        },
        {
            "run": 9,
            "train_time": 9.2461576461792,
            "test_time": 0.13264679908752441,
            "epochs": 21,
            "rauc": 0.8905958651381572,
            "ap": 0.35823896959672946,
            "f1": 0.4576923076923077,
            "entropy_rauc": 0.7214344562431343,