{
    "model_config": {
        "hidden_dim": 128,
        "depth": 4,
        "num_heads": 4,
        "mlp_ratio": 4.0,
        "dropout_prob": 0.0,
        "num_prototypes": 5,
        "temperature": 0.1,
        "sinkhorn_iters": 3,
        "sinkhorn_eps": 0.1,
        "contrastive_loss_weight": 0.01,
        "use_flash_attn": false,
        "num_features": 9
    },
    "train_config": {
        "data_dir": "Data/",
        "epochs": 250,
        "learning_rate": 0.01,
        "sche_gamma": 0.95,
        "batch_size": 512,
        "random_seed": 42,
        "num_workers": 0,
        "preprocess": "standard",
        "patience": 20,
        "use_amp": false,
        "model_type": "ProtoAD",
        "dataset_name": "shuttle",
        "base_path": "results/ProtoAD-d128-proto5-eps0.1-contra0.01-temp0.1/shuttle/1.0",
        "exp_name": "ProtoAD-d128-proto5-eps0.1-contra0.01-temp0.1",
        "runs": 10,
        "train_ratio": 1.0,
        "run": 9
    },
    "mean_metrics": {
        "rauc": 0.9969386209817749,
        "ap": 0.9689126192050779,
        "f1": 0.9682711478211334,
        "entropy_rauc": 0.31840937813596426,
        "entropy_ap": 0.13619676334297803,
        "entropy_f1": 0.06468249156818026,
        "avg_normal_entropy": 1.358232569694519,
        "avg_abnormal_entropy": 1.2706669569015503,
        "avg_normal_recon": 0.9965142324566841,
        "avg_abnormal_recon": 56.0205810546875
    },
    "std_metrics": {
        "rauc_std": 0.001646165886864332,
        "ap_std": 0.00978125280843166,
        "f1_std": 0.0096965754854814,
        "entropy_rauc_std": 0.1875024624133797,
        "entropy_ap_std": 0.12076651011193912,
        "entropy_f1_std": 0.13420839585037667,
        "avg_normal_entropy_std": 0.21486608486932945,
        "avg_abnormal_entropy_std": 0.24992509476641434,
        "avg_normal_recon_std": 0.6605087040105366,
        "avg_abnormal_recon_std": 54.17597873692793
    },
    "total_time": 504.3779935836792,
    "all_seeds": [
        {
            "run": 0,
            "train_time": 35.416484117507935,
            "test_time": 0.34932684898376465,
            "epochs": 21,
            "rauc": 0.9950634431416311,
            "ap": 0.9642164139260461,
            "f1": 0.9601253204215323,
            "entropy_rauc": 0.5230317004964735,
            "entropy_ap": 0.13766242283553592,
            "entropy_f1": 0.1965252064938764,
            "avg_normal_entropy": 1.4400780200958252,
            "avg_abnormal_entropy": 1.4334019422531128,
            "avg_normal_recon": 0.7927514314651489,
            "avg_abnormal_recon": 27.62291717529297
        },
        {
            "run": 1,
            "train_time": 36.74226641654968,
            "test_time": 0.4644145965576172,
            "epochs": 22,
            "rauc": 0.9953294559459592,
            "ap": 0.9575984929807558,
            "f1": 0.9598405012816861,
            "entropy_rauc": 0.5965618107454603,
            "entropy_ap": 0.49285247640970564,
            "entropy_f1": 0.4280831671888351,
            "avg_normal_entropy": 1.36063551902771,
            "avg_abnormal_entropy": 1.382792592048645,
            "avg_normal_recon": 1.5314143896102905,
            "avg_abnormal_recon": 33.98476791381836
        },
        {
            "run": 2,
            "train_time": 35.18905425071716,
            "test_time": 0.3504669666290283,
            "epochs": 21,
            "rauc": 0.9977212344508625,
            "ap": 0.974331602575174,
            "f1": 0.9689547137567645,
            "entropy_rauc": 0.5008422614172358,
            "entropy_ap": 0.1254032718068548,
            "entropy_f1": 0.004557106237539163,
            "avg_normal_entropy": 1.1132007837295532,
            "avg_abnormal_entropy": 1.100767731666565,
            "avg_normal_recon": 0.45364320278167725,
            "avg_abnormal_recon": 27.444393157958984
        },
        {
            "run": 3,
            "train_time": 34.98616862297058,
            "test_time": 0.34128236770629883,
            "epochs": 21,
            "rauc": 0.9973099567625477,
            "ap": 0.969546453498304,
            "f1": 0.9632583309598405,
            "entropy_rauc": 0.10429604431037562,
            "entropy_ap": 0.0745250555551454,
            "entropy_f1": 0.0022785531187695814,
            "avg_normal_entropy": 1.47957444190979,
            "avg_abnormal_entropy": 1.2481660842895508,
            "avg_normal_recon": 0.669396698474884,
            "avg_abnormal_recon": 39.018157958984375
        },
        {
            "run": 4,
            "train_time": 63.25466322898865,
            "test_time": 0.28142380714416504,
            "epochs": 39,
            "rauc": 0.9992006120293844,
            "ap": 0.9884543850091799,
            "f1": 0.9829108516092281,
            "entropy_rauc": 0.045639808591241414,
            "entropy_ap": 0.07101534078304471,
            "entropy_f1": 0.00484192537738536,
            "avg_normal_entropy": 1.5922967195510864,
            "avg_abnormal_entropy": 1.410975694656372,
            "avg_normal_recon": 0.29849135875701904,
            "avg_abnormal_recon": 200.1744842529297
        },
        {
            "run": 5,
            "train_time": 36.672800064086914,
            "test_time": 0.34522318840026855,
            "epochs": 22,
            "rauc": 0.9956591728688732,
            "ap": 0.9600913595337257,
            "f1": 0.9584164055824551,
            "entropy_rauc": 0.32651370413920444,
            "entropy_ap": 0.09218594244311586,
            "entropy_f1": 0.00370264881800057,
            "avg_normal_entropy": 1.4394376277923584,
            "avg_abnormal_entropy": 1.3602944612503052,
            "avg_normal_recon": 1.46382474899292,
            "avg_abnormal_recon": 25.26313018798828
        },
        {
            "run": 6,
            "train_time": 35.008663177490234,
            "test_time": 0.3384971618652344,
            "epochs": 21,
            "rauc": 0.9945189716125926,
            "ap": 0.9659526140306991,
            "f1": 0.9592708630019937,
            "entropy_rauc": 0.15835208166703058,
            "entropy_ap": 0.07982715453842137,
            "entropy_f1": 0.000854457419538593,
            "avg_normal_entropy": 1.5176154375076294,
            "avg_abnormal_entropy": 1.4617228507995605,
            "avg_normal_recon": 0.736680805683136,
            "avg_abnormal_recon": 25.91425895690918
        },
        {
            "run": 7,
            "train_time": 149.33170580863953,
            "test_time": 0.3365774154663086,
            "epochs": 93,
            "rauc": 0.9992919570876161,
            "ap": 0.9839157908707256,
            "f1": 0.9780689262318428,
            "entropy_rauc": 0.425103537624161,
            "entropy_ap": 0.10962092424970435,
            "entropy_f1": 0.0034183164791340265,
            "avg_normal_entropy": 1.6046181917190552,
            "avg_abnormal_entropy": 1.602712869644165,
            "avg_normal_recon": 0.18886490166187286,
            "avg_abnormal_recon": 21.71401023864746
        },
        {
            "run": 8,
            "train_time": 35.37102913856506,
            "test_time": 0.3506300449371338,
            "epochs": 21,
            "rauc": 0.9969053893746803,
            "ap": 0.9633302916366537,
            "f1": 0.9666761606379949,
            "entropy_rauc": 0.12365353041839798,
            "entropy_ap": 0.07764932121783753,
            "entropy_f1": 0.0005698005698005698,
            "avg_normal_entropy": 1.0027762651443481,
            "avg_abnormal_entropy": 0.7250637412071228,
            "avg_normal_recon": 1.4048562049865723,
            "avg_abnormal_recon": 47.61980056762695
        },
        {
            "run": 9,
            "train_time": 36.73557257652283,
            "test_time": 0.3471839427947998,
            "epochs": 22,
            "rauc": 0.9983860165436023,
            "ap": 0.9616887879895144,
            "f1": 0.9851894047279978,
            "entropy_rauc": 0.38009930195006203,