{
    "model_config": {
        "num_features": 9,
        "hidden_dim": 32,
        "depth": 4,
        "num_heads": 4,
        "mlp_ratio": 4.0,
        "dropout_prob": 0.0,
        "use_flash_attn": false,
        "mask_ratio": 0.1,
        "num_eval_repeat": 50,
        "eval_chunk_size": 50,
        "share_mask": true
    },
    "train_config": {
        "data_dir": "Data/",
        "epochs": 200,
        "learning_rate": 0.01,
        "sche_gamma": 0.95,
        "batch_size": 512,
        "random_seed": 42,
        "num_workers": 0,
        "preprocess": "standard",
        "patience": 10,
        "min_delta": 0,
        "use_amp": false,
        "model_type": "TMLM",
        "dataset_name": "breastw",
        "base_path": "results/TMLM-tuned-shared_mask-r50/breastw/1.0",
        "exp_name": "TMLM-tuned-shared_mask-r50",
        "runs": 10,
        "train_ratio": 1.0
    },
    "mean_metrics": {
        "avg_normal_score": 0.6809058070182801,
        "ap": 0.9810682129907342,
        "avg_abnormal_score": 15.239082145690919,
        "rauc": 0.9858362546647065,
        "f1": 0.9548117154811717
    },
    "std_metrics": {
        "avg_normal_score_std": 0.22322320371816975,
        "ap_std": 0.006649726462120969,
        "avg_abnormal_score_std": 3.0825285607067463,
        "rauc_std": 0.0034731563402973483,
        "f1_std": 0.008533923872121821
    },
    "total_time": 36.029268741607666,
    "all_seeds": [
        {
            "run": 0,
            "train_time": 5.619722127914429,
            "test_time": 0.03850960731506348,
            "epochs": 122,
            "rauc": 0.9851483282445626,
            "ap": 0.9822597159096127,
            "f1": 0.9581589958158996,
            "avg_normal_score": 0.6974042654037476,
            "avg_abnormal_score": 16.77792739868164
        },
        {
            "run": 1,
            "train_time": 3.0555005073547363,
            "test_time": 0.04086661338806152,
            "epochs": 74,
            "rauc": 0.9872403784537677,
            "ap": 0.9831305842902822,
            "f1": 0.9581589958158996,
            "avg_normal_score": 0.6234827041625977,
            "avg_abnormal_score": 15.430702209472656
        },
        {
            "run": 2,
            "train_time": 4.2842466831207275,
            "test_time": 0.037184715270996094,
            "epochs": 106,
            "rauc": 0.9881073542161408,
            "ap": 0.983518035209864,
            "f1": 0.9623430962343096,
            "avg_normal_score": 0.5168694257736206,
            "avg_abnormal_score": 12.239100456237793
        },
        {
            "run": 3,
            "train_time": 7.556469917297363,
            "test_time": 0.03627347946166992,
            "epochs": 190,
            "rauc": 0.9800784047645972,
            "ap": 0.964785078639208,
            "f1": 0.9456066945606695,
            "avg_normal_score": 1.2506846189498901,
            "avg_abnormal_score": 21.196786880493164
        },
        {
            "run": 4,
            "train_time": 2.533980131149292,
            "test_time": 0.039434194564819336,
            "epochs": 62,
            "rauc": 0.9807569075351502,
            "ap": 0.9772251080830718,
            "f1": 0.9414225941422594,
            "avg_normal_score": 0.8683202862739563,
            "avg_abnormal_score": 18.667404174804688
        },
        {
            "run": 5,
            "train_time": 4.658590316772461,
            "test_time": 0.03267693519592285,
            "epochs": 119,
            "rauc": 0.9857137472200234,
            "ap": 0.9796854120396872,
            "f1": 0.9539748953974896,
            "avg_normal_score": 0.5326884984970093,
            "avg_abnormal_score": 13.303147315979004
        },
        {
            "run": 6,
            "train_time": 1.6172199249267578,
            "test_time": 0.03170919418334961,
            "epochs": 92,
            "rauc": 0.9846582984658299,
            "ap": 0.9818011902781149,
            "f1": 0.9414225941422594,
            "avg_normal_score": 0.6915995478630066,
            "avg_abnormal_score": 13.94852066040039
        },
        {
            "run": 7,
            "train_time": 1.9620366096496582,
            "test_time": 0.031395912170410156,
            "epochs": 115,
            "rauc": 0.9852802593388368,
            "ap": 0.9798637674586735,
            "f1": 0.9581589958158996,
            "avg_normal_score": 0.6210633516311646,
            "avg_abnormal_score": 14.842738151550293
        },
        {
            "run": 8,
            "train_time": 1.3657512664794922,
            "test_time": 0.03149247169494629,
            "epochs": 80,
            "rauc": 0.9923103019337328,
            "ap": 0.9918746359730275,
            "f1": 0.9623430962343096,
            "avg_normal_score": 0.4049651026725769,
            "avg_abnormal_score": 9.775065422058105
        },
        {
            "run": 9,
            "train_time": 1.4694721698760986,
            "test_time": 0.03137516975402832,
            "epochs": 86,
            "rauc": 0.9890685664744242,
            "ap": 0.9865386020257993,
            "f1": 0.9665271966527197,
            "avg_normal_score": 0.6019802689552307,
            "avg_abnormal_score": 16.209428787231445
        }
    ]
}