{
    "model_config": {
        "hidden_dim": 32,
        "depth": 4,
        "num_heads": 4,
        "mlp_ratio": 4.0,
        "dropout_prob": 0.0,
        "num_prototypes": 5,
        "temperature": 0.1,
        "sinkhorn_iters": 3,
        "sinkhorn_eps": 0.05,
        "contrastive_loss_weight": 1.0,
        "use_flash_attn": false,
        "num_features": 64
    },
    "train_config": {
        "data_dir": "Data/",
        "epochs": 250,
        "learning_rate": 0.01,
        "sche_gamma": 0.95,
        "batch_size": 512,
        "random_seed": 42,
        "num_workers": 0,
        "preprocess": "standard",
        "patience": 20,
        "use_amp": false,
        "model_type": "ProtoAD",
        "dataset_name": "optdigits",
        "base_path": "results/ProtoAD-d32-proto5-eps0.05-contra1.0-temp0.1/optdigits/1.0",
        "exp_name": "ProtoAD-d32-proto5-eps0.05-contra1.0-temp0.1",
        "runs": 10,
        "train_ratio": 1.0,
        "run": 9
    },
    "mean_metrics": {
        "rauc": 0.7003410975128306,
        "ap": 0.085849705793227,
        "f1": 0.023333333333333334,
        "entropy_rauc": 0.48306619292012104,
        "entropy_ap": 0.05926686925000296,
        "entropy_f1": 0.02607909604519774,
        "avg_normal_entropy": 1.0610358884558082,
        "avg_abnormal_entropy": 1.0022541455924512,
        "avg_normal_recon": 0.7914362072944641,
        "avg_abnormal_recon": 0.6910967946052551
    },
    "std_metrics": {
        "rauc_std": 0.05107939274752619,
        "ap_std": 0.014736854376559593,
        "f1_std": 0.020493901531919198,
        "entropy_rauc_std": 0.18315511044703636,
        "entropy_ap_std": 0.017576036900661052,
        "entropy_f1_std": 0.017593971441463185,
        "avg_normal_entropy_std": 0.6658829455055217,
        "avg_abnormal_entropy_std": 0.7422094987371187,
        "avg_normal_recon_std": 0.10530745984681666,
        "avg_abnormal_recon_std": 0.05011834323559501
    },
    "total_time": 340.07247042655945,
    "all_seeds": [
        {
            "run": 0,
            "train_time": 52.85303092002869,
            "test_time": 0.054018497467041016,
            "epochs": 235,
            "rauc": 0.6457981313330701,
            "ap": 0.07009534768132471,
            "f1": 0.0,
            "entropy_rauc": 0.19063692591130413,
            "entropy_ap": 0.033197002566139965,
            "entropy_f1": 0.0,
            "avg_normal_entropy": 1.5973625183105469,
            "avg_abnormal_entropy": 1.6063143014907837,
            "avg_normal_recon": 0.7249473929405212,
            "avg_abnormal_recon": 0.636563241481781
        },
        {
            "run": 1,
            "train_time": 10.323070526123047,
            "test_time": 0.07557320594787598,
            "epochs": 46,
            "rauc": 0.7105066456112645,
            "ap": 0.08588215573260187,
            "f1": 0.02,
            "entropy_rauc": 0.2210264508487959,
            "entropy_ap": 0.04119208454579066,
            "entropy_f1": 0.013333333333333334,
            "avg_normal_entropy": 0.5415130853652954,
            "avg_abnormal_entropy": 0.11133474856615067,
            "avg_normal_recon": 0.7590736150741577,
            "avg_abnormal_recon": 0.7868203520774841
        },
        {
            "run": 2,
            "train_time": 39.51588273048401,
            "test_time": 0.06307435035705566,
            "epochs": 179,
            "rauc": 0.7950940913278063,
            "ap": 0.11836644288761608,
            "f1": 0.07333333333333333,
            "entropy_rauc": 0.6018870904066325,
            "entropy_ap": 0.07557219457023986,
            "entropy_f1": 0.05333333333333334,
            "avg_normal_entropy": 0.0283642690628767,
            "avg_abnormal_entropy": 0.043351247906684875,
            "avg_normal_recon": 0.6994990706443787,
            "avg_abnormal_recon": 0.701808750629425
        },
        {
            "run": 3,
            "train_time": 15.945035457611084,
            "test_time": 0.047068119049072266,
            "epochs": 129,
            "rauc": 0.723179365706014,
            "ap": 0.08806697978929746,
            "f1": 0.006666666666666667,
            "entropy_rauc": 0.472098960389525,
            "entropy_ap": 0.053190378425754324,
            "entropy_f1": 0.04745762711864407,
            "avg_normal_entropy": 1.6093679666519165,
            "avg_abnormal_entropy": 1.6094077825546265,
            "avg_normal_recon": 0.8005251884460449,
            "avg_abnormal_recon": 0.6506169438362122
        },
        {
            "run": 4,
            "train_time": 9.414044618606567,
            "test_time": 0.07577848434448242,
            "epochs": 75,
            "rauc": 0.74000789577576,
            "ap": 0.09561069256932815,
            "f1": 0.02666666666666667,
            "entropy_rauc": 0.660093433346493,
            "entropy_ap": 0.0754868035363967,
            "entropy_f1": 0.03333333333333333,
            "avg_normal_entropy": 1.6080251932144165,
            "avg_abnormal_entropy": 1.6093482971191406,
            "avg_normal_recon": 0.7021511793136597,
            "avg_abnormal_recon": 0.7163776159286499
        },
        {
            "run": 5,
            "train_time": 53.34468865394592,
            "test_time": 0.061162471771240234,
            "epochs": 250,
            "rauc": 0.6775101987103567,
            "ap": 0.0774104284893896,
            "f1": 0.013333333333333334,
            "entropy_rauc": 0.6783326753520201,
            "entropy_ap": 0.07858555289302291,
            "entropy_f1": 0.0,
            "avg_normal_entropy": 1.5212124586105347,
            "avg_abnormal_entropy": 1.5989097356796265,
            "avg_normal_recon": 0.7708714604377747,
            "avg_abnormal_recon": 0.7353705167770386
        },
        {
            "run": 6,
            "train_time": 40.031359910964966,
            "test_time": 0.06973791122436523,
            "epochs": 187,
            "rauc": 0.7463824187393078,
            "ap": 0.10024448800537909,
            "f1": 0.04666666666666667,
            "entropy_rauc": 0.33621265956046853,
            "entropy_ap": 0.03914921032915058,
            "entropy_f1": 0.02,
            "avg_normal_entropy": 0.04493369907140732,
            "avg_abnormal_entropy": 0.017576470971107483,
            "avg_normal_recon": 0.8822274208068848,
            "avg_abnormal_recon": 0.7189627289772034
        },
        {
            "run": 7,
            "train_time": 36.5429368019104,
            "test_time": 0.0714561939239502,
            "epochs": 163,
            "rauc": 0.6501644953283325,
            "ap": 0.07383219802278398,
            "f1": 0.013333333333333334,
            "entropy_rauc": 0.6196433741281747,
            "entropy_ap": 0.06595649925983628,
            "entropy_f1": 0.02,
            "avg_normal_entropy": 1.6082168817520142,
            "avg_abnormal_entropy": 1.6093560457229614,
            "avg_normal_recon": 0.7747690081596375,
            "avg_abnormal_recon": 0.649219274520874
        },
        {
            "run": 8,
            "train_time": 33.394402265548706,
            "test_time": 0.04597949981689453,
            "epochs": 220,
            "rauc": 0.6966916699565733,
            "ap": 0.08102364078898318,
            "f1": 0.02,
            "entropy_rauc": 0.3613922884590077,
            "entropy_ap": 0.04749751800004971,
            "entropy_f1": 0.04,
            "avg_normal_entropy": 0.4494689106941223,
            "avg_abnormal_entropy": 0.2078721672296524,
            "avg_normal_recon": 1.0679895877838135,
            "avg_abnormal_recon": 0.7015262842178345
        },
        {
            "run": 9,
            "train_time": 46.39255213737488,
            "test_time": 0.16437244415283203,
            "epochs": 205,
            "rauc": 0.618076062639821,
            "ap": 0.06796468396556578,
            "f1": 0.013333333333333334,
            "entropy_rauc": 0.6893380707987893,
            "entropy_ap": 0.0828414483736486,