{
    "model_config": {
        "num_features": 500,
        "hidden_dim": 128,
        "depth": 4,
        "num_heads": 4,
        "mlp_ratio": 4.0,
        "dropout_prob": 0.0,
        "temperature": 1.0,
        "contrastive_loss_weight": 0.001,
        "use_flash_attn": true
    },
    "train_config": {
        "data_dir": "Data/",
        "epochs": 50,
        "learning_rate": 0.001,
        "sche_gamma": 0.95,
        "batch_size": 512,
        "random_seed": 42,
        "num_workers": 0,
        "preprocess": "standard",
        "patience": 20,
        "min_delta": 0,
        "use_amp": true,
        "model_type": "TAECL",
        "dataset_name": "census",
        "base_path": "results/TAECL-temp1.0-contra0.001/census/1.0",
        "exp_name": "TAECL-temp1.0-contra0.001",
        "runs": 10,
        "train_ratio": 1.0
    },
    "mean_metrics": {
        "contra_avg_abnormal": -0.012021779734641313,
        "contra_ap": 0.20796272742779132,
        "contra_avg_normal": -0.012051929067820311,
        "contra_f1": 0.21534901307354323,
        "avg_normal": 0.01749141961336136,
        "combined_ap": 0.24399575660538525,
        "combined_avg_abnormal": 0.0610118392854929,
        "combined_rauc": 0.7227054952517141,
        "ap": 0.2424746079703362,
        "combined_f1": 0.2946467040068936,
        "rauc": 0.7155012571298098,
        "avg_abnormal": 0.07303361482918262,
        "combined_avg_normal": 0.005439490877324715,
        "f1": 0.2948082722964239,
        "contra_rauc": 0.6931640538121365
    },
    "std_metrics": {
        "contra_avg_abnormal_std": 5.0873779087076976e-05,
        "contra_ap_std": 0.019576092945169366,
        "contra_avg_normal_std": 6.012473720330086e-05,
        "contra_f1_std": 0.022634303284853146,
        "avg_normal_std": 0.0030768006013773947,
        "combined_ap_std": 0.0072329935987135805,
        "combined_avg_abnormal_std": 0.009929287780765943,
        "combined_rauc_std": 0.0066586973401417055,
        "ap_std": 0.007815631240721398,
        "combined_f1_std": 0.017130522931843712,
        "rauc_std": 0.009472502430953341,
        "avg_abnormal_std": 0.009952140410235262,
        "combined_avg_normal_std": 0.0030753764287356927,
        "f1_std": 0.01721177146149524,
        "contra_rauc_std": 0.03188935691322604
    },
    "total_time": 34639.05675601959,
    "all_seeds": [
        {
            "run": 0,
            "train_time": 3397.304618835449,
            "test_time": 45.569519996643066,
            "epochs": 50,
            "rauc": 0.7059068409237874,
            "ap": 0.2406558258357908,
            "f1": 0.30983412322274884,
            "avg_normal": 0.014432200230658054,
            "avg_abnormal": 0.055930595844984055,
            "contra_rauc": 0.71870494670988,
            "contra_ap": 0.21603140498405626,
            "contra_f1": 0.23778106907230376,
            "contra_avg_normal": -0.012011724524199963,
            "contra_avg_abnormal": -0.011982059106230736,
            "combined_rauc": 0.7215745858118199,
            "combined_ap": 0.24430146655487808,
            "combined_f1": 0.30983412322274884,
            "combined_avg_normal": 0.0024204764049500227,
            "combined_avg_abnormal": 0.04394853487610817
        },
        {
            "run": 1,
            "train_time": 3414.1044623851776,
            "test_time": 45.26115822792053,
            "epochs": 50,
            "rauc": 0.7289719959164602,
            "ap": 0.2604094519488098,
            "f1": 0.32065919862128395,
            "avg_normal": 0.02165447734296322,
            "avg_abnormal": 0.08709670603275299,
            "contra_rauc": 0.7075626907540431,
            "contra_ap": 0.23933758006246802,
            "contra_f1": 0.2356869715085905,
            "contra_avg_normal": -0.012041171081364155,
            "contra_avg_abnormal": -0.0120120570063591,
            "combined_rauc": 0.7324519725206772,
            "combined_ap": 0.2611982783201545,
            "combined_f1": 0.3206053425247738,
            "combined_avg_normal": 0.009613309986889362,
            "combined_avg_abnormal": 0.07508464902639389
        },
        {
            "run": 2,
            "train_time": 3413.2295141220093,
            "test_time": 46.16293215751648,
            "epochs": 50,
            "rauc": 0.7114901864683244,
            "ap": 0.23481696220689477,
            "f1": 0.267664799655321,
            "avg_normal": 0.01543655339628458,
            "avg_abnormal": 0.07610789686441422,
            "contra_rauc": 0.6771497861584634,
            "contra_ap": 0.1934968072022494,
            "contra_f1": 0.19872899612236106,
            "contra_avg_normal": -0.012077231891453266,
            "contra_avg_abnormal": -0.012048916891217232,
            "combined_rauc": 0.7170748803433789,
            "combined_ap": 0.23577935218238677,
            "combined_f1": 0.2676109435588109,
            "combined_avg_normal": 0.003359320340678096,
            "combined_avg_abnormal": 0.06405898928642273
        },
        {
            "run": 3,
            "train_time": 3451.6559977531433,
            "test_time": 46.656755447387695,
            "epochs": 50,
            "rauc": 0.7168197045721734,
            "ap": 0.24274688118848675,
            "f1": 0.30369452822059456,
            "avg_normal": 0.015228054486215115,
            "avg_abnormal": 0.06603984534740448,
            "contra_rauc": 0.7231396103870888,
            "contra_ap": 0.2165997445852734,
            "contra_f1": 0.23071951744937527,
            "contra_avg_normal": -0.012029621750116348,
            "contra_avg_abnormal": -0.011996341869235039,
            "combined_rauc": 0.7295387877915902,
            "combined_ap": 0.2456997361597135,
            "combined_f1": 0.30326367944851357,
            "combined_avg_normal": 0.0031984320376068354,
            "combined_avg_abnormal": 0.05404350534081459
        },
        {
            "run": 4,
            "train_time": 3435.303778886795,
            "test_time": 46.365886211395264,
            "epochs": 50,
            "rauc": 0.7207830983394558,
            "ap": 0.24428831535009393,
            "f1": 0.29265402843601895,
            "avg_normal": 0.016094574704766273,
            "avg_abnormal": 0.07099037617444992,
            "contra_rauc": 0.7063973429613106,
            "contra_ap": 0.21787879646034278,
            "contra_f1": 0.22382593709607929,
            "contra_avg_normal": -0.012098380364477634,
            "contra_avg_abnormal": -0.012061466462910175,
            "combined_rauc": 0.7263934072328758,
            "combined_ap": 0.24552350710523263,
            "combined_f1": 0.2927078845325291,
            "combined_avg_normal": 0.00399619247764349,
            "combined_avg_abnormal": 0.05892891809344292
        },
        {
            "run": 5,
            "train_time": 3438.679668188095,
            "test_time": 47.32000970840454,
            "epochs": 50,
            "rauc": 0.7086217383788851,
            "ap": 0.23814563227533814,
            "f1": 0.287052994398966,
            "avg_normal": 0.022603124380111694,
            "avg_abnormal": 0.07250253111124039,
            "contra_rauc": 0.6775605496404817,
            "contra_ap": 0.2093945308440599,
            "contra_f1": 0.22571090047393366,
            "contra_avg_normal": -0.012024114839732647,
            "contra_avg_abnormal": -0.012002685107290745,
            "combined_rauc": 0.7128937020360964,
            "combined_ap": 0.23897698810186585,
            "combined_f1": 0.2869991383024558,
            "combined_avg_normal": 0.010579013265669346,
            "combined_avg_abnormal": 0.060499850660562515
        },
        {
            "run": 6,
            "train_time": 3405.4486043453217,
            "test_time": 45.1309175491333,
            "epochs": 50,
            "rauc": 0.7334689348900141,
            "ap": 0.2527678087305755,
            "f1": 0.3197436449806118,
            "avg_normal": 0.012693959288299084,