{
    "model_config": {
        "num_features": 36,
        "hidden_dim": 32,
        "depth": 4,
        "num_heads": 4,
        "mlp_ratio": 4.0,
        "dropout_prob": 0.0,
        "use_flash_attn": false,
        "ema_decay": 0.999,
        "contrastive_loss_weight": 0.01
    },
    "train_config": {
        "data_dir": "Data/",
        "epochs": 200,
        "learning_rate": 0.001,
        "sche_gamma": 0.95,
        "batch_size": 512,
        "random_seed": 42,
        "num_workers": 0,
        "preprocess": "standard",
        "patience": 10,
        "min_delta": 0,
        "use_amp": false,
        "model_type": "TKDAD",
        "dataset_name": "satimage-2",
        "base_path": "results/TKDAD-d32-lr0.001-contra0.01/satimage-2/1.0",
        "exp_name": "TKDAD-d32-lr0.001-contra0.01",
        "runs": 10,
        "train_ratio": 1.0
    },
    "mean_metrics": {
        "rauc": 0.9893447215041821,
        "avg_normal_score": 0.004419521824456751,
        "avg_abnormal_score": 0.03632497377693653,
        "ap": 0.7505876108729046,
        "f1": 0.7042253521126761
    },
    "std_metrics": {
        "rauc_std": 0.005306587945886585,
        "avg_normal_score_std": 0.0009480713790389311,
        "avg_abnormal_score_std": 0.019021442279947974,
        "ap_std": 0.1672456460904187,
        "f1_std": 0.14321942331139337
    },
    "total_time": 236.14620733261108,
    "all_seeds": [
        {
            "run": 0,
            "train_time": 27.92348837852478,
            "test_time": 0.05665993690490723,
            "epochs": 109,
            "rauc": 0.9894095908318017,
            "ap": 0.7600810837194277,
            "f1": 0.676056338028169,
            "avg_normal_score": 0.004738692659884691,
            "avg_abnormal_score": 0.03247516229748726
        },
        {
            "run": 1,
            "train_time": 22.49642038345337,
            "test_time": 0.06756711006164551,
            "epochs": 90,
            "rauc": 0.994083131026213,
            "ap": 0.9196988006793086,
            "f1": 0.8450704225352113,
            "avg_normal_score": 0.0036975513212382793,
            "avg_abnormal_score": 0.03231333568692207
        },
        {
            "run": 2,
            "train_time": 44.53406119346619,
            "test_time": 0.039380788803100586,
            "epochs": 200,
            "rauc": 0.9838662119261276,
            "ap": 0.7032334219314014,
            "f1": 0.6197183098591549,
            "avg_normal_score": 0.002709725871682167,
            "avg_abnormal_score": 0.0182351041585207
        },
        {
            "run": 3,
            "train_time": 7.601819038391113,
            "test_time": 0.03873419761657715,
            "epochs": 98,
            "rauc": 0.9915080152934355,
            "ap": 0.7240693333035402,
            "f1": 0.7183098591549296,
            "avg_normal_score": 0.003995892126113176,
            "avg_abnormal_score": 0.021841976791620255
        },
        {
            "run": 4,
            "train_time": 11.906084537506104,
            "test_time": 0.041736602783203125,
            "epochs": 132,
            "rauc": 0.9965157308119477,
            "ap": 0.9437547554644045,
            "f1": 0.9014084507042254,
            "avg_normal_score": 0.004238709341734648,
            "avg_abnormal_score": 0.05707976594567299
        },
        {
            "run": 5,
            "train_time": 24.13720202445984,
            "test_time": 0.04231452941894531,
            "epochs": 200,
            "rauc": 0.9781262593003941,
            "ap": 0.4378287794625467,
            "f1": 0.4225352112676056,
            "avg_normal_score": 0.004536673426628113,
            "avg_abnormal_score": 0.016778549179434776
        },
        {
            "run": 6,
            "train_time": 30.016322135925293,
            "test_time": 0.05840253829956055,
            "epochs": 200,
            "rauc": 0.9850603972754882,
            "ap": 0.47620212471146794,
            "f1": 0.5070422535211268,
            "avg_normal_score": 0.0036071443464607,
            "avg_abnormal_score": 0.016605958342552185
        },
        {
            "run": 7,
            "train_time": 15.947154521942139,
            "test_time": 0.04242444038391113,
            "epochs": 93,
            "rauc": 0.994579479669363,
            "ap": 0.8773097656409078,
            "f1": 0.7605633802816901,
            "avg_normal_score": 0.00604707095772028,
            "avg_abnormal_score": 0.057314369827508926
        },
        {
            "run": 8,
            "train_time": 28.97933006286621,
            "test_time": 0.07000923156738281,
            "epochs": 133,
            "rauc": 0.9899059394749516,
            "ap": 0.8966268607701701,
            "f1": 0.8028169014084507,
            "avg_normal_score": 0.004915316589176655,
            "avg_abnormal_score": 0.07384604215621948
        },
        {
            "run": 9,
            "train_time": 20.262380361557007,
            "test_time": 0.046109676361083984,
            "epochs": 106,
            "rauc": 0.9903924594320985,
            "ap": 0.7670711830458717,
            "f1": 0.7887323943661971,
            "avg_normal_score": 0.005708441603928804,
            "avg_abnormal_score": 0.036759473383426666
        }
    ]
}