{
    "model_config": {
        "num_heads": 4,
        "num_latents": 2,
        "num_memories": 73,
        "depth": 4,
        "hidden_dim": 64,
        "mlp_ratio": 4.0,
        "dropout_prob": 0.0,
        "temperature": 0.1,
        "sim_type": "cos",
        "use_oe": true,
        "oe_lambda": 0.1,
        "oe_shuffle_ratio": 0.1,
        "oe_lambda_memory": 0.0,
        "is_weight_sharing": false,
        "use_pos_enc_as_query": false,
        "use_mask_token": false,
        "num_features": 6
    },
    "train_config": {
        "data_dir": "Data/",
        "epochs": 250,
        "learning_rate": 0.01,
        "sche_gamma": 0.95,
        "batch_size": 512,
        "random_seed": 42,
        "num_workers": 0,
        "preprocess": "standard",
        "model_type": "OELATTE",
        "dataset_name": "mammography",
        "train_ratio": 1.0,
        "base_path": "results/OELATTE-d64-oe_lam0.1-oe_rat0.1/mammography/1.0",
        "not_use_power_of_two": false,
        "num_memories_not_use_power_of_two": false,
        "num_memories_twice": false,
        "contamination_ratio": null,
        "latent_ratio": null,
        "memory_ratio": null,
        "run": 9
    },
    "mean_metrics": {
        "AUC-ROC": 0.8777703644762415,
        "AUC-PR": 0.4213817568582253,
        "f1": 0.4226923076923076
    },
    "total_time": 431.0384774208069,
    "all_seeds": [
        {
            "run": 0,
            "AUC-ROC": 0.8852456130467847,
            "AUC-PR": 0.3988220639933225,
            "f1": 0.38076923076923075,
            "train_time": 64.96531391143799,
            "test_time": 0.10413670539855957,
            "epochs": 116
        },
        {
            "run": 1,
            "AUC-ROC": 0.8997556544517366,
            "AUC-PR": 0.45300045691577573,
            "f1": 0.4576923076923077,
            "train_time": 11.755643129348755,
            "test_time": 0.10461282730102539,
            "epochs": 17
        },
        {
            "run": 2,
            "AUC-ROC": 0.851112582035321,
            "AUC-PR": 0.3648072397966004,
            "f1": 0.3423076923076923,
            "train_time": 64.59210109710693,
            "test_time": 0.10646843910217285,
            "epochs": 117
        },
        {
            "run": 3,
            "AUC-ROC": 0.8848019885643466,
            "AUC-PR": 0.5116519312742231,
            "f1": 0.49230769230769234,
            "train_time": 16.959705352783203,
            "test_time": 0.10552167892456055,
            "epochs": 27
        },
        {
            "run": 4,
            "AUC-ROC": 0.8939248091710559,
            "AUC-PR": 0.39635869590454265,
            "f1": 0.4307692307692308,
            "train_time": 10.684681415557861,
            "test_time": 0.10524725914001465,
            "epochs": 15
        },
        {
            "run": 5,
            "AUC-ROC": 0.877487817930879,
            "AUC-PR": 0.3917587701870977,
            "f1": 0.3769230769230769,
            "train_time": 71.16272568702698,
            "test_time": 0.10423135757446289,
            "epochs": 128
        },
        {
            "run": 6,
            "AUC-ROC": 0.8706264259358365,
            "AUC-PR": 0.4451183796547723,
            "f1": 0.4423076923076923,
            "train_time": 53.54894423484802,
            "test_time": 0.10683012008666992,
            "epochs": 95
        },
        {
            "run": 7,
            "AUC-ROC": 0.87459721713658,
            "AUC-PR": 0.4404225193885586,
            "f1": 0.4423076923076923,
            "train_time": 8.197461605072021,
            "test_time": 0.10451054573059082,
            "epochs": 10
        },
        {
            "run": 8,
            "AUC-ROC": 0.8650142241500718,
            "AUC-PR": 0.39328948269925634,
            "f1": 0.40384615384615385,
            "train_time": 70.12929272651672,
            "test_time": 0.10410690307617188,
            "epochs": 128
        },
        {
            "run": 9,
            "AUC-ROC": 0.8751373123398023,
            "AUC-PR": 0.4185880287681033,
            "f1": 0.4576923076923077,
            "train_time": 56.0510733127594,
            "test_time": 0.10627985000610352,
            "epochs": 124
        }
    ]
}