{
    "model_config": {
        "num_heads": 4,
        "num_latents": 2,
        "num_memories": 73,
        "depth": 4,
        "hidden_dim": 64,
        "mlp_ratio": 4.0,
        "dropout_prob": 0.0,
        "temperature": 0.1,
        "sim_type": "cos",
        "use_oe": true,
        "oe_lambda": 0.1,
        "oe_shuffle_ratio": 0.5,
        "oe_lambda_memory": 1.0,
        "is_weight_sharing": false,
        "use_pos_enc_as_query": false,
        "use_mask_token": false,
        "num_features": 6
    },
    "train_config": {
        "data_dir": "Data/",
        "epochs": 250,
        "learning_rate": 0.01,
        "sche_gamma": 0.95,
        "batch_size": 512,
        "random_seed": 42,
        "num_workers": 0,
        "preprocess": "standard",
        "model_type": "OELATTE",
        "dataset_name": "mammography",
        "train_ratio": 1.0,
        "base_path": "results/OELATTE-d64-oe_lam0.1-oe_rat0.5-oe_lam_mem1.0/mammography/1.0",
        "not_use_power_of_two": false,
        "num_memories_not_use_power_of_two": false,
        "num_memories_twice": false,
        "contamination_ratio": null,
        "latent_ratio": null,
        "memory_ratio": null,
        "run": 9
    },
    "mean_metrics": {
        "AUC-ROC": 0.8168587865814156,
        "AUC-PR": 0.3054215553800536,
        "f1": 0.3588461538461538
    },
    "total_time": 169.91760063171387,
    "all_seeds": [
        {
            "run": 0,
            "AUC-ROC": 0.8425900628115934,
            "AUC-PR": 0.24175992666250584,
            "f1": 0.2692307692307692,
            "train_time": 18.76383090019226,
            "test_time": 0.06423211097717285,
            "epochs": 29
        },
        {
            "run": 1,
            "AUC-ROC": 0.8649254992535842,
            "AUC-PR": 0.3029144284675349,
            "f1": 0.3384615384615385,
            "train_time": 17.781731367111206,
            "test_time": 0.07354974746704102,
            "epochs": 29
        },
        {
            "run": 2,
            "AUC-ROC": 0.8907972565698674,
            "AUC-PR": 0.37865155996036737,
            "f1": 0.45384615384615384,
            "train_time": 16.90309476852417,
            "test_time": 0.057982683181762695,
            "epochs": 29
        },
        {
            "run": 3,
            "AUC-ROC": 0.8621771399600033,
            "AUC-PR": 0.3974244307361666,
            "f1": 0.45,
            "train_time": 15.71393084526062,
            "test_time": 0.07914543151855469,
            "epochs": 29
        },
        {
            "run": 4,
            "AUC-ROC": 0.8060614595949639,
            "AUC-PR": 0.16239579352338968,
            "f1": 0.19615384615384615,
            "train_time": 17.75631594657898,
            "test_time": 0.07735943794250488,
            "epochs": 29
        },
        {
            "run": 5,
            "AUC-ROC": 0.8103639129087683,
            "AUC-PR": 0.3370747765337221,
            "f1": 0.36923076923076925,
            "train_time": 17.309577465057373,
            "test_time": 0.10396957397460938,
            "epochs": 28
        },
        {
            "run": 6,
            "AUC-ROC": 0.5997577669492719,
            "AUC-PR": 0.164234025748329,
            "f1": 0.28076923076923077,
            "train_time": 12.371277093887329,
            "test_time": 0.05586886405944824,
            "epochs": 29
        },
        {
            "run": 7,
            "AUC-ROC": 0.78179801706898,
            "AUC-PR": 0.2776407847340481,
            "f1": 0.29615384615384616,
            "train_time": 15.54359245300293,
            "test_time": 0.10328865051269531,
            "epochs": 28
        },
        {
            "run": 8,
            "AUC-ROC": 0.8842231642396416,
            "AUC-PR": 0.41278689261124035,
            "f1": 0.49230769230769234,
            "train_time": 17.77170205116272,
            "test_time": 0.07395505905151367,
            "epochs": 29
        },
        {
            "run": 9,
            "AUC-ROC": 0.8258935864574825,
            "AUC-PR": 0.37933293482323205,
            "f1": 0.4423076923076923,
            "train_time": 16.99765110015869,
            "test_time": 0.0591731071472168,
            "epochs": 29
        }
    ]
}