{
    "model_config": {
        "num_features": 30,
        "hidden_dim": 64,
        "depth": 4,
        "depth_enc": null,
        "depth_dec": null,
        "num_heads": 4,
        "mlp_ratio": 4.0,
        "dropout_prob": 0.0,
        "temperature": 0.1,
        "byol_loss_weight": 0.01,
        "dacl_alpha": 0.9,
        "projector_dim": null,
        "byol_momentum": 0.99,
        "use_flash_attn": false
    },
    "train_config": {
        "data_dir": "Data/",
        "epochs": 200,
        "learning_rate": 0.01,
        "sche_gamma": 0.95,
        "batch_size": 512,
        "random_seed": 42,
        "num_workers": 0,
        "preprocess": "standard",
        "patience": 10,
        "min_delta": 0,
        "use_amp": false,
        "model_type": "TAEDACL",
        "dataset_name": "wbc",
        "base_path": "results/TAEDACL-260125-bw0.01-ap0.9-ep200-ep170/wbc/1.0",
        "exp_name": "TAEDACL-260125-bw0.01-ap0.9-ep200-ep170",
        "runs": 10,
        "train_ratio": 1.0
    },
    "start_time_kst": "2026-01-25T15:58:35+09:00",
    "mean_metrics": {
        "rauc": 0.9530992285182229,
        "ap": 0.7755143767760254,
        "f1": 0.6685249709639953,
        "avg_normal": 0.39191252887248995,
        "avg_abnormal": 5.600800943374634
    },
    "std_metrics": {
        "rauc_std": 0.013259337559300997,
        "ap_std": 0.05114119257515207,
        "f1_std": 0.059662765202906164,
        "avg_normal_std": 0.08523107633934134,
        "avg_abnormal_std": 0.6812533982602781
    },
    "total_time": 208.68656587600708,
    "all_seeds": [
        {
            "rauc": 0.948390529396116,
            "ap": 0.7752027536582853,
            "f1": 0.7142857142857143,
            "avg_normal": 0.4562908709049225,
            "avg_abnormal": 5.865192890167236,
            "run": 0,
            "epochs": 200,
            "train_time": 19.669395208358765,
            "test_time": 0.025075197219848633
        },
        {
            "rauc": 0.942803937217345,
            "ap": 0.73113332682187,
            "f1": 0.6190476190476191,
            "avg_normal": 0.49490606784820557,
            "avg_abnormal": 6.311882972717285,
            "run": 1,
            "epochs": 200,
            "train_time": 21.227200746536255,
            "test_time": 0.033010005950927734
        },
        {
            "rauc": 0.9497206703910615,
            "ap": 0.7785079253829257,
            "f1": 0.6666666666666666,
            "avg_normal": 0.4234669506549835,
            "avg_abnormal": 6.993241310119629,
            "run": 2,
            "epochs": 200,
            "train_time": 17.43734574317932,
            "test_time": 0.03050684928894043
        },
        {
            "rauc": 0.9300345836658687,
            "ap": 0.6713645604150582,
            "f1": 0.5714285714285714,
            "avg_normal": 0.5369599461555481,
            "avg_abnormal": 5.67583703994751,
            "run": 3,
            "epochs": 200,
            "train_time": 21.712514877319336,
            "test_time": 0.028737306594848633
        },
        {
            "rauc": 0.9654163341314179,
            "ap": 0.8069699294036872,
            "f1": 0.7142857142857143,
            "avg_normal": 0.29790565371513367,
            "avg_abnormal": 5.7104082107543945,
            "run": 4,
            "epochs": 200,
            "train_time": 19.04154896736145,
            "test_time": 0.030361175537109375
        },
        {
            "rauc": 0.9497206703910615,
            "ap": 0.7510093642774138,
            "f1": 0.6190476190476191,
            "avg_normal": 0.35109055042266846,
            "avg_abnormal": 5.2904133796691895,
            "run": 5,
            "epochs": 200,
            "train_time": 20.871344804763794,
            "test_time": 0.03155374526977539
        },
        {
            "rauc": 0.9662144187283852,
            "ap": 0.8171972491929997,
            "f1": 0.7142857142857143,
            "avg_normal": 0.3100622594356537,
            "avg_abnormal": 5.280723571777344,
            "run": 6,
            "epochs": 200,
            "train_time": 21.685850143432617,
            "test_time": 0.03402447700500488
        },
        {
            "rauc": 0.9598297419526469,
            "ap": 0.8221666241251497,
            "f1": 0.6666666666666666,
            "avg_normal": 0.336772620677948,
            "avg_abnormal": 4.890294075012207,
            "run": 7,
            "epochs": 200,
            "train_time": 21.719614028930664,
            "test_time": 0.033672332763671875
        },
        {
            "rauc": 0.9417398244213887,
            "ap": 0.7435853043406322,
            "f1": 0.6190476190476191,
            "avg_normal": 0.4364885687828064,
            "avg_abnormal": 5.57440710067749,
            "run": 8,
            "epochs": 200,
            "train_time": 21.58792996406555,
            "test_time": 0.02963542938232422
        },
        {
            "rauc": 0.977121574886938,
            "ap": 0.8580067301422323,
            "f1": 0.7804878048780488,
            "avg_normal": 0.2751818001270294,
            "avg_abnormal": 4.415608882904053,
            "run": 9,
            "epochs": 200,
            "train_time": 21.308836936950684,
            "test_time": 0.029546022415161133
        }
    ]
}