{
    "model_config": {
        "num_heads": 4,
        "num_latents": 7,
        "num_memories": 135,
        "depth": 4,
        "hidden_dim": 64,
        "mlp_ratio": 4.0,
        "dropout_prob": 0.0,
        "temperature": 0.1,
        "sim_type": "cos",
        "use_oe": true,
        "oe_lambda": 0.1,
        "oe_shuffle_ratio": 0.5,
        "oe_lambda_memory": 0.01,
        "is_weight_sharing": false,
        "use_pos_enc_as_query": false,
        "use_mask_token": false,
        "num_features": 62
    },
    "train_config": {
        "data_dir": "Data/",
        "epochs": 250,
        "learning_rate": 0.01,
        "sche_gamma": 0.95,
        "batch_size": 512,
        "random_seed": 42,
        "num_workers": 0,
        "preprocess": "standard",
        "model_type": "OELATTE",
        "dataset_name": "campaign",
        "train_ratio": 1.0,
        "base_path": "results/OELATTE-d64-oe_lam0.1-oe_rat0.5-oe_lam_mem0.01/campaign/1.0",
        "not_use_power_of_two": false,
        "num_memories_not_use_power_of_two": false,
        "num_memories_twice": false,
        "contamination_ratio": null,
        "latent_ratio": null,
        "memory_ratio": null,
        "run": 9
    },
    "mean_metrics": {
        "AUC-ROC": 0.777495403423179,
        "AUC-PR": 0.4551677698580587,
        "f1": 0.4774353448275862
    },
    "total_time": 2108.048804283142,
    "all_seeds": [
        {
            "run": 0,
            "AUC-ROC": 0.7868208211308323,
            "AUC-PR": 0.4868060807854042,
            "f1": 0.5004310344827586,
            "train_time": 92.78500938415527,
            "test_time": 0.43480563163757324,
            "epochs": 46
        },
        {
            "run": 1,
            "AUC-ROC": 0.754624663409102,
            "AUC-PR": 0.4603274938295038,
            "f1": 0.4663793103448276,
            "train_time": 198.92277765274048,
            "test_time": 0.30132293701171875,
            "epochs": 108
        },
        {
            "run": 2,
            "AUC-ROC": 0.7838675308427652,
            "AUC-PR": 0.44231187780118475,
            "f1": 0.46077586206896554,
            "train_time": 289.8571922779083,
            "test_time": 0.3463435173034668,
            "epochs": 159
        },
        {
            "run": 3,
            "AUC-ROC": 0.7794019284512007,
            "AUC-PR": 0.4094749600002914,
            "f1": 0.46573275862068964,
            "train_time": 205.25773882865906,
            "test_time": 0.28770899772644043,
            "epochs": 110
        },
        {
            "run": 4,
            "AUC-ROC": 0.7624180930698599,
            "AUC-PR": 0.4376517259797812,
            "f1": 0.4394396551724138,
            "train_time": 185.1559603214264,
            "test_time": 0.3047635555267334,
            "epochs": 100
        },
        {
            "run": 5,
            "AUC-ROC": 0.6890832568318281,
            "AUC-PR": 0.3461789753585488,
            "f1": 0.35625,
            "train_time": 244.907808303833,
            "test_time": 0.3023090362548828,
            "epochs": 133
        },
        {
            "run": 6,
            "AUC-ROC": 0.8366652097572206,
            "AUC-PR": 0.5397049226332629,
            "f1": 0.5732758620689655,
            "train_time": 248.66045594215393,
            "test_time": 0.41624975204467773,
            "epochs": 136
        },
        {
            "run": 7,
            "AUC-ROC": 0.7431535477199562,
            "AUC-PR": 0.4121171646322669,
            "f1": 0.41530172413793104,
            "train_time": 219.4588623046875,
            "test_time": 0.32532644271850586,
            "epochs": 119
        },
        {
            "run": 8,
            "AUC-ROC": 0.834685845350281,
            "AUC-PR": 0.5529303542703028,
            "f1": 0.5829741379310345,
            "train_time": 172.43419313430786,
            "test_time": 0.29761219024658203,
            "epochs": 91
        },
        {
            "run": 9,
            "AUC-ROC": 0.8042331376687436,
            "AUC-PR": 0.46417414329004014,
            "f1": 0.5137931034482759,
            "train_time": 244.3034074306488,
            "test_time": 0.40233612060546875,
            "epochs": 133
        }
    ]
}