{
    "model_config": {
        "hidden_dim": 64,
        "depth": 4,
        "num_heads": 4,
        "mlp_ratio": 4.0,
        "dropout_prob": 0.0,
        "num_prototypes": 16,
        "temperature": 0.1,
        "sinkhorn_iters": 3,
        "sinkhorn_eps": 0.05,
        "contrastive_loss_weight": 1.0,
        "use_flash_attn": false,
        "num_features": 9
    },
    "train_config": {
        "data_dir": "Data/",
        "epochs": 250,
        "learning_rate": 0.01,
        "sche_gamma": 0.95,
        "batch_size": 64,
        "random_seed": 42,
        "num_workers": 0,
        "preprocess": "standard",
        "patience": 20,
        "use_amp": false,
        "model_type": "ProtoAD",
        "dataset_name": "breastw",
        "base_path": "results/ProtoAD-d64-proto16-eps0.05-contra1.0-temp0.1/breastw/1.0",
        "exp_name": "ProtoAD-d64-proto16-eps0.05-contra1.0-temp0.1",
        "runs": 10,
        "train_ratio": 1.0,
        "run": 9
    },
    "mean_metrics": {
        "rauc": 0.9848222699687135,
        "ap": 0.9820858534200486,
        "f1": 0.949149583782883,
        "entropy_rauc": 0.4095800821742245,
        "entropy_ap": 0.4697102947224872,
        "entropy_f1": 0.4407546238231922,
        "avg_normal_entropy": 0.5266943454742432,
        "avg_abnormal_entropy": 0.44488249719142914,
        "avg_normal_recon": 0.6134711056947708,
        "avg_abnormal_recon": 16.16179027557373
    },
    "std_metrics": {
        "rauc_std": 0.004011465551315138,
        "ap_std": 0.00575457283211323,
        "f1_std": 0.010269700830077562,
        "entropy_rauc_std": 0.14130321732923523,
        "entropy_ap_std": 0.06272820081153578,
        "entropy_f1_std": 0.1206112284475738,
        "avg_normal_entropy_std": 0.06129755645997359,
        "avg_abnormal_entropy_std": 0.10806288480298074,
        "avg_normal_recon_std": 0.20245959474807085,
        "avg_abnormal_recon_std": 4.386545556064797
    },
    "total_time": 160.3821096420288,
    "all_seeds": [
        {
            "run": 0,
            "train_time": 10.31899642944336,
            "test_time": 0.0640115737915039,
            "epochs": 57,
            "rauc": 0.9888423988842399,
            "ap": 0.9884796641618228,
            "f1": 0.9539748953974896,
            "entropy_rauc": 0.5093671076934676,
            "entropy_ap": 0.5243809935864028,
            "entropy_f1": 0.49372384937238495,
            "avg_normal_entropy": 0.5703741312026978,
            "avg_abnormal_entropy": 0.5844072699546814,
            "avg_normal_recon": 0.5312305092811584,
            "avg_abnormal_recon": 19.41874885559082
        },
        {
            "run": 1,
            "train_time": 14.3531653881073,
            "test_time": 0.056715965270996094,
            "epochs": 89,
            "rauc": 0.9890308718760601,
            "ap": 0.9893878871628585,
            "f1": 0.9539748953974896,
            "entropy_rauc": 0.3561574126427683,
            "entropy_ap": 0.4754236859597231,
            "entropy_f1": 0.3663157894736842,
            "avg_normal_entropy": 0.5223918557167053,
            "avg_abnormal_entropy": 0.4039125442504883,
            "avg_normal_recon": 0.4136368930339813,
            "avg_abnormal_recon": 16.543502807617188
        },
        {
            "run": 2,
            "train_time": 11.942347526550293,
            "test_time": 0.06764745712280273,
            "epochs": 72,
            "rauc": 0.9857702891175695,
            "ap": 0.9821461193019322,
            "f1": 0.9497907949790795,
            "entropy_rauc": 0.3323532737758679,
            "entropy_ap": 0.44035077044600907,
            "entropy_f1": 0.40585774058577406,
            "avg_normal_entropy": 0.5762959122657776,
            "avg_abnormal_entropy": 0.4543399512767792,
            "avg_normal_recon": 0.5083826780319214,
            "avg_abnormal_recon": 12.35651683807373
        },
        {
            "run": 3,
            "train_time": 19.73951268196106,
            "test_time": 0.06709647178649902,
            "epochs": 132,
            "rauc": 0.9834897659165441,
            "ap": 0.972681952366042,
            "f1": 0.9665271966527197,
            "entropy_rauc": 0.23919107391910738,
            "entropy_ap": 0.3795813169364687,
            "entropy_f1": 0.3090128755364807,
            "avg_normal_entropy": 0.46772295236587524,
            "avg_abnormal_entropy": 0.27633213996887207,
            "avg_normal_recon": 1.0501618385314941,
            "avg_abnormal_recon": 25.56951141357422
        },
        {
            "run": 4,
            "train_time": 10.4675133228302,
            "test_time": 0.06508564949035645,
            "epochs": 64,
            "rauc": 0.9819442873836178,
            "ap": 0.9800428598427868,
            "f1": 0.9456066945606695,
            "entropy_rauc": 0.6289155264050662,
            "entropy_ap": 0.5765862081750434,
            "entropy_f1": 0.606694560669456,
            "avg_normal_entropy": 0.4855732023715973,
            "avg_abnormal_entropy": 0.5567136406898499,
            "avg_normal_recon": 0.8242734670639038,
            "avg_abnormal_recon": 19.853164672851562
        },
        {
            "run": 5,
            "train_time": 18.903249740600586,
            "test_time": 0.06744098663330078,
            "epochs": 141,
            "rauc": 0.9781748275472125,
            "ap": 0.9740836673880111,
            "f1": 0.9350104821802935,
            "entropy_rauc": 0.13583248520487015,
            "entropy_ap": 0.3532230236502853,
            "entropy_f1": 0.20920502092050208,
            "avg_normal_entropy": 0.6161296963691711,
            "avg_abnormal_entropy": 0.2705483138561249,
            "avg_normal_recon": 0.5371389389038086,
            "avg_abnormal_recon": 12.875746726989746
        },
        {
            "run": 6,
            "train_time": 12.585713863372803,
            "test_time": 0.06635189056396484,
            "epochs": 78,
            "rauc": 0.9852237174412907,
            "ap": 0.9829591203437222,
            "f1": 0.9497907949790795,
            "entropy_rauc": 0.49012401522861776,
            "entropy_ap": 0.5042126709626289,
            "entropy_f1": 0.497907949790795,
            "avg_normal_entropy": 0.5534967184066772,
            "avg_abnormal_entropy": 0.5368704199790955,
            "avg_normal_recon": 0.6403144598007202,
            "avg_abnormal_recon": 15.106375694274902
        },
        {
            "run": 7,
            "train_time": 20.02341628074646,
            "test_time": 0.06427979469299316,
            "epochs": 124,
            "rauc": 0.9841494213879152,
            "ap": 0.9800315318554946,
            "f1": 0.9497907949790795,
            "entropy_rauc": 0.48249085905989675,
            "entropy_ap": 0.48876662020518735,
            "entropy_f1": 0.5188284518828452,
            "avg_normal_entropy": 0.3995017111301422,
            "avg_abnormal_entropy": 0.36034536361694336,
            "avg_normal_recon": 0.6091746687889099,
            "avg_abnormal_recon": 15.088181495666504
        },
        {
            "run": 8,
            "train_time": 20.38567304611206,
            "test_time": 0.06538605690002441,
            "epochs": 127,
            "rauc": 0.9916883410607259,
            "ap": 0.9906069508374165,
            "f1": 0.9581589958158996,
            "entropy_rauc": 0.5374495834746882,
            "entropy_ap": 0.49574632382313244,
            "entropy_f1": 0.602510460251046,
            "avg_normal_entropy": 0.49978095293045044,
            "avg_abnormal_entropy": 0.5338547825813293,
            "avg_normal_recon": 0.2990996837615967,
            "avg_abnormal_recon": 8.958349227905273
        },
        {
            "run": 9,
            "train_time": 18.915231466293335,
            "test_time": 0.06585359573364258,
            "epochs": 118,
            "rauc": 0.9799087790719591,
            "ap": 0.9804387809404003,
            "f1": 0.9288702928870293,
            "entropy_rauc": 0.38391948433789447,