{
    "model_config": {
        "num_features": 9,
        "hidden_dim": 64,
        "depth": 4,
        "num_heads": 4,
        "mlp_ratio": 4.0,
        "dropout_prob": 0.0,
        "use_flash_attn": false,
        "mask_ratio": 0.5,
        "num_eval_repeat": 50,
        "eval_chunk_size": 5
    },
    "train_config": {
        "data_dir": "Data/",
        "epochs": 200,
        "learning_rate": 0.01,
        "sche_gamma": 0.95,
        "batch_size": 512,
        "random_seed": 42,
        "num_workers": 0,
        "preprocess": "standard",
        "patience": 10,
        "min_delta": 0,
        "use_amp": false,
        "model_type": "TMLM",
        "dataset_name": "shuttle",
        "base_path": "results/TMLM-d64-lr0.01-mask0.5-r50/shuttle/1.0",
        "exp_name": "TMLM-d64-lr0.01-mask0.5-r50",
        "runs": 10,
        "train_ratio": 1.0
    },
    "mean_metrics": {
        "ap": 0.9672895512083644,
        "rauc": 0.998086338524311,
        "avg_normal_score": 0.813000026345253,
        "f1": 0.9803189974366278,
        "avg_abnormal_score": 36.686490058898926
    },
    "std_metrics": {
        "ap_std": 0.002961671546557495,
        "rauc_std": 0.00041812850011252955,
        "avg_normal_score_std": 0.5199348063181499,
        "f1_std": 0.004682568719991105,
        "avg_abnormal_score_std": 25.714196690858746
    },
    "total_time": 535.896360874176,
    "all_seeds": [
        {
            "run": 0,
            "train_time": 37.87213087081909,
            "test_time": 1.351680040359497,
            "epochs": 22,
            "rauc": 0.9982197460449933,
            "ap": 0.9637135254109281,
            "f1": 0.9806322984904585,
            "avg_normal_score": 0.44407427310943604,
            "avg_abnormal_score": 24.232397079467773
        },
        {
            "run": 1,
            "train_time": 28.87964630126953,
            "test_time": 1.3744709491729736,
            "epochs": 17,
            "rauc": 0.9983942138566254,
            "ap": 0.9676672530797084,
            "f1": 0.9789233836513813,
            "avg_normal_score": 1.2145172357559204,
            "avg_abnormal_score": 42.220977783203125
        },
        {
            "run": 2,
            "train_time": 33.62409949302673,
            "test_time": 1.3521921634674072,
            "epochs": 20,
            "rauc": 0.9981140057053549,
            "ap": 0.9730469696738722,
            "f1": 0.9846197664483053,
            "avg_normal_score": 0.41442519426345825,
            "avg_abnormal_score": 22.55411148071289
        },
        {
            "run": 3,
            "train_time": 95.51942229270935,
            "test_time": 1.4847755432128906,
            "epochs": 60,
            "rauc": 0.9981642392394303,
            "ap": 0.9657737082599303,
            "f1": 0.9823412133295357,
            "avg_normal_score": 0.5549558401107788,
            "avg_abnormal_score": 33.36439895629883
        },
        {
            "run": 4,
            "train_time": 33.58134484291077,
            "test_time": 1.4901020526885986,
            "epochs": 20,
            "rauc": 0.9973969157584759,
            "ap": 0.9696836613623632,
            "f1": 0.9672457989176872,
            "avg_normal_score": 0.4369524419307709,
            "avg_abnormal_score": 26.590415954589844
        },
        {
            "run": 5,
            "train_time": 32.95979380607605,
            "test_time": 1.430499792098999,
            "epochs": 19,
            "rauc": 0.9975284976275839,
            "ap": 0.9645030685726628,
            "f1": 0.9820563941896896,
            "avg_normal_score": 1.3344216346740723,
            "avg_abnormal_score": 24.0192813873291
        },
        {
            "run": 6,
            "train_time": 25.133413553237915,
            "test_time": 1.3686163425445557,
            "epochs": 15,
            "rauc": 0.9984437726118849,
            "ap": 0.9711577466547925,
            "f1": 0.981201936770151,
            "avg_normal_score": 0.300848126411438,
            "avg_abnormal_score": 20.37030029296875
        },
        {
            "run": 7,
            "train_time": 59.46399521827698,
            "test_time": 1.4193825721740723,
            "epochs": 37,
            "rauc": 0.9975371073054391,
            "ap": 0.9652074229450436,
            "f1": 0.9800626602107662,
            "avg_normal_score": 0.41018855571746826,
            "avg_abnormal_score": 21.910913467407227
        },
        {
            "run": 8,
            "train_time": 39.111379861831665,
            "test_time": 1.5191349983215332,
            "epochs": 23,
            "rauc": 0.9984459219073728,
            "ap": 0.9647341187477514,
            "f1": 0.9814867559099971,
            "avg_normal_score": 1.0787527561187744,
            "avg_abnormal_score": 41.09600067138672
        },
        {
            "run": 9,
            "train_time": 133.36842131614685,
            "test_time": 1.3721518516540527,
            "epochs": 81,
            "rauc": 0.9986189651859491,
            "ap": 0.9674080373765919,
            "f1": 0.9846197664483053,
            "avg_normal_score": 1.9408642053604126,
            "avg_abnormal_score": 110.506103515625
        }
    ]
}