{
    "model_config": {
        "num_features": 64,
        "hidden_dim": 32,
        "depth": 4,
        "num_heads": 4,
        "mlp_ratio": 4.0,
        "dropout_prob": 0.0,
        "use_flash_attn": false
    },
    "train_config": {
        "data_dir": "Data/",
        "epochs": 200,
        "learning_rate": 0.1,
        "sche_gamma": 0.95,
        "batch_size": 512,
        "random_seed": 42,
        "num_workers": 0,
        "preprocess": "standard",
        "patience": 20,
        "min_delta": 0,
        "use_amp": false,
        "model_type": "TAE",
        "dataset_name": "optdigits",
        "base_path": "results/TAE-d32-lr0.1/optdigits/1.0",
        "exp_name": "TAE-d32-lr0.1",
        "runs": 10,
        "train_ratio": 1.0,
        "run": 9
    },
    "mean_metrics": {
        "rauc": 0.577598368206343,
        "ap": 0.05956783661133378,
        "f1": 0.0,
        "avg_normal_score": 1.032559770345688,
        "avg_abnormal_score": 0.7752643048763275
    },
    "std_metrics": {
        "rauc_std": 0.0068219004255156744,
        "ap_std": 0.0008843868759173345,
        "f1_std": 0.0,
        "avg_normal_score_std": 0.13621405971417688,
        "avg_abnormal_score_std": 0.00549641972031615
    },
    "total_time": 154.39566802978516,
    "all_seeds": [
        {
            "run": 0,
            "train_time": 14.032471895217896,
            "test_time": 0.06647324562072754,
            "epochs": 81,
            "rauc": 0.5799552572706935,
            "ap": 0.059964104839906565,
            "f1": 0.0,
            "avg_normal_score": 0.9377694725990295,
            "avg_abnormal_score": 0.775431215763092
        },
        {
            "run": 1,
            "train_time": 22.971044063568115,
            "test_time": 0.06876349449157715,
            "epochs": 134,
            "rauc": 0.5875194104487433,
            "ap": 0.06094903628112736,
            "f1": 0.0,
            "avg_normal_score": 0.8666142225265503,
            "avg_abnormal_score": 0.7619097828865051
        },
        {
            "run": 2,
            "train_time": 6.981113910675049,
            "test_time": 0.06313681602478027,
            "epochs": 41,
            "rauc": 0.5769864455849453,
            "ap": 0.05942733284293644,
            "f1": 0.0,
            "avg_normal_score": 1.050270438194275,
            "avg_abnormal_score": 0.7792608737945557
        },
        {
            "run": 3,
            "train_time": 18.34472155570984,
            "test_time": 0.06804656982421875,
            "epochs": 106,
            "rauc": 0.5661429135412553,
            "ap": 0.05810001669416282,
            "f1": 0.0,
            "avg_normal_score": 1.0657341480255127,
            "avg_abnormal_score": 0.7717522978782654
        },
        {
            "run": 4,
            "train_time": 13.83759093284607,
            "test_time": 0.05486702919006348,
            "epochs": 79,
            "rauc": 0.5773285958678774,
            "ap": 0.05946449500691685,
            "f1": 0.0,
            "avg_normal_score": 0.9288138747215271,
            "avg_abnormal_score": 0.7726584672927856
        },
        {
            "run": 5,
            "train_time": 9.203086137771606,
            "test_time": 0.04782414436340332,
            "epochs": 51,
            "rauc": 0.5738307672062114,
            "ap": 0.05919254424111228,
            "f1": 0.0,
            "avg_normal_score": 0.9274615049362183,
            "avg_abnormal_score": 0.7727058529853821
        },
        {
            "run": 6,
            "train_time": 10.356781721115112,
            "test_time": 0.06671667098999023,
            "epochs": 62,
            "rauc": 0.5757046979865772,
            "ap": 0.05933140237133738,
            "f1": 0.0,
            "avg_normal_score": 1.1629040241241455,
            "avg_abnormal_score": 0.778623640537262
        },
        {
            "run": 7,
            "train_time": 28.072625875473022,
            "test_time": 0.06763982772827148,
            "epochs": 160,
            "rauc": 0.5872377944466377,
            "ap": 0.06077340577255448,
            "f1": 0.0,
            "avg_normal_score": 1.030990481376648,
            "avg_abnormal_score": 0.7794498801231384
        },
        {
            "run": 8,
            "train_time": 15.718502283096313,
            "test_time": 0.05481839179992676,
            "epochs": 89,
            "rauc": 0.5831004079484142,
            "ap": 0.06016106222570538,
            "f1": 0.0,
            "avg_normal_score": 1.3602458238601685,
            "avg_abnormal_score": 0.7803483009338379
        },
        {
            "run": 9,
            "train_time": 12.445602178573608,
            "test_time": 0.06837201118469238,
            "epochs": 71,
            "rauc": 0.568177391762074,
            "ap": 0.058314965837578184,
            "f1": 0.0,
            "avg_normal_score": 0.994793713092804,
            "avg_abnormal_score": 0.7805027365684509
        }
    ]
}