{
    "model_config": {
        "num_features": 21,
        "hidden_dim": 128,
        "depth": 4,
        "depth_enc": null,
        "depth_dec": null,
        "num_heads": 4,
        "mlp_ratio": 4.0,
        "dropout_prob": 0.0,
        "use_flash_attn": false
    },
    "train_config": {
        "data_dir": "Data/",
        "epochs": 200,
        "learning_rate": 0.001,
        "sche_gamma": 0.95,
        "batch_size": 512,
        "random_seed": 42,
        "num_workers": 0,
        "preprocess": "standard",
        "patience": 10,
        "min_delta": 0,
        "use_amp": false,
        "model_type": "TAE",
        "dataset_name": "cardio",
        "base_path": "results/TAE-tunedv2/cardio/1.0",
        "exp_name": "TAE-tunedv2",
        "runs": 10,
        "train_ratio": 1.0
    },
    "mean_metrics": {
        "avg_normal_score": 0.07620738595724105,
        "avg_abnormal_score": 3.2712361454963683,
        "ap": 0.822930895345958,
        "rauc": 0.9554924242424242,
        "f1": 0.7619318181818182
    },
    "std_metrics": {
        "avg_normal_score_std": 0.020766769284833345,
        "avg_abnormal_score_std": 1.1234924214362862,
        "ap_std": 0.02337324042792592,
        "rauc_std": 0.009312853196891147,
        "f1_std": 0.04194167166809223
    },
    "total_time": 109.1589457988739,
    "all_seeds": [
        {
            "run": 0,
            "train_time": 12.434422254562378,
            "test_time": 0.01577281951904297,
            "epochs": 117,
            "rauc": 0.9581549187527448,
            "ap": 0.8290518701083599,
            "f1": 0.7784090909090909,
            "avg_normal_score": 0.05817036330699921,
            "avg_abnormal_score": 3.305208444595337
        },
        {
            "run": 1,
            "train_time": 12.133647918701172,
            "test_time": 0.02714371681213379,
            "epochs": 121,
            "rauc": 0.9644954984628897,
            "ap": 0.8615935581748209,
            "f1": 0.7840909090909091,
            "avg_normal_score": 0.05351094529032707,
            "avg_abnormal_score": 3.6039488315582275
        },
        {
            "run": 2,
            "train_time": 10.258789539337158,
            "test_time": 0.031667232513427734,
            "epochs": 106,
            "rauc": 0.9655179512516469,
            "ap": 0.8341838692537897,
            "f1": 0.8011363636363636,
            "avg_normal_score": 0.08713390678167343,
            "avg_abnormal_score": 3.613774299621582
        },
        {
            "run": 3,
            "train_time": 8.998597383499146,
            "test_time": 0.02361774444580078,
            "epochs": 89,
            "rauc": 0.9505242643829601,
            "ap": 0.7936157321232433,
            "f1": 0.7897727272727273,
            "avg_normal_score": 0.09964495897293091,
            "avg_abnormal_score": 3.5091629028320312
        },
        {
            "run": 4,
            "train_time": 11.706432580947876,
            "test_time": 0.02537059783935547,
            "epochs": 114,
            "rauc": 0.9604125494071146,
            "ap": 0.8383975747182186,
            "f1": 0.7897727272727273,
            "avg_normal_score": 0.05235537514090538,
            "avg_abnormal_score": 1.4906331300735474
        },
        {
            "run": 5,
            "train_time": 10.59644103050232,
            "test_time": 0.03234720230102539,
            "epochs": 103,
            "rauc": 0.9334101888449714,
            "ap": 0.8137730081510145,
            "f1": 0.7272727272727273,
            "avg_normal_score": 0.08621090650558472,
            "avg_abnormal_score": 3.3399314880371094
        },
        {
            "run": 6,
            "train_time": 9.80431056022644,
            "test_time": 0.024616003036499023,
            "epochs": 97,
            "rauc": 0.964907224418094,
            "ap": 0.8519819095018606,
            "f1": 0.7954545454545454,
            "avg_normal_score": 0.056506700813770294,
            "avg_abnormal_score": 1.5257446765899658
        },
        {
            "run": 7,
            "train_time": 8.864448308944702,
            "test_time": 0.017572402954101562,
            "epochs": 93,
            "rauc": 0.9548130764163373,
            "ap": 0.7856754659754028,
            "f1": 0.7329545454545454,
            "avg_normal_score": 0.07934990525245667,
            "avg_abnormal_score": 3.1533989906311035
        },
        {
            "run": 8,
            "train_time": 12.460518598556519,
            "test_time": 0.028548240661621094,
            "epochs": 127,
            "rauc": 0.9543944883618796,
            "ap": 0.8041291907333846,
            "f1": 0.7613636363636364,
            "avg_normal_score": 0.07157153636217117,
            "avg_abnormal_score": 3.434790849685669
        },
        {
            "run": 9,
            "train_time": 9.573737144470215,
            "test_time": 0.026410341262817383,
            "epochs": 94,
            "rauc": 0.9482940821256038,
            "ap": 0.8169067747194845,
            "f1": 0.6590909090909091,
            "avg_normal_score": 0.11761926114559174,
            "avg_abnormal_score": 5.735767841339111
        }
    ]
}