{
    "model_config": {
        "num_features": 6,
        "hidden_dim": 64,
        "depth": 4,
        "num_heads": 4,
        "mlp_ratio": 4.0,
        "dropout_prob": 0.0,
        "use_flash_attn": false,
        "mask_ratio": 0.1,
        "num_eval_repeat": 50,
        "eval_chunk_size": 5
    },
    "train_config": {
        "data_dir": "Data/",
        "epochs": 200,
        "learning_rate": 0.001,
        "sche_gamma": 0.95,
        "batch_size": 512,
        "random_seed": 42,
        "num_workers": 0,
        "preprocess": "standard",
        "patience": 10,
        "min_delta": 0,
        "use_amp": false,
        "model_type": "TMLM",
        "dataset_name": "mammography",
        "base_path": "results/TMLM-d64-lr0.001-mask0.1-r50/mammography/1.0",
        "exp_name": "TMLM-d64-lr0.001-mask0.1-r50",
        "runs": 10,
        "train_ratio": 1.0
    },
    "mean_metrics": {
        "avg_abnormal_score": 2.3666213512420655,
        "avg_normal_score": 0.08430854007601737,
        "f1": 0.44846153846153847,
        "ap": 0.4178303896400794,
        "rauc": 0.8880902318113962
    },
    "std_metrics": {
        "avg_abnormal_score_std": 0.18215890438483806,
        "avg_normal_score_std": 0.010517674644678695,
        "f1_std": 0.027098330698166986,
        "ap_std": 0.0338995656770433,
        "rauc_std": 0.007294237910876769
    },
    "total_time": 1907.397122144699,
    "all_seeds": [
        {
            "run": 0,
            "train_time": 202.29289054870605,
            "test_time": 0.3454420566558838,
            "epochs": 120,
            "rauc": 0.8906557192349941,
            "ap": 0.43974656808052526,
            "f1": 0.46153846153846156,
            "avg_normal_score": 0.08296702802181244,
            "avg_abnormal_score": 2.4738552570343018
        },
        {
            "run": 1,
            "train_time": 217.30839323997498,
            "test_time": 0.34447431564331055,
            "epochs": 128,
            "rauc": 0.8841168351970256,
            "ap": 0.41165033296714265,
            "f1": 0.4307692307692308,
            "avg_normal_score": 0.07287389039993286,
            "avg_abnormal_score": 2.2833683490753174
        },
        {
            "run": 2,
            "train_time": 189.76974248886108,
            "test_time": 0.33654141426086426,
            "epochs": 114,
            "rauc": 0.878998253668704,
            "ap": 0.39247541045406464,
            "f1": 0.4423076923076923,
            "avg_normal_score": 0.0875638946890831,
            "avg_abnormal_score": 2.0799121856689453
        },
        {
            "run": 3,
            "train_time": 207.76633286476135,
            "test_time": 0.33736157417297363,
            "epochs": 128,
            "rauc": 0.8937484156268483,
            "ap": 0.4304092656472693,
            "f1": 0.46153846153846156,
            "avg_normal_score": 0.06932985037565231,
            "avg_abnormal_score": 2.321660041809082
        },
        {
            "run": 4,
            "train_time": 188.8343470096588,
            "test_time": 0.34656214714050293,
            "epochs": 116,
            "rauc": 0.8812304593977973,
            "ap": 0.36747310511379927,
            "f1": 0.4269230769230769,
            "avg_normal_score": 0.09938667714595795,
            "avg_abnormal_score": 2.150580644607544
        },
        {
            "run": 5,
            "train_time": 147.1036503314972,
            "test_time": 0.34881043434143066,
            "epochs": 88,
            "rauc": 0.8892607666957723,
            "ap": 0.40286685576761155,
            "f1": 0.4115384615384615,
            "avg_normal_score": 0.08685459941625595,
            "avg_abnormal_score": 2.3293707370758057
        },
        {
            "run": 6,
            "train_time": 243.0140860080719,
            "test_time": 0.3455777168273926,
            "epochs": 140,
            "rauc": 0.8955975551361858,
            "ap": 0.45132808149081594,
            "f1": 0.49230769230769234,
            "avg_normal_score": 0.08392096310853958,
            "avg_abnormal_score": 2.4717600345611572
        },
        {
            "run": 7,
            "train_time": 205.48527789115906,
            "test_time": 0.30342531204223633,
            "epochs": 119,
            "rauc": 0.8847414303016646,
            "ap": 0.407766793278088,
            "f1": 0.4307692307692308,
            "avg_normal_score": 0.06995490938425064,
            "avg_abnormal_score": 2.3155760765075684
        },
        {
            "run": 8,
            "train_time": 181.81780552864075,
            "test_time": 0.30355358123779297,
            "epochs": 112,
            "rauc": 0.9026497760752612,
            "ap": 0.489406175659383,
            "f1": 0.49615384615384617,
            "avg_normal_score": 0.08941332250833511,
            "avg_abnormal_score": 2.7596652507781982
        },
        {
            "run": 9,
            "train_time": 118.94362497329712,
            "test_time": 0.37561726570129395,
            "epochs": 116,
            "rauc": 0.8799031067797087,
            "ap": 0.3851813079420943,
            "f1": 0.4307692307692308,
            "avg_normal_score": 0.10082026571035385,
            "avg_abnormal_score": 2.4804649353027344
        }
    ]
}