{
    "model_config": {
        "num_features": 21,
        "hidden_dim": 128,
        "depth": 4,
        "depth_enc": null,
        "depth_dec": null,
        "num_heads": 4,
        "mlp_ratio": 4.0,
        "dropout_prob": 0.0,
        "temperature": 0.2,
        "byol_loss_weight": 0.1,
        "dacl_alpha": 0.9,
        "projector_dim": null,
        "byol_momentum": 0.99,
        "use_flash_attn": false
    },
    "train_config": {
        "data_dir": "Data/",
        "epochs": 200,
        "learning_rate": 0.001,
        "sche_gamma": 0.95,
        "batch_size": 128,
        "random_seed": 42,
        "num_workers": 0,
        "preprocess": "standard",
        "patience": 50,
        "min_delta": 0,
        "use_amp": false,
        "model_type": "TAEDACL",
        "dataset_name": "cardiotocography",
        "base_path": "results/TAEDACL-260125-bw0.1-ap0.9/cardiotocography/1.0",
        "exp_name": "TAEDACL-260125-bw0.1-ap0.9",
        "runs": 10,
        "train_ratio": 1.0
    },
    "start_time_kst": "2026-01-25T02:41:37+09:00",
    "mean_metrics": {
        "combined_f1": 0.6251072961373391,
        "byol_avg_abnormal": -0.9897718131542206,
        "byol_rauc": 0.7883484728530357,
        "avg_normal": 0.020933172106742857,
        "combined_avg_abnormal": -0.27188187520951035,
        "byol_ap": 0.6808909200932582,
        "byol_f1": 0.6156652360515021,
        "combined_avg_normal": -1.0251744747161866,
        "combined_rauc": 0.8011754396016502,
        "f1": 0.6270386266094421,
        "ap": 0.7268659237247446,
        "avg_abnormal": 0.7178899496793747,
        "combined_ap": 0.7175549899971847,
        "byol_avg_normal": -1.0461076498031616,
        "rauc": 0.7971325628151174
    },
    "std_metrics": {
        "combined_f1_std": 0.02493429262261021,
        "byol_avg_abnormal_std": 0.02000922878018058,
        "byol_rauc_std": 0.02565547248418792,
        "avg_normal_std": 0.012634917720406695,
        "combined_avg_abnormal_std": 0.1832329665912218,
        "byol_ap_std": 0.02702480126931889,
        "byol_f1_std": 0.029508583612959247,
        "combined_avg_normal_std": 0.019553385585310612,
        "combined_rauc_std": 0.02103048325644212,
        "f1_std": 0.017664476933267538,
        "ap_std": 0.018520265586884768,
        "avg_abnormal_std": 0.19636525510037176,
        "combined_ap_std": 0.023757360265535394,
        "byol_avg_normal_std": 0.01439996682487915,
        "rauc_std": 0.013530709470226108
    },
    "total_time": 1131.5427589416504,
    "all_seeds": [
        {
            "run": 0,
            "train_time": 116.44330048561096,
            "test_time": 0.11836099624633789,
            "epochs": 200,
            "rauc": 0.7971425892745532,
            "ap": 0.7283733123159669,
            "f1": 0.6330472103004292,
            "avg_normal": 0.01768595352768898,
            "avg_abnormal": 0.45686325430870056,
            "byol_rauc": 0.816471519646652,
            "byol_ap": 0.7151751970426444,
            "byol_f1": 0.6523605150214592,
            "byol_avg_normal": -1.0321216583251953,
            "byol_avg_abnormal": -0.9640488624572754,
            "combined_rauc": 0.8218207008625359,
            "combined_ap": 0.736792814728938,
            "combined_f1": 0.6630901287553648,
            "combined_avg_normal": -1.0144356489181519,
            "combined_avg_abnormal": -0.5071855783462524
        },
        {
            "run": 1,
            "train_time": 110.03189611434937,
            "test_time": 0.07552146911621094,
            "epochs": 200,
            "rauc": 0.8179585607733655,
            "ap": 0.7609254490146367,
            "f1": 0.6545064377682404,
            "avg_normal": 0.0162954144179821,
            "avg_abnormal": 0.4745543897151947,
            "byol_rauc": 0.8265031876328182,
            "byol_ap": 0.7218317760976531,
            "byol_f1": 0.6523605150214592,
            "byol_avg_normal": -1.0254501104354858,
            "byol_avg_abnormal": -0.9651181101799011,
            "combined_rauc": 0.8373447851993834,
            "combined_ap": 0.765969183116027,
            "combined_f1": 0.6587982832618026,
            "combined_avg_normal": -1.0091545581817627,
            "combined_avg_abnormal": -0.4905637204647064
        },
        {
            "run": 2,
            "train_time": 114.57663488388062,
            "test_time": 0.07962846755981445,
            "epochs": 200,
            "rauc": 0.8055700237509896,
            "ap": 0.7325786834910042,
            "f1": 0.6244635193133047,
            "avg_normal": 0.021922791376709938,
            "avg_abnormal": 0.878151535987854,
            "byol_rauc": 0.8039631859660821,
            "byol_ap": 0.6951244171476919,
            "byol_f1": 0.6373390557939914,
            "byol_avg_normal": -1.067331075668335,
            "byol_avg_abnormal": -1.0209002494812012,
            "combined_rauc": 0.8152110504604358,
            "combined_ap": 0.7319370952340807,
            "combined_f1": 0.6416309012875536,
            "combined_avg_normal": -1.0454083681106567,
            "combined_avg_abnormal": -0.14274868369102478
        },
        {
            "run": 3,
            "train_time": 115.96827864646912,
            "test_time": 0.0745089054107666,
            "epochs": 200,
            "rauc": 0.8141615275636485,
            "ap": 0.7523674574398815,
            "f1": 0.648068669527897,
            "avg_normal": 0.015943247824907303,
            "avg_abnormal": 0.790431022644043,
            "byol_rauc": 0.7495481582565939,
            "byol_ap": 0.641823205153998,
            "byol_f1": 0.5643776824034334,
            "byol_avg_normal": -1.0548722743988037,
            "byol_avg_abnormal": -0.9994662404060364,
            "combined_rauc": 0.7851655277303221,
            "combined_ap": 0.7056965029564439,
            "combined_f1": 0.6030042918454935,
            "combined_avg_normal": -1.0389289855957031,
            "combined_avg_abnormal": -0.20903529226779938
        },
        {
            "run": 4,
            "train_time": 114.80041074752808,
            "test_time": 0.07976245880126953,
            "epochs": 200,
            "rauc": 0.7901188591191299,
            "ap": 0.7085179956571453,
            "f1": 0.6137339055793991,
            "avg_normal": 0.01682206057012081,
            "avg_abnormal": 0.86842942237854,
            "byol_rauc": 0.8112759906662778,
            "byol_ap": 0.6928439900377842,
            "byol_f1": 0.6437768240343348,
            "byol_avg_normal": -1.0599209070205688,
            "byol_avg_abnormal": -1.0079594850540161,
            "combined_rauc": 0.8161850493770574,
            "combined_ap": 0.7205741446903499,
            "combined_f1": 0.6373390557939914,
            "combined_avg_normal": -1.0430989265441895,
            "combined_avg_abnormal": -0.13952994346618652
        },
        {
            "run": 5,
            "train_time": 115.78279423713684,
            "test_time": 0.09054780006408691,
            "epochs": 200,
            "rauc": 0.7921423809325389,
            "ap": 0.7341710595027493,
            "f1": 0.628755364806867,
            "avg_normal": 0.013362124562263489,
            "avg_abnormal": 0.49022844433784485,
            "byol_rauc": 0.7995958164923538,
            "byol_ap": 0.6988362905369073,
            "byol_f1": 0.628755364806867,
            "byol_avg_normal": -1.0540897846221924,
            "byol_avg_abnormal": -0.9969847798347473,
            "combined_rauc": 0.8095910246260261,
            "combined_ap": 0.7363903309113418,
            "combined_f1": 0.6416309012875536,
            "combined_avg_normal": -1.0407276153564453,
            "combined_avg_abnormal": -0.5067563652992249
        },
        {
            "run": 6,
            "train_time": 103.12143468856812,
            "test_time": 0.07449221611022949,
            "epochs": 200,
            "rauc": 0.7769373203050127,
            "ap": 0.6974835536734836,
            "f1": 0.5879828326180258,