{
    "model_config": {
        "num_features": 30,
        "hidden_dim": 64,
        "depth": 4,
        "depth_enc": null,
        "depth_dec": null,
        "num_heads": 4,
        "mlp_ratio": 4.0,
        "dropout_prob": 0.0,
        "temperature": 0.1,
        "byol_loss_weight": 0.01,
        "dacl_alpha": 0.9,
        "projector_dim": null,
        "byol_momentum": 0.99,
        "use_flash_attn": false
    },
    "train_config": {
        "data_dir": "Data/",
        "epochs": 200,
        "learning_rate": 0.01,
        "sche_gamma": 0.95,
        "batch_size": 512,
        "random_seed": 42,
        "num_workers": 0,
        "preprocess": "standard",
        "patience": 10,
        "min_delta": 0,
        "use_amp": false,
        "model_type": "TAEDACL",
        "dataset_name": "wbc",
        "base_path": "results/TAEDACL-260125-bw0.01-ap0.9-ep200-ep110_combined/wbc/1.0",
        "exp_name": "TAEDACL-260125-bw0.01-ap0.9-ep200-ep110_combined",
        "runs": 10,
        "train_ratio": 1.0
    },
    "start_time_kst": "2026-01-25T15:58:35+09:00",
    "mean_metrics": {
        "rauc": 0.9532322426177174,
        "ap": 0.7757186204940976,
        "f1": 0.6666666666666667,
        "avg_normal": 0.25366534739732743,
        "avg_abnormal": 5.487295818328858
    },
    "std_metrics": {
        "rauc_std": 0.012823994117868033,
        "ap_std": 0.05009160517586833,
        "f1_std": 0.05634361698190111,
        "avg_normal_std": 0.08271559221028701,
        "avg_abnormal_std": 0.6895148822003037
    },
    "total_time": 208.68656587600708,
    "all_seeds": [
        {
            "rauc": 0.9494546421920723,
            "ap": 0.7778147242530609,
            "f1": 0.7142857142857143,
            "avg_normal": 0.3176117539405823,
            "avg_abnormal": 5.749950885772705,
            "run": 0,
            "epochs": 200,
            "train_time": 19.669395208358765,
            "test_time": 0.025075197219848633
        },
        {
            "rauc": 0.9438680500133014,
            "ap": 0.7348944770427017,
            "f1": 0.6190476190476191,
            "avg_normal": 0.35298773646354675,
            "avg_abnormal": 6.182483673095703,
            "run": 1,
            "epochs": 200,
            "train_time": 21.227200746536255,
            "test_time": 0.033010005950927734
        },
        {
            "rauc": 0.9505187549880287,
            "ap": 0.7783258875061478,
            "f1": 0.6666666666666666,
            "avg_normal": 0.2871580719947815,
            "avg_abnormal": 6.921210289001465,
            "run": 2,
            "epochs": 200,
            "train_time": 17.43734574317932,
            "test_time": 0.03050684928894043
        },
        {
            "rauc": 0.9300345836658687,
            "ap": 0.6713645604150582,
            "f1": 0.5714285714285714,
            "avg_normal": 0.39305201172828674,
            "avg_abnormal": 5.545470237731934,
            "run": 3,
            "epochs": 200,
            "train_time": 21.712514877319336,
            "test_time": 0.028737306594848633
        },
        {
            "rauc": 0.9651503059324289,
            "ap": 0.8062142806999102,
            "f1": 0.7142857142857143,
            "avg_normal": 0.1618119478225708,
            "avg_abnormal": 5.622977256774902,
            "run": 4,
            "epochs": 200,
            "train_time": 19.04154896736145,
            "test_time": 0.030361175537109375
        },
        {
            "rauc": 0.9499866985900507,
            "ap": 0.7528655935351098,
            "f1": 0.6190476190476191,
            "avg_normal": 0.21806326508522034,
            "avg_abnormal": 5.167751312255859,
            "run": 5,
            "epochs": 200,
            "train_time": 20.871344804763794,
            "test_time": 0.03155374526977539
        },
        {
            "rauc": 0.9651503059324289,
            "ap": 0.8129460995471134,
            "f1": 0.7142857142857143,
            "avg_normal": 0.17163710296154022,
            "avg_abnormal": 5.149752140045166,
            "run": 6,
            "epochs": 200,
            "train_time": 21.685850143432617,
            "test_time": 0.03402447700500488
        },
        {
            "rauc": 0.9592976855546688,
            "ap": 0.8207304941175912,
            "f1": 0.6666666666666666,
            "avg_normal": 0.19859136641025543,
            "avg_abnormal": 4.780060291290283,
            "run": 7,
            "epochs": 200,
            "train_time": 21.719614028930664,
            "test_time": 0.033672332763671875
        },
        {
            "rauc": 0.9422718808193669,
            "ap": 0.744534521236693,
            "f1": 0.6190476190476191,
            "avg_normal": 0.29495862126350403,
            "avg_abnormal": 5.452033042907715,
            "run": 8,
            "epochs": 200,
            "train_time": 21.58792996406555,
            "test_time": 0.02963542938232422
        },
        {
            "rauc": 0.9765895184889598,
            "ap": 0.8574955665875905,
            "f1": 0.7619047619047619,
            "avg_normal": 0.14078159630298615,
            "avg_abnormal": 4.301269054412842,
            "run": 9,
            "epochs": 200,
            "train_time": 21.308836936950684,
            "test_time": 0.029546022415161133
        }
    ]
}