{
    "model_config": {
        "hidden_dim": 128,
        "depth": 4,
        "num_heads": 4,
        "mlp_ratio": 4.0,
        "dropout_prob": 0.0,
        "num_prototypes": 5,
        "temperature": 0.1,
        "sinkhorn_iters": 3,
        "sinkhorn_eps": 0.05,
        "contrastive_loss_weight": 0.01,
        "use_flash_attn": false,
        "num_features": 62
    },
    "train_config": {
        "data_dir": "Data/",
        "epochs": 250,
        "learning_rate": 0.01,
        "sche_gamma": 0.95,
        "batch_size": 512,
        "random_seed": 42,
        "num_workers": 0,
        "preprocess": "standard",
        "patience": 20,
        "use_amp": false,
        "model_type": "ProtoAD",
        "dataset_name": "campaign",
        "base_path": "results/ProtoAD-d128-proto5-eps0.05-contra0.01-temp0.1/campaign/1.0",
        "exp_name": "ProtoAD-d128-proto5-eps0.05-contra0.01-temp0.1",
        "runs": 10,
        "train_ratio": 1.0,
        "run": 9
    },
    "mean_metrics": {
        "rauc": 0.7593881086469187,
        "ap": 0.44830862339594085,
        "f1": 0.45219827586206884,
        "entropy_rauc": 0.5214070101010292,
        "entropy_ap": 0.2551538773090719,
        "entropy_f1": 0.25094827586206897,
        "avg_normal_entropy": 0.003248707694001496,
        "avg_abnormal_entropy": 0.0046010870486497876,
        "avg_normal_recon": 0.48065477311611177,
        "avg_abnormal_recon": 0.964276272058487
    },
    "std_metrics": {
        "rauc_std": 0.017536968310534924,
        "ap_std": 0.036684935597082635,
        "f1_std": 0.031891862423239416,
        "entropy_rauc_std": 0.08901556267183322,
        "entropy_ap_std": 0.06351986894462795,
        "entropy_f1_std": 0.07457134488928646,
        "avg_normal_entropy_std": 0.0018979518311217298,
        "avg_abnormal_entropy_std": 0.002460844699156621,
        "avg_normal_recon_std": 0.07345306664893984,
        "avg_abnormal_recon_std": 0.22983544993650049
    },
    "total_time": 1701.2201960086823,
    "all_seeds": [
        {
            "run": 0,
            "train_time": 198.1612741947174,
            "test_time": 0.48073506355285645,
            "epochs": 143,
            "rauc": 0.772911591464036,
            "ap": 0.477001098922989,
            "f1": 0.47176724137931036,
            "entropy_rauc": 0.34803397421624094,
            "entropy_ap": 0.1559234434463415,
            "entropy_f1": 0.11637931034482758,
            "avg_normal_entropy": 0.007896537892520428,
            "avg_abnormal_entropy": 0.006744036450982094,
            "avg_normal_recon": 0.4421693682670593,
            "avg_abnormal_recon": 0.9343379735946655
        },
        {
            "run": 1,
            "train_time": 153.23848128318787,
            "test_time": 0.5125060081481934,
            "epochs": 112,
            "rauc": 0.7708115602816136,
            "ap": 0.45117627324648385,
            "f1": 0.4693965517241379,
            "entropy_rauc": 0.4069822680046646,
            "entropy_ap": 0.19278081703619288,
            "entropy_f1": 0.18297413793103448,
            "avg_normal_entropy": 0.0019174146000295877,
            "avg_abnormal_entropy": 0.002308295574039221,
            "avg_normal_recon": 0.3350265324115753,
            "avg_abnormal_recon": 0.596515953540802
        },
        {
            "run": 2,
            "train_time": 168.43346309661865,
            "test_time": 0.5019106864929199,
            "epochs": 121,
            "rauc": 0.7433419277624512,
            "ap": 0.42523793110634,
            "f1": 0.4525862068965517,
            "entropy_rauc": 0.5217686153400535,
            "entropy_ap": 0.2179036106113979,
            "entropy_f1": 0.25991379310344825,
            "avg_normal_entropy": 0.0025162820238620043,
            "avg_abnormal_entropy": 0.002712645335122943,
            "avg_normal_recon": 0.4367005228996277,
            "avg_abnormal_recon": 0.8700541257858276
        },
        {
            "run": 3,
            "train_time": 170.09945964813232,
            "test_time": 0.581702709197998,
            "epochs": 124,
            "rauc": 0.7660450781777766,
            "ap": 0.456453151460979,
            "f1": 0.4536637931034483,
            "entropy_rauc": 0.5991343103825673,
            "entropy_ap": 0.37437211411409016,
            "entropy_f1": 0.3599137931034483,
            "avg_normal_entropy": 0.0028517700266093016,
            "avg_abnormal_entropy": 0.005612611770629883,
            "avg_normal_recon": 0.5486138463020325,
            "avg_abnormal_recon": 1.0872176885604858
        },
        {
            "run": 4,
            "train_time": 201.89062070846558,
            "test_time": 0.5116255283355713,
            "epochs": 150,
            "rauc": 0.7571158960063856,
            "ap": 0.43869405341746504,
            "f1": 0.4420258620689655,
            "entropy_rauc": 0.43677177721881094,
            "entropy_ap": 0.18072072171210124,
            "entropy_f1": 0.14870689655172414,
            "avg_normal_entropy": 0.002377140801399946,
            "avg_abnormal_entropy": 0.0024677433539181948,
            "avg_normal_recon": 0.48651787638664246,
            "avg_abnormal_recon": 0.9489149451255798
        },
        {
            "run": 5,
            "train_time": 171.08962893486023,
            "test_time": 0.4642820358276367,
            "epochs": 143,
            "rauc": 0.780103167351013,
            "ap": 0.49692332773160564,
            "f1": 0.49137931034482757,
            "entropy_rauc": 0.5834876867171372,
            "entropy_ap": 0.2839654066825967,
            "entropy_f1": 0.29094827586206895,
            "avg_normal_entropy": 0.0032295018900185823,
            "avg_abnormal_entropy": 0.007117485161870718,
            "avg_normal_recon": 0.5214465260505676,
            "avg_abnormal_recon": 1.1575827598571777
        },
        {
            "run": 6,
            "train_time": 173.8470437526703,
            "test_time": 0.6422746181488037,
            "epochs": 134,
            "rauc": 0.7848057868160152,
            "ap": 0.5028463868644399,
            "f1": 0.5030172413793104,
            "entropy_rauc": 0.6263435979797942,
            "entropy_ap": 0.26894957434365185,
            "entropy_f1": 0.25,
            "avg_normal_entropy": 0.00575556606054306,
            "avg_abnormal_entropy": 0.009802655316889286,
            "avg_normal_recon": 0.5696985721588135,
            "avg_abnormal_recon": 1.4618606567382812
        },
        {
            "run": 7,
            "train_time": 149.19848227500916,
            "test_time": 0.4812436103820801,
            "epochs": 128,
            "rauc": 0.7481752032282535,
            "ap": 0.4251542955163852,
            "f1": 0.421551724137931,
            "entropy_rauc": 0.549822599849796,
            "entropy_ap": 0.2843193670305065,
            "entropy_f1": 0.284698275862069,
            "avg_normal_entropy": 0.00183055829256773,
            "avg_abnormal_entropy": 0.0024086134508252144,
            "avg_normal_recon": 0.40501484274864197,
            "avg_abnormal_recon": 0.7360239028930664
        },
        {
            "run": 8,
            "train_time": 126.54773259162903,
            "test_time": 0.5320308208465576,
            "epochs": 117,
            "rauc": 0.7420801364667343,
            "ap": 0.43852987351082445,
            "f1": 0.4237068965517241,
            "entropy_rauc": 0.5368271779105795,
            "entropy_ap": 0.2859957741813708,
            "entropy_f1": 0.2831896551724138,
            "avg_normal_entropy": 0.002219979651272297,
            "avg_abnormal_entropy": 0.003954509738832712,
            "avg_normal_recon": 0.5773748755455017,
            "avg_abnormal_recon": 1.0429173707962036
        },
        {
            "run": 9,
            "train_time": 180.6597499847412,
            "test_time": 0.5045130252838135,
            "epochs": 131,
            "rauc": 0.7284907389149082,
            "ap": 0.371069842181896,
            "f1": 0.3928879310344828,