{
    "model_config": {
        "num_features": 9,
        "hidden_dim": 64,
        "depth": 4,
        "depth_enc": null,
        "depth_dec": null,
        "num_heads": 4,
        "mlp_ratio": 4.0,
        "dropout_prob": 0.0,
        "temperature": 0.1,
        "byol_loss_weight": 0.01,
        "dacl_alpha": 0.9,
        "projector_dim": null,
        "byol_momentum": 0.99,
        "use_flash_attn": false
    },
    "train_config": {
        "data_dir": "Data/",
        "epochs": 200,
        "learning_rate": 0.01,
        "sche_gamma": 0.95,
        "batch_size": 64,
        "random_seed": 42,
        "num_workers": 0,
        "preprocess": "standard",
        "patience": 10,
        "min_delta": 0,
        "use_amp": false,
        "model_type": "TAEDACL",
        "dataset_name": "glass",
        "base_path": "results/TAEDACL-260125-bw0.01-ap0.9-ep200-ep70_combined/glass/1.0",
        "exp_name": "TAEDACL-260125-bw0.01-ap0.9-ep200-ep70_combined",
        "runs": 10,
        "train_ratio": 1.0
    },
    "start_time_kst": "2026-01-25T15:51:50+09:00",
    "mean_metrics": {
        "rauc": 0.8269687162891046,
        "ap": 0.27809295791217015,
        "f1": 0.17777777777777776,
        "avg_normal": 0.3231562629342079,
        "avg_abnormal": 0.849083012342453
    },
    "std_metrics": {
        "rauc_std": 0.04106392451419645,
        "ap_std": 0.036488629291464576,
        "f1_std": 0.07370277311900889,
        "avg_normal_std": 0.35137766222990796,
        "avg_abnormal_std": 0.3566655049912432
    },
    "total_time": 192.2562255859375,
    "all_seeds": [
        {
            "rauc": 0.7885652642934197,
            "ap": 0.2706883856358139,
            "f1": 0.1111111111111111,
            "avg_normal": 0.20455536246299744,
            "avg_abnormal": 0.6758102774620056,
            "run": 0,
            "epochs": 113,
            "train_time": 20.580878973007202,
            "test_time": 0.03841257095336914
        },
        {
            "rauc": 0.7810140237324703,
            "ap": 0.28991078878281507,
            "f1": 0.2222222222222222,
            "avg_normal": 0.018274137750267982,
            "avg_abnormal": 0.5223656892776489,
            "run": 1,
            "epochs": 141,
            "train_time": 24.488617658615112,
            "test_time": 0.022207975387573242
        },
        {
            "rauc": 0.8468176914778855,
            "ap": 0.3454083744005346,
            "f1": 0.3333333333333333,
            "avg_normal": -0.029995521530508995,
            "avg_abnormal": 0.5337488651275635,
            "run": 2,
            "epochs": 102,
            "train_time": 18.26530694961548,
            "test_time": 0.038575172424316406
        },
        {
            "rauc": 0.8457389428263214,
            "ap": 0.22720199190787427,
            "f1": 0.1111111111111111,
            "avg_normal": 1.193834662437439,
            "avg_abnormal": 1.407768726348877,
            "run": 3,
            "epochs": 92,
            "train_time": 15.798861742019653,
            "test_time": 0.03487539291381836
        },
        {
            "rauc": 0.7454153182308522,
            "ap": 0.2679035554814416,
            "f1": 0.2222222222222222,
            "avg_normal": 0.24460935592651367,
            "avg_abnormal": 1.3230199813842773,
            "run": 4,
            "epochs": 99,
            "train_time": 17.400609016418457,
            "test_time": 0.04416918754577637
        },
        {
            "rauc": 0.8921251348435815,
            "ap": 0.33137374995238633,
            "f1": 0.2222222222222222,
            "avg_normal": 0.2400270253419876,
            "avg_abnormal": 1.4147385358810425,
            "run": 5,
            "epochs": 108,
            "train_time": 19.06297731399536,
            "test_time": 0.03847193717956543
        },
        {
            "rauc": 0.8565264293419633,
            "ap": 0.2505604111837174,
            "f1": 0.2222222222222222,
            "avg_normal": 0.5539116859436035,
            "avg_abnormal": 0.7827533483505249,
            "run": 6,
            "epochs": 94,
            "train_time": 16.652617931365967,
            "test_time": 0.04153633117675781
        },
        {
            "rauc": 0.8532901833872708,
            "ap": 0.2660830507741263,
            "f1": 0.1111111111111111,
            "avg_normal": 0.18124860525131226,
            "avg_abnormal": 0.6213276982307434,
            "run": 7,
            "epochs": 112,
            "train_time": 19.965599298477173,
            "test_time": 0.03906369209289551
        },
        {
            "rauc": 0.8349514563106796,
            "ap": 0.23543526125225472,
            "f1": 0.1111111111111111,
            "avg_normal": 0.5937561392784119,
            "avg_abnormal": 0.6459935903549194,
            "run": 8,
            "epochs": 107,
            "train_time": 18.87846302986145,
            "test_time": 0.04161667823791504
        },
        {
            "rauc": 0.8252427184466018,
            "ap": 0.29636400975073746,
            "f1": 0.1111111111111111,
            "avg_normal": 0.031341176480054855,
            "avg_abnormal": 0.5633034110069275,
            "run": 9,
            "epochs": 107,
            "train_time": 18.71058416366577,
            "test_time": 0.03884744644165039
        }
    ]
}