{
    "model_config": {
        "num_heads": 4,
        "num_latents": 5,
        "num_memories": 377,
        "depth": 4,
        "hidden_dim": 16,
        "mlp_ratio": 4.0,
        "dropout_prob": 0.0,
        "temperature": 0.1,
        "sim_type": "cos",
        "use_oe": true,
        "oe_lambda": 1.0,
        "oe_shuffle_ratio": 0.5,
        "oe_lambda_memory": 0.1,
        "is_weight_sharing": false,
        "use_pos_enc_as_query": false,
        "use_mask_token": false,
        "num_features": 29
    },
    "train_config": {
        "data_dir": "Data/",
        "epochs": 250,
        "learning_rate": 0.001,
        "sche_gamma": 0.98,
        "batch_size": 2048,
        "random_seed": 42,
        "num_workers": 0,
        "preprocess": "standard",
        "patience": 50,
        "min_delta": 1e-05,
        "model_type": "OELATTE",
        "dataset_name": "fraud",
        "train_ratio": 1.0,
        "base_path": "results/OELATTE-d16-oe_lam1.0-oe_rat0.5-oe_lam_mem0.1/fraud/1.0",
        "not_use_power_of_two": false,
        "num_memories_not_use_power_of_two": false,
        "num_memories_twice": false,
        "contamination_ratio": null,
        "latent_ratio": null,
        "memory_ratio": null,
        "run": 9
    },
    "mean_metrics": {
        "AUC-ROC": 0.9565180709841117,
        "AUC-PR": 0.4411635025134385,
        "f1": 0.5052845528455284
    },
    "total_time": 3141.2735691070557,
    "all_seeds": [
        {
            "run": 0,
            "AUC-ROC": 0.9533140484245345,
            "AUC-PR": 0.3994934845245192,
            "f1": 0.46747967479674796,
            "train_time": 308.9657504558563,
            "test_time": 2.3518717288970947,
            "epochs": 59
        },
        {
            "run": 1,
            "AUC-ROC": 0.9519264792054918,
            "AUC-PR": 0.4241509913500401,
            "f1": 0.49390243902439024,
            "train_time": 318.86327958106995,
            "test_time": 2.8786861896514893,
            "epochs": 59
        },
        {
            "run": 2,
            "AUC-ROC": 0.9578944823445618,
            "AUC-PR": 0.4393243671077,
            "f1": 0.47560975609756095,
            "train_time": 309.9033908843994,
            "test_time": 2.4391868114471436,
            "epochs": 59
        },
        {
            "run": 3,
            "AUC-ROC": 0.957886153983939,
            "AUC-PR": 0.43591730588238736,
            "f1": 0.5020325203252033,
            "train_time": 308.5956268310547,
            "test_time": 2.5777509212493896,
            "epochs": 59
        },
        {
            "run": 4,
            "AUC-ROC": 0.9565340928912602,
            "AUC-PR": 0.4703805118189705,
            "f1": 0.540650406504065,
            "train_time": 307.3101029396057,
            "test_time": 2.6870687007904053,
            "epochs": 59
        },
        {
            "run": 5,
            "AUC-ROC": 0.9537966930074484,
            "AUC-PR": 0.4377897017641445,
            "f1": 0.516260162601626,
            "train_time": 307.8986625671387,
            "test_time": 2.44622802734375,
            "epochs": 59
        },
        {
            "run": 6,
            "AUC-ROC": 0.9565793019492681,
            "AUC-PR": 0.45301448450611487,
            "f1": 0.49796747967479676,
            "train_time": 305.3323242664337,
            "test_time": 2.5606441497802734,
            "epochs": 59
        },
        {
            "run": 7,
            "AUC-ROC": 0.961503286106596,
            "AUC-PR": 0.44223757301490674,
            "f1": 0.49796747967479676,
            "train_time": 307.34131598472595,
            "test_time": 2.9178884029388428,
            "epochs": 59
        },
        {
            "run": 8,
            "AUC-ROC": 0.9578450983830313,
            "AUC-PR": 0.43487844489617494,
            "f1": 0.5101626016260162,
            "train_time": 317.3124301433563,
            "test_time": 2.366903305053711,
            "epochs": 59
        },
        {
            "run": 9,
            "AUC-ROC": 0.9579010735449861,
            "AUC-PR": 0.4744481602694264,
            "f1": 0.5508130081300813,
            "train_time": 315.65913224220276,
            "test_time": 2.6916327476501465,
            "epochs": 59
        }
    ]
}