{
    "model_config": {
        "num_features": 13,
        "hidden_dim": 64,
        "depth": 4,
        "num_heads": 4,
        "mlp_ratio": 4.0,
        "dropout_prob": 0.0,
        "temperature": 1.0,
        "contrastive_loss_weight": 0.01,
        "use_flash_attn": false
    },
    "train_config": {
        "data_dir": "Data/",
        "epochs": 200,
        "learning_rate": 0.01,
        "sche_gamma": 0.95,
        "batch_size": 512,
        "random_seed": 42,
        "num_workers": 0,
        "preprocess": "standard",
        "patience": 10,
        "min_delta": 0,
        "use_amp": false,
        "model_type": "TAECL",
        "dataset_name": "wine",
        "base_path": "results/TAECL-temp1.0-contra0.01/wine/1.0",
        "exp_name": "TAECL-temp1.0-contra0.01",
        "runs": 10,
        "train_ratio": 1.0,
        "run": 9
    },
    "mean_metrics": {
        "rauc": 0.9688333333333334,
        "ap": 0.8383514116602351,
        "f1": 0.73,
        "avg_normal": 0.6011058777570725,
        "avg_abnormal": 2.6324477195739746,
        "contra_rauc": 0.6464999999999999,
        "contra_ap": 0.34656869628615417,
        "contra_f1": 0.28,
        "contra_avg_normal": -0.04637562483549118,
        "contra_avg_abnormal": -0.045484407991170886,
        "combined_rauc": 0.9688333333333334,
        "combined_ap": 0.8383514116602351,
        "combined_f1": 0.73,
        "combined_avg_normal": 0.5547302812337875,
        "combined_avg_abnormal": 2.5869633197784423
    },
    "std_metrics": {
        "rauc_std": 0.012361454427192409,
        "ap_std": 0.04519778929654741,
        "f1_std": 0.06403124237432853,
        "avg_normal_std": 0.10214700950231076,
        "avg_abnormal_std": 0.4239314477420275,
        "contra_rauc_std": 0.21134811988228752,
        "contra_ap_std": 0.23805002327289965,
        "contra_f1_std": 0.2712931993250107,
        "contra_avg_normal_std": 0.0017691269021429662,
        "contra_avg_abnormal_std": 0.002459144866601666,
        "combined_rauc_std": 0.012361454427192409,
        "combined_ap_std": 0.04519778929654741,
        "combined_f1_std": 0.06403124237432853,
        "combined_avg_normal_std": 0.101171614280756,
        "combined_avg_abnormal_std": 0.42282880111728355
    },
    "total_time": 100.87538862228394,
    "all_seeds": [
        {
            "run": 0,
            "train_time": 11.058156728744507,
            "test_time": 0.020125150680541992,
            "epochs": 200,
            "rauc": 0.97,
            "ap": 0.8535593491475845,
            "f1": 0.7,
            "avg_normal": 0.5468458533287048,
            "avg_abnormal": 2.440002918243408,
            "contra_rauc": 0.94,
            "contra_ap": 0.7184082094376212,
            "contra_f1": 0.7,
            "contra_avg_normal": -0.04415702447295189,
            "contra_avg_abnormal": -0.04158959537744522,
            "combined_rauc": 0.97,
            "combined_ap": 0.8535593491475845,
            "combined_f1": 0.7,
            "combined_avg_normal": 0.502689003944397,
            "combined_avg_abnormal": 2.3984131813049316
        },
        {
            "run": 1,
            "train_time": 9.501478433609009,
            "test_time": 0.042682647705078125,
            "epochs": 200,
            "rauc": 0.975,
            "ap": 0.8526911976911976,
            "f1": 0.8,
            "avg_normal": 0.6145648956298828,
            "avg_abnormal": 2.673727512359619,
            "contra_rauc": 0.43666666666666665,
            "contra_ap": 0.1295615627765195,
            "contra_f1": 0.0,
            "contra_avg_normal": -0.048700254410505295,
            "contra_avg_abnormal": -0.0488160215318203,
            "combined_rauc": 0.975,
            "combined_ap": 0.8526911976911976,
            "combined_f1": 0.8,
            "combined_avg_normal": 0.5658645629882812,
            "combined_avg_abnormal": 2.624911308288574
        },
        {
            "run": 2,
            "train_time": 9.594635486602783,
            "test_time": 0.019171714782714844,
            "epochs": 200,
            "rauc": 0.9716666666666667,
            "ap": 0.8748737373737373,
            "f1": 0.8,
            "avg_normal": 0.49163681268692017,
            "avg_abnormal": 3.1507036685943604,
            "contra_rauc": 0.61,
            "contra_ap": 0.27054115002644413,
            "contra_f1": 0.3,
            "contra_avg_normal": -0.04520655795931816,
            "contra_avg_abnormal": -0.044504616409540176,
            "combined_rauc": 0.9716666666666667,
            "combined_ap": 0.8748737373737373,
            "combined_f1": 0.8,
            "combined_avg_normal": 0.4464302957057953,
            "combined_avg_abnormal": 3.106199026107788
        },
        {
            "run": 3,
            "train_time": 10.069403648376465,
            "test_time": 0.04247236251831055,
            "epochs": 200,
            "rauc": 0.9383333333333335,
            "ap": 0.7739377289377289,
            "f1": 0.7,
            "avg_normal": 0.5563945770263672,
            "avg_abnormal": 2.2131264209747314,
            "contra_rauc": 0.72,
            "contra_ap": 0.26259477671639236,
            "contra_f1": 0.2,
            "contra_avg_normal": -0.04492059722542763,
            "contra_avg_abnormal": -0.04397943615913391,
            "combined_rauc": 0.9383333333333335,
            "combined_ap": 0.7739377289377289,
            "combined_f1": 0.7,
            "combined_avg_normal": 0.5114739537239075,
            "combined_avg_abnormal": 2.16914701461792
        },
        {
            "run": 4,
            "train_time": 9.53223180770874,
            "test_time": 0.027286767959594727,
            "epochs": 200,
            "rauc": 0.975,
            "ap": 0.8529836829836829,
            "f1": 0.7,
            "avg_normal": 0.5926120281219482,
            "avg_abnormal": 2.8951594829559326,
            "contra_rauc": 0.925,
            "contra_ap": 0.626008064516129,
            "contra_f1": 0.7,
            "contra_avg_normal": -0.04522132873535156,
            "contra_avg_abnormal": -0.04333683103322983,
            "combined_rauc": 0.975,
            "combined_ap": 0.8529836829836829,
            "combined_f1": 0.7,
            "combined_avg_normal": 0.5473906993865967,
            "combined_avg_abnormal": 2.8518226146698
        },
        {
            "run": 5,
            "train_time": 9.368273258209229,
            "test_time": 0.04053378105163574,
            "epochs": 200,
            "rauc": 0.9583333333333333,
            "ap": 0.7459623709623708,
            "f1": 0.6,
            "avg_normal": 0.8458711504936218,
            "avg_abnormal": 3.3265087604522705,
            "contra_rauc": 0.29833333333333334,
            "contra_ap": 0.10691813656984797,
            "contra_f1": 0.0,
            "contra_avg_normal": -0.049434028565883636,
            "contra_avg_abnormal": -0.04972276836633682,
            "combined_rauc": 0.9583333333333333,
            "combined_ap": 0.7459623709623708,
            "combined_f1": 0.6,
            "combined_avg_normal": 0.79643714427948,
            "combined_avg_abnormal": 3.2767860889434814
        },
        {
            "run": 6,
            "train_time": 9.398358345031738,
            "test_time": 0.04069876670837402,
            "epochs": 200,
            "rauc": 0.985,
            "ap": 0.9041777666777667,
            "f1": 0.8,
            "avg_normal": 0.4547328054904938,
            "avg_abnormal": 1.914752721786499,
            "contra_rauc": 0.905,
            "contra_ap": 0.7514194139194139,
            "contra_f1": 0.6,
            "contra_avg_normal": -0.047491513192653656,
            "contra_avg_abnormal": -0.04467887058854103,
            "combined_rauc": 0.985,
            "combined_ap": 0.9041777666777667,
            "combined_f1": 0.8,
            "combined_avg_normal": 0.4072412848472595,
            "combined_avg_abnormal": 1.8700740337371826
        },
        {
            "run": 7,