{
    "model_config": {
        "num_features": 9,
        "hidden_dim": 64,
        "depth": 4,
        "depth_enc": null,
        "depth_dec": null,
        "num_heads": 4,
        "mlp_ratio": 4.0,
        "dropout_prob": 0.0,
        "temperature": 0.2,
        "imix_loss_weight": 0.01,
        "mixup_alpha": 0.9,
        "projector_dim": null,
        "use_flash_attn": false
    },
    "train_config": {
        "data_dir": "Data/",
        "epochs": 200,
        "learning_rate": 0.01,
        "sche_gamma": 0.95,
        "batch_size": 64,
        "random_seed": 42,
        "num_workers": 0,
        "preprocess": "standard",
        "patience": 10,
        "min_delta": 0,
        "use_amp": false,
        "model_type": "TAEIMIX",
        "dataset_name": "glass",
        "base_path": "results/TAEIMIX-260125-iw0.01-ap0.9-ep200-ep20_imix/glass/1.0",
        "exp_name": "TAEIMIX-260125-iw0.01-ap0.9-ep200-ep20_imix",
        "runs": 10,
        "train_ratio": 1.0
    },
    "start_time_kst": "2026-01-25T15:49:30+09:00",
    "mean_metrics": {
        "rauc": 0.7640776699029126,
        "ap": 0.19071988941935225,
        "f1": 0.09999999999999999,
        "avg_normal": -0.08571119979023933,
        "avg_abnormal": -0.07981417700648308
    },
    "std_metrics": {
        "rauc_std": 0.059264550215372074,
        "ap_std": 0.06398704130347717,
        "f1_std": 0.11600340565456167,
        "avg_normal_std": 0.0026977140180452497,
        "avg_abnormal_std": 0.005933599651529437
    },
    "total_time": 165.16403722763062,
    "all_seeds": [
        {
            "rauc": 0.6893203883495146,
            "ap": 0.12989562368475338,
            "f1": 0.0,
            "avg_normal": -0.08806181699037552,
            "avg_abnormal": -0.0861327275633812,
            "run": 0,
            "epochs": 90,
            "train_time": 14.770578861236572,
            "test_time": 0.03211808204650879
        },
        {
            "rauc": 0.7087378640776698,
            "ap": 0.13278881656400215,
            "f1": 0.0,
            "avg_normal": -0.09030596166849136,
            "avg_abnormal": -0.09021861106157303,
            "run": 1,
            "epochs": 131,
            "train_time": 20.125024795532227,
            "test_time": 0.04585003852844238
        },
        {
            "rauc": 0.7562028047464939,
            "ap": 0.21708908699551072,
            "f1": 0.2222222222222222,
            "avg_normal": -0.08467284590005875,
            "avg_abnormal": -0.07932956516742706,
            "run": 2,
            "epochs": 106,
            "train_time": 16.228593349456787,
            "test_time": 0.041994333267211914
        },
        {
            "rauc": 0.866235167206041,
            "ap": 0.33515816330461634,
            "f1": 0.1111111111111111,
            "avg_normal": -0.08249084651470184,
            "avg_abnormal": -0.0701734870672226,
            "run": 3,
            "epochs": 78,
            "train_time": 11.89799427986145,
            "test_time": 0.04216408729553223
        },
        {
            "rauc": 0.6871628910463861,
            "ap": 0.13356492373702517,
            "f1": 0.1111111111111111,
            "avg_normal": -0.08710607141256332,
            "avg_abnormal": -0.08468863368034363,
            "run": 4,
            "epochs": 99,
            "train_time": 15.190035820007324,
            "test_time": 0.039725542068481445
        },
        {
            "rauc": 0.7745415318230852,
            "ap": 0.1725899419355872,
            "f1": 0.0,
            "avg_normal": -0.08713226020336151,
            "avg_abnormal": -0.08112544566392899,
            "run": 5,
            "epochs": 133,
            "train_time": 19.70215892791748,
            "test_time": 0.03954625129699707
        },
        {
            "rauc": 0.8252427184466019,
            "ap": 0.2331378262611325,
            "f1": 0.3333333333333333,
            "avg_normal": -0.08247330784797668,
            "avg_abnormal": -0.07255522161722183,
            "run": 6,
            "epochs": 102,
            "train_time": 14.374079465866089,
            "test_time": 0.04652142524719238
        },
        {
            "rauc": 0.761596548004315,
            "ap": 0.15641142770505417,
            "f1": 0.0,
            "avg_normal": -0.08638656139373779,
            "avg_abnormal": -0.08057425171136856,
            "run": 7,
            "epochs": 98,
            "train_time": 15.17969012260437,
            "test_time": 0.04304933547973633
        },
        {
            "rauc": 0.8371089536138079,
            "ap": 0.25140390222450215,
            "f1": 0.2222222222222222,
            "avg_normal": -0.08702175319194794,
            "avg_abnormal": -0.0791442021727562,
            "run": 8,
            "epochs": 113,
            "train_time": 17.609752893447876,
            "test_time": 0.03809046745300293
        },
        {
            "rauc": 0.7346278317152103,
            "ap": 0.1451591817813388,
            "f1": 0.0,
            "avg_normal": -0.08146057277917862,
            "avg_abnormal": -0.0741996243596077,
            "run": 9,
            "epochs": 115,
            "train_time": 17.829861879348755,
            "test_time": 0.04310894012451172
        }
    ]
}