{
    "model_config": {
        "num_features": 30,
        "hidden_dim": 128,
        "depth": 4,
        "num_heads": 4,
        "mlp_ratio": 4.0,
        "dropout_prob": 0.0,
        "use_flash_attn": false
    },
    "train_config": {
        "data_dir": "Data/",
        "epochs": 200,
        "learning_rate": 0.1,
        "sche_gamma": 0.95,
        "batch_size": 512,
        "random_seed": 42,
        "num_workers": 0,
        "preprocess": "standard",
        "patience": 10,
        "min_delta": 0,
        "use_amp": false,
        "model_type": "TAE",
        "dataset_name": "wbc",
        "base_path": "results/TAE-d128-lr0.1/wbc/1.0",
        "exp_name": "TAE-d128-lr0.1",
        "runs": 10,
        "train_ratio": 1.0,
        "run": 9
    },
    "mean_metrics": {
        "rauc": 0.7370577281191807,
        "ap": 0.5271159452948809,
        "f1": 0.4904761904761905,
        "avg_normal_score": 34.596139430999756,
        "avg_abnormal_score": 42.63335266113281
    },
    "std_metrics": {
        "rauc_std": 0.23795770191950003,
        "ap_std": 0.2540414467222501,
        "f1_std": 0.25291946142646665,
        "avg_normal_score_std": 28.003843247192613,
        "avg_abnormal_score_std": 15.325047944198422
    },
    "total_time": 7.004025936126709,
    "all_seeds": [
        {
            "run": 0,
            "train_time": 1.266002893447876,
            "test_time": 0.02108001708984375,
            "epochs": 10,
            "rauc": 0.9651503059324288,
            "ap": 0.8432053185735517,
            "f1": 0.7142857142857143,
            "avg_normal_score": 33.39026641845703,
            "avg_abnormal_score": 50.04084777832031
        },
        {
            "run": 1,
            "train_time": 0.40627527236938477,
            "test_time": 0.020967721939086914,
            "epochs": 10,
            "rauc": 0.8808193668528864,
            "ap": 0.7182949196851055,
            "f1": 0.7142857142857143,
            "avg_normal_score": 14.642793655395508,
            "avg_abnormal_score": 27.296070098876953
        },
        {
            "run": 2,
            "train_time": 0.4197103977203369,
            "test_time": 0.020499229431152344,
            "epochs": 10,
            "rauc": 0.9297685554668795,
            "ap": 0.7212549549897862,
            "f1": 0.7619047619047619,
            "avg_normal_score": 20.566150665283203,
            "avg_abnormal_score": 39.058433532714844
        },
        {
            "run": 3,
            "train_time": 0.4019436836242676,
            "test_time": 0.021123886108398438,
            "epochs": 10,
            "rauc": 0.7347698856078744,
            "ap": 0.44352824738324365,
            "f1": 0.38095238095238093,
            "avg_normal_score": 12.945961952209473,
            "avg_abnormal_score": 18.510717391967773
        },
        {
            "run": 4,
            "train_time": 0.40172839164733887,
            "test_time": 0.021357297897338867,
            "epochs": 10,
            "rauc": 0.10135674381484436,
            "ap": 0.061068152239599036,
            "f1": 0.0,
            "avg_normal_score": 114.11398315429688,
            "avg_abnormal_score": 63.53538131713867
        },
        {
            "run": 5,
            "train_time": 0.3852674961090088,
            "test_time": 0.020656585693359375,
            "epochs": 10,
            "rauc": 0.8183027400904496,
            "ap": 0.544198471269924,
            "f1": 0.47619047619047616,
            "avg_normal_score": 39.557804107666016,
            "avg_abnormal_score": 57.53097152709961
        },
        {
            "run": 6,
            "train_time": 0.4031047821044922,
            "test_time": 0.02123093605041504,
            "epochs": 10,
            "rauc": 0.8786911412609737,
            "ap": 0.7572325737626696,
            "f1": 0.7142857142857143,
            "avg_normal_score": 17.812746047973633,
            "avg_abnormal_score": 44.57288360595703
        },
        {
            "run": 7,
            "train_time": 0.3870432376861572,
            "test_time": 0.013003826141357422,
            "epochs": 10,
            "rauc": 0.7850492152168129,
            "ap": 0.6927022417163047,
            "f1": 0.6666666666666666,
            "avg_normal_score": 38.622501373291016,
            "avg_abnormal_score": 64.46723937988281
        },
        {
            "run": 8,
            "train_time": 0.39086198806762695,
            "test_time": 0.020928382873535156,
            "epochs": 10,
            "rauc": 0.6820963022080341,
            "ap": 0.3040170612894835,
            "f1": 0.2857142857142857,
            "avg_normal_score": 30.366973876953125,
            "avg_abnormal_score": 35.00635528564453
        },
        {
            "run": 9,
            "train_time": 0.37901830673217773,
            "test_time": 0.02169513702392578,
            "epochs": 10,
            "rauc": 0.5945730247406225,
            "ap": 0.18565751203914063,
            "f1": 0.19047619047619047,
            "avg_normal_score": 23.94221305847168,
            "avg_abnormal_score": 26.314626693725586
        }
    ]
}