{
    "model_config": {
        "hidden_dim": 128,
        "depth": 4,
        "num_heads": 4,
        "mlp_ratio": 4.0,
        "dropout_prob": 0.0,
        "num_prototypes": 16,
        "temperature": 0.1,
        "sinkhorn_iters": 3,
        "sinkhorn_eps": 0.05,
        "contrastive_loss_weight": 0.1,
        "use_flash_attn": false,
        "num_features": 9
    },
    "train_config": {
        "data_dir": "Data/",
        "epochs": 250,
        "learning_rate": 0.01,
        "sche_gamma": 0.95,
        "batch_size": 512,
        "random_seed": 42,
        "num_workers": 0,
        "preprocess": "standard",
        "patience": 20,
        "use_amp": false,
        "model_type": "ProtoAD",
        "dataset_name": "shuttle",
        "base_path": "results/ProtoAD-d128-proto16-eps0.05-contra0.1-temp0.1/shuttle/1.0",
        "exp_name": "ProtoAD-d128-proto16-eps0.05-contra0.1-temp0.1",
        "runs": 10,
        "train_ratio": 1.0,
        "run": 9
    },
    "mean_metrics": {
        "rauc": 0.9988805107045973,
        "ap": 0.9767907445620162,
        "f1": 0.9808031899743662,
        "entropy_rauc": 0.900864845889328,
        "entropy_ap": 0.6363728627813843,
        "entropy_f1": 0.6159498718313869,
        "avg_normal_entropy": 0.01976680876687169,
        "avg_abnormal_entropy": 0.18644115440547465,
        "avg_normal_recon": 0.5914785370230675,
        "avg_abnormal_recon": 53.32197151184082
    },
    "std_metrics": {
        "rauc_std": 0.00018581134025563926,
        "ap_std": 0.005951964179239922,
        "f1_std": 0.0021435360549389776,
        "entropy_rauc_std": 0.08933330557492711,
        "entropy_ap_std": 0.23670734893243772,
        "entropy_f1_std": 0.23324831112537198,
        "avg_normal_entropy_std": 0.008636527785758399,
        "avg_abnormal_entropy_std": 0.1604862106587943,
        "avg_normal_recon_std": 0.48247537455372547,
        "avg_abnormal_recon_std": 38.09909621545557
    },
    "total_time": 2999.8466696739197,
    "all_seeds": [
        {
            "run": 0,
            "train_time": 223.91625595092773,
            "test_time": 0.3209962844848633,
            "epochs": 126,
            "rauc": 0.9991549769879805,
            "ap": 0.9894541142137387,
            "f1": 0.9817715750498434,
            "entropy_rauc": 0.9678898128179809,
            "entropy_ap": 0.8430367045344205,
            "entropy_f1": 0.7371119339219595,
            "avg_normal_entropy": 0.010205268859863281,
            "avg_abnormal_entropy": 0.2972668409347534,
            "avg_normal_recon": 0.24378645420074463,
            "avg_abnormal_recon": 145.2058868408203
        },
        {
            "run": 1,
            "train_time": 302.6367528438568,
            "test_time": 0.28832364082336426,
            "epochs": 156,
            "rauc": 0.9987887345376777,
            "ap": 0.9717500977148477,
            "f1": 0.978353745371689,
            "entropy_rauc": 0.9196914428911633,
            "entropy_ap": 0.7251217085745492,
            "entropy_f1": 0.7943605810310452,
            "avg_normal_entropy": 0.0164803434163332,
            "avg_abnormal_entropy": 0.07760332524776459,
            "avg_normal_recon": 1.0114212036132812,
            "avg_abnormal_recon": 36.07942581176758
        },
        {
            "run": 2,
            "train_time": 370.9033451080322,
            "test_time": 0.32148122787475586,
            "epochs": 192,
            "rauc": 0.9992307771416377,
            "ap": 0.983847640353518,
            "f1": 0.9823412133295357,
            "entropy_rauc": 0.9108965569948241,
            "entropy_ap": 0.5512724361568908,
            "entropy_f1": 0.4614070065508402,
            "avg_normal_entropy": 0.04080589860677719,
            "avg_abnormal_entropy": 0.20574060082435608,
            "avg_normal_recon": 0.27633166313171387,
            "avg_abnormal_recon": 36.54362487792969
        },
        {
            "run": 3,
            "train_time": 351.2275359630585,
            "test_time": 0.32414865493774414,
            "epochs": 180,
            "rauc": 0.9987592941878564,
            "ap": 0.9783463670489424,
            "f1": 0.981201936770151,
            "entropy_rauc": 0.7425941619161509,
            "entropy_ap": 0.34126805529228,
            "entropy_f1": 0.2836798632868129,
            "avg_normal_entropy": 0.01951758936047554,
            "avg_abnormal_entropy": 0.08708234131336212,
            "avg_normal_recon": 0.3278704583644867,
            "avg_abnormal_recon": 50.092262268066406
        },
        {
            "run": 4,
            "train_time": 185.40176224708557,
            "test_time": 0.3181164264678955,
            "epochs": 111,
            "rauc": 0.9990236825246644,
            "ap": 0.9783843303667834,
            "f1": 0.9843349473084592,
            "entropy_rauc": 0.9780887322396808,
            "entropy_ap": 0.9290452623187371,
            "entropy_f1": 0.8541726003987468,
            "avg_normal_entropy": 0.009118622168898582,
            "avg_abnormal_entropy": 0.3935186266899109,
            "avg_normal_recon": 0.19558724761009216,
            "avg_abnormal_recon": 26.213489532470703
        },
        {
            "run": 5,
            "train_time": 293.72180342674255,
            "test_time": 0.3220973014831543,
            "epochs": 155,
            "rauc": 0.9986905542199586,
            "ap": 0.9716924827425852,
            "f1": 0.9777841070919966,
            "entropy_rauc": 0.985529080886399,
            "entropy_ap": 0.9474043102435733,
            "entropy_f1": 0.8843634292224437,
            "avg_normal_entropy": 0.01438258495181799,
            "avg_abnormal_entropy": 0.5350195169448853,
            "avg_normal_recon": 1.0047483444213867,
            "avg_abnormal_recon": 30.154998779296875
        },
        {
            "run": 6,
            "train_time": 308.73388671875,
            "test_time": 0.3317837715148926,
            "epochs": 185,
            "rauc": 0.998796544477677,
            "ap": 0.9749642185923194,
            "f1": 0.9809171176303048,
            "entropy_rauc": 0.9739080401182997,
            "entropy_ap": 0.811748756116449,
            "entropy_f1": 0.8467673027627457,
            "avg_normal_entropy": 0.02020583674311638,
            "avg_abnormal_entropy": 0.10351444035768509,
            "avg_normal_recon": 0.2101057916879654,
            "avg_abnormal_recon": 24.957063674926758
        },
        {
            "run": 7,
            "train_time": 355.907354593277,
            "test_time": 0.3222835063934326,
            "epochs": 186,
            "rauc": 0.9988216737406188,
            "ap": 0.9751483522120341,
            "f1": 0.9794930219310738,
            "entropy_rauc": 0.724512745028589,
            "entropy_ap": 0.24152096624850272,
            "entropy_f1": 0.20450014240956993,
            "avg_normal_entropy": 0.026789825409650803,
            "avg_abnormal_entropy": 0.05610831081867218,
            "avg_normal_recon": 0.3008290231227875,
            "avg_abnormal_recon": 24.41109275817871
        },
        {
            "run": 8,
            "train_time": 307.7691533565521,
            "test_time": 0.32100582122802734,
            "epochs": 164,
            "rauc": 0.9988966241728038,
            "ap": 0.9765653437274424,
            "f1": 0.978353745371689,
            "entropy_rauc": 0.8919712792143146,
            "entropy_ap": 0.513998327727474,
            "entropy_f1": 0.5801765878667047,
            "avg_normal_entropy": 0.017973922193050385,
            "avg_abnormal_entropy": 0.05469951778650284,
            "avg_normal_recon": 0.6107149720191956,
            "avg_abnormal_recon": 55.580013275146484
        },
        {
            "run": 9,
            "train_time": 293.87085366249084,
            "test_time": 0.32561254501342773,
            "epochs": 164,
            "rauc": 0.998642245055099,
            "ap": 0.9677544986479509,
            "f1": 0.9834804898889206,