{
    "model_config": {
        "hidden_dim": 64,
        "depth": 4,
        "num_heads": 4,
        "mlp_ratio": 4.0,
        "dropout_prob": 0.0,
        "num_prototypes": 32,
        "temperature": 0.1,
        "sinkhorn_iters": 3,
        "sinkhorn_eps": 0.1,
        "contrastive_loss_weight": 0.01,
        "use_flash_attn": false,
        "num_features": 64
    },
    "train_config": {
        "data_dir": "Data/",
        "epochs": 250,
        "learning_rate": 0.01,
        "sche_gamma": 0.95,
        "batch_size": 512,
        "random_seed": 42,
        "num_workers": 0,
        "preprocess": "standard",
        "patience": 20,
        "use_amp": false,
        "model_type": "ProtoAD",
        "dataset_name": "optdigits",
        "base_path": "results/ProtoAD-d64-proto32-eps0.1-contra0.01-temp0.1/optdigits/1.0",
        "exp_name": "ProtoAD-d64-proto32-eps0.1-contra0.01-temp0.1",
        "runs": 10,
        "train_ratio": 1.0,
        "run": 9
    },
    "mean_metrics": {
        "rauc": 0.8839981576523227,
        "ap": 0.22853820932977148,
        "f1": 0.22666666666666666,
        "entropy_rauc": 0.6523517568101066,
        "entropy_ap": 0.10525019570464689,
        "entropy_f1": 0.07406020066889632,
        "avg_normal_entropy": 3.422163248062134,
        "avg_abnormal_entropy": 3.4344264030456544,
        "avg_normal_recon": 0.5493308246135712,
        "avg_abnormal_recon": 0.7081434488296509
    },
    "std_metrics": {
        "rauc_std": 0.04077506969557219,
        "ap_std": 0.09524425449580452,
        "f1_std": 0.14179797835888444,
        "entropy_rauc_std": 0.18540159883917554,
        "entropy_ap_std": 0.060366061128744354,
        "entropy_f1_std": 0.08536923491517276,
        "avg_normal_entropy_std": 0.05590139880332248,
        "avg_abnormal_entropy_std": 0.07341566554049522,
        "avg_normal_recon_std": 0.13426800139472359,
        "avg_abnormal_recon_std": 0.06906770936042168
    },
    "total_time": 220.14698314666748,
    "all_seeds": [
        {
            "run": 0,
            "train_time": 26.09029221534729,
            "test_time": 0.07473897933959961,
            "epochs": 112,
            "rauc": 0.9713778128701146,
            "ap": 0.48869334445316664,
            "f1": 0.58,
            "entropy_rauc": 0.7884747993156994,
            "entropy_ap": 0.1288230327983929,
            "entropy_f1": 0.06666666666666667,
            "avg_normal_entropy": 3.4485883712768555,
            "avg_abnormal_entropy": 3.4619946479797363,
            "avg_normal_recon": 0.3961600065231323,
            "avg_abnormal_recon": 0.8294617533683777
        },
        {
            "run": 1,
            "train_time": 25.249642848968506,
            "test_time": 0.05068683624267578,
            "epochs": 127,
            "rauc": 0.8754941439663113,
            "ap": 0.1953511352543177,
            "f1": 0.17333333333333334,
            "entropy_rauc": 0.884532175286222,
            "entropy_ap": 0.22764967766458727,
            "entropy_f1": 0.22666666666666666,
            "avg_normal_entropy": 3.4623069763183594,
            "avg_abnormal_entropy": 3.4652974605560303,
            "avg_normal_recon": 0.4573605954647064,
            "avg_abnormal_recon": 0.6711736917495728
        },
        {
            "run": 2,
            "train_time": 19.331512928009033,
            "test_time": 0.05182337760925293,
            "epochs": 135,
            "rauc": 0.8399947361494934,
            "ap": 0.1615834421097447,
            "f1": 0.15333333333333332,
            "entropy_rauc": 0.7434899328859061,
            "entropy_ap": 0.09749167474514217,
            "entropy_f1": 0.03333333333333333,
            "avg_normal_entropy": 3.4402353763580322,
            "avg_abnormal_entropy": 3.4632315635681152,
            "avg_normal_recon": 0.6235785484313965,
            "avg_abnormal_recon": 0.6940376162528992
        },
        {
            "run": 3,
            "train_time": 14.164520978927612,
            "test_time": 0.0783534049987793,
            "epochs": 72,
            "rauc": 0.9152335833662323,
            "ap": 0.27722328723710166,
            "f1": 0.36,
            "entropy_rauc": 0.3386287669430188,
            "entropy_ap": 0.03966099112546794,
            "entropy_f1": 0.0,
            "avg_normal_entropy": 3.2820396423339844,
            "avg_abnormal_entropy": 3.217041492462158,
            "avg_normal_recon": 0.507404625415802,
            "avg_abnormal_recon": 0.7589683532714844
        },
        {
            "run": 4,
            "train_time": 26.84193515777588,
            "test_time": 0.07808351516723633,
            "epochs": 136,
            "rauc": 0.8947387814186079,
            "ap": 0.2236940187713003,
            "f1": 0.24,
            "entropy_rauc": 0.8487932622713515,
            "entropy_ap": 0.18347125431537356,
            "entropy_f1": 0.19333333333333333,
            "avg_normal_entropy": 3.453464984893799,
            "avg_abnormal_entropy": 3.464958429336548,
            "avg_normal_recon": 0.47677281498908997,
            "avg_abnormal_recon": 0.7503902912139893
        },
        {
            "run": 5,
            "train_time": 6.192734241485596,
            "test_time": 0.05142021179199219,
            "epochs": 40,
            "rauc": 0.8418660350046058,
            "ap": 0.15481503967316812,
            "f1": 0.09333333333333334,
            "entropy_rauc": 0.40945255954730886,
            "entropy_ap": 0.04384073825520067,
            "entropy_f1": 0.02,
            "avg_normal_entropy": 3.3597004413604736,
            "avg_abnormal_entropy": 3.4241621494293213,
            "avg_normal_recon": 0.5581793785095215,
            "avg_abnormal_recon": 0.7249168157577515
        },
        {
            "run": 6,
            "train_time": 23.227747917175293,
            "test_time": 0.08092927932739258,
            "epochs": 133,
            "rauc": 0.8256902223976839,
            "ap": 0.13976161973506662,
            "f1": 0.06,
            "entropy_rauc": 0.7634886169232793,
            "entropy_ap": 0.13137120630207666,
            "entropy_f1": 0.1806020066889632,
            "avg_normal_entropy": 3.4639108180999756,
            "avg_abnormal_entropy": 3.4653964042663574,
            "avg_normal_recon": 0.8201911449432373,
            "avg_abnormal_recon": 0.7044922113418579
        },
        {
            "run": 7,
            "train_time": 27.906111001968384,
            "test_time": 0.07720351219177246,
            "epochs": 123,
            "rauc": 0.9094670351362021,
            "ap": 0.24172114035804382,
            "f1": 0.24,
            "entropy_rauc": 0.4718778786682458,
            "entropy_ap": 0.04796099397173994,
            "entropy_f1": 0.0,
            "avg_normal_entropy": 3.4504454135894775,
            "avg_abnormal_entropy": 3.4623682498931885,
            "avg_normal_recon": 0.5403914451599121,
            "avg_abnormal_recon": 0.7015838623046875
        },
        {
            "run": 8,
            "train_time": 23.036619663238525,
            "test_time": 0.10841584205627441,
            "epochs": 101,
            "rauc": 0.8887985261218582,
            "ap": 0.20753931646069745,
            "f1": 0.2,
            "entropy_rauc": 0.7413435978418214,
            "entropy_ap": 0.09835993127665077,
            "entropy_f1": 0.02,
            "avg_normal_entropy": 3.403857469558716,
            "avg_abnormal_entropy": 3.456465721130371,
            "avg_normal_recon": 0.7329778671264648,
            "avg_abnormal_recon": 0.7015785574913025
        },
        {
            "run": 9,
            "train_time": 25.374574661254883,
            "test_time": 0.0778195858001709,
            "epochs": 118,
            "rauc": 0.8773207000921174,
            "ap": 0.19499974924510768,
            "f1": 0.16666666666666666,
            "entropy_rauc": 0.5334359784182129,
            "entropy_ap": 0.053872456591837106,
            "entropy_f1": 0.0,