{
    "model_config": {
        "num_heads": 4,
        "num_latents": 7,
        "num_memories": 135,
        "depth": 4,
        "hidden_dim": 16,
        "mlp_ratio": 4.0,
        "dropout_prob": 0.0,
        "temperature": 0.1,
        "sim_type": "cos",
        "use_oe": true,
        "oe_lambda": 1.0,
        "oe_shuffle_ratio": 0.3,
        "oe_lambda_memory": 0.1,
        "is_weight_sharing": false,
        "use_pos_enc_as_query": false,
        "use_mask_token": false,
        "num_features": 62
    },
    "train_config": {
        "data_dir": "Data/",
        "epochs": 250,
        "learning_rate": 0.01,
        "sche_gamma": 0.95,
        "batch_size": 512,
        "random_seed": 42,
        "num_workers": 0,
        "preprocess": "standard",
        "model_type": "OELATTE",
        "dataset_name": "campaign",
        "train_ratio": 1.0,
        "base_path": "results/OELATTE-d16-oe_lam1.0-oe_rat0.3-oe_lam_mem0.1/campaign/1.0",
        "not_use_power_of_two": false,
        "num_memories_not_use_power_of_two": false,
        "num_memories_twice": false,
        "contamination_ratio": null,
        "latent_ratio": null,
        "memory_ratio": null,
        "run": 9
    },
    "mean_metrics": {
        "AUC-ROC": 0.782928975310692,
        "AUC-PR": 0.48248008782851814,
        "f1": 0.5028663793103448
    },
    "total_time": 1103.7243683338165,
    "all_seeds": [
        {
            "run": 0,
            "AUC-ROC": 0.8786225742811532,
            "AUC-PR": 0.6229498855499092,
            "f1": 0.625,
            "train_time": 122.75497269630432,
            "test_time": 0.17647361755371094,
            "epochs": 95
        },
        {
            "run": 1,
            "AUC-ROC": 0.8397840180886355,
            "AUC-PR": 0.5236272118528775,
            "f1": 0.5642241379310344,
            "train_time": 50.5795636177063,
            "test_time": 0.13759851455688477,
            "epochs": 109
        },
        {
            "run": 2,
            "AUC-ROC": 0.7777600335694579,
            "AUC-PR": 0.4449484486653035,
            "f1": 0.49030172413793105,
            "train_time": 32.61954116821289,
            "test_time": 0.1368248462677002,
            "epochs": 76
        },
        {
            "run": 3,
            "AUC-ROC": 0.7284420547093478,
            "AUC-PR": 0.408063667575448,
            "f1": 0.4099137931034483,
            "train_time": 62.62477970123291,
            "test_time": 0.178208589553833,
            "epochs": 82
        },
        {
            "run": 4,
            "AUC-ROC": 0.7765292949659022,
            "AUC-PR": 0.4879215294267416,
            "f1": 0.49698275862068964,
            "train_time": 107.54386782646179,
            "test_time": 0.27734875679016113,
            "epochs": 95
        },
        {
            "run": 5,
            "AUC-ROC": 0.7693834666645282,
            "AUC-PR": 0.4770138168816933,
            "f1": 0.47413793103448276,
            "train_time": 154.08043241500854,
            "test_time": 0.2741727828979492,
            "epochs": 86
        },
        {
            "run": 6,
            "AUC-ROC": 0.7613225274367577,
            "AUC-PR": 0.4436349466409998,
            "f1": 0.49202586206896554,
            "train_time": 52.88445544242859,
            "test_time": 0.27502942085266113,
            "epochs": 26
        },
        {
            "run": 7,
            "AUC-ROC": 0.7273976912270307,
            "AUC-PR": 0.41075635257132337,
            "f1": 0.4415948275862069,
            "train_time": 203.11681485176086,
            "test_time": 0.2762148380279541,
            "epochs": 117
        },
        {
            "run": 8,
            "AUC-ROC": 0.7926672894502458,
            "AUC-PR": 0.5049176933970143,
            "f1": 0.5109913793103448,
            "train_time": 140.11396527290344,
            "test_time": 0.272916316986084,
            "epochs": 78
        },
        {
            "run": 9,
            "AUC-ROC": 0.7773808027138615,
            "AUC-PR": 0.5009673257238699,
            "f1": 0.5234913793103448,
            "train_time": 172.12237739562988,
            "test_time": 0.3584773540496826,
            "epochs": 98
        }
    ]
}