{
    "model_config": {
        "num_features": 33,
        "hidden_dim": 64,
        "depth": 4,
        "depth_enc": null,
        "depth_dec": null,
        "num_heads": 4,
        "mlp_ratio": 4.0,
        "dropout_prob": 0.0,
        "temperature": 0.2,
        "imix_loss_weight": 0.1,
        "mixup_alpha": 0.9,
        "projector_dim": null,
        "use_flash_attn": false
    },
    "train_config": {
        "data_dir": "Data/",
        "epochs": 200,
        "learning_rate": 0.01,
        "sche_gamma": 0.95,
        "batch_size": 512,
        "random_seed": 42,
        "num_workers": 0,
        "preprocess": "standard",
        "patience": 10,
        "min_delta": 0,
        "use_amp": false,
        "model_type": "TAEIMIX",
        "dataset_name": "ionosphere",
        "base_path": "results/TAEIMIX-260125-iw0.1-ap0.9-ep200-ep60_imix/ionosphere/1.0",
        "exp_name": "TAEIMIX-260125-iw0.1-ap0.9-ep200-ep60_imix",
        "runs": 10,
        "train_ratio": 1.0
    },
    "start_time_kst": "2026-01-25T15:56:53+09:00",
    "mean_metrics": {
        "rauc": 0.5823711195392611,
        "ap": 0.546814674410784,
        "f1": 0.6373015873015874,
        "avg_normal": -0.9190059840679169,
        "avg_abnormal": -0.9183139324188232
    },
    "std_metrics": {
        "rauc_std": 0.06961702474499941,
        "ap_std": 0.0505368192222723,
        "f1_std": 0.06279879446729636,
        "avg_normal_std": 0.040001971933137634,
        "avg_abnormal_std": 0.041431275110164
    },
    "total_time": 122.86840462684631,
    "all_seeds": [
        {
            "rauc": 0.5685489535047057,
            "ap": 0.5238589783095484,
            "f1": 0.6428571428571429,
            "avg_normal": -0.9219812154769897,
            "avg_abnormal": -0.9335787892341614,
            "run": 0,
            "epochs": 135,
            "train_time": 12.316993951797485,
            "test_time": 0.05015254020690918
        },
        {
            "rauc": 0.5791543756145526,
            "ap": 0.5319223910639498,
            "f1": 0.6746031746031746,
            "avg_normal": -0.9099770784378052,
            "avg_abnormal": -0.9085554480552673,
            "run": 1,
            "epochs": 108,
            "train_time": 9.46636176109314,
            "test_time": 0.05155372619628906
        },
        {
            "rauc": 0.6234021632251721,
            "ap": 0.5656674869761513,
            "f1": 0.6904761904761905,
            "avg_normal": -0.9204046726226807,
            "avg_abnormal": -0.9192590713500977,
            "run": 2,
            "epochs": 132,
            "train_time": 11.80635142326355,
            "test_time": 0.04723381996154785
        },
        {
            "rauc": 0.6075993819356651,
            "ap": 0.5345485725978232,
            "f1": 0.6349206349206349,
            "avg_normal": -0.8973413705825806,
            "avg_abnormal": -0.8991550207138062,
            "run": 3,
            "epochs": 122,
            "train_time": 10.352263689041138,
            "test_time": 0.02858591079711914
        },
        {
            "rauc": 0.428676780446692,
            "ap": 0.47065004982395264,
            "f1": 0.49206349206349204,
            "avg_normal": -0.9714526534080505,
            "avg_abnormal": -0.9715038537979126,
            "run": 4,
            "epochs": 200,
            "train_time": 18.347649097442627,
            "test_time": 0.03677868843078613
        },
        {
            "rauc": 0.6260008428150021,
            "ap": 0.633042697675019,
            "f1": 0.6111111111111112,
            "avg_normal": -0.9717453718185425,
            "avg_abnormal": -0.9717320203781128,
            "run": 5,
            "epochs": 155,
            "train_time": 10.005154371261597,
            "test_time": 0.048053741455078125
        },
        {
            "rauc": 0.5339935384183172,
            "ap": 0.4940932810541567,
            "f1": 0.6111111111111112,
            "avg_normal": -0.8577168583869934,
            "avg_abnormal": -0.8645965456962585,
            "run": 6,
            "epochs": 114,
            "train_time": 9.550819158554077,
            "test_time": 0.05024385452270508
        },
        {
            "rauc": 0.6209439528023598,
            "ap": 0.5430006304575785,
            "f1": 0.6746031746031746,
            "avg_normal": -0.862702488899231,
            "avg_abnormal": -0.8533482551574707,
            "run": 7,
            "epochs": 133,
            "train_time": 11.538043022155762,
            "test_time": 0.048065185546875
        },
        {
            "rauc": 0.7016434892541087,
            "ap": 0.6368351318025464,
            "f1": 0.7380952380952381,
            "avg_normal": -0.9049662351608276,
            "avg_abnormal": -0.8896353244781494,
            "run": 8,
            "epochs": 140,
            "train_time": 12.449060678482056,
            "test_time": 0.03598332405090332
        },
        {
            "rauc": 0.533747717376036,
            "ap": 0.5345275243471148,
            "f1": 0.6031746031746031,
            "avg_normal": -0.9717718958854675,
            "avg_abnormal": -0.9717749953269958,
            "run": 9,
            "epochs": 162,
            "train_time": 14.574283838272095,
            "test_time": 0.047258853912353516
        }
    ]
}