{
    "model_config": {
        "hidden_dim": 64,
        "depth": 4,
        "num_heads": 4,
        "mlp_ratio": 4.0,
        "dropout_prob": 0.0,
        "num_prototypes": 32,
        "temperature": 0.1,
        "sinkhorn_iters": 3,
        "sinkhorn_eps": 0.1,
        "contrastive_loss_weight": 1.0,
        "use_flash_attn": false,
        "num_features": 36
    },
    "train_config": {
        "data_dir": "Data/",
        "epochs": 250,
        "learning_rate": 0.01,
        "sche_gamma": 0.95,
        "batch_size": 512,
        "random_seed": 42,
        "num_workers": 0,
        "preprocess": "standard",
        "patience": 10,
        "use_amp": false,
        "model_type": "ProtoAD",
        "dataset_name": "satimage-2",
        "base_path": "results/ProtoAD-d64-proto32-eps0.1-contra1.0-temp0.1/satimage-2/1.0",
        "exp_name": "ProtoAD-d64-proto32-eps0.1-contra1.0-temp0.1",
        "runs": 10,
        "train_ratio": 1.0,
        "run": 9
    },
    "mean_metrics": {
        "rauc": 0.9955770912986642,
        "ap": 0.9666793016471571,
        "f1": 0.9267605633802816,
        "entropy_rauc": 0.5848751265443322,
        "entropy_ap": 0.07599334331173577,
        "entropy_f1": 0.06197183098591549,
        "avg_normal_entropy": 3.012409543991089,
        "avg_abnormal_entropy": 3.0203738451004027,
        "avg_normal_recon": 0.424925771355629,
        "avg_abnormal_recon": 5.851666259765625
    },
    "std_metrics": {
        "rauc_std": 0.0005949846845393356,
        "ap_std": 0.00277665888771212,
        "f1_std": 0.012278588573353993,
        "entropy_rauc_std": 0.30144861846453747,
        "entropy_ap_std": 0.06531212237211892,
        "entropy_f1_std": 0.08478826446925303,
        "avg_normal_entropy_std": 0.12207178235576313,
        "avg_abnormal_entropy_std": 0.16113237732572624,
        "avg_normal_recon_std": 0.04747780762446127,
        "avg_abnormal_recon_std": 0.7302677787517255
    },
    "total_time": 35.92457294464111,
    "all_seeds": [
        {
            "run": 0,
            "train_time": 5.1753857135772705,
            "test_time": 0.08243060111999512,
            "epochs": 20,
            "rauc": 0.9969727647110858,
            "ap": 0.9668685308498273,
            "f1": 0.9295774647887324,
            "entropy_rauc": 0.04897634235279086,
            "entropy_ap": 0.0126305620184072,
            "entropy_f1": 0.0,
            "avg_normal_entropy": 2.8986597061157227,
            "avg_abnormal_entropy": 2.7532641887664795,
            "avg_normal_recon": 0.34354886412620544,
            "avg_abnormal_recon": 3.8314218521118164
        },
        {
            "run": 1,
            "train_time": 2.9923224449157715,
            "test_time": 0.08309459686279297,
            "epochs": 12,
            "rauc": 0.9954198323226168,
            "ap": 0.9630079611181853,
            "f1": 0.9154929577464789,
            "entropy_rauc": 0.5114307618214521,
            "entropy_ap": 0.023492560771699797,
            "entropy_f1": 0.0,
            "avg_normal_entropy": 2.8670122623443604,
            "avg_abnormal_entropy": 2.8592777252197266,
            "avg_normal_recon": 0.427476167678833,
            "avg_abnormal_recon": 5.952558994293213
        },
        {
            "run": 2,
            "train_time": 3.2346487045288086,
            "test_time": 0.07986044883728027,
            "epochs": 14,
            "rauc": 0.9955672626126613,
            "ap": 0.9678395757591096,
            "f1": 0.9295774647887324,
            "entropy_rauc": 0.4781950601024149,
            "entropy_ap": 0.022367404264645493,
            "entropy_f1": 0.014084507042253521,
            "avg_normal_entropy": 3.1282362937927246,
            "avg_abnormal_entropy": 3.1605401039123535,
            "avg_normal_recon": 0.44436490535736084,
            "avg_abnormal_recon": 6.615687847137451
        },
        {
            "run": 3,
            "train_time": 3.4401519298553467,
            "test_time": 0.07947254180908203,
            "epochs": 15,
            "rauc": 0.9954100036366138,
            "ap": 0.9722651293961799,
            "f1": 0.9577464788732394,
            "entropy_rauc": 0.9578226511897624,
            "entropy_ap": 0.2291587635147762,
            "entropy_f1": 0.014084507042253521,
            "avg_normal_entropy": 2.870943069458008,
            "avg_abnormal_entropy": 2.9150569438934326,
            "avg_normal_recon": 0.4252740144729614,
            "avg_abnormal_recon": 6.123029708862305
        },
        {
            "run": 4,
            "train_time": 3.520792245864868,
            "test_time": 0.0844731330871582,
            "epochs": 15,
            "rauc": 0.9958228084487385,
            "ap": 0.9669254100703987,
            "f1": 0.9295774647887324,
            "entropy_rauc": 0.710636112558112,
            "entropy_ap": 0.09938025213792097,
            "entropy_f1": 0.22535211267605634,
            "avg_normal_entropy": 3.0609829425811768,
            "avg_abnormal_entropy": 3.084879159927368,
            "avg_normal_recon": 0.3695395588874817,
            "avg_abnormal_recon": 5.9338178634643555
        },
        {
            "run": 5,
            "train_time": 3.0965564250946045,
            "test_time": 0.08276057243347168,
            "epochs": 13,
            "rauc": 0.9952429159745634,
            "ap": 0.9649536256228415,
            "f1": 0.9295774647887324,
            "entropy_rauc": 0.5462144815859568,
            "entropy_ap": 0.07289459953424013,
            "entropy_f1": 0.14084507042253522,
            "avg_normal_entropy": 2.895522117614746,
            "avg_abnormal_entropy": 2.8883779048919678,
            "avg_normal_recon": 0.4588727056980133,
            "avg_abnormal_recon": 6.009820461273193
        },
        {
            "run": 6,
            "train_time": 2.943833827972412,
            "test_time": 0.08448314666748047,
            "epochs": 12,
            "rauc": 0.9949480553944744,
            "ap": 0.9619217003320586,
            "f1": 0.9154929577464789,
            "entropy_rauc": 0.7590202765792241,
            "entropy_ap": 0.04521744798125511,
            "entropy_f1": 0.014084507042253521,
            "avg_normal_entropy": 3.157012462615967,
            "avg_abnormal_entropy": 3.1675422191619873,
            "avg_normal_recon": 0.4803025424480438,
            "avg_abnormal_recon": 6.102727890014648
        },
        {
            "run": 7,
            "train_time": 3.0114080905914307,
            "test_time": 0.08359646797180176,
            "epochs": 13,
            "rauc": 0.995046342254504,
            "ap": 0.9672775783054379,
            "f1": 0.9154929577464789,
            "entropy_rauc": 0.8332071985296287,
            "entropy_ap": 0.11532886714343278,
            "entropy_f1": 0.19718309859154928,
            "avg_normal_entropy": 2.9465508460998535,
            "avg_abnormal_entropy": 3.053795337677002,
            "avg_normal_recon": 0.46990785002708435,
            "avg_abnormal_recon": 6.230220794677734
        },
        {
            "run": 8,
            "train_time": 2.788245677947998,
            "test_time": 0.08034801483154297,
            "epochs": 12,
            "rauc": 0.9962503562898676,
            "ap": 0.9689119265928404,
            "f1": 0.9295774647887324,
            "entropy_rauc": 0.08780456640751698,
            "entropy_ap": 0.013071267132232193,
            "entropy_f1": 0.0,
            "avg_normal_entropy": 3.113518476486206,
            "avg_abnormal_entropy": 3.005635976791382,
            "avg_normal_recon": 0.4698813557624817,
            "avg_abnormal_recon": 6.274489402770996
        },
        {
            "run": 9,
            "train_time": 3.293748617172241,
            "test_time": 0.08266663551330566,
            "epochs": 14,
            "rauc": 0.9950905713415172,
            "ap": 0.9668215784246933,
            "f1": 0.9154929577464789,
            "entropy_rauc": 0.9154438143164639,