{
    "model_config": {
        "num_heads": 4,
        "num_latents": 2,
        "num_memories": 42,
        "depth": 4,
        "hidden_dim": 32,
        "mlp_ratio": 4.0,
        "dropout_prob": 0.0,
        "temperature": 0.1,
        "sim_type": "cos",
        "use_oe": true,
        "oe_lambda": 1.0,
        "oe_shuffle_ratio": 0.5,
        "oe_lambda_memory": 0.1,
        "is_weight_sharing": false,
        "use_pos_enc_as_query": false,
        "use_mask_token": false,
        "num_features": 6
    },
    "train_config": {
        "data_dir": "Data/",
        "epochs": 250,
        "learning_rate": 0.01,
        "sche_gamma": 0.95,
        "batch_size": 512,
        "random_seed": 42,
        "num_workers": 0,
        "preprocess": "standard",
        "model_type": "OELATTE",
        "dataset_name": "thyroid",
        "train_ratio": 1.0,
        "base_path": "results/OELATTE-d32-oe_lam1.0-oe_rat0.5-oe_lam_mem0.1/thyroid/1.0",
        "not_use_power_of_two": false,
        "num_memories_not_use_power_of_two": false,
        "num_memories_twice": false,
        "contamination_ratio": null,
        "latent_ratio": null,
        "memory_ratio": null,
        "run": 9
    },
    "mean_metrics": {
        "AUC-ROC": 0.9766725105189341,
        "AUC-PR": 0.7697983378934469,
        "f1": 0.7193548387096775
    },
    "total_time": 178.05554246902466,
    "all_seeds": [
        {
            "run": 0,
            "AUC-ROC": 0.9759408602150539,
            "AUC-PR": 0.7930125796655066,
            "f1": 0.7634408602150538,
            "train_time": 21.694344758987427,
            "test_time": 0.04875469207763672,
            "epochs": 106
        },
        {
            "run": 1,
            "AUC-ROC": 0.9640194015895278,
            "AUC-PR": 0.6745003466059268,
            "f1": 0.6881720430107527,
            "train_time": 20.900511264801025,
            "test_time": 0.04868936538696289,
            "epochs": 111
        },
        {
            "run": 2,
            "AUC-ROC": 0.9753506311360448,
            "AUC-PR": 0.8071626589728985,
            "f1": 0.7204301075268817,
            "train_time": 17.81764507293701,
            "test_time": 0.04558849334716797,
            "epochs": 91
        },
        {
            "run": 3,
            "AUC-ROC": 0.9711079943899019,
            "AUC-PR": 0.6967778767499644,
            "f1": 0.6344086021505376,
            "train_time": 9.19121527671814,
            "test_time": 0.02297806739807129,
            "epochs": 100
        },
        {
            "run": 4,
            "AUC-ROC": 0.9739364188873304,
            "AUC-PR": 0.7473853155029297,
            "f1": 0.6989247311827957,
            "train_time": 16.93683099746704,
            "test_time": 0.04951834678649902,
            "epochs": 93
        },
        {
            "run": 5,
            "AUC-ROC": 0.9738662926601216,
            "AUC-PR": 0.7954065902694305,
            "f1": 0.7526881720430108,
            "train_time": 21.839250326156616,
            "test_time": 0.04850268363952637,
            "epochs": 113
        },
        {
            "run": 6,
            "AUC-ROC": 0.9909712482468442,
            "AUC-PR": 0.8425650420282006,
            "f1": 0.7849462365591398,
            "train_time": 15.597666025161743,
            "test_time": 0.04940533638000488,
            "epochs": 82
        },
        {
            "run": 7,
            "AUC-ROC": 0.9764258999532492,
            "AUC-PR": 0.7565569468272824,
            "f1": 0.6989247311827957,
            "train_time": 17.375075101852417,
            "test_time": 0.049460649490356445,
            "epochs": 88
        },
        {
            "run": 8,
            "AUC-ROC": 0.9841164095371668,
            "AUC-PR": 0.7931732215956079,
            "f1": 0.7311827956989247,
            "train_time": 19.622432708740234,
            "test_time": 0.04932427406311035,
            "epochs": 98
        },
        {
            "run": 9,
            "AUC-ROC": 0.9809899485741,
            "AUC-PR": 0.79144280071672,
            "f1": 0.7204301075268817,
            "train_time": 14.81016731262207,
            "test_time": 0.0209047794342041,
            "epochs": 92
        }
    ]
}