{
    "model_config": {
        "num_features": 6,
        "hidden_dim": 128,
        "depth": 4,
        "num_heads": 4,
        "mlp_ratio": 4.0,
        "dropout_prob": 0.0,
        "temperature": 1.0,
        "contrastive_loss_weight": 0.01,
        "use_flash_attn": false
    },
    "train_config": {
        "data_dir": "Data/",
        "epochs": 200,
        "learning_rate": 0.001,
        "sche_gamma": 0.95,
        "batch_size": 512,
        "random_seed": 42,
        "num_workers": 0,
        "preprocess": "standard",
        "patience": 10,
        "min_delta": 0,
        "use_amp": false,
        "model_type": "TAECL",
        "dataset_name": "mammography",
        "base_path": "results/TAECL-temp1.0-contra0.01-contra/mammography/1.0",
        "exp_name": "TAECL-temp1.0-contra0.01-contra",
        "runs": 10,
        "train_ratio": 1.0,
        "run": 9
    },
    "mean_metrics": {
        "rauc": 0.8792710475171113,
        "ap": 0.3702712013585017,
        "f1": 0.37576923076923074,
        "avg_normal": -0.09076859578490257,
        "avg_abnormal": -0.08891273885965348
    },
    "std_metrics": {
        "rauc_std": 0.012033175893037595,
        "ap_std": 0.11608793785412191,
        "f1_std": 0.1003551386135949,
        "avg_normal_std": 0.0006171136531954874,
        "avg_abnormal_std": 0.000355863871144956
    },
    "total_time": 631.6088750362396,
    "all_seeds": [
        {
            "rauc": 0.8934340055769936,
            "ap": 0.43724430024399213,
            "f1": 0.43846153846153846,
            "avg_normal": -0.09115985035896301,
            "avg_abnormal": -0.08874690532684326,
            "run": 0,
            "epochs": 162,
            "train_time": 60.51742601394653,
            "test_time": 0.4193141460418701
        },
        {
            "rauc": 0.8707014195983438,
            "ap": 0.25848270086756625,
            "f1": 0.2692307692307692,
            "avg_normal": -0.0903652086853981,
            "avg_abnormal": -0.08816638588905334,
            "run": 1,
            "epochs": 139,
            "train_time": 53.845834732055664,
            "test_time": 0.5282609462738037
        },
        {
            "rauc": 0.8590647269244853,
            "ap": 0.20341598263801125,
            "f1": 0.23076923076923078,
            "avg_normal": -0.09028488397598267,
            "avg_abnormal": -0.08908025920391083,
            "run": 2,
            "epochs": 138,
            "train_time": 53.27571511268616,
            "test_time": 0.2034304141998291
        },
        {
            "rauc": 0.887709489338929,
            "ap": 0.44253359655736696,
            "f1": 0.49615384615384617,
            "avg_normal": -0.09060116112232208,
            "avg_abnormal": -0.08893094211816788,
            "run": 3,
            "epochs": 172,
            "train_time": 68.92303991317749,
            "test_time": 0.22480010986328125
        },
        {
            "rauc": 0.8663922767090104,
            "ap": 0.2653911383321575,
            "f1": 0.31153846153846154,
            "avg_normal": -0.09027886390686035,
            "avg_abnormal": -0.0886770635843277,
            "run": 4,
            "epochs": 164,
            "train_time": 63.96047329902649,
            "test_time": 0.6124792098999023
        },
        {
            "rauc": 0.8832489507928907,
            "ap": 0.5491561415521742,
            "f1": 0.5269230769230769,
            "avg_normal": -0.09225844591856003,
            "avg_abnormal": -0.08945637196302414,
            "run": 5,
            "epochs": 170,
            "train_time": 65.22623205184937,
            "test_time": 0.3270566463470459
        },
        {
            "rauc": 0.8971924907754274,
            "ap": 0.5346108575975587,
            "f1": 0.49230769230769234,
            "avg_normal": -0.09141397476196289,
            "avg_abnormal": -0.08938557654619217,
            "run": 6,
            "epochs": 183,
            "train_time": 72.9663143157959,
            "test_time": 0.1953728199005127
        },
        {
            "rauc": 0.8673788130580514,
            "ap": 0.27786783641800283,
            "f1": 0.2923076923076923,
            "avg_normal": -0.0903218537569046,
            "avg_abnormal": -0.08867193013429642,
            "run": 7,
            "epochs": 164,
            "train_time": 64.07039499282837,
            "test_time": 0.13663291931152344
        },
        {
            "rauc": 0.8859430893163958,
            "ap": 0.4224692091954015,
            "f1": 0.3730769230769231,
            "avg_normal": -0.09057678282260895,
            "avg_abnormal": -0.08896461129188538,
            "run": 8,
            "epochs": 161,
            "train_time": 64.86894989013672,
            "test_time": 0.16987991333007812
        },
        {
            "rauc": 0.8816452130805846,
            "ap": 0.31154025018278586,
            "f1": 0.3269230769230769,
            "avg_normal": -0.09042493253946304,
            "avg_abnormal": -0.08904734253883362,
            "run": 9,
            "epochs": 145,
            "train_time": 58.693530559539795,
            "test_time": 0.25672197341918945
        }
    ]
}