{
    "model_config": {
        "num_heads": 4,
        "num_latents": 4,
        "num_memories": 28,
        "depth": 4,
        "hidden_dim": 32,
        "mlp_ratio": 4.0,
        "dropout_prob": 0.0,
        "temperature": 0.1,
        "sim_type": "cos",
        "use_oe": true,
        "oe_lambda": 1.0,
        "oe_shuffle_ratio": 0.5,
        "oe_lambda_memory": 0.0,
        "is_weight_sharing": false,
        "use_pos_enc_as_query": false,
        "use_mask_token": false,
        "num_features": 21
    },
    "train_config": {
        "data_dir": "Data/",
        "epochs": 250,
        "learning_rate": 0.01,
        "sche_gamma": 0.95,
        "batch_size": 512,
        "random_seed": 42,
        "num_workers": 0,
        "preprocess": "standard",
        "model_type": "OELATTE",
        "dataset_name": "cardiotocography",
        "train_ratio": 1.0,
        "base_path": "results/OELATTE-d32-oe_lam1.0-oe_rat0.5/cardiotocography/1.0",
        "not_use_power_of_two": false,
        "num_memories_not_use_power_of_two": false,
        "num_memories_twice": false,
        "contamination_ratio": null,
        "latent_ratio": null,
        "memory_ratio": null,
        "run": 9
    },
    "mean_metrics": {
        "AUC-ROC": 0.7419620348764532,
        "AUC-PR": 0.6715863762038061,
        "f1": 0.5817596566523606
    },
    "total_time": 64.52134919166565,
    "all_seeds": [
        {
            "run": 0,
            "AUC-ROC": 0.7906084628526189,
            "AUC-PR": 0.7352148617177576,
            "f1": 0.6394849785407726,
            "train_time": 7.175094366073608,
            "test_time": 0.041790008544921875,
            "epochs": 58
        },
        {
            "run": 1,
            "AUC-ROC": 0.8294824784366016,
            "AUC-PR": 0.7490976458794287,
            "f1": 0.6373390557939914,
            "train_time": 2.1649270057678223,
            "test_time": 0.03708028793334961,
            "epochs": 15
        },
        {
            "run": 2,
            "AUC-ROC": 0.7824388516188174,
            "AUC-PR": 0.7129028314300414,
            "f1": 0.6266094420600858,
            "train_time": 10.27041482925415,
            "test_time": 0.04037046432495117,
            "epochs": 96
        },
        {
            "run": 3,
            "AUC-ROC": 0.7054434559773324,
            "AUC-PR": 0.6255363344235492,
            "f1": 0.5386266094420601,
            "train_time": 7.942834854125977,
            "test_time": 0.0391230583190918,
            "epochs": 72
        },
        {
            "run": 4,
            "AUC-ROC": 0.6822601983415977,
            "AUC-PR": 0.6079591880069208,
            "f1": 0.5236051502145923,
            "train_time": 6.322686672210693,
            "test_time": 0.04184556007385254,
            "epochs": 57
        },
        {
            "run": 5,
            "AUC-ROC": 0.6888281803408476,
            "AUC-PR": 0.6227587857363204,
            "f1": 0.5171673819742489,
            "train_time": 9.25307559967041,
            "test_time": 0.039199113845825195,
            "epochs": 83
        },
        {
            "run": 6,
            "AUC-ROC": 0.7505898683278471,
            "AUC-PR": 0.6810007509845991,
            "f1": 0.6008583690987125,
            "train_time": 5.231363534927368,
            "test_time": 0.03977704048156738,
            "epochs": 45
        },
        {
            "run": 7,
            "AUC-ROC": 0.6766870494603943,
            "AUC-PR": 0.6180053354386951,
            "f1": 0.5343347639484979,
            "train_time": 5.339588403701782,
            "test_time": 0.042101383209228516,
            "epochs": 47
        },
        {
            "run": 8,
            "AUC-ROC": 0.7456664861035878,
            "AUC-PR": 0.6659157505317441,
            "f1": 0.5965665236051502,
            "train_time": 7.433528423309326,
            "test_time": 0.017295360565185547,
            "epochs": 70
        },
        {
            "run": 9,
            "AUC-ROC": 0.7676153173048876,
            "AUC-PR": 0.6974722778890039,
            "f1": 0.6030042918454935,
            "train_time": 1.4140281677246094,
            "test_time": 0.017101764678955078,
            "epochs": 30
        }
    ]
}