{
    "model_config": {
        "num_features": 13,
        "hidden_dim": 32,
        "depth": 4,
        "num_heads": 4,
        "mlp_ratio": 4.0,
        "dropout_prob": 0.0,
        "use_flash_attn": false,
        "ema_decay": 0.999,
        "contrastive_loss_weight": 0.1
    },
    "train_config": {
        "data_dir": "Data/",
        "epochs": 200,
        "learning_rate": 0.001,
        "sche_gamma": 0.95,
        "batch_size": 512,
        "random_seed": 42,
        "num_workers": 0,
        "preprocess": "standard",
        "patience": 10,
        "min_delta": 0,
        "use_amp": false,
        "model_type": "TKDAD",
        "dataset_name": "wine",
        "base_path": "results/TKDAD-d32-lr0.001-contra0.1/wine/1.0",
        "exp_name": "TKDAD-d32-lr0.001-contra0.1",
        "runs": 10,
        "train_ratio": 1.0
    },
    "mean_metrics": {
        "avg_normal_score": 0.10057320147752762,
        "rauc": 0.6826666666666666,
        "avg_abnormal_score": 0.1587355241179466,
        "f1": 0.24999999999999994,
        "ap": 0.33690649948730333
    },
    "std_metrics": {
        "avg_normal_score_std": 0.02817089315104655,
        "rauc_std": 0.2088063962408985,
        "avg_abnormal_score_std": 0.10189700033734976,
        "f1_std": 0.22472205054244232,
        "ap_std": 0.1974078006734669
    },
    "total_time": 84.512197971344,
    "all_seeds": [
        {
            "run": 0,
            "train_time": 10.967720746994019,
            "test_time": 0.02005624771118164,
            "epochs": 200,
            "rauc": 0.8033333333333335,
            "ap": 0.4966195286195286,
            "f1": 0.5,
            "avg_normal_score": 0.11873292177915573,
            "avg_abnormal_score": 0.2059294879436493
        },
        {
            "run": 1,
            "train_time": 5.889038562774658,
            "test_time": 0.017819881439208984,
            "epochs": 116,
            "rauc": 0.7683333333333333,
            "ap": 0.2687976037965095,
            "f1": 0.2,
            "avg_normal_score": 0.08904974907636642,
            "avg_abnormal_score": 0.1256697028875351
        },
        {
            "run": 2,
            "train_time": 5.460896015167236,
            "test_time": 0.0175018310546875,
            "epochs": 106,
            "rauc": 0.5483333333333333,
            "ap": 0.15885542416196116,
            "f1": 0.0,
            "avg_normal_score": 0.07893817871809006,
            "avg_abnormal_score": 0.07679542154073715
        },
        {
            "run": 3,
            "train_time": 5.377127170562744,
            "test_time": 0.019768476486206055,
            "epochs": 103,
            "rauc": 0.5033333333333333,
            "ap": 0.14517817711758432,
            "f1": 0.0,
            "avg_normal_score": 0.0596197210252285,
            "avg_abnormal_score": 0.0541093572974205
        },
        {
            "run": 4,
            "train_time": 10.51055908203125,
            "test_time": 0.01771235466003418,
            "epochs": 197,
            "rauc": 0.9066666666666667,
            "ap": 0.7426188197767145,
            "f1": 0.6,
            "avg_normal_score": 0.13153287768363953,
            "avg_abnormal_score": 0.3837521970272064
        },
        {
            "run": 5,
            "train_time": 7.564931392669678,
            "test_time": 0.0183560848236084,
            "epochs": 145,
            "rauc": 0.865,
            "ap": 0.38126662467219746,
            "f1": 0.4,
            "avg_normal_score": 0.11173716187477112,
            "avg_abnormal_score": 0.1880367249250412
        },
        {
            "run": 6,
            "train_time": 5.607853651046753,
            "test_time": 0.01783132553100586,
            "epochs": 108,
            "rauc": 0.8366666666666667,
            "ap": 0.4805891690009336,
            "f1": 0.4,
            "avg_normal_score": 0.05271214619278908,
            "avg_abnormal_score": 0.08514062315225601
        },
        {
            "run": 7,
            "train_time": 10.409847021102905,
            "test_time": 0.020374536514282227,
            "epochs": 200,
            "rauc": 0.5183333333333333,
            "ap": 0.14992512505415734,
            "f1": 0.0,
            "avg_normal_score": 0.12089625746011734,
            "avg_abnormal_score": 0.1213032603263855
        },
        {
            "run": 8,
            "train_time": 10.447543144226074,
            "test_time": 0.020324230194091797,
            "epochs": 200,
            "rauc": 0.845,
            "ap": 0.4467387544666647,
            "f1": 0.4,
            "avg_normal_score": 0.13977304100990295,
            "avg_abnormal_score": 0.2831166088581085
        },
        {
            "run": 9,
            "train_time": 10.316900253295898,
            "test_time": 0.02026987075805664,
            "epochs": 200,
            "rauc": 0.2316666666666667,
            "ap": 0.09847576820678207,
            "f1": 0.0,
            "avg_normal_score": 0.10273995995521545,
            "avg_abnormal_score": 0.06350185722112656
        }
    ]
}