{
    "model_config": {
        "num_heads": 4,
        "num_latents": 2,
        "num_memories": 73,
        "depth": 4,
        "hidden_dim": 64,
        "mlp_ratio": 4.0,
        "dropout_prob": 0.0,
        "temperature": 0.1,
        "sim_type": "cos",
        "use_oe": true,
        "oe_lambda": 1.0,
        "oe_shuffle_ratio": 0.1,
        "oe_lambda_memory": 0.1,
        "is_weight_sharing": false,
        "use_pos_enc_as_query": false,
        "use_mask_token": false,
        "num_features": 6
    },
    "train_config": {
        "data_dir": "Data/",
        "epochs": 250,
        "learning_rate": 0.01,
        "sche_gamma": 0.95,
        "batch_size": 512,
        "random_seed": 42,
        "num_workers": 0,
        "preprocess": "standard",
        "model_type": "OELATTE",
        "dataset_name": "mammography",
        "train_ratio": 1.0,
        "base_path": "results/OELATTE-d64-oe_lam1.0-oe_rat0.1-oe_lam_mem0.1/mammography/1.0",
        "not_use_power_of_two": false,
        "num_memories_not_use_power_of_two": false,
        "num_memories_twice": false,
        "contamination_ratio": null,
        "latent_ratio": null,
        "memory_ratio": null,
        "run": 9
    },
    "mean_metrics": {
        "AUC-ROC": 0.8557177562459509,
        "AUC-PR": 0.38221672365921305,
        "f1": 0.37769230769230766
    },
    "total_time": 449.4345529079437,
    "all_seeds": [
        {
            "run": 0,
            "AUC-ROC": 0.8735656141734501,
            "AUC-PR": 0.40413857521936797,
            "f1": 0.38076923076923075,
            "train_time": 53.787155866622925,
            "test_time": 0.09897375106811523,
            "epochs": 100
        },
        {
            "run": 1,
            "AUC-ROC": 0.8700447849477511,
            "AUC-PR": 0.4165619024849378,
            "f1": 0.38076923076923075,
            "train_time": 48.13076448440552,
            "test_time": 0.10172414779663086,
            "epochs": 90
        },
        {
            "run": 2,
            "AUC-ROC": 0.8534863250992875,
            "AUC-PR": 0.347797755130389,
            "f1": 0.3269230769230769,
            "train_time": 43.02383065223694,
            "test_time": 0.10364222526550293,
            "epochs": 80
        },
        {
            "run": 3,
            "AUC-ROC": 0.854189082612737,
            "AUC-PR": 0.39815266119782716,
            "f1": 0.4,
            "train_time": 40.28636074066162,
            "test_time": 0.10342764854431152,
            "epochs": 75
        },
        {
            "run": 4,
            "AUC-ROC": 0.8168858969664536,
            "AUC-PR": 0.2669337921775108,
            "f1": 0.3384615384615385,
            "train_time": 81.00709056854248,
            "test_time": 0.1867389678955078,
            "epochs": 156
        },
        {
            "run": 5,
            "AUC-ROC": 0.8598611384953384,
            "AUC-PR": 0.4201915326303461,
            "f1": 0.4076923076923077,
            "train_time": 40.852036476135254,
            "test_time": 0.10065746307373047,
            "epochs": 76
        },
        {
            "run": 6,
            "AUC-ROC": 0.8651142157000817,
            "AUC-PR": 0.36060365336394185,
            "f1": 0.3730769230769231,
            "train_time": 60.92053246498108,
            "test_time": 0.05474114418029785,
            "epochs": 126
        },
        {
            "run": 7,
            "AUC-ROC": 0.8508576739993803,
            "AUC-PR": 0.4207939858868089,
            "f1": 0.38846153846153847,
            "train_time": 34.42173099517822,
            "test_time": 0.10428619384765625,
            "epochs": 93
        },
        {
            "run": 8,
            "AUC-ROC": 0.8478670816550713,
            "AUC-PR": 0.3941476853999766,
            "f1": 0.36923076923076925,
            "train_time": 31.380771160125732,
            "test_time": 0.05408477783203125,
            "epochs": 60
        },
        {
            "run": 9,
            "AUC-ROC": 0.8653057488099597,
            "AUC-PR": 0.39284569310102474,
            "f1": 0.4115384615384615,
            "train_time": 12.010709524154663,
            "test_time": 0.05495595932006836,
            "epochs": 58
        }
    ]
}