{
    "model_config": {
        "num_heads": 4,
        "num_latents": 3,
        "num_memories": 14,
        "depth": 4,
        "hidden_dim": 16,
        "mlp_ratio": 4.0,
        "dropout_prob": 0.0,
        "temperature": 0.1,
        "sim_type": "cos",
        "use_oe": true,
        "oe_lambda": 1.0,
        "oe_shuffle_ratio": 0.5,
        "oe_lambda_memory": 0.01,
        "is_weight_sharing": false,
        "use_pos_enc_as_query": false,
        "use_mask_token": false,
        "num_features": 9
    },
    "train_config": {
        "data_dir": "Data/",
        "epochs": 250,
        "learning_rate": 0.01,
        "sche_gamma": 0.95,
        "batch_size": 512,
        "random_seed": 42,
        "num_workers": 0,
        "preprocess": "standard",
        "model_type": "OELATTE",
        "dataset_name": "breastw",
        "train_ratio": 1.0,
        "base_path": "results/OELATTE-d16-oe_lam1.0-oe_rat0.5-oe_lam_mem0.01/breastw/1.0",
        "not_use_power_of_two": false,
        "num_memories_not_use_power_of_two": false,
        "num_memories_twice": false,
        "contamination_ratio": null,
        "latent_ratio": null,
        "memory_ratio": null,
        "run": 9
    },
    "mean_metrics": {
        "AUC-ROC": 0.9881035847563044,
        "AUC-PR": 0.9852965164401073,
        "f1": 0.9564853556485357
    },
    "total_time": 69.17306900024414,
    "all_seeds": [
        {
            "run": 0,
            "AUC-ROC": 0.9899543895359796,
            "AUC-PR": 0.9898129414023176,
            "f1": 0.9581589958158996,
            "train_time": 7.187496662139893,
            "test_time": 0.022121429443359375,
            "epochs": 115
        },
        {
            "run": 1,
            "AUC-ROC": 0.9876738663349544,
            "AUC-PR": 0.9836186784365096,
            "f1": 0.9581589958158996,
            "train_time": 6.624871015548706,
            "test_time": 0.022204160690307617,
            "epochs": 118
        },
        {
            "run": 2,
            "AUC-ROC": 0.9882958272079612,
            "AUC-PR": 0.9847605063901965,
            "f1": 0.9623430962343096,
            "train_time": 6.45792293548584,
            "test_time": 0.017688751220703125,
            "epochs": 116
        },
        {
            "run": 3,
            "AUC-ROC": 0.9828489577443552,
            "AUC-PR": 0.9725872290048969,
            "f1": 0.9539748953974896,
            "train_time": 6.325381755828857,
            "test_time": 0.02418804168701172,
            "epochs": 113
        },
        {
            "run": 4,
            "AUC-ROC": 0.9855252742282031,
            "AUC-PR": 0.984870026628257,
            "f1": 0.9456066945606695,
            "train_time": 6.714323043823242,
            "test_time": 0.029304981231689453,
            "epochs": 115
        },
        {
            "run": 5,
            "AUC-ROC": 0.986825737871763,
            "AUC-PR": 0.9823475549067346,
            "f1": 0.9581589958158996,
            "train_time": 7.090264558792114,
            "test_time": 0.021879196166992188,
            "epochs": 126
        },
        {
            "run": 6,
            "AUC-ROC": 0.9870519054619473,
            "AUC-PR": 0.98589725792711,
            "f1": 0.9414225941422594,
            "train_time": 6.162506103515625,
            "test_time": 0.024479389190673828,
            "epochs": 108
        },
        {
            "run": 7,
            "AUC-ROC": 0.9888235515850579,
            "AUC-PR": 0.986048344491353,
            "f1": 0.9581589958158996,
            "train_time": 7.811659574508667,
            "test_time": 0.02293682098388672,
            "epochs": 134
        },
        {
            "run": 8,
            "AUC-ROC": 0.9915375626672698,
            "AUC-PR": 0.990582159969652,
            "f1": 0.9623430962343096,
            "train_time": 6.434187412261963,
            "test_time": 0.031670331954956055,
            "epochs": 114
        },
        {
            "run": 9,
            "AUC-ROC": 0.9924987749255532,
            "AUC-PR": 0.9924404652440453,
            "f1": 0.9665271966527197,
            "train_time": 6.42340612411499,
            "test_time": 0.02695155143737793,
            "epochs": 116
        }
    ]
}