{
    "model_config": {
        "hidden_dim": 128,
        "depth": 4,
        "num_heads": 4,
        "mlp_ratio": 4.0,
        "dropout_prob": 0.0,
        "num_prototypes": 128,
        "temperature": 0.1,
        "sinkhorn_iters": 3,
        "sinkhorn_eps": 0.05,
        "contrastive_loss_weight": 1.0,
        "use_flash_attn": false,
        "num_features": 64
    },
    "train_config": {
        "data_dir": "Data/",
        "epochs": 250,
        "learning_rate": 0.01,
        "sche_gamma": 0.95,
        "batch_size": 512,
        "random_seed": 42,
        "num_workers": 0,
        "preprocess": "standard",
        "patience": 20,
        "use_amp": false,
        "model_type": "ProtoAD",
        "dataset_name": "optdigits",
        "base_path": "results/ProtoAD-d128-proto128-eps0.05-contra1.0-temp0.1/optdigits/1.0",
        "exp_name": "ProtoAD-d128-proto128-eps0.05-contra1.0-temp0.1",
        "runs": 10,
        "train_ratio": 1.0,
        "run": 9
    },
    "mean_metrics": {
        "rauc": 0.7290176338991973,
        "ap": 0.10232135302799694,
        "f1": 0.03866666666666667,
        "entropy_rauc": 0.5031089617054876,
        "entropy_ap": 0.07627623438666306,
        "entropy_f1": 0.05290784982935154,
        "avg_normal_entropy": 1.9517863512039184,
        "avg_abnormal_entropy": 1.8649531245231628,
        "avg_normal_recon": 0.8294000685214996,
        "avg_abnormal_recon": 0.7630212128162384
    },
    "std_metrics": {
        "rauc_std": 0.08325882683682845,
        "ap_std": 0.034034394020877774,
        "f1_std": 0.04787019485604332,
        "entropy_rauc_std": 0.1032528034229823,
        "entropy_ap_std": 0.06618107134317903,
        "entropy_f1_std": 0.11683354963784846,
        "avg_normal_entropy_std": 0.9828903600697423,
        "avg_abnormal_entropy_std": 1.0092508215440819,
        "avg_normal_recon_std": 0.16178820353307466,
        "avg_abnormal_recon_std": 0.03370259978100293
    },
    "total_time": 340.0233590602875,
    "all_seeds": [
        {
            "run": 0,
            "train_time": 34.68087935447693,
            "test_time": 0.08533477783203125,
            "epochs": 146,
            "rauc": 0.8020028951177787,
            "ap": 0.12726464920494365,
            "f1": 0.06666666666666667,
            "entropy_rauc": 0.6433899197262798,
            "entropy_ap": 0.09518553226377337,
            "entropy_f1": 0.11333333333333333,
            "avg_normal_entropy": 1.4819732904434204,
            "avg_abnormal_entropy": 1.709381103515625,
            "avg_normal_recon": 0.6610468626022339,
            "avg_abnormal_recon": 0.760908842086792
        },
        {
            "run": 1,
            "train_time": 36.70474648475647,
            "test_time": 0.08626794815063477,
            "epochs": 160,
            "rauc": 0.5758389261744967,
            "ap": 0.05941248043352298,
            "f1": 0.0,
            "entropy_rauc": 0.6931083037241743,
            "entropy_ap": 0.26967008071153775,
            "entropy_f1": 0.3890784982935154,
            "avg_normal_entropy": 4.851873874664307,
            "avg_abnormal_entropy": 4.852022171020508,
            "avg_normal_recon": 0.8862383961677551,
            "avg_abnormal_recon": 0.764174222946167
        },
        {
            "run": 2,
            "train_time": 40.452696323394775,
            "test_time": 0.08816266059875488,
            "epochs": 176,
            "rauc": 0.663680747466772,
            "ap": 0.07425303881569184,
            "f1": 0.006666666666666667,
            "entropy_rauc": 0.5162205553362285,
            "entropy_ap": 0.05716970330898675,
            "entropy_f1": 0.0,
            "avg_normal_entropy": 1.7472048997879028,
            "avg_abnormal_entropy": 1.7393314838409424,
            "avg_normal_recon": 0.89289790391922,
            "avg_abnormal_recon": 0.7401310205459595
        },
        {
            "run": 3,
            "train_time": 31.91306447982788,
            "test_time": 0.08551383018493652,
            "epochs": 138,
            "rauc": 0.839470983024082,
            "ap": 0.1583308274565048,
            "f1": 0.09333333333333334,
            "entropy_rauc": 0.3781497565469141,
            "entropy_ap": 0.041735333189051815,
            "entropy_f1": 0.0,
            "avg_normal_entropy": 1.585775375366211,
            "avg_abnormal_entropy": 1.3623539209365845,
            "avg_normal_recon": 0.7947279214859009,
            "avg_abnormal_recon": 0.8364183306694031
        },
        {
            "run": 4,
            "train_time": 23.075976371765137,
            "test_time": 0.07048249244689941,
            "epochs": 100,
            "rauc": 0.8017318068166864,
            "ap": 0.12072563079472111,
            "f1": 0.02666666666666667,
            "entropy_rauc": 0.42650348730096066,
            "entropy_ap": 0.04515131308777609,
            "entropy_f1": 0.006666666666666667,
            "avg_normal_entropy": 1.8947093486785889,
            "avg_abnormal_entropy": 1.6893998384475708,
            "avg_normal_recon": 0.7198888063430786,
            "avg_abnormal_recon": 0.8105363249778748
        },
        {
            "run": 5,
            "train_time": 42.74430513381958,
            "test_time": 0.0855870246887207,
            "epochs": 187,
            "rauc": 0.8361468614291354,
            "ap": 0.15711121232528302,
            "f1": 0.15333333333333332,
            "entropy_rauc": 0.508911698907751,
            "entropy_ap": 0.05415839668662084,
            "entropy_f1": 0.013333333333333334,
            "avg_normal_entropy": 1.2430922985076904,
            "avg_abnormal_entropy": 1.2490487098693848,
            "avg_normal_recon": 0.5606464147567749,
            "avg_abnormal_recon": 0.7568216919898987
        },
        {
            "run": 6,
            "train_time": 19.288004398345947,
            "test_time": 0.0868070125579834,
            "epochs": 83,
            "rauc": 0.7279826292933281,
            "ap": 0.0897225885547486,
            "f1": 0.006666666666666667,
            "entropy_rauc": 0.357644426898276,
            "entropy_ap": 0.03994255929003055,
            "entropy_f1": 0.0,
            "avg_normal_entropy": 1.7633066177368164,
            "avg_abnormal_entropy": 1.3753745555877686,
            "avg_normal_recon": 0.9413170218467712,
            "avg_abnormal_recon": 0.7554489374160767
        },
        {
            "run": 7,
            "train_time": 40.861507177352905,
            "test_time": 0.07589507102966309,
            "epochs": 178,
            "rauc": 0.6971680484274247,
            "ap": 0.08315270112656399,
            "f1": 0.013333333333333334,
            "entropy_rauc": 0.554415054612449,
            "entropy_ap": 0.06075625865198796,
            "entropy_f1": 0.0,
            "avg_normal_entropy": 1.6302448511123657,
            "avg_abnormal_entropy": 1.668210744857788,
            "avg_normal_recon": 0.8501837253570557,
            "avg_abnormal_recon": 0.7470815777778625
        },
        {
            "run": 8,
            "train_time": 36.93412470817566,
            "test_time": 0.06853795051574707,
            "epochs": 161,
            "rauc": 0.6697118041847612,
            "ap": 0.07471517500136594,
            "f1": 0.006666666666666667,
            "entropy_rauc": 0.5206579813133307,
            "entropy_ap": 0.05331776310781111,
            "entropy_f1": 0.0,
            "avg_normal_entropy": 1.5205525159835815,
            "avg_abnormal_entropy": 1.404797911643982,
            "avg_normal_recon": 1.1857414245605469,
            "avg_abnormal_recon": 0.712520956993103
        },
        {
            "run": 9,
            "train_time": 30.484396934509277,
            "test_time": 0.07069230079650879,
            "epochs": 133,
            "rauc": 0.6764416370575075,
            "ap": 0.07852522656662345,
            "f1": 0.013333333333333334,
            "entropy_rauc": 0.43208843268851166,
            "entropy_ap": 0.04567540356905435,