{
    "model_config": {
        "hidden_dim": 64,
        "depth": 4,
        "num_heads": 4,
        "mlp_ratio": 4.0,
        "dropout_prob": 0.0,
        "num_prototypes": 5,
        "temperature": 0.1,
        "sinkhorn_iters": 3,
        "sinkhorn_eps": 0.05,
        "contrastive_loss_weight": 0.1,
        "use_flash_attn": false,
        "num_features": 36
    },
    "train_config": {
        "data_dir": "Data/",
        "epochs": 250,
        "learning_rate": 0.01,
        "sche_gamma": 0.95,
        "batch_size": 512,
        "random_seed": 42,
        "num_workers": 0,
        "preprocess": "standard",
        "patience": 10,
        "use_amp": false,
        "model_type": "ProtoAD",
        "dataset_name": "satimage-2",
        "base_path": "results/ProtoAD-d64-proto5-eps0.05-contra0.1-temp0.1/satimage-2/1.0",
        "exp_name": "ProtoAD-d64-proto5-eps0.05-contra0.1-temp0.1",
        "runs": 10,
        "train_ratio": 1.0,
        "run": 9
    },
    "mean_metrics": {
        "rauc": 0.9974209527928212,
        "ap": 0.9701245930756975,
        "f1": 0.9169014084507042,
        "entropy_rauc": 0.4961803269020965,
        "entropy_ap": 0.04145811351434001,
        "entropy_f1": 0.016901408450704224,
        "avg_normal_entropy": 0.11060970509424806,
        "avg_abnormal_entropy": 0.0598167251329869,
        "avg_normal_recon": 0.24277972280979157,
        "avg_abnormal_recon": 4.714284944534302
    },
    "std_metrics": {
        "rauc_std": 0.0011543158832874778,
        "ap_std": 0.00454675642819337,
        "f1_std": 0.017192331853146038,
        "entropy_rauc_std": 0.2385614678016932,
        "entropy_ap_std": 0.034665145080805544,
        "entropy_f1_std": 0.030728766520100606,
        "avg_normal_entropy_std": 0.16072607826759797,
        "avg_abnormal_entropy_std": 0.0618511666919921,
        "avg_normal_recon_std": 0.07243185161784746,
        "avg_abnormal_recon_std": 0.7624040577173213
    },
    "total_time": 184.5922966003418,
    "all_seeds": [
        {
            "run": 0,
            "train_time": 37.4384343624115,
            "test_time": 0.08671069145202637,
            "epochs": 154,
            "rauc": 0.9978229460503425,
            "ap": 0.9675163365688733,
            "f1": 0.9154929577464789,
            "entropy_rauc": 0.5658521962198872,
            "entropy_ap": 0.02555135836905291,
            "entropy_f1": 0.0,
            "avg_normal_entropy": 0.08593728393316269,
            "avg_abnormal_entropy": 0.05750539153814316,
            "avg_normal_recon": 0.2045263797044754,
            "avg_abnormal_recon": 4.703463077545166
        },
        {
            "run": 1,
            "train_time": 15.576188802719116,
            "test_time": 0.09039664268493652,
            "epochs": 74,
            "rauc": 0.998304551664488,
            "ap": 0.9760105575116517,
            "f1": 0.9295774647887324,
            "entropy_rauc": 0.633503041978318,
            "entropy_ap": 0.061164709474957904,
            "entropy_f1": 0.09859154929577464,
            "avg_normal_entropy": 0.031142575666308403,
            "avg_abnormal_entropy": 0.07410306483507156,
            "avg_normal_recon": 0.16963130235671997,
            "avg_abnormal_recon": 3.6582870483398438
        },
        {
            "run": 2,
            "train_time": 23.82858967781067,
            "test_time": 0.061959028244018555,
            "epochs": 103,
            "rauc": 0.9983684381235073,
            "ap": 0.9794591238520014,
            "f1": 0.9577464788732394,
            "entropy_rauc": 0.6726285837846339,
            "entropy_ap": 0.046490064323287957,
            "entropy_f1": 0.028169014084507043,
            "avg_normal_entropy": 0.028987206518650055,
            "avg_abnormal_entropy": 0.03548423945903778,
            "avg_normal_recon": 0.16159728169441223,
            "avg_abnormal_recon": 3.4304966926574707
        },
        {
            "run": 3,
            "train_time": 18.254122734069824,
            "test_time": 0.08452272415161133,
            "epochs": 81,
            "rauc": 0.9977050018183069,
            "ap": 0.9716716759833265,
            "f1": 0.9154929577464789,
            "entropy_rauc": 0.8710378109550535,
            "entropy_ap": 0.130923279789219,
            "entropy_f1": 0.0,
            "avg_normal_entropy": 0.018115805462002754,
            "avg_abnormal_entropy": 0.02523440308868885,
            "avg_normal_recon": 0.24505014717578888,
            "avg_abnormal_recon": 5.330958366394043
        },
        {
            "run": 4,
            "train_time": 23.318215131759644,
            "test_time": 0.06084704399108887,
            "epochs": 104,
            "rauc": 0.9975870575862713,
            "ap": 0.9693201941759918,
            "f1": 0.9154929577464789,
            "entropy_rauc": 0.773271871283528,
            "entropy_ap": 0.06262350211484427,
            "entropy_f1": 0.0,
            "avg_normal_entropy": 0.019902803003787994,
            "avg_abnormal_entropy": 0.021791914477944374,
            "avg_normal_recon": 0.2277941107749939,
            "avg_abnormal_recon": 4.787685871124268
        },
        {
            "run": 5,
            "train_time": 23.93055510520935,
            "test_time": 0.0823359489440918,
            "epochs": 104,
            "rauc": 0.9974887707262416,
            "ap": 0.9687289055745989,
            "f1": 0.9154929577464789,
            "entropy_rauc": 0.2540273040897162,
            "entropy_ap": 0.019283685997346534,
            "entropy_f1": 0.04225352112676056,
            "avg_normal_entropy": 0.01496406551450491,
            "avg_abnormal_entropy": 0.008449913933873177,
            "avg_normal_recon": 0.23827141523361206,
            "avg_abnormal_recon": 5.162764072418213
        },
        {
            "run": 6,
            "train_time": 20.351691961288452,
            "test_time": 0.08426761627197266,
            "epochs": 90,
            "rauc": 0.9973855695232104,
            "ap": 0.968549999011135,
            "f1": 0.9154929577464789,
            "entropy_rauc": 0.08001041840716314,
            "entropy_ap": 0.01271135023798441,
            "entropy_f1": 0.0,
            "avg_normal_entropy": 0.02439243346452713,
            "avg_abnormal_entropy": 0.007358876522630453,
            "avg_normal_recon": 0.23477447032928467,
            "avg_abnormal_recon": 4.2879767417907715
        },
        {
            "run": 7,
            "train_time": 3.382720708847046,
            "test_time": 0.08192062377929688,
            "epochs": 15,
            "rauc": 0.9943878202923051,
            "ap": 0.9675290067299842,
            "f1": 0.9154929577464789,
            "entropy_rauc": 0.31217872482627795,
            "entropy_ap": 0.016513355976264705,
            "entropy_f1": 0.0,
            "avg_normal_entropy": 0.38235917687416077,
            "avg_abnormal_entropy": 0.15740661323070526,
            "avg_normal_recon": 0.36077237129211426,
            "avg_abnormal_recon": 5.410447597503662
        },
        {
            "run": 8,
            "train_time": 12.047948598861694,
            "test_time": 0.08107662200927734,
            "epochs": 52,
            "rauc": 0.99860924093058,
            "ap": 0.9621307165191265,
            "f1": 0.8873239436619719,
            "entropy_rauc": 0.47915335698770434,
            "entropy_ap": 0.021582457167287687,
            "entropy_f1": 0.0,
            "avg_normal_entropy": 0.028124423697590828,
            "avg_abnormal_entropy": 0.016704782843589783,
            "avg_normal_recon": 0.19308894872665405,
            "avg_abnormal_recon": 4.363138198852539
        },
        {
            "run": 9,
            "train_time": 3.707120418548584,
            "test_time": 0.08354306221008301,
            "epochs": 15,
            "rauc": 0.9965501312129581,
            "ap": 0.9703294148302849,
            "f1": 0.9014084507042254,
            "entropy_rauc": 0.3201399604886823,