{
    "model_config": {
        "hidden_dim": 64,
        "depth": 4,
        "num_heads": 4,
        "mlp_ratio": 4.0,
        "dropout_prob": 0.0,
        "num_prototypes": 32,
        "temperature": 0.1,
        "sinkhorn_iters": 3,
        "sinkhorn_eps": 0.1,
        "contrastive_loss_weight": 0.1,
        "use_flash_attn": false,
        "num_features": 13
    },
    "train_config": {
        "data_dir": "Data/",
        "epochs": 250,
        "learning_rate": 0.01,
        "sche_gamma": 0.95,
        "batch_size": 512,
        "random_seed": 42,
        "num_workers": 0,
        "preprocess": "standard",
        "patience": 5,
        "use_amp": false,
        "model_type": "ProtoAD",
        "dataset_name": "wine",
        "base_path": "results/ProtoAD-d64-proto32-eps0.1-contra0.1-temp0.1/wine/1.0",
        "exp_name": "ProtoAD-d64-proto32-eps0.1-contra0.1-temp0.1",
        "runs": 10,
        "train_ratio": 1.0,
        "run": 9
    },
    "mean_metrics": {
        "rauc": 0.9146666666666666,
        "ap": 0.6382460754835888,
        "f1": 0.64,
        "entropy_rauc": 0.5093333333333334,
        "entropy_ap": 0.2469663768960741,
        "entropy_f1": 0.18,
        "avg_normal_entropy": 2.643880319595337,
        "avg_abnormal_entropy": 2.6613590478897096,
        "avg_normal_recon": 1.147498932480812,
        "avg_abnormal_recon": 2.713847839832306
    },
    "std_metrics": {
        "rauc_std": 0.08078366171448281,
        "ap_std": 0.16734805821286747,
        "f1_std": 0.1562049935181331,
        "entropy_rauc_std": 0.2764137398096476,
        "entropy_ap_std": 0.1757593170669094,
        "entropy_f1_std": 0.24819347291981714,
        "avg_normal_entropy_std": 0.24728766953920397,
        "avg_abnormal_entropy_std": 0.25608272197283133,
        "avg_normal_recon_std": 0.5010749485713034,
        "avg_abnormal_recon_std": 0.6551214437407565
    },
    "total_time": 14.961564302444458,
    "all_seeds": [
        {
            "run": 0,
            "train_time": 1.3311665058135986,
            "test_time": 0.03493213653564453,
            "epochs": 5,
            "rauc": 0.9716666666666667,
            "ap": 0.7891514041514041,
            "f1": 0.8,
            "entropy_rauc": 0.605,
            "entropy_ap": 0.20905298214229817,
            "entropy_f1": 0.2,
            "avg_normal_entropy": 2.8206329345703125,
            "avg_abnormal_entropy": 2.8797593116760254,
            "avg_normal_recon": 1.3375555276870728,
            "avg_abnormal_recon": 3.730646848678589
        },
        {
            "run": 1,
            "train_time": 0.27391552925109863,
            "test_time": 0.02146172523498535,
            "epochs": 5,
            "rauc": 0.73,
            "ap": 0.32305479321517055,
            "f1": 0.4,
            "entropy_rauc": 0.44,
            "entropy_ap": 0.1319176339866542,
            "entropy_f1": 0.0,
            "avg_normal_entropy": 2.413210153579712,
            "avg_abnormal_entropy": 2.3080153465270996,
            "avg_normal_recon": 1.6877304315567017,
            "avg_abnormal_recon": 2.232090711593628
        },
        {
            "run": 2,
            "train_time": 4.090799570083618,
            "test_time": 0.028697729110717773,
            "epochs": 81,
            "rauc": 0.9833333333333333,
            "ap": 0.8952888777888778,
            "f1": 0.8,
            "entropy_rauc": 0.6283333333333333,
            "entropy_ap": 0.18325762649044555,
            "entropy_f1": 0.0,
            "avg_normal_entropy": 2.818791389465332,
            "avg_abnormal_entropy": 2.9535038471221924,
            "avg_normal_recon": 0.4989754259586334,
            "avg_abnormal_recon": 2.3763091564178467
        },
        {
            "run": 3,
            "train_time": 0.2523670196533203,
            "test_time": 0.02857232093811035,
            "epochs": 5,
            "rauc": 0.7866666666666667,
            "ap": 0.364244644179989,
            "f1": 0.3,
            "entropy_rauc": 0.6266666666666667,
            "entropy_ap": 0.18461187162648934,
            "entropy_f1": 0.0,
            "avg_normal_entropy": 2.3032281398773193,
            "avg_abnormal_entropy": 2.5411393642425537,
            "avg_normal_recon": 1.8571910858154297,
            "avg_abnormal_recon": 2.6704742908477783
        },
        {
            "run": 4,
            "train_time": 1.3484199047088623,
            "test_time": 0.017742156982421875,
            "epochs": 26,
            "rauc": 0.9666666666666666,
            "ap": 0.7544122544122543,
            "f1": 0.7,
            "entropy_rauc": 0.6216666666666667,
            "entropy_ap": 0.35830345385492446,
            "entropy_f1": 0.3,
            "avg_normal_entropy": 2.959094762802124,
            "avg_abnormal_entropy": 3.014812469482422,
            "avg_normal_recon": 0.6387330293655396,
            "avg_abnormal_recon": 2.3660106658935547
        },
        {
            "run": 5,
            "train_time": 0.278536319732666,
            "test_time": 0.029735565185546875,
            "epochs": 5,
            "rauc": 0.9333333333333333,
            "ap": 0.6252156125608138,
            "f1": 0.7,
            "entropy_rauc": 0.7716666666666667,
            "entropy_ap": 0.4052384182015739,
            "entropy_f1": 0.4,
            "avg_normal_entropy": 2.301593780517578,
            "avg_abnormal_entropy": 2.59039306640625,
            "avg_normal_recon": 1.6514335870742798,
            "avg_abnormal_recon": 3.720118284225464
        },
        {
            "run": 6,
            "train_time": 1.0994713306427002,
            "test_time": 0.02791905403137207,
            "epochs": 21,
            "rauc": 0.96,
            "ap": 0.6622510822510822,
            "f1": 0.7,
            "entropy_rauc": 0.015000000000000024,
            "entropy_ap": 0.08274695318001049,
            "entropy_f1": 0.0,
            "avg_normal_entropy": 2.7958502769470215,
            "avg_abnormal_entropy": 2.3119864463806152,
            "avg_normal_recon": 0.59459388256073,
            "avg_abnormal_recon": 1.7730871438980103
        },
        {
            "run": 7,
            "train_time": 3.0577433109283447,
            "test_time": 0.028774023056030273,
            "epochs": 59,
            "rauc": 0.9349999999999999,
            "ap": 0.6239339826839827,
            "f1": 0.6,
            "entropy_rauc": 0.2683333333333333,
            "entropy_ap": 0.14441353615249108,
            "entropy_f1": 0.1,
            "avg_normal_entropy": 2.8506500720977783,
            "avg_abnormal_entropy": 2.656928777694702,
            "avg_normal_recon": 0.8157841563224792,
            "avg_abnormal_recon": 2.8074820041656494
        },
        {
            "run": 8,
            "train_time": 0.2595634460449219,
            "test_time": 0.015398502349853516,
            "epochs": 5,
            "rauc": 0.9416666666666667,
            "ap": 0.6734920634920635,
            "f1": 0.7,
            "entropy_rauc": 0.9666666666666667,
            "entropy_ap": 0.6793578643578644,
            "entropy_f1": 0.8,
            "avg_normal_entropy": 2.3736538887023926,
            "avg_abnormal_entropy": 2.9342563152313232,
            "avg_normal_recon": 1.599739670753479,
            "avg_abnormal_recon": 3.395242214202881
        },
        {
            "run": 9,
            "train_time": 0.6890933513641357,
            "test_time": 0.028371572494506836,
            "epochs": 13,
            "rauc": 0.9383333333333334,
            "ap": 0.6714160401002505,
            "f1": 0.7,
            "entropy_rauc": 0.15,
            "entropy_ap": 0.09076342896798929,
            "entropy_f1": 0.0,
            "avg_normal_entropy": 2.802097797393799,
            "avg_abnormal_entropy": 2.422795534133911,
            "avg_normal_recon": 0.7932525277137756,
            "avg_abnormal_recon": 2.067017078399658
        }
    ]
}