{
    "model_config": {
        "num_heads": 4,
        "num_latents": 6,
        "num_memories": 46,
        "depth": 4,
        "hidden_dim": 64,
        "mlp_ratio": 4.0,
        "dropout_prob": 0.0,
        "temperature": 0.1,
        "sim_type": "cos",
        "use_oe": true,
        "oe_lambda": 0.5,
        "oe_shuffle_ratio": 0.5,
        "oe_lambda_memory": 0.0,
        "is_weight_sharing": false,
        "use_pos_enc_as_query": false,
        "use_mask_token": false,
        "num_features": 36
    },
    "train_config": {
        "data_dir": "Data/",
        "epochs": 250,
        "learning_rate": 0.01,
        "sche_gamma": 0.95,
        "batch_size": 512,
        "random_seed": 42,
        "num_workers": 0,
        "preprocess": "standard",
        "model_type": "OELATTE",
        "dataset_name": "satellite",
        "train_ratio": 1.0,
        "base_path": "results/OELATTE-d64-oe_lam0.5-oe_rat0.5/satellite/1.0",
        "not_use_power_of_two": false,
        "num_memories_not_use_power_of_two": false,
        "num_memories_twice": false,
        "contamination_ratio": null,
        "latent_ratio": null,
        "memory_ratio": null,
        "run": 9
    },
    "mean_metrics": {
        "AUC-ROC": 0.7692733523843542,
        "AUC-PR": 0.8223866285109687,
        "f1": 0.6992632612966602
    },
    "total_time": 123.62436866760254,
    "all_seeds": [
        {
            "run": 0,
            "AUC-ROC": 0.8006130559028397,
            "AUC-PR": 0.8328396818987303,
            "f1": 0.7264243614931237,
            "train_time": 11.088393449783325,
            "test_time": 0.08520317077636719,
            "epochs": 36
        },
        {
            "run": 1,
            "AUC-ROC": 0.6726495802821932,
            "AUC-PR": 0.7767642608601255,
            "f1": 0.6247544204322201,
            "train_time": 5.709533929824829,
            "test_time": 0.08726954460144043,
            "epochs": 18
        },
        {
            "run": 2,
            "AUC-ROC": 0.816893195213431,
            "AUC-PR": 0.8487130986572331,
            "f1": 0.731827111984283,
            "train_time": 13.56087875366211,
            "test_time": 0.06551766395568848,
            "epochs": 49
        },
        {
            "run": 3,
            "AUC-ROC": 0.6718972137881765,
            "AUC-PR": 0.7767760959979113,
            "f1": 0.6237721021611002,
            "train_time": 3.6347272396087646,
            "test_time": 0.06415700912475586,
            "epochs": 9
        },
        {
            "run": 4,
            "AUC-ROC": 0.8118349258796214,
            "AUC-PR": 0.8397764759461425,
            "f1": 0.7347740667976425,
            "train_time": 15.861860513687134,
            "test_time": 0.13722538948059082,
            "epochs": 59
        },
        {
            "run": 5,
            "AUC-ROC": 0.8111401589569567,
            "AUC-PR": 0.8388457583491704,
            "f1": 0.7278978388998035,
            "train_time": 7.916976690292358,
            "test_time": 0.08841776847839355,
            "epochs": 27
        },
        {
            "run": 6,
            "AUC-ROC": 0.8343070191105554,
            "AUC-PR": 0.8585457811870689,
            "f1": 0.7509823182711198,
            "train_time": 22.705236673355103,
            "test_time": 0.08495759963989258,
            "epochs": 87
        },
        {
            "run": 7,
            "AUC-ROC": 0.8120686729773174,
            "AUC-PR": 0.8524678076571883,
            "f1": 0.7357563850687623,
            "train_time": 21.59877324104309,
            "test_time": 0.08566021919250488,
            "epochs": 83
        },
        {
            "run": 8,
            "AUC-ROC": 0.6568168422932666,
            "AUC-PR": 0.7651656980828632,
            "f1": 0.6080550098231827,
            "train_time": 5.292084693908691,
            "test_time": 0.09076309204101562,
            "epochs": 16
        },
        {
            "run": 9,
            "AUC-ROC": 0.8045128594391855,
            "AUC-PR": 0.833971626473253,
            "f1": 0.7283889980353635,
            "train_time": 13.64461612701416,
            "test_time": 0.08745765686035156,
            "epochs": 50
        }
    ]
}