{
    "model_config": {
        "num_features": 21,
        "hidden_dim": 64,
        "depth": 4,
        "num_heads": 4,
        "mlp_ratio": 4.0,
        "dropout_prob": 0.0,
        "use_flash_attn": false
    },
    "train_config": {
        "data_dir": "Data/",
        "epochs": 200,
        "learning_rate": 0.1,
        "sche_gamma": 0.95,
        "batch_size": 512,
        "random_seed": 42,
        "num_workers": 0,
        "preprocess": "standard",
        "patience": 10,
        "min_delta": 0,
        "use_amp": false,
        "model_type": "TAE",
        "dataset_name": "cardiotocography",
        "base_path": "results/TAE-d64-lr0.1/cardiotocography/1.0",
        "exp_name": "TAE-d64-lr0.1",
        "runs": 10,
        "train_ratio": 1.0,
        "run": 9
    },
    "mean_metrics": {
        "rauc": 0.6079257208633693,
        "ap": 0.5462892346694028,
        "f1": 0.4663090128755366,
        "avg_normal_score": 105.82679901123046,
        "avg_abnormal_score": 109.96721115112305
    },
    "std_metrics": {
        "rauc_std": 0.1524049025704595,
        "ap_std": 0.11874959941981329,
        "f1_std": 0.13133345251744494,
        "avg_normal_score_std": 65.42153889857606,
        "avg_abnormal_score_std": 68.56376473410381
    },
    "total_time": 11.13422703742981,
    "all_seeds": [
        {
            "run": 0,
            "train_time": 1.5014355182647705,
            "test_time": 0.052657365798950195,
            "epochs": 10,
            "rauc": 0.7557515417309054,
            "ap": 0.6791070544877948,
            "f1": 0.5686695278969958,
            "avg_normal_score": 254.4036407470703,
            "avg_abnormal_score": 276.9894104003906
        },
        {
            "run": 1,
            "train_time": 0.817479133605957,
            "test_time": 0.042003631591796875,
            "epochs": 10,
            "rauc": 0.8710727530313763,
            "ap": 0.7569898206877774,
            "f1": 0.7489270386266095,
            "avg_normal_score": 45.23210906982422,
            "avg_abnormal_score": 52.39516830444336
        },
        {
            "run": 2,
            "train_time": 0.7777194976806641,
            "test_time": 0.042966365814208984,
            "epochs": 10,
            "rauc": 0.5380211154631444,
            "ap": 0.4358434679844479,
            "f1": 0.4206008583690987,
            "avg_normal_score": 82.72106170654297,
            "avg_abnormal_score": 82.2176742553711
        },
        {
            "run": 3,
            "train_time": 0.8112988471984863,
            "test_time": 0.04147148132324219,
            "epochs": 10,
            "rauc": 0.5865062085920246,
            "ap": 0.4593133081520538,
            "f1": 0.463519313304721,
            "avg_normal_score": 33.471946716308594,
            "avg_abnormal_score": 36.06899642944336
        },
        {
            "run": 4,
            "train_time": 0.7921650409698486,
            "test_time": 0.04345083236694336,
            "epochs": 10,
            "rauc": 0.3715897016542356,
            "ap": 0.41675333762306876,
            "f1": 0.3090128755364807,
            "avg_normal_score": 74.35169982910156,
            "avg_abnormal_score": 73.29917907714844
        },
        {
            "run": 5,
            "train_time": 0.811279296875,
            "test_time": 0.049530744552612305,
            "epochs": 10,
            "rauc": 0.4935036355681487,
            "ap": 0.5102858572439978,
            "f1": 0.3648068669527897,
            "avg_normal_score": 87.03742980957031,
            "avg_abnormal_score": 90.01573944091797
        },
        {
            "run": 6,
            "train_time": 1.0140559673309326,
            "test_time": 0.04734468460083008,
            "epochs": 10,
            "rauc": 0.5597537918246593,
            "ap": 0.4454391661497997,
            "f1": 0.3927038626609442,
            "avg_normal_score": 82.32467651367188,
            "avg_abnormal_score": 85.3288803100586
        },
        {
            "run": 7,
            "train_time": 0.8066470623016357,
            "test_time": 0.04248666763305664,
            "epochs": 10,
            "rauc": 0.7341217342389266,
            "ap": 0.6763750822881683,
            "f1": 0.5493562231759657,
            "avg_normal_score": 82.05496978759766,
            "avg_abnormal_score": 88.61933135986328
        },
        {
            "run": 8,
            "train_time": 0.8175985813140869,
            "test_time": 0.04215216636657715,
            "epochs": 10,
            "rauc": 0.7386349431226302,
            "ap": 0.6250570593682203,
            "f1": 0.5429184549356223,
            "avg_normal_score": 117.66311645507812,
            "avg_abnormal_score": 123.68844604492188
        },
        {
            "run": 9,
            "train_time": 0.7509238719940186,
            "test_time": 0.040494680404663086,
            "epochs": 10,
            "rauc": 0.430301783407642,
            "ap": 0.4577281927086991,
            "f1": 0.30257510729613735,
            "avg_normal_score": 199.00733947753906,
            "avg_abnormal_score": 191.04928588867188
        }
    ]
}