{
    "model_config": {
        "num_features": 36,
        "hidden_dim": 32,
        "depth": 4,
        "num_heads": 4,
        "mlp_ratio": 4.0,
        "dropout_prob": 0.0,
        "use_flash_attn": false,
        "ema_decay": 0.999,
        "contrastive_loss_weight": 1.0
    },
    "train_config": {
        "data_dir": "Data/",
        "epochs": 200,
        "learning_rate": 0.001,
        "sche_gamma": 0.95,
        "batch_size": 512,
        "random_seed": 42,
        "num_workers": 0,
        "preprocess": "standard",
        "patience": 10,
        "min_delta": 0,
        "use_amp": false,
        "model_type": "TKDAD",
        "dataset_name": "satimage-2",
        "base_path": "results/TKDAD-d32-lr0.001-contra1.0/satimage-2/1.0",
        "exp_name": "TKDAD-d32-lr0.001-contra1.0",
        "runs": 10,
        "train_ratio": 1.0
    },
    "mean_metrics": {
        "f1": 0.6915492957746479,
        "avg_normal_score": 0.01602881820872426,
        "ap": 0.7157802936685462,
        "avg_abnormal_score": 0.0918771754950285,
        "rauc": 0.9855936034911492
    },
    "std_metrics": {
        "f1_std": 0.12188592752856302,
        "avg_normal_score_std": 0.00440452124189146,
        "ap_std": 0.17752644710088875,
        "avg_abnormal_score_std": 0.03262889531723901,
        "rauc_std": 0.0060218608375029615
    },
    "total_time": 57.82724738121033,
    "all_seeds": [
        {
            "run": 0,
            "train_time": 7.235841989517212,
            "test_time": 0.19668817520141602,
            "epochs": 29,
            "rauc": 0.9842003872502285,
            "ap": 0.6928243723880108,
            "f1": 0.647887323943662,
            "avg_normal_score": 0.011861280538141727,
            "avg_abnormal_score": 0.06180707365274429
        },
        {
            "run": 1,
            "train_time": 4.092066764831543,
            "test_time": 0.04970884323120117,
            "epochs": 19,
            "rauc": 0.9867509312679988,
            "ap": 0.8890668505527892,
            "f1": 0.8309859154929577,
            "avg_normal_score": 0.014951907098293304,
            "avg_abnormal_score": 0.0846387967467308
        },
        {
            "run": 2,
            "train_time": 3.7013630867004395,
            "test_time": 0.06061053276062012,
            "epochs": 17,
            "rauc": 0.9834779788290102,
            "ap": 0.7923522011307179,
            "f1": 0.704225352112676,
            "avg_normal_score": 0.019655007869005203,
            "avg_abnormal_score": 0.10004658252000809
        },
        {
            "run": 3,
            "train_time": 3.5475738048553467,
            "test_time": 0.07647109031677246,
            "epochs": 17,
            "rauc": 0.9825393393157269,
            "ap": 0.5457677165087604,
            "f1": 0.5774647887323944,
            "avg_normal_score": 0.01791401207447052,
            "avg_abnormal_score": 0.06432879716157913
        },
        {
            "run": 4,
            "train_time": 6.266878843307495,
            "test_time": 0.07474708557128906,
            "epochs": 30,
            "rauc": 0.9963437288068958,
            "ap": 0.9356287636281689,
            "f1": 0.8732394366197183,
            "avg_normal_score": 0.010675808414816856,
            "avg_abnormal_score": 0.10705514997243881
        },
        {
            "run": 5,
            "train_time": 3.665391445159912,
            "test_time": 0.05458664894104004,
            "epochs": 18,
            "rauc": 0.979261472533737,
            "ap": 0.5458013913688452,
            "f1": 0.5774647887323944,
            "avg_normal_score": 0.023124204948544502,
            "avg_abnormal_score": 0.07828320562839508
        },
        {
            "run": 6,
            "train_time": 4.427450895309448,
            "test_time": 0.06507396697998047,
            "epochs": 19,
            "rauc": 0.9749614224074383,
            "ap": 0.4005241849696351,
            "f1": 0.4647887323943662,
            "avg_normal_score": 0.01858748309314251,
            "avg_abnormal_score": 0.059303198009729385
        },
        {
            "run": 7,
            "train_time": 4.675886631011963,
            "test_time": 0.056900978088378906,
            "epochs": 22,
            "rauc": 0.9932329496869563,
            "ap": 0.8727749987802489,
            "f1": 0.7746478873239436,
            "avg_normal_score": 0.018776027485728264,
            "avg_abnormal_score": 0.17576760053634644
        },
        {
            "run": 8,
            "train_time": 12.149069547653198,
            "test_time": 0.06953787803649902,
            "epochs": 56,
            "rauc": 0.9898813677599442,
            "ap": 0.8952314334538537,
            "f1": 0.7887323943661971,
            "avg_normal_score": 0.007960010319948196,
            "avg_abnormal_score": 0.10687001794576645
        },
        {
            "run": 9,
            "train_time": 4.925095796585083,
            "test_time": 0.04933762550354004,
            "epochs": 23,
            "rauc": 0.9852864570535567,
            "ap": 0.5878310239044308,
            "f1": 0.676056338028169,
            "avg_normal_score": 0.01678244024515152,
            "avg_abnormal_score": 0.08067133277654648
        }
    ]
}