{
    "model_config": {
        "hidden_dim": 128,
        "depth": 4,
        "num_heads": 4,
        "mlp_ratio": 4.0,
        "dropout_prob": 0.0,
        "num_prototypes": 16,
        "temperature": 0.1,
        "sinkhorn_iters": 3,
        "sinkhorn_eps": 0.1,
        "contrastive_loss_weight": 0.01,
        "use_flash_attn": false,
        "num_features": 62
    },
    "train_config": {
        "data_dir": "Data/",
        "epochs": 250,
        "learning_rate": 0.01,
        "sche_gamma": 0.95,
        "batch_size": 512,
        "random_seed": 42,
        "num_workers": 0,
        "preprocess": "standard",
        "patience": 20,
        "use_amp": false,
        "model_type": "ProtoAD",
        "dataset_name": "campaign",
        "base_path": "results/ProtoAD-d128-proto16-eps0.1-contra0.01-temp0.1/campaign/1.0",
        "exp_name": "ProtoAD-d128-proto16-eps0.1-contra0.01-temp0.1",
        "runs": 10,
        "train_ratio": 1.0,
        "run": 9
    },
    "mean_metrics": {
        "rauc": 0.7764845197671083,
        "ap": 0.4593238767287552,
        "f1": 0.47137931034482766,
        "entropy_rauc": 0.3428426133275843,
        "entropy_ap": 0.1616578152524524,
        "entropy_f1": 0.1334554181789885,
        "avg_normal_entropy": 2.71837637424469,
        "avg_abnormal_entropy": 2.6310202956199644,
        "avg_normal_recon": 0.5054143164306879,
        "avg_abnormal_recon": 1.0245146468281745
    },
    "std_metrics": {
        "rauc_std": 0.044976569202306214,
        "ap_std": 0.06792723718206611,
        "f1_std": 0.0648319279314625,
        "entropy_rauc_std": 0.08087944021986353,
        "entropy_ap_std": 0.032875482720104834,
        "entropy_f1_std": 0.04165692916863635,
        "avg_normal_entropy_std": 0.087145354848484,
        "avg_abnormal_entropy_std": 0.28909750928433503,
        "avg_normal_recon_std": 0.31743935566172493,
        "avg_abnormal_recon_std": 0.6978479521026161
    },
    "total_time": 1396.363847732544,
    "all_seeds": [
        {
            "run": 0,
            "train_time": 188.65175366401672,
            "test_time": 0.5155463218688965,
            "epochs": 138,
            "rauc": 0.7793164303532815,
            "ap": 0.4368019307723011,
            "f1": 0.43448275862068964,
            "entropy_rauc": 0.3150623129526405,
            "entropy_ap": 0.14571320232496549,
            "entropy_f1": 0.10948275862068965,
            "avg_normal_entropy": 2.766169548034668,
            "avg_abnormal_entropy": 2.7533583641052246,
            "avg_normal_recon": 0.262053906917572,
            "avg_abnormal_recon": 0.5186926126480103
        },
        {
            "run": 1,
            "train_time": 186.83360958099365,
            "test_time": 0.5119726657867432,
            "epochs": 136,
            "rauc": 0.732561672557204,
            "ap": 0.3845176966114884,
            "f1": 0.3786637931034483,
            "entropy_rauc": 0.3086495251402973,
            "entropy_ap": 0.1478264135526774,
            "entropy_f1": 0.14872292272874232,
            "avg_normal_entropy": 2.7580442428588867,
            "avg_abnormal_entropy": 2.7232065200805664,
            "avg_normal_recon": 0.4999181926250458,
            "avg_abnormal_recon": 0.8318607807159424
        },
        {
            "run": 2,
            "train_time": 208.46964478492737,
            "test_time": 0.6424295902252197,
            "epochs": 154,
            "rauc": 0.6851815798213403,
            "ap": 0.34120678331610527,
            "f1": 0.390301724137931,
            "entropy_rauc": 0.2676907529257698,
            "entropy_ap": 0.1346125940648984,
            "entropy_f1": 0.09312351799956887,
            "avg_normal_entropy": 2.7668910026550293,
            "avg_abnormal_entropy": 2.7510838508605957,
            "avg_normal_recon": 0.48725834488868713,
            "avg_abnormal_recon": 0.7220147252082825
        },
        {
            "run": 3,
            "train_time": 30.08137011528015,
            "test_time": 0.5124862194061279,
            "epochs": 21,
            "rauc": 0.77649420884392,
            "ap": 0.49404762781920847,
            "f1": 0.49288793103448275,
            "entropy_rauc": 0.40865030352149084,
            "entropy_ap": 0.23105355486327062,
            "entropy_f1": 0.21745689655172415,
            "avg_normal_entropy": 2.677096366882324,
            "avg_abnormal_entropy": 2.6450488567352295,
            "avg_normal_recon": 0.9020323157310486,
            "avg_abnormal_recon": 2.0069963932037354
        },
        {
            "run": 4,
            "train_time": 181.015038728714,
            "test_time": 0.5120029449462891,
            "epochs": 134,
            "rauc": 0.8175272162163693,
            "ap": 0.4711736708812584,
            "f1": 0.5002155172413794,
            "entropy_rauc": 0.2782161708457088,
            "entropy_ap": 0.13838838561143393,
            "entropy_f1": 0.10733915292596186,
            "avg_normal_entropy": 2.761613130569458,
            "avg_abnormal_entropy": 2.732682943344116,
            "avg_normal_recon": 0.2511633038520813,
            "avg_abnormal_recon": 0.5233095288276672
        },
        {
            "run": 5,
            "train_time": 171.0325915813446,
            "test_time": 0.5107195377349854,
            "epochs": 125,
            "rauc": 0.7572804646605503,
            "ap": 0.38574330410375435,
            "f1": 0.4019396551724138,
            "entropy_rauc": 0.3796039419582373,
            "entropy_ap": 0.1767492800939605,
            "entropy_f1": 0.1579741379310345,
            "avg_normal_entropy": 2.759887218475342,
            "avg_abnormal_entropy": 2.7155237197875977,
            "avg_normal_recon": 0.4601624011993408,
            "avg_abnormal_recon": 0.8606148958206177
        },
        {
            "run": 6,
            "train_time": 40.59615731239319,
            "test_time": 0.4821162223815918,
            "epochs": 31,
            "rauc": 0.7676575773758081,
            "ap": 0.492851090710248,
            "f1": 0.49375,
            "entropy_rauc": 0.5504563436652037,
            "entropy_ap": 0.21505163700084953,
            "entropy_f1": 0.18469827586206897,
            "avg_normal_entropy": 2.687493085861206,
            "avg_abnormal_entropy": 2.720897912979126,
            "avg_normal_recon": 0.9553071856498718,
            "avg_abnormal_recon": 2.1059770584106445
        },
        {
            "run": 7,
            "train_time": 33.752685546875,
            "test_time": 0.5444421768188477,
            "epochs": 25,
            "rauc": 0.772690761181328,
            "ap": 0.4820958472475435,
            "f1": 0.49181034482758623,
            "entropy_rauc": 0.3302688858864865,
            "entropy_ap": 0.1497514789673485,
            "entropy_f1": 0.1368681970039875,
            "avg_normal_entropy": 2.4754230976104736,
            "avg_abnormal_entropy": 1.768607497215271,
            "avg_normal_recon": 0.979977548122406,
            "avg_abnormal_recon": 2.0263116359710693
        },
        {
            "run": 8,
            "train_time": 154.29308652877808,
            "test_time": 0.6042482852935791,
            "epochs": 121,
            "rauc": 0.827463723898284,
            "ap": 0.5390424531671751,
            "f1": 0.5426724137931035,
            "entropy_rauc": 0.30238475948492866,
            "entropy_ap": 0.1392950522640479,
            "entropy_f1": 0.0836297014764522,
            "avg_normal_entropy": 2.7656288146972656,
            "avg_abnormal_entropy": 2.757758617401123,
            "avg_normal_recon": 0.05131404474377632,
            "avg_abnormal_recon": 0.11324049532413483
        },
        {
            "run": 9,
            "train_time": 193.73941683769226,
            "test_time": 0.5128488540649414,
            "epochs": 141,
            "rauc": 0.8486715627629985,
            "ap": 0.5657583626584693,
            "f1": 0.5870689655172414,
            "entropy_rauc": 0.2874431368950799,