{
    "model_config": {
        "num_features": 9,
        "hidden_dim": 64,
        "depth": 4,
        "depth_enc": null,
        "depth_dec": null,
        "num_heads": 4,
        "mlp_ratio": 4.0,
        "dropout_prob": 0.0,
        "temperature": 0.1,
        "byol_loss_weight": 0.01,
        "dacl_alpha": 0.9,
        "projector_dim": null,
        "byol_momentum": 0.99,
        "use_flash_attn": false
    },
    "train_config": {
        "data_dir": "Data/",
        "epochs": 200,
        "learning_rate": 0.01,
        "sche_gamma": 0.95,
        "batch_size": 128,
        "random_seed": 42,
        "num_workers": 0,
        "preprocess": "standard",
        "patience": 10,
        "min_delta": 0,
        "use_amp": false,
        "model_type": "TAEDACL",
        "dataset_name": "breastw",
        "base_path": "results/TAEDACL-260125-bw0.01-ap0.9-ep200-ep70_combined/breastw/1.0",
        "exp_name": "TAEDACL-260125-bw0.01-ap0.9-ep200-ep70_combined",
        "runs": 10,
        "train_ratio": 1.0
    },
    "start_time_kst": "2026-01-25T16:18:52+09:00",
    "mean_metrics": {
        "rauc": 0.986676844208225,
        "ap": 0.9828301997262974,
        "f1": 0.9548117154811717,
        "avg_normal": 0.3855871632695198,
        "avg_abnormal": 13.56377296447754
    },
    "std_metrics": {
        "rauc_std": 0.003300392422653966,
        "ap_std": 0.006705651360528071,
        "f1_std": 0.006951149676082072,
        "avg_normal_std": 0.20804990352955355,
        "avg_abnormal_std": 2.5658087073294378
    },
    "total_time": 243.48165154457092,
    "all_seeds": [
        {
            "rauc": 0.9855818161257492,
            "ap": 0.9844941613050728,
            "f1": 0.9539748953974896,
            "avg_normal": 0.19060726463794708,
            "avg_abnormal": 12.789955139160156,
            "run": 0,
            "epochs": 144,
            "train_time": 27.20992946624756,
            "test_time": 0.053519248962402344
        },
        {
            "rauc": 0.9906140450073504,
            "ap": 0.9893298434080027,
            "f1": 0.9456066945606695,
            "avg_normal": 0.2841179072856903,
            "avg_abnormal": 12.768959999084473,
            "run": 1,
            "epochs": 151,
            "train_time": 22.813356399536133,
            "test_time": 0.05390453338623047
        },
        {
            "rauc": 0.9908967544950809,
            "ap": 0.9894174266276816,
            "f1": 0.9665271966527197,
            "avg_normal": 0.1200619488954544,
            "avg_abnormal": 10.556565284729004,
            "run": 2,
            "epochs": 157,
            "train_time": 28.477975606918335,
            "test_time": 0.05810093879699707
        },
        {
            "rauc": 0.9808322967318783,
            "ap": 0.9661934770274867,
            "f1": 0.9456066945606695,
            "avg_normal": 0.8251254558563232,
            "avg_abnormal": 18.1151065826416,
            "run": 3,
            "epochs": 142,
            "train_time": 26.495221614837646,
            "test_time": 0.05559492111206055
        },
        {
            "rauc": 0.9849033133551962,
            "ap": 0.9818314459912276,
            "f1": 0.9539748953974896,
            "avg_normal": 0.5876493453979492,
            "avg_abnormal": 17.091590881347656,
            "run": 4,
            "epochs": 133,
            "train_time": 23.59176540374756,
            "test_time": 0.05895352363586426
        },
        {
            "rauc": 0.9843190470805533,
            "ap": 0.97834343463199,
            "f1": 0.9539748953974896,
            "avg_normal": 0.28995755314826965,
            "avg_abnormal": 11.514020919799805,
            "run": 5,
            "epochs": 124,
            "train_time": 22.046059608459473,
            "test_time": 0.05354166030883789
        },
        {
            "rauc": 0.9878246447284105,
            "ap": 0.9854860728913818,
            "f1": 0.9497907949790795,
            "avg_normal": 0.3578043282032013,
            "avg_abnormal": 13.431726455688477,
            "run": 6,
            "epochs": 142,
            "train_time": 26.03754472732544,
            "test_time": 0.05195283889770508
        },
        {
            "rauc": 0.9829054996419013,
            "ap": 0.9787369700412247,
            "f1": 0.9539748953974896,
            "avg_normal": 0.5989471077919006,
            "avg_abnormal": 15.05859375,
            "run": 7,
            "epochs": 107,
            "train_time": 19.037733554840088,
            "test_time": 0.04925894737243652
        },
        {
            "rauc": 0.9900297787327076,
            "ap": 0.9878417998376887,
            "f1": 0.9665271966527197,
            "avg_normal": 0.2294182926416397,
            "avg_abnormal": 9.70810604095459,
            "run": 8,
            "epochs": 121,
            "train_time": 21.87227511405945,
            "test_time": 0.05461287498474121
        },
        {
            "rauc": 0.988861246183422,
            "ap": 0.986627365501217,
            "f1": 0.9581589958158996,
            "avg_normal": 0.3721824288368225,
            "avg_abnormal": 14.603104591369629,
            "run": 9,
            "epochs": 130,
            "train_time": 23.423600673675537,
            "test_time": 0.044522762298583984
        }
    ]
}