{
    "model_config": {
        "hidden_dim": 128,
        "depth": 4,
        "num_heads": 4,
        "mlp_ratio": 4.0,
        "dropout_prob": 0.0,
        "num_prototypes": 16,
        "temperature": 0.1,
        "sinkhorn_iters": 3,
        "sinkhorn_eps": 0.05,
        "contrastive_loss_weight": 0.01,
        "use_flash_attn": false,
        "num_features": 6
    },
    "train_config": {
        "data_dir": "Data/",
        "epochs": 250,
        "learning_rate": 0.01,
        "sche_gamma": 0.95,
        "batch_size": 256,
        "random_seed": 42,
        "num_workers": 0,
        "preprocess": "standard",
        "patience": 20,
        "use_amp": false,
        "model_type": "ProtoAD",
        "dataset_name": "thyroid",
        "base_path": "results/ProtoAD-d128-proto16-eps0.05-contra0.01-temp0.1/thyroid/1.0",
        "exp_name": "ProtoAD-d128-proto16-eps0.05-contra0.01-temp0.1",
        "runs": 10,
        "train_ratio": 1.0,
        "run": 9
    },
    "mean_metrics": {
        "rauc": 0.9717321178120617,
        "ap": 0.7302341078513536,
        "f1": 0.6688172043010754,
        "entropy_rauc": 0.601785881252922,
        "entropy_ap": 0.07299788163508661,
        "entropy_f1": 0.06989247311827956,
        "avg_normal_entropy": 0.31766961961984636,
        "avg_abnormal_entropy": 0.4004082649946213,
        "avg_normal_recon": 0.2889183983206749,
        "avg_abnormal_recon": 84.02911319732667
    },
    "std_metrics": {
        "rauc_std": 0.011162630335817455,
        "ap_std": 0.09247575412029659,
        "f1_std": 0.08653075070421808,
        "entropy_rauc_std": 0.11468832712803205,
        "entropy_ap_std": 0.03107957574681237,
        "entropy_f1_std": 0.054457880697206876,
        "avg_normal_entropy_std": 0.1292809022938504,
        "avg_abnormal_entropy_std": 0.25087300749821073,
        "avg_normal_recon_std": 0.08521008979804968,
        "avg_abnormal_recon_std": 28.092217389496867
    },
    "total_time": 361.3696370124817,
    "all_seeds": [
        {
            "run": 0,
            "train_time": 29.647746324539185,
            "test_time": 0.0389866828918457,
            "epochs": 135,
            "rauc": 0.9875759700794765,
            "ap": 0.8613092101363283,
            "f1": 0.7849462365591398,
            "entropy_rauc": 0.73270804114072,
            "entropy_ap": 0.10870666944049541,
            "entropy_f1": 0.12903225806451613,
            "avg_normal_entropy": 0.20490700006484985,
            "avg_abnormal_entropy": 0.3816554546356201,
            "avg_normal_recon": 0.29656216502189636,
            "avg_abnormal_recon": 87.38079071044922
        },
        {
            "run": 1,
            "train_time": 38.65589642524719,
            "test_time": 0.037047624588012695,
            "epochs": 153,
            "rauc": 0.9651297335203366,
            "ap": 0.6117609008214684,
            "f1": 0.5913978494623656,
            "entropy_rauc": 0.5606767180925666,
            "entropy_ap": 0.051535976074084305,
            "entropy_f1": 0.021505376344086023,
            "avg_normal_entropy": 0.40019306540489197,
            "avg_abnormal_entropy": 0.39351585507392883,
            "avg_normal_recon": 0.22780124843120575,
            "avg_abnormal_recon": 30.431795120239258
        },
        {
            "run": 2,
            "train_time": 19.136106252670288,
            "test_time": 0.04410290718078613,
            "epochs": 149,
            "rauc": 0.9797510518934082,
            "ap": 0.8527021221241557,
            "f1": 0.7634408602150538,
            "entropy_rauc": 0.6136746143057503,
            "entropy_ap": 0.06933880023170017,
            "entropy_f1": 0.07526881720430108,
            "avg_normal_entropy": 0.22712522745132446,
            "avg_abnormal_entropy": 0.28969302773475647,
            "avg_normal_recon": 0.2099328488111496,
            "avg_abnormal_recon": 64.0666732788086
        },
        {
            "run": 3,
            "train_time": 19.655454397201538,
            "test_time": 0.03776264190673828,
            "epochs": 152,
            "rauc": 0.9566327723235156,
            "ap": 0.6173373274149313,
            "f1": 0.5913978494623656,
            "entropy_rauc": 0.5216222533894344,
            "entropy_ap": 0.04619516932781351,
            "entropy_f1": 0.0,
            "avg_normal_entropy": 0.31854692101478577,
            "avg_abnormal_entropy": 0.2913750410079956,
            "avg_normal_recon": 0.2684204876422882,
            "avg_abnormal_recon": 55.7015380859375
        },
        {
            "run": 4,
            "train_time": 27.016127347946167,
            "test_time": 0.07621550559997559,
            "epochs": 130,
            "rauc": 0.9656089294062646,
            "ap": 0.679575289974107,
            "f1": 0.5913978494623656,
            "entropy_rauc": 0.3478494623655914,
            "entropy_ap": 0.03963545756496081,
            "entropy_f1": 0.043010752688172046,
            "avg_normal_entropy": 0.30680298805236816,
            "avg_abnormal_entropy": 0.24724462628364563,
            "avg_normal_recon": 0.20842258632183075,
            "avg_abnormal_recon": 72.68123626708984
        },
        {
            "run": 5,
            "train_time": 38.64653825759888,
            "test_time": 0.07728695869445801,
            "epochs": 135,
            "rauc": 0.9889317438055166,
            "ap": 0.8523598504654776,
            "f1": 0.7956989247311828,
            "entropy_rauc": 0.7710553997194951,
            "entropy_ap": 0.13166402825551538,
            "entropy_f1": 0.15053763440860216,
            "avg_normal_entropy": 0.6692085862159729,
            "avg_abnormal_entropy": 1.135496973991394,
            "avg_normal_recon": 0.5112435221672058,
            "avg_abnormal_recon": 123.00343322753906
        },
        {
            "run": 6,
            "train_time": 52.894991636276245,
            "test_time": 0.07615327835083008,
            "epochs": 160,
            "rauc": 0.9698165030388032,
            "ap": 0.6877079510741748,
            "f1": 0.5913978494623656,
            "entropy_rauc": 0.6058029453015428,
            "entropy_ap": 0.058666553073772595,
            "entropy_f1": 0.053763440860215055,
            "avg_normal_entropy": 0.23504315316677094,
            "avg_abnormal_entropy": 0.2574773132801056,
            "avg_normal_recon": 0.26431307196617126,
            "avg_abnormal_recon": 107.12591552734375
        },
        {
            "run": 7,
            "train_time": 40.69815516471863,
            "test_time": 0.07806777954101562,
            "epochs": 123,
            "rauc": 0.9764492753623188,
            "ap": 0.7494862804378557,
            "f1": 0.6989247311827957,
            "entropy_rauc": 0.6031381486676017,
            "entropy_ap": 0.059814268999302644,
            "entropy_f1": 0.043010752688172046,
            "avg_normal_entropy": 0.30638813972473145,
            "avg_abnormal_entropy": 0.3477756679058075,
            "avg_normal_recon": 0.24199047684669495,
            "avg_abnormal_recon": 78.67485046386719
        },
        {
            "run": 8,
            "train_time": 48.649749755859375,
            "test_time": 0.07387661933898926,
            "epochs": 148,
            "rauc": 0.9729663394109398,
            "ap": 0.7420678006405943,
            "f1": 0.7096774193548387,
            "entropy_rauc": 0.7058789153810191,
            "entropy_ap": 0.11452326052376711,
            "entropy_f1": 0.16129032258064516,
            "avg_normal_entropy": 0.2353685200214386,
            "avg_abnormal_entropy": 0.39268362522125244,
            "avg_normal_recon": 0.3336317539215088,
            "avg_abnormal_recon": 120.19420623779297
        },
        {
            "run": 9,
            "train_time": 43.67226481437683,
            "test_time": 0.04615640640258789,
            "epochs": 132,
            "rauc": 0.9544588592800374,
            "ap": 0.6480343454244416,
            "f1": 0.5698924731182796,