{
    "model_config": {
        "num_features": 64,
        "hidden_dim": 64,
        "depth": 4,
        "num_heads": 4,
        "mlp_ratio": 4.0,
        "dropout_prob": 0.0,
        "temperature": 1.0,
        "contrastive_loss_weight": 0.01,
        "use_flash_attn": false
    },
    "train_config": {
        "data_dir": "Data/",
        "epochs": 200,
        "learning_rate": 0.01,
        "sche_gamma": 0.95,
        "batch_size": 512,
        "random_seed": 42,
        "num_workers": 0,
        "preprocess": "standard",
        "patience": 10,
        "min_delta": 0,
        "use_amp": false,
        "model_type": "TAECL",
        "dataset_name": "optdigits",
        "base_path": "results/TAECL-temp1.0-contra0.01-combined/optdigits/1.0",
        "exp_name": "TAECL-temp1.0-contra0.01-combined",
        "runs": 10,
        "train_ratio": 1.0,
        "run": 9
    },
    "mean_metrics": {
        "rauc": 0.9606119226213975,
        "ap": 0.42972019876307266,
        "f1": 0.504,
        "avg_normal": 0.24135495498776435,
        "avg_abnormal": 0.44553227722644806
    },
    "std_metrics": {
        "rauc_std": 0.010012282048794782,
        "ap_std": 0.05826251766169704,
        "f1_std": 0.07285907249234268,
        "avg_normal_std": 0.12906909475707173,
        "avg_abnormal_std": 0.11341599268869754
    },
    "total_time": 380.0078296661377,
    "all_seeds": [
        {
            "rauc": 0.9740518489274905,
            "ap": 0.5201746031240398,
            "f1": 0.6266666666666667,
            "avg_normal": 0.10915733128786087,
            "avg_abnormal": 0.3648297190666199,
            "run": 0,
            "epochs": 199,
            "train_time": 39.596256732940674,
            "test_time": 0.10995817184448242
        },
        {
            "rauc": 0.967395709961837,
            "ap": 0.4809819964408046,
            "f1": 0.5466666666666666,
            "avg_normal": 0.12857584655284882,
            "avg_abnormal": 0.4025188684463501,
            "run": 1,
            "epochs": 200,
            "train_time": 39.64703702926636,
            "test_time": 0.13061261177062988
        },
        {
            "rauc": 0.9650559284116331,
            "ap": 0.43763737818105125,
            "f1": 0.5,
            "avg_normal": 0.1533796787261963,
            "avg_abnormal": 0.3295917212963104,
            "run": 2,
            "epochs": 169,
            "train_time": 35.668195486068726,
            "test_time": 0.10550928115844727
        },
        {
            "rauc": 0.9526279773654427,
            "ap": 0.36064243213928865,
            "f1": 0.41333333333333333,
            "avg_normal": 0.21899332106113434,
            "avg_abnormal": 0.34385931491851807,
            "run": 3,
            "epochs": 198,
            "train_time": 38.071300745010376,
            "test_time": 0.15095782279968262
        },
        {
            "rauc": 0.9622292406895645,
            "ap": 0.42929189820309654,
            "f1": 0.5133333333333333,
            "avg_normal": 0.11683902144432068,
            "avg_abnormal": 0.38008326292037964,
            "run": 4,
            "epochs": 178,
            "train_time": 34.970964431762695,
            "test_time": 0.14989399909973145
        },
        {
            "rauc": 0.9418160284247927,
            "ap": 0.34149685054380824,
            "f1": 0.3933333333333333,
            "avg_normal": 0.2506386935710907,
            "avg_abnormal": 0.5579227209091187,
            "run": 5,
            "epochs": 184,
            "train_time": 37.709611654281616,
            "test_time": 0.14667177200317383
        },
        {
            "rauc": 0.952588498486643,
            "ap": 0.374233804101269,
            "f1": 0.44,
            "avg_normal": 0.3174467980861664,
            "avg_abnormal": 0.32215768098831177,
            "run": 6,
            "epochs": 176,
            "train_time": 34.75412654876709,
            "test_time": 0.15101218223571777
        },
        {
            "rauc": 0.9507224634820372,
            "ap": 0.38827856380672715,
            "f1": 0.46,
            "avg_normal": 0.31585779786109924,
            "avg_abnormal": 0.5210132598876953,
            "run": 7,
            "epochs": 198,
            "train_time": 39.552319049835205,
            "test_time": 0.5827653408050537
        },
        {
            "rauc": 0.9713672851691011,
            "ap": 0.492388514931642,
            "f1": 0.5733333333333334,
            "avg_normal": 0.5595042705535889,
            "avg_abnormal": 0.6228774785995483,
            "run": 8,
            "epochs": 188,
            "train_time": 39.004892349243164,
            "test_time": 0.36930394172668457
        },
        {
            "rauc": 0.9682642452954336,
            "ap": 0.4720759461590001,
            "f1": 0.5733333333333334,
            "avg_normal": 0.2431567907333374,
            "avg_abnormal": 0.6104687452316284,
            "run": 9,
            "epochs": 189,
            "train_time": 36.619932413101196,
            "test_time": 0.25629162788391113
        }
    ]
}