{
    "model_config": {
        "num_features": 21,
        "hidden_dim": 128,
        "depth": 4,
        "num_heads": 4,
        "mlp_ratio": 4.0,
        "dropout_prob": 0.0,
        "temperature": 1.0,
        "contrastive_loss_weight": 0.001,
        "use_flash_attn": false
    },
    "train_config": {
        "data_dir": "Data/",
        "epochs": 200,
        "learning_rate": 0.001,
        "sche_gamma": 0.95,
        "batch_size": 512,
        "random_seed": 42,
        "num_workers": 0,
        "preprocess": "standard",
        "patience": 10,
        "min_delta": 0,
        "use_amp": false,
        "model_type": "TAECL",
        "dataset_name": "cardio",
        "base_path": "results/TAECL-temp1.0-contra0.001/cardio/1.0",
        "exp_name": "TAECL-temp1.0-contra0.001",
        "runs": 10,
        "train_ratio": 1.0,
        "run": 9
    },
    "mean_metrics": {
        "rauc": 0.9484224033816424,
        "ap": 0.8387473633608922,
        "f1": 0.7602272727272728,
        "avg_normal": 0.034693978168070315,
        "avg_abnormal": 1.866259253025055,
        "contra_rauc": 0.9513120333772507,
        "contra_ap": 0.8149837133329786,
        "contra_f1": 0.7397727272727274,
        "contra_avg_normal": -0.007376455096527934,
        "contra_avg_abnormal": -0.007051198510453105,
        "combined_rauc": 0.9485637626262626,
        "combined_ap": 0.8389081132596626,
        "combined_f1": 0.7602272727272728,
        "combined_avg_normal": 0.027317523024976254,
        "combined_avg_abnormal": 1.859208083152771
    },
    "std_metrics": {
        "rauc_std": 0.009407419550695715,
        "ap_std": 0.028946779923226185,
        "f1_std": 0.02906070875578276,
        "avg_normal_std": 0.004698033953043451,
        "avg_abnormal_std": 0.3401000888508134,
        "contra_rauc_std": 0.009750338839617036,
        "contra_ap_std": 0.036432050055962666,
        "contra_f1_std": 0.03809785139600049,
        "contra_avg_normal_std": 5.404378531232086e-05,
        "contra_avg_abnormal_std": 9.302644462227726e-05,
        "combined_rauc_std": 0.009397214401743357,
        "combined_ap_std": 0.028935588577157487,
        "combined_f1_std": 0.02906070875578276,
        "combined_avg_normal_std": 0.004711403710937392,
        "combined_avg_abnormal_std": 0.340111894379761
    },
    "total_time": 110.99028015136719,
    "all_seeds": [
        {
            "run": 0,
            "train_time": 12.317149639129639,
            "test_time": 0.1659867763519287,
            "epochs": 126,
            "rauc": 0.958923473869126,
            "ap": 0.8461667217977488,
            "f1": 0.7784090909090909,
            "avg_normal": 0.03272541984915733,
            "avg_abnormal": 1.9147270917892456,
            "contra_rauc": 0.9627868357487923,
            "contra_ap": 0.8350167537118393,
            "contra_f1": 0.7897727272727273,
            "contra_avg_normal": -0.007455825340002775,
            "contra_avg_abnormal": -0.0071493820287287235,
            "combined_rauc": 0.9592048199385156,
            "combined_ap": 0.8465015357962362,
            "combined_f1": 0.7784090909090909,
            "combined_avg_normal": 0.02526959590613842,
            "combined_avg_abnormal": 1.9075778722763062
        },
        {
            "run": 1,
            "train_time": 11.449406862258911,
            "test_time": 0.0879664421081543,
            "epochs": 130,
            "rauc": 0.9508399209486165,
            "ap": 0.8578545874092409,
            "f1": 0.7613636363636364,
            "avg_normal": 0.026904014870524406,
            "avg_abnormal": 1.9120386838912964,
            "contra_rauc": 0.9640769104084321,
            "contra_ap": 0.8602404083303046,
            "contra_f1": 0.7840909090909091,
            "contra_avg_normal": -0.007417488843202591,
            "contra_avg_abnormal": -0.00712460745126009,
            "combined_rauc": 0.9509771629336846,
            "combined_ap": 0.8579520628242753,
            "combined_f1": 0.7613636363636364,
            "combined_avg_normal": 0.019486524164676666,
            "combined_avg_abnormal": 1.904914140701294
        },
        {
            "run": 2,
            "train_time": 11.74378490447998,
            "test_time": 0.06357812881469727,
            "epochs": 129,
            "rauc": 0.9422348484848485,
            "ap": 0.8107278996382205,
            "f1": 0.75,
            "avg_normal": 0.04012932628393173,
            "avg_abnormal": 2.2341763973236084,
            "contra_rauc": 0.941377086078173,
            "contra_ap": 0.730530686934382,
            "contra_f1": 0.7045454545454546,
            "contra_avg_normal": -0.007429879624396563,
            "contra_avg_abnormal": -0.0071737379767000675,
            "combined_rauc": 0.942262296881862,
            "combined_ap": 0.810773676912506,
            "combined_f1": 0.75,
            "combined_avg_normal": 0.032699450850486755,
            "combined_avg_abnormal": 2.2270028591156006
        },
        {
            "run": 3,
            "train_time": 9.216285228729248,
            "test_time": 0.09218478202819824,
            "epochs": 94,
            "rauc": 0.9568785682916118,
            "ap": 0.8501571707992374,
            "f1": 0.7386363636363636,
            "avg_normal": 0.027864322066307068,
            "avg_abnormal": 1.9829283952713013,
            "contra_rauc": 0.9568854303908652,
            "contra_ap": 0.784404404941904,
            "contra_f1": 0.7670454545454546,
            "contra_avg_normal": -0.007400522939860821,
            "contra_avg_abnormal": -0.007112998981028795,
            "combined_rauc": 0.957002086078173,
            "combined_ap": 0.8503837470926239,
            "combined_f1": 0.7386363636363636,
            "combined_avg_normal": 0.02046380378305912,
            "combined_avg_abnormal": 1.9758151769638062
        },
        {
            "run": 4,
            "train_time": 10.945923089981079,
            "test_time": 0.08504009246826172,
            "epochs": 117,
            "rauc": 0.9526789635485288,
            "ap": 0.847641974361489,
            "f1": 0.7840909090909091,
            "avg_normal": 0.03564409539103508,
            "avg_abnormal": 1.145911693572998,
            "contra_rauc": 0.9433121980676329,
            "contra_ap": 0.796211912148255,
            "contra_f1": 0.7272727272727273,
            "contra_avg_normal": -0.007385991048067808,
            "contra_avg_abnormal": -0.007046839222311974,
            "combined_rauc": 0.9527956192358367,
            "combined_ap": 0.8477564092229244,
            "combined_f1": 0.7840909090909091,
            "combined_avg_normal": 0.028258102014660835,
            "combined_avg_abnormal": 1.1388648748397827
        },
        {
            "run": 5,
            "train_time": 10.187590837478638,
            "test_time": 0.08749604225158691,
            "epochs": 128,
            "rauc": 0.9404438405797101,
            "ap": 0.842896344917296,
            "f1": 0.7840909090909091,
            "avg_normal": 0.033439941704273224,
            "avg_abnormal": 1.8025093078613281,
            "contra_rauc": 0.9558492534036013,
            "contra_ap": 0.8452419529130661,
            "contra_f1": 0.7215909090909091,
            "contra_avg_normal": -0.007304534316062927,
            "contra_avg_abnormal": -0.006955378223210573,
            "combined_rauc": 0.9406085309617919,
            "combined_ap": 0.8430596304138094,
            "combined_f1": 0.7840909090909091,
            "combined_avg_normal": 0.026135405525565147,
            "combined_avg_abnormal": 1.7955539226531982
        },
        {
            "run": 6,
            "train_time": 8.43938660621643,
            "test_time": 0.08699846267700195,
            "epochs": 96,
            "rauc": 0.9596645805884937,
            "ap": 0.8764409161439857,
            "f1": 0.7954545454545454,
            "avg_normal": 0.03799203783273697,
            "avg_abnormal": 1.3778367042541504,