{
    "model_config": {
        "hidden_dim": 128,
        "depth": 4,
        "num_heads": 4,
        "mlp_ratio": 4.0,
        "dropout_prob": 0.0,
        "num_prototypes": 10,
        "temperature": 0.1,
        "sinkhorn_iters": 3,
        "sinkhorn_eps": 0.05,
        "contrastive_loss_weight": 1.0,
        "use_flash_attn": false,
        "num_features": 6
    },
    "train_config": {
        "data_dir": "Data/",
        "epochs": 250,
        "learning_rate": 0.01,
        "sche_gamma": 0.95,
        "batch_size": 256,
        "random_seed": 42,
        "num_workers": 0,
        "preprocess": "standard",
        "patience": 20,
        "use_amp": false,
        "model_type": "ProtoAD",
        "dataset_name": "thyroid",
        "base_path": "results/ProtoAD-d128-proto10-eps0.05-contra1.0-temp0.1/thyroid/1.0",
        "exp_name": "ProtoAD-d128-proto10-eps0.05-contra1.0-temp0.1",
        "runs": 10,
        "train_ratio": 1.0,
        "run": 9
    },
    "mean_metrics": {
        "rauc": 0.9769249649368865,
        "ap": 0.7742621192479803,
        "f1": 0.7043010752688172,
        "entropy_rauc": 0.6015033309957925,
        "entropy_ap": 0.07712815194972453,
        "entropy_f1": 0.04623655913978495,
        "avg_normal_entropy": 0.07451285868883133,
        "avg_abnormal_entropy": 0.08217124566435814,
        "avg_normal_recon": 0.6147901147603989,
        "avg_abnormal_recon": 112.60386123657227
    },
    "std_metrics": {
        "rauc_std": 0.011392465878360998,
        "ap_std": 0.07268713976830664,
        "f1_std": 0.07667654402583685,
        "entropy_rauc_std": 0.19155413624801157,
        "entropy_ap_std": 0.03631830594548846,
        "entropy_f1_std": 0.039375985857205496,
        "avg_normal_entropy_std": 0.017312796830610454,
        "avg_abnormal_entropy_std": 0.0385728285909733,
        "avg_normal_recon_std": 0.14230179549465616,
        "avg_abnormal_recon_std": 37.730443108373215
    },
    "total_time": 478.13527178764343,
    "all_seeds": [
        {
            "run": 0,
            "train_time": 59.52294301986694,
            "test_time": 0.07798504829406738,
            "epochs": 176,
            "rauc": 0.9438055165965404,
            "ap": 0.5662126392911301,
            "f1": 0.4946236559139785,
            "entropy_rauc": 0.8236033193080879,
            "entropy_ap": 0.1397967971361569,
            "entropy_f1": 0.0967741935483871,
            "avg_normal_entropy": 0.08185303956270218,
            "avg_abnormal_entropy": 0.1697351038455963,
            "avg_normal_recon": 0.38341182470321655,
            "avg_abnormal_recon": 49.79310989379883
        },
        {
            "run": 1,
            "train_time": 28.778207302093506,
            "test_time": 0.031584978103637695,
            "epochs": 155,
            "rauc": 0.9766362786348761,
            "ap": 0.7707048281580395,
            "f1": 0.6989247311827957,
            "entropy_rauc": 0.772872837774661,
            "entropy_ap": 0.11072531102994138,
            "entropy_f1": 0.08602150537634409,
            "avg_normal_entropy": 0.0472879558801651,
            "avg_abnormal_entropy": 0.0849001556634903,
            "avg_normal_recon": 0.5030689239501953,
            "avg_abnormal_recon": 70.26864624023438
        },
        {
            "run": 2,
            "train_time": 12.046072959899902,
            "test_time": 0.07044458389282227,
            "epochs": 51,
            "rauc": 0.981469144460028,
            "ap": 0.8251038575596726,
            "f1": 0.7419354838709677,
            "entropy_rauc": 0.2512856474988312,
            "entropy_ap": 0.030195902286374806,
            "entropy_f1": 0.021505376344086023,
            "avg_normal_entropy": 0.10494691878557205,
            "avg_abnormal_entropy": 0.048842646181583405,
            "avg_normal_recon": 0.41439613699913025,
            "avg_abnormal_recon": 62.56844711303711
        },
        {
            "run": 3,
            "train_time": 61.789207220077515,
            "test_time": 0.07568740844726562,
            "epochs": 196,
            "rauc": 0.9828950444132772,
            "ap": 0.810162935370072,
            "f1": 0.7096774193548387,
            "entropy_rauc": 0.7369448340345955,
            "entropy_ap": 0.09393277658047033,
            "entropy_f1": 0.10752688172043011,
            "avg_normal_entropy": 0.06246521696448326,
            "avg_abnormal_entropy": 0.11195392161607742,
            "avg_normal_recon": 0.5179422497749329,
            "avg_abnormal_recon": 109.7607421875
        },
        {
            "run": 4,
            "train_time": 51.824347496032715,
            "test_time": 0.07526397705078125,
            "epochs": 157,
            "rauc": 0.9799964936886396,
            "ap": 0.8091805307333156,
            "f1": 0.7634408602150538,
            "entropy_rauc": 0.757877512856475,
            "entropy_ap": 0.08695856550592886,
            "entropy_f1": 0.0,
            "avg_normal_entropy": 0.09057720750570297,
            "avg_abnormal_entropy": 0.09708191454410553,
            "avg_normal_recon": 0.6969278454780579,
            "avg_abnormal_recon": 135.94960021972656
        },
        {
            "run": 5,
            "train_time": 57.74656796455383,
            "test_time": 0.06361985206604004,
            "epochs": 189,
            "rauc": 0.978535530621786,
            "ap": 0.8094625944341791,
            "f1": 0.7526881720430108,
            "entropy_rauc": 0.6430341280972416,
            "entropy_ap": 0.0613795208606458,
            "entropy_f1": 0.010752688172043012,
            "avg_normal_entropy": 0.083934485912323,
            "avg_abnormal_entropy": 0.06786561012268066,
            "avg_normal_recon": 0.6661102175712585,
            "avg_abnormal_recon": 120.5263900756836
        },
        {
            "run": 6,
            "train_time": 53.7631561756134,
            "test_time": 0.07806611061096191,
            "epochs": 166,
            "rauc": 0.9874064983637215,
            "ap": 0.8297143118948006,
            "f1": 0.7849462365591398,
            "entropy_rauc": 0.688768115942029,
            "entropy_ap": 0.11705762476950701,
            "entropy_f1": 0.07526881720430108,
            "avg_normal_entropy": 0.05415816232562065,
            "avg_abnormal_entropy": 0.09946789592504501,
            "avg_normal_recon": 0.7507709264755249,
            "avg_abnormal_recon": 161.5037841796875
        },
        {
            "run": 7,
            "train_time": 52.433101654052734,
            "test_time": 0.07983922958374023,
            "epochs": 165,
            "rauc": 0.9781381486676017,
            "ap": 0.7654634248259894,
            "f1": 0.6774193548387096,
            "entropy_rauc": 0.32700736325385693,
            "entropy_ap": 0.03444453164352909,
            "entropy_f1": 0.021505376344086023,
            "avg_normal_entropy": 0.08828718215227127,
            "avg_abnormal_entropy": 0.05478535592556,
            "avg_normal_recon": 0.8274557590484619,
            "avg_abnormal_recon": 120.98878479003906
        },
        {
            "run": 8,
            "train_time": 50.12518644332886,
            "test_time": 0.07881522178649902,
            "epochs": 151,
            "rauc": 0.9801075268817203,
            "ap": 0.781449771635828,
            "f1": 0.7204301075268817,
            "entropy_rauc": 0.6072346891070594,
            "entropy_ap": 0.05928017149886856,
            "entropy_f1": 0.043010752688172046,
            "avg_normal_entropy": 0.06958379596471786,
            "avg_abnormal_entropy": 0.06284087896347046,
            "avg_normal_recon": 0.7196566462516785,
            "avg_abnormal_recon": 163.21942138671875
        },
        {
            "run": 9,
            "train_time": 47.19050407409668,
            "test_time": 0.04447150230407715,
            "epochs": 189,
            "rauc": 0.9802594670406732,
            "ap": 0.775166298576776,
            "f1": 0.6989247311827957,