{
    "model_config": {
        "num_heads": 4,
        "num_latents": 3,
        "num_memories": 150,
        "depth": 4,
        "hidden_dim": 16,
        "mlp_ratio": 4.0,
        "dropout_prob": 0.0,
        "temperature": 0.1,
        "sim_type": "cos",
        "use_oe": true,
        "oe_lambda": 0.1,
        "oe_shuffle_ratio": 0.3,
        "oe_lambda_memory": 1.0,
        "is_weight_sharing": false,
        "use_pos_enc_as_query": false,
        "use_mask_token": false,
        "num_features": 9
    },
    "train_config": {
        "data_dir": "Data/",
        "epochs": 250,
        "learning_rate": 0.01,
        "sche_gamma": 0.95,
        "batch_size": 512,
        "random_seed": 42,
        "num_workers": 0,
        "preprocess": "standard",
        "model_type": "OELATTE",
        "dataset_name": "shuttle",
        "train_ratio": 1.0,
        "base_path": "results/OELATTE-d16-oe_lam0.1-oe_rat0.3-oe_lam_mem1.0/shuttle/1.0",
        "not_use_power_of_two": false,
        "num_memories_not_use_power_of_two": false,
        "num_memories_twice": false,
        "contamination_ratio": null,
        "latent_ratio": null,
        "memory_ratio": null,
        "run": 9
    },
    "mean_metrics": {
        "AUC-ROC": 0.9987633503582943,
        "AUC-PR": 0.9726636289040507,
        "f1": 0.9813443463400742
    },
    "total_time": 666.4263827800751,
    "all_seeds": [
        {
            "run": 0,
            "AUC-ROC": 0.9982203458483853,
            "AUC-PR": 0.963036208611928,
            "f1": 0.9792082027912276,
            "train_time": 66.60363507270813,
            "test_time": 0.28896665573120117,
            "epochs": 27
        },
        {
            "run": 1,
            "AUC-ROC": 0.9987606812332003,
            "AUC-PR": 0.9705849064066437,
            "f1": 0.9797778410709199,
            "train_time": 67.15310645103455,
            "test_time": 0.29070019721984863,
            "epochs": 28
        },
        {
            "run": 2,
            "AUC-ROC": 0.9991126658570404,
            "AUC-PR": 0.981782351651281,
            "f1": 0.9829108516092281,
            "train_time": 61.51744818687439,
            "test_time": 0.2848079204559326,
            "epochs": 25
        },
        {
            "run": 3,
            "AUC-ROC": 0.998795494821741,
            "AUC-PR": 0.9777209149056791,
            "f1": 0.9831956707490743,
            "train_time": 67.33402371406555,
            "test_time": 0.2877628803253174,
            "epochs": 28
        },
        {
            "run": 4,
            "AUC-ROC": 0.9989614279309421,
            "AUC-PR": 0.9779384411555697,
            "f1": 0.9806322984904585,
            "train_time": 65.52204608917236,
            "test_time": 0.29202842712402344,
            "epochs": 27
        },
        {
            "run": 5,
            "AUC-ROC": 0.9987440491849777,
            "AUC-PR": 0.9693667960041762,
            "f1": 0.9814867559099971,
            "train_time": 69.65107917785645,
            "test_time": 0.23271775245666504,
            "epochs": 29
        },
        {
            "run": 6,
            "AUC-ROC": 0.9989043966250913,
            "AUC-PR": 0.9768745823872008,
            "f1": 0.9797778410709199,
            "train_time": 67.10295867919922,
            "test_time": 0.36783313751220703,
            "epochs": 28
        },
        {
            "run": 7,
            "AUC-ROC": 0.9988413048058009,
            "AUC-PR": 0.9742369321222437,
            "f1": 0.9809171176303048,
            "train_time": 65.2391767501831,
            "test_time": 0.23789596557617188,
            "epochs": 27
        },
        {
            "run": 8,
            "AUC-ROC": 0.9987936079402372,
            "AUC-PR": 0.9704147444282745,
            "f1": 0.9809171176303048,
            "train_time": 67.67702460289001,
            "test_time": 0.2897355556488037,
            "epochs": 28
        },
        {
            "run": 9,
            "AUC-ROC": 0.9984995293355279,
            "AUC-PR": 0.9646804113675106,
            "f1": 0.9846197664483053,
            "train_time": 63.32890605926514,
            "test_time": 0.2950174808502197,
            "epochs": 26
        }
    ]
}