{
    "model_config": {
        "num_features": 62,
        "hidden_dim": 64,
        "depth": 4,
        "num_heads": 4,
        "mlp_ratio": 4.0,
        "dropout_prob": 0.0,
        "use_flash_attn": false,
        "ema_decay": 0.999,
        "contrastive_loss_weight": 0.1
    },
    "train_config": {
        "data_dir": "Data/",
        "epochs": 200,
        "learning_rate": 0.01,
        "sche_gamma": 0.95,
        "batch_size": 512,
        "random_seed": 42,
        "num_workers": 0,
        "preprocess": "standard",
        "patience": 10,
        "min_delta": 0,
        "use_amp": false,
        "model_type": "TKDAD",
        "dataset_name": "campaign",
        "base_path": "results/TKDAD-d64-lr0.01-contra0.1/campaign/1.0",
        "exp_name": "TKDAD-d64-lr0.01-contra0.1",
        "runs": 10,
        "train_ratio": 1.0
    },
    "mean_metrics": {
        "avg_abnormal_score": 0.0029963660635985434,
        "ap": 0.3641371431394399,
        "f1": 0.36995689655172415,
        "rauc": 0.6607059528234953,
        "avg_normal_score": 0.002380664099473506
    },
    "std_metrics": {
        "avg_abnormal_score_std": 0.0017108862428839335,
        "ap_std": 0.053446695639637526,
        "f1_std": 0.036046468267419786,
        "rauc_std": 0.03948173484765984,
        "avg_normal_score_std": 0.0016799939005869777
    },
    "total_time": 173.5069181919098,
    "all_seeds": [
        {
            "run": 0,
            "train_time": 19.2041494846344,
            "test_time": 0.5529522895812988,
            "epochs": 13,
            "rauc": 0.7279618465843689,
            "ap": 0.4564600831500773,
            "f1": 0.4047413793103448,
            "avg_normal_score": 0.0012652046279981732,
            "avg_abnormal_score": 0.00263527175411582
        },
        {
            "run": 1,
            "train_time": 15.333155155181885,
            "test_time": 0.5396292209625244,
            "epochs": 11,
            "rauc": 0.645574254263642,
            "ap": 0.3395578198280207,
            "f1": 0.3452586206896552,
            "avg_normal_score": 0.0031703119166195393,
            "avg_abnormal_score": 0.003756487276405096
        },
        {
            "run": 2,
            "train_time": 17.452176094055176,
            "test_time": 0.5666408538818359,
            "epochs": 13,
            "rauc": 0.6761784455397343,
            "ap": 0.33575495547401124,
            "f1": 0.3706896551724138,
            "avg_normal_score": 0.0011180384317412972,
            "avg_abnormal_score": 0.0014641941525042057
        },
        {
            "run": 3,
            "train_time": 15.984977006912231,
            "test_time": 0.5391345024108887,
            "epochs": 12,
            "rauc": 0.6320026769236866,
            "ap": 0.3194788451319438,
            "f1": 0.35193965517241377,
            "avg_normal_score": 0.0016327067278325558,
            "avg_abnormal_score": 0.0019693486392498016
        },
        {
            "run": 4,
            "train_time": 15.629379272460938,
            "test_time": 0.5574419498443604,
            "epochs": 12,
            "rauc": 0.7043517759356615,
            "ap": 0.4367368702745929,
            "f1": 0.4193965517241379,
            "avg_normal_score": 0.0015624029329046607,
            "avg_abnormal_score": 0.002263292670249939
        },
        {
            "run": 5,
            "train_time": 15.335469245910645,
            "test_time": 0.594860315322876,
            "epochs": 11,
            "rauc": 0.5946835797892616,
            "ap": 0.30814717949738846,
            "f1": 0.3079741379310345,
            "avg_normal_score": 0.0066693914122879505,
            "avg_abnormal_score": 0.007314782124012709
        },
        {
            "run": 6,
            "train_time": 15.845175743103027,
            "test_time": 0.6795682907104492,
            "epochs": 12,
            "rauc": 0.6300247690330714,
            "ap": 0.29904625650570194,
            "f1": 0.3306034482758621,
            "avg_normal_score": 0.00340131763368845,
            "avg_abnormal_score": 0.003940426744520664
        },
        {
            "run": 7,
            "train_time": 14.829131126403809,
            "test_time": 0.6863737106323242,
            "epochs": 11,
            "rauc": 0.6246071592671706,
            "ap": 0.35728967681377566,
            "f1": 0.3609913793103448,
            "avg_normal_score": 0.0029659983702003956,
            "avg_abnormal_score": 0.003658662550151348
        },
        {
            "run": 8,
            "train_time": 17.183151960372925,
            "test_time": 0.5476276874542236,
            "epochs": 13,
            "rauc": 0.6865136436070846,
            "ap": 0.42693741898571896,
            "f1": 0.421551724137931,
            "avg_normal_score": 0.0010360532905906439,
            "avg_abnormal_score": 0.0016382645117118955
        },
        {
            "run": 9,
            "train_time": 16.90261960029602,
            "test_time": 0.56439208984375,
            "epochs": 13,
            "rauc": 0.6851613772912712,
            "ap": 0.36196232573316744,
            "f1": 0.38642241379310344,
            "avg_normal_score": 0.000985215650871396,
            "avg_abnormal_score": 0.0013229302130639553
        }
    ]
}