{
    "model_config": {
        "hidden_dim": 128,
        "depth": 4,
        "num_heads": 4,
        "mlp_ratio": 4.0,
        "dropout_prob": 0.0,
        "num_prototypes": 64,
        "temperature": 0.1,
        "sinkhorn_iters": 3,
        "sinkhorn_eps": 0.05,
        "contrastive_loss_weight": 0.01,
        "use_flash_attn": false,
        "num_features": 9
    },
    "train_config": {
        "data_dir": "Data/",
        "epochs": 250,
        "learning_rate": 0.01,
        "sche_gamma": 0.95,
        "batch_size": 16,
        "random_seed": 42,
        "num_workers": 0,
        "preprocess": "standard",
        "patience": 5,
        "use_amp": false,
        "model_type": "ProtoAD",
        "dataset_name": "glass",
        "base_path": "results/ProtoAD-d128-proto64-eps0.05-contra0.01-temp0.1/glass/1.0",
        "exp_name": "ProtoAD-d128-proto64-eps0.05-contra0.01-temp0.1",
        "runs": 10,
        "train_ratio": 1.0,
        "run": 9
    },
    "mean_metrics": {
        "rauc": 0.7084142394822005,
        "ap": 0.20756669914405323,
        "f1": 0.15555555555555553,
        "entropy_rauc": 0.5010787486515642,
        "entropy_ap": 0.1782026830288569,
        "entropy_f1": 0.15555555555555553,
        "avg_normal_entropy": 3.8506358861923218,
        "avg_abnormal_entropy": 3.8732819080352785,
        "avg_normal_recon": 1.0486964643001557,
        "avg_abnormal_recon": 1.613669788837433
    },
    "std_metrics": {
        "rauc_std": 0.10399388780651715,
        "ap_std": 0.0702522748100619,
        "f1_std": 0.07370277311900887,
        "entropy_rauc_std": 0.188917965426705,
        "entropy_ap_std": 0.18262480769099576,
        "entropy_f1_std": 0.19999999999999998,
        "avg_normal_entropy_std": 0.23286716737322255,
        "avg_abnormal_entropy_std": 0.2318354017018342,
        "avg_normal_recon_std": 0.4696920765884731,
        "avg_abnormal_recon_std": 0.3172668021480333
    },
    "total_time": 74.94647479057312,
    "all_seeds": [
        {
            "run": 0,
            "train_time": 6.168246030807495,
            "test_time": 0.05461549758911133,
            "epochs": 20,
            "rauc": 0.6914778856526429,
            "ap": 0.17339751296578892,
            "f1": 0.1111111111111111,
            "entropy_rauc": 0.23193096008629988,
            "entropy_ap": 0.05507670680408214,
            "entropy_f1": 0.0,
            "avg_normal_entropy": 3.876269578933716,
            "avg_abnormal_entropy": 3.500758171081543,
            "avg_normal_recon": 0.7611894607543945,
            "avg_abnormal_recon": 1.3516976833343506
        },
        {
            "run": 1,
            "train_time": 4.436355829238892,
            "test_time": 0.05802559852600098,
            "epochs": 16,
            "rauc": 0.6472491909385113,
            "ap": 0.2311215264981875,
            "f1": 0.1111111111111111,
            "entropy_rauc": 0.6903991370010787,
            "entropy_ap": 0.16967642243749406,
            "entropy_f1": 0.2222222222222222,
            "avg_normal_entropy": 4.0860185623168945,
            "avg_abnormal_entropy": 4.137916564941406,
            "avg_normal_recon": 0.6036425232887268,
            "avg_abnormal_recon": 1.1523905992507935
        },
        {
            "run": 2,
            "train_time": 4.418174982070923,
            "test_time": 0.056199073791503906,
            "epochs": 16,
            "rauc": 0.5199568500539374,
            "ap": 0.15914123818478676,
            "f1": 0.1111111111111111,
            "entropy_rauc": 0.28478964401294504,
            "entropy_ap": 0.0696469842214523,
            "entropy_f1": 0.0,
            "avg_normal_entropy": 4.158647060394287,
            "avg_abnormal_entropy": 4.156761169433594,
            "avg_normal_recon": 0.8660638332366943,
            "avg_abnormal_recon": 1.3145726919174194
        },
        {
            "run": 3,
            "train_time": 7.528696298599243,
            "test_time": 0.05482125282287598,
            "epochs": 28,
            "rauc": 0.7788565264293419,
            "ap": 0.17344276094276095,
            "f1": 0.1111111111111111,
            "entropy_rauc": 0.4347357065803668,
            "entropy_ap": 0.29780761999114846,
            "entropy_f1": 0.3333333333333333,
            "avg_normal_entropy": 3.8501596450805664,
            "avg_abnormal_entropy": 3.762932300567627,
            "avg_normal_recon": 2.148526430130005,
            "avg_abnormal_recon": 1.7987602949142456
        },
        {
            "run": 4,
            "train_time": 13.762104749679565,
            "test_time": 0.05837202072143555,
            "epochs": 52,
            "rauc": 0.6990291262135921,
            "ap": 0.167120089365553,
            "f1": 0.1111111111111111,
            "entropy_rauc": 0.8058252427184466,
            "entropy_ap": 0.6858946608946608,
            "entropy_f1": 0.6666666666666666,
            "avg_normal_entropy": 3.652392864227295,
            "avg_abnormal_entropy": 3.879696846008301,
            "avg_normal_recon": 0.7831448912620544,
            "avg_abnormal_recon": 1.4026399850845337
        },
        {
            "run": 5,
            "train_time": 3.863605260848999,
            "test_time": 0.05797219276428223,
            "epochs": 14,
            "rauc": 0.6289104638619202,
            "ap": 0.12921011021369444,
            "f1": 0.1111111111111111,
            "entropy_rauc": 0.5264293419633225,
            "entropy_ap": 0.1128482894992098,
            "entropy_f1": 0.1111111111111111,
            "avg_normal_entropy": 4.1530561447143555,
            "avg_abnormal_entropy": 4.156801223754883,
            "avg_normal_recon": 1.1959413290023804,
            "avg_abnormal_recon": 1.5755388736724854
        },
        {
            "run": 6,
            "train_time": 6.695436000823975,
            "test_time": 0.05531501770019531,
            "epochs": 25,
            "rauc": 0.6839266450916937,
            "ap": 0.14074229252319828,
            "f1": 0.1111111111111111,
            "entropy_rauc": 0.6548004314994605,
            "entropy_ap": 0.12961340850728953,
            "entropy_f1": 0.1111111111111111,
            "avg_normal_entropy": 3.9529881477355957,
            "avg_abnormal_entropy": 3.987030506134033,
            "avg_normal_recon": 1.6672331094741821,
            "avg_abnormal_recon": 1.7348312139511108
        },
        {
            "run": 7,
            "train_time": 10.315424919128418,
            "test_time": 0.05224108695983887,
            "epochs": 39,
            "rauc": 0.8565264293419633,
            "ap": 0.34439775910364145,
            "f1": 0.2222222222222222,
            "entropy_rauc": 0.6817691477885652,
            "entropy_ap": 0.13131552928981044,
            "entropy_f1": 0.1111111111111111,
            "avg_normal_entropy": 3.424555540084839,
            "avg_abnormal_entropy": 3.626490354537964,
            "avg_normal_recon": 0.6701812148094177,
            "avg_abnormal_recon": 2.3129773139953613
        },
        {
            "run": 8,
            "train_time": 12.123558521270752,
            "test_time": 0.02724432945251465,
            "epochs": 61,
            "rauc": 0.8932038834951457,
            "ap": 0.3178005266434059,
            "f1": 0.3333333333333333,
            "entropy_rauc": 0.3182308522114347,
            "entropy_ap": 0.06209206227252702,
            "entropy_f1": 0.0,
            "avg_normal_entropy": 3.6142544746398926,
            "avg_abnormal_entropy": 3.5931107997894287,
            "avg_normal_recon": 0.9888134598731995,
            "avg_abnormal_recon": 1.8371806144714355
        },
        {
            "run": 9,
            "train_time": 2.7293808460235596,
            "test_time": 0.025663375854492188,
            "epochs": 26,
            "rauc": 0.6850053937432579,
            "ap": 0.23929317499951536,
            "f1": 0.2222222222222222,
            "entropy_rauc": 0.3818770226537217,
            "entropy_ap": 0.06805514637089446,