{
    "model_config": {
        "num_features": 9,
        "hidden_dim": 64,
        "depth": 4,
        "depth_enc": null,
        "depth_dec": null,
        "num_heads": 4,
        "mlp_ratio": 4.0,
        "dropout_prob": 0.0,
        "temperature": 0.2,
        "imix_loss_weight": 0.01,
        "mixup_alpha": 0.9,
        "projector_dim": null,
        "use_flash_attn": false
    },
    "train_config": {
        "data_dir": "Data/",
        "epochs": 200,
        "learning_rate": 0.01,
        "sche_gamma": 0.95,
        "batch_size": 128,
        "random_seed": 42,
        "num_workers": 0,
        "preprocess": "standard",
        "patience": 10,
        "min_delta": 0,
        "use_amp": false,
        "model_type": "TAEIMIX",
        "dataset_name": "breastw",
        "base_path": "results/TAEIMIX-260125-iw0.01-ap0.9-ep200-ep100_imix/breastw/1.0",
        "exp_name": "TAEIMIX-260125-iw0.01-ap0.9-ep200-ep100_imix",
        "runs": 10,
        "train_ratio": 1.0
    },
    "start_time_kst": "2026-01-25T16:07:40+09:00",
    "mean_metrics": {
        "rauc": 0.9812992909227218,
        "ap": 0.9678955385468591,
        "f1": 0.9470013947001394,
        "avg_normal": -0.09361077348391215,
        "avg_abnormal": -0.06798837085564931
    },
    "std_metrics": {
        "rauc_std": 0.007465559710490475,
        "ap_std": 0.01752907230111613,
        "f1_std": 0.015779230821457102,
        "avg_normal_std": 0.0020469834279512314,
        "avg_abnormal_std": 0.002751963441447853
    },
    "total_time": 185.6345522403717,
    "all_seeds": [
        {
            "rauc": 0.9898413057408874,
            "ap": 0.9893798944215242,
            "f1": 0.9623430962343096,
            "avg_normal": -0.09567226469516754,
            "avg_abnormal": -0.06336541473865509,
            "run": 0,
            "epochs": 128,
            "train_time": 20.75192928314209,
            "test_time": 0.05948781967163086
        },
        {
            "rauc": 0.9794187492932264,
            "ap": 0.9609512566960456,
            "f1": 0.9497907949790795,
            "avg_normal": -0.09622768312692642,
            "avg_abnormal": -0.0717507153749466,
            "run": 1,
            "epochs": 141,
            "train_time": 21.71937584877014,
            "test_time": 0.06091904640197754
        },
        {
            "rauc": 0.9883900637038713,
            "ap": 0.9838888533303234,
            "f1": 0.9623430962343096,
            "avg_normal": -0.09200555086135864,
            "avg_abnormal": -0.06590334326028824,
            "run": 2,
            "epochs": 135,
            "train_time": 21.382431030273438,
            "test_time": 0.058804988861083984
        },
        {
            "rauc": 0.9717290512269592,
            "ap": 0.9489822631902143,
            "f1": 0.9246861924686193,
            "avg_normal": -0.09291204065084457,
            "avg_abnormal": -0.06735166162252426,
            "run": 3,
            "epochs": 123,
            "train_time": 19.49994134902954,
            "test_time": 0.05690360069274902
        },
        {
            "rauc": 0.9713521052433186,
            "ap": 0.9384615994514464,
            "f1": 0.9330543933054394,
            "avg_normal": -0.09260761737823486,
            "avg_abnormal": -0.06470982730388641,
            "run": 4,
            "epochs": 158,
            "train_time": 23.78112483024597,
            "test_time": 0.06143808364868164
        },
        {
            "rauc": 0.9809076859286064,
            "ap": 0.9648727663354205,
            "f1": 0.9246861924686193,
            "avg_normal": -0.09558701515197754,
            "avg_abnormal": -0.06834803521633148,
            "run": 5,
            "epochs": 128,
            "train_time": 18.752987146377563,
            "test_time": 0.058943986892700195
        },
        {
            "rauc": 0.9808322967318783,
            "ap": 0.9733643185031422,
            "f1": 0.9497907949790795,
            "avg_normal": -0.08957146108150482,
            "avg_abnormal": -0.06891927868127823,
            "run": 6,
            "epochs": 116,
            "train_time": 18.374565362930298,
            "test_time": 0.052377939224243164
        },
        {
            "rauc": 0.9756115948584567,
            "ap": 0.9579920899471264,
            "f1": 0.9456066945606695,
            "avg_normal": -0.09293657541275024,
            "avg_abnormal": -0.07021630555391312,
            "run": 7,
            "epochs": 139,
            "train_time": 20.86138105392456,
            "test_time": 0.05503392219543457
        },
        {
            "rauc": 0.9936107655772928,
            "ap": 0.993166805046488,
            "f1": 0.9707112970711297,
            "avg_normal": -0.0949767529964447,
            "avg_abnormal": -0.07133075594902039,
            "run": 8,
            "epochs": 114,
            "train_time": 18.157381057739258,
            "test_time": 0.04911947250366211
        }
    ]
}