{
    "model_config": {
        "num_heads": 4,
        "num_latents": 5,
        "num_memories": 10,
        "depth": 4,
        "hidden_dim": 64,
        "mlp_ratio": 4.0,
        "dropout_prob": 0.0,
        "temperature": 0.1,
        "sim_type": "cos",
        "use_oe": true,
        "oe_lambda": 0.5,
        "oe_shuffle_ratio": 0.5,
        "oe_lambda_memory": 0.0,
        "is_weight_sharing": false,
        "use_pos_enc_as_query": false,
        "use_mask_token": false,
        "num_features": 33
    },
    "train_config": {
        "data_dir": "Data/",
        "epochs": 250,
        "learning_rate": 0.01,
        "sche_gamma": 0.95,
        "batch_size": 512,
        "random_seed": 42,
        "num_workers": 0,
        "preprocess": "standard",
        "model_type": "OELATTE",
        "dataset_name": "ionosphere",
        "train_ratio": 1.0,
        "base_path": "results/OELATTE-d64-oe_lam0.5-oe_rat0.5/ionosphere/1.0",
        "not_use_power_of_two": false,
        "num_memories_not_use_power_of_two": false,
        "num_memories_twice": false,
        "contamination_ratio": null,
        "latent_ratio": null,
        "memory_ratio": null,
        "run": 9
    },
    "mean_metrics": {
        "AUC-ROC": 0.9264362972327573,
        "AUC-PR": 0.9424726423423678,
        "f1": 0.8587301587301587
    },
    "total_time": 91.48687076568604,
    "all_seeds": [
        {
            "run": 0,
            "AUC-ROC": 0.9808259587020649,
            "AUC-PR": 0.9852744814452828,
            "f1": 0.9365079365079365,
            "train_time": 15.031433820724487,
            "test_time": 0.019024133682250977,
            "epochs": 250
        },
        {
            "run": 1,
            "AUC-ROC": 0.749613709790701,
            "AUC-PR": 0.828263169628235,
            "f1": 0.6825396825396826,
            "train_time": 0.6406726837158203,
            "test_time": 0.021536588668823242,
            "epochs": 8
        },
        {
            "run": 2,
            "AUC-ROC": 0.9527321252984969,
            "AUC-PR": 0.9631124940536896,
            "f1": 0.8968253968253969,
            "train_time": 14.426124811172485,
            "test_time": 0.018414735794067383,
            "epochs": 250
        },
        {
            "run": 3,
            "AUC-ROC": 0.9450063211125158,
            "AUC-PR": 0.9524999202100132,
            "f1": 0.8650793650793651,
            "train_time": 14.451444387435913,
            "test_time": 0.019627094268798828,
            "epochs": 250
        },
        {
            "run": 4,
            "AUC-ROC": 0.9669897457508076,
            "AUC-PR": 0.9739211707629131,
            "f1": 0.8968253968253969,
            "train_time": 3.174724817276001,
            "test_time": 0.02057814598083496,
            "epochs": 53
        },
        {
            "run": 5,
            "AUC-ROC": 0.8886079505548532,
            "AUC-PR": 0.9008844362506978,
            "f1": 0.8253968253968254,
            "train_time": 0.4226958751678467,
            "test_time": 0.01966547966003418,
            "epochs": 5
        },
        {
            "run": 6,
            "AUC-ROC": 0.9454277286135693,
            "AUC-PR": 0.9555688797596675,
            "f1": 0.8650793650793651,
            "train_time": 14.399144649505615,
            "test_time": 0.018962621688842773,
            "epochs": 250
        },
        {
            "run": 7,
            "AUC-ROC": 0.9530130636325327,
            "AUC-PR": 0.9606780139338844,
            "f1": 0.8888888888888888,
            "train_time": 2.4400389194488525,
            "test_time": 0.02035045623779297,
            "epochs": 40
        },
        {
            "run": 8,
            "AUC-ROC": 0.9015311139204943,
            "AUC-PR": 0.9194744449908785,
            "f1": 0.8095238095238095,
            "train_time": 10.106446027755737,
            "test_time": 0.01927947998046875,
            "epochs": 179
        },
        {
            "run": 9,
            "AUC-ROC": 0.9806152549515381,
            "AUC-PR": 0.9850494123884165,
            "f1": 0.9206349206349206,
            "train_time": 14.49125075340271,
            "test_time": 0.019980669021606445,
            "epochs": 250
        }
    ]
}