{
    "model_config": {
        "num_heads": 4,
        "num_latents": 5,
        "num_memories": 377,
        "depth": 4,
        "hidden_dim": 16,
        "mlp_ratio": 4.0,
        "dropout_prob": 0.0,
        "temperature": 0.1,
        "sim_type": "cos",
        "use_oe": true,
        "oe_lambda": 1.0,
        "oe_shuffle_ratio": 0.1,
        "oe_lambda_memory": 1.0,
        "is_weight_sharing": false,
        "use_pos_enc_as_query": false,
        "use_mask_token": false,
        "num_features": 29
    },
    "train_config": {
        "data_dir": "Data/",
        "epochs": 250,
        "learning_rate": 0.001,
        "sche_gamma": 0.98,
        "batch_size": 2048,
        "random_seed": 42,
        "num_workers": 0,
        "preprocess": "standard",
        "patience": 50,
        "min_delta": 1e-05,
        "model_type": "OELATTE",
        "dataset_name": "fraud",
        "train_ratio": 1.0,
        "base_path": "results/OELATTE-d16-oe_lam1.0-oe_rat0.1-oe_lam_mem1.0/fraud/1.0",
        "not_use_power_of_two": false,
        "num_memories_not_use_power_of_two": false,
        "num_memories_twice": false,
        "contamination_ratio": null,
        "latent_ratio": null,
        "memory_ratio": null,
        "run": 9
    },
    "mean_metrics": {
        "AUC-ROC": 0.9557820712371223,
        "AUC-PR": 0.34977402517787365,
        "f1": 0.4142276422764228
    },
    "total_time": 3144.5455758571625,
    "all_seeds": [
        {
            "run": 0,
            "AUC-ROC": 0.9545646965354135,
            "AUC-PR": 0.3384504717184274,
            "f1": 0.4105691056910569,
            "train_time": 309.62091183662415,
            "test_time": 2.9303066730499268,
            "epochs": 59
        },
        {
            "run": 1,
            "AUC-ROC": 0.956470439910156,
            "AUC-PR": 0.36855206577450916,
            "f1": 0.4268292682926829,
            "train_time": 309.6413679122925,
            "test_time": 2.66459584236145,
            "epochs": 59
        },
        {
            "run": 2,
            "AUC-ROC": 0.9533814116366801,
            "AUC-PR": 0.3473870743144553,
            "f1": 0.4024390243902439,
            "train_time": 313.4251432418823,
            "test_time": 2.4828696250915527,
            "epochs": 59
        },
        {
            "run": 3,
            "AUC-ROC": 0.9546800210964165,
            "AUC-PR": 0.3439773210349653,
            "f1": 0.42276422764227645,
            "train_time": 308.55991291999817,
            "test_time": 2.4894211292266846,
            "epochs": 59
        },
        {
            "run": 4,
            "AUC-ROC": 0.9566970356583657,
            "AUC-PR": 0.35321698819148584,
            "f1": 0.4268292682926829,
            "train_time": 310.495970249176,
            "test_time": 2.6669607162475586,
            "epochs": 59
        },
        {
            "run": 5,
            "AUC-ROC": 0.958522533670025,
            "AUC-PR": 0.3340317011969232,
            "f1": 0.3983739837398374,
            "train_time": 310.382807970047,
            "test_time": 3.015085458755493,
            "epochs": 59
        },
        {
            "run": 6,
            "AUC-ROC": 0.9569254186084257,
            "AUC-PR": 0.3799422258025083,
            "f1": 0.42276422764227645,
            "train_time": 309.33488941192627,
            "test_time": 2.6533026695251465,
            "epochs": 59
        },
        {
            "run": 7,
            "AUC-ROC": 0.9553061922855332,
            "AUC-PR": 0.3383588307514783,
            "f1": 0.4065040650406504,
            "train_time": 312.9286506175995,
            "test_time": 2.7205212116241455,
            "epochs": 59
        },
        {
            "run": 8,
            "AUC-ROC": 0.952922100761125,
            "AUC-PR": 0.33758256305218975,
            "f1": 0.4065040650406504,
            "train_time": 310.00222277641296,
            "test_time": 2.7776968479156494,
            "epochs": 59
        },
        {
            "run": 9,
            "AUC-ROC": 0.9583508622090822,
            "AUC-PR": 0.356241009941794,
            "f1": 0.4186991869918699,
            "train_time": 314.30224347114563,
            "test_time": 2.7901437282562256,
            "epochs": 59
        }
    ]
}