{
    "model_config": {
        "hidden_dim": 64,
        "depth": 4,
        "num_heads": 4,
        "mlp_ratio": 4.0,
        "dropout_prob": 0.0,
        "num_prototypes": 5,
        "temperature": 0.1,
        "sinkhorn_iters": 3,
        "sinkhorn_eps": 0.05,
        "contrastive_loss_weight": 1.0,
        "use_flash_attn": false,
        "num_features": 36
    },
    "train_config": {
        "data_dir": "Data/",
        "epochs": 250,
        "learning_rate": 0.01,
        "sche_gamma": 0.95,
        "batch_size": 512,
        "random_seed": 42,
        "num_workers": 0,
        "preprocess": "standard",
        "patience": 20,
        "use_amp": false,
        "model_type": "ProtoAD",
        "dataset_name": "satellite",
        "base_path": "results/ProtoAD-d64-proto5-eps0.05-contra1.0-temp0.1/satellite/1.0",
        "exp_name": "ProtoAD-d64-proto5-eps0.05-contra1.0-temp0.1",
        "runs": 10,
        "train_ratio": 1.0,
        "run": 9
    },
    "mean_metrics": {
        "rauc": 0.8413390225933203,
        "ap": 0.8629849725477117,
        "f1": 0.749607072691552,
        "entropy_rauc": 0.5101140493838184,
        "entropy_ap": 0.5111821003193241,
        "entropy_f1": 0.48629666011787814,
        "avg_normal_entropy": 0.062300186790525916,
        "avg_abnormal_entropy": 0.0604768019169569,
        "avg_normal_recon": 0.21349252313375472,
        "avg_abnormal_recon": 2.3650021314620973
    },
    "std_metrics": {
        "rauc_std": 0.02044124357065055,
        "ap_std": 0.011782617459405776,
        "f1_std": 0.02028053108143643,
        "entropy_rauc_std": 0.09883086618865336,
        "entropy_ap_std": 0.07301119348094184,
        "entropy_f1_std": 0.0655830615675632,
        "avg_normal_entropy_std": 0.07101185367178525,
        "avg_abnormal_entropy_std": 0.03168154956255658,
        "avg_normal_recon_std": 0.03746340335833031,
        "avg_abnormal_recon_std": 0.249267864586352
    },
    "total_time": 357.05549907684326,
    "all_seeds": [
        {
            "run": 0,
            "train_time": 42.18950080871582,
            "test_time": 0.0988309383392334,
            "epochs": 185,
            "rauc": 0.8462745579567781,
            "ap": 0.8675310142483111,
            "f1": 0.7608055009823183,
            "entropy_rauc": 0.4252426772637971,
            "entropy_ap": 0.5021673870775349,
            "entropy_f1": 0.4204322200392927,
            "avg_normal_entropy": 0.04074561223387718,
            "avg_abnormal_entropy": 0.06574691087007523,
            "avg_normal_recon": 0.26078668236732483,
            "avg_abnormal_recon": 2.252697467803955
        },
        {
            "run": 1,
            "train_time": 31.9603853225708,
            "test_time": 0.06183791160583496,
            "epochs": 172,
            "rauc": 0.8289165475977853,
            "ap": 0.8570589386258709,
            "f1": 0.731827111984283,
            "entropy_rauc": 0.5799344749062332,
            "entropy_ap": 0.5949165501236777,
            "entropy_f1": 0.5289783889980354,
            "avg_normal_entropy": 0.03341648355126381,
            "avg_abnormal_entropy": 0.07283768802881241,
            "avg_normal_recon": 0.16955451667308807,
            "avg_abnormal_recon": 2.451448440551758
        },
        {
            "run": 2,
            "train_time": 35.615004777908325,
            "test_time": 0.09485459327697754,
            "epochs": 194,
            "rauc": 0.8601636452938024,
            "ap": 0.8742823909155941,
            "f1": 0.7632612966601179,
            "entropy_rauc": 0.5267351312734416,
            "entropy_ap": 0.5511218495920074,
            "entropy_f1": 0.48379174852652257,
            "avg_normal_entropy": 0.019875863566994667,
            "avg_abnormal_entropy": 0.03542674705386162,
            "avg_normal_recon": 0.20326222479343414,
            "avg_abnormal_recon": 2.284562826156616
        },
        {
            "run": 3,
            "train_time": 35.79313802719116,
            "test_time": 0.09930133819580078,
            "epochs": 160,
            "rauc": 0.8659708206822647,
            "ap": 0.8748301575804167,
            "f1": 0.7598231827111984,
            "entropy_rauc": 0.4969949991069834,
            "entropy_ap": 0.4895191138672371,
            "entropy_f1": 0.47838899803536344,
            "avg_normal_entropy": 0.028807716444134712,
            "avg_abnormal_entropy": 0.0331871397793293,
            "avg_normal_recon": 0.22894078493118286,
            "avg_abnormal_recon": 2.425189256668091
        },
        {
            "run": 4,
            "train_time": 46.2103545665741,
            "test_time": 0.09753179550170898,
            "epochs": 205,
            "rauc": 0.8612799160564386,
            "ap": 0.8738596467843396,
            "f1": 0.7814341846758349,
            "entropy_rauc": 0.49015270584032866,
            "entropy_ap": 0.4976897604772005,
            "entropy_f1": 0.46463654223968565,
            "avg_normal_entropy": 0.054292891174554825,
            "avg_abnormal_entropy": 0.0659317746758461,
            "avg_normal_recon": 0.20512491464614868,
            "avg_abnormal_recon": 2.747462749481201
        },
        {
            "run": 5,
            "train_time": 50.875547647476196,
            "test_time": 0.0957944393157959,
            "epochs": 228,
            "rauc": 0.8374845954634755,
            "ap": 0.8580895923616768,
            "f1": 0.7337917485265226,
            "entropy_rauc": 0.6339479148062155,
            "entropy_ap": 0.5900721325392019,
            "entropy_f1": 0.5677799607072691,
            "avg_normal_entropy": 0.07642760127782822,
            "avg_abnormal_entropy": 0.11191227287054062,
            "avg_normal_recon": 0.2064984142780304,
            "avg_abnormal_recon": 2.377155303955078
        },
        {
            "run": 6,
            "train_time": 48.50547432899475,
            "test_time": 0.09633708000183105,
            "epochs": 217,
            "rauc": 0.822200616181461,
            "ap": 0.8509525565761625,
            "f1": 0.7323182711198428,
            "entropy_rauc": 0.5744666458296124,
            "entropy_ap": 0.5489497533981887,
            "entropy_f1": 0.5574656188605108,
            "avg_normal_entropy": 0.04885093867778778,
            "avg_abnormal_entropy": 0.059769295156002045,
            "avg_normal_recon": 0.17202961444854736,
            "avg_abnormal_recon": 1.9530909061431885
        },
        {
            "run": 7,
            "train_time": 19.5636203289032,
            "test_time": 0.05686211585998535,
            "epochs": 118,
            "rauc": 0.8180889444543669,
            "ap": 0.8552030801644576,
            "f1": 0.7401768172888016,
            "entropy_rauc": 0.65266431505626,
            "entropy_ap": 0.5708790977838397,
            "entropy_f1": 0.5726915520628684,
            "avg_normal_entropy": 0.02529601752758026,
            "avg_abnormal_entropy": 0.036398693919181824,
            "avg_normal_recon": 0.1641455590724945,
            "avg_abnormal_recon": 1.965672254562378
        },
        {
            "run": 8,
            "train_time": 7.39986777305603,
            "test_time": 0.09857892990112305,
            "epochs": 40,
            "rauc": 0.8654241828898017,
            "ap": 0.8775359348744591,
            "f1": 0.7755402750491159,
            "entropy_rauc": 0.35086667262011073,
            "entropy_ap": 0.3865291792952177,
            "entropy_f1": 0.3831041257367387,
            "avg_normal_entropy": 0.2697616219520569,
            "avg_abnormal_entropy": 0.11289332062005997,
            "avg_normal_recon": 0.27792149782180786,
            "avg_abnormal_recon": 2.5310096740722656
        },
        {
            "run": 9,
            "train_time": 36.01801586151123,
            "test_time": 0.06701064109802246,
            "epochs": 160,
            "rauc": 0.807586399357028,
            "ap": 0.840506413345828,
            "f1": 0.7170923379174853,