{
    "model_config": {
        "num_features": 30,
        "hidden_dim": 64,
        "depth": 4,
        "depth_enc": null,
        "depth_dec": null,
        "num_heads": 4,
        "mlp_ratio": 4.0,
        "dropout_prob": 0.0,
        "temperature": 0.1,
        "byol_loss_weight": 0.01,
        "dacl_alpha": 0.9,
        "projector_dim": null,
        "byol_momentum": 0.99,
        "use_flash_attn": false
    },
    "train_config": {
        "data_dir": "Data/",
        "epochs": 200,
        "learning_rate": 0.01,
        "sche_gamma": 0.95,
        "batch_size": 512,
        "random_seed": 42,
        "num_workers": 0,
        "preprocess": "standard",
        "patience": 10,
        "min_delta": 0,
        "use_amp": false,
        "model_type": "TAEDACL",
        "dataset_name": "wbc",
        "base_path": "results/TAEDACL-260125-bw0.01-ap0.9-ep200-ep90_combined/wbc/1.0",
        "exp_name": "TAEDACL-260125-bw0.01-ap0.9-ep200-ep90_combined",
        "runs": 10,
        "train_ratio": 1.0
    },
    "start_time_kst": "2026-01-25T15:58:35+09:00",
    "mean_metrics": {
        "rauc": 0.9532322426177174,
        "ap": 0.7757994289118763,
        "f1": 0.6666666666666667,
        "avg_normal": 0.2574798032641411,
        "avg_abnormal": 5.506442594528198
    },
    "std_metrics": {
        "rauc_std": 0.012750939991426487,
        "ap_std": 0.049951249444439655,
        "f1_std": 0.05634361698190111,
        "avg_normal_std": 0.0818067336179559,
        "avg_abnormal_std": 0.7053129069758715
    },
    "total_time": 208.68656587600708,
    "all_seeds": [
        {
            "rauc": 0.9494546421920723,
            "ap": 0.7778147242530609,
            "f1": 0.7142857142857143,
            "avg_normal": 0.31781506538391113,
            "avg_abnormal": 5.755685806274414,
            "run": 0,
            "epochs": 200,
            "train_time": 19.669395208358765,
            "test_time": 0.025075197219848633
        },
        {
            "rauc": 0.9438680500133014,
            "ap": 0.7348944770427017,
            "f1": 0.6190476190476191,
            "avg_normal": 0.3547968566417694,
            "avg_abnormal": 6.175526142120361,
            "run": 1,
            "epochs": 200,
            "train_time": 21.227200746536255,
            "test_time": 0.033010005950927734
        },
        {
            "rauc": 0.9507847831870178,
            "ap": 0.7829417098236815,
            "f1": 0.7142857142857143,
            "avg_normal": 0.29816389083862305,
            "avg_abnormal": 7.012574195861816,
            "run": 2,
            "epochs": 200,
            "train_time": 17.43734574317932,
            "test_time": 0.03050684928894043
        },
        {
            "rauc": 0.9308326682628358,
            "ap": 0.6736787921051421,
            "f1": 0.5714285714285714,
            "avg_normal": 0.3945392668247223,
            "avg_abnormal": 5.5551276206970215,
            "run": 3,
            "epochs": 200,
            "train_time": 21.712514877319336,
            "test_time": 0.028737306594848633
        },
        {
            "rauc": 0.9651503059324288,
            "ap": 0.8023293906520892,
            "f1": 0.6666666666666666,
            "avg_normal": 0.1671275943517685,
            "avg_abnormal": 5.676987648010254,
            "run": 4,
            "epochs": 200,
            "train_time": 19.04154896736145,
            "test_time": 0.030361175537109375
        },
        {
            "rauc": 0.9494546421920724,
            "ap": 0.751348649471582,
            "f1": 0.6190476190476191,
            "avg_normal": 0.21980319917201996,
            "avg_abnormal": 5.164188385009766,
            "run": 5,
            "epochs": 200,
            "train_time": 20.871344804763794,
            "test_time": 0.03155374526977539
        },
        {
            "rauc": 0.9646182495344506,
            "ap": 0.8083453118636188,
            "f1": 0.7142857142857143,
            "avg_normal": 0.17563144862651825,
            "avg_abnormal": 5.1388726234436035,
            "run": 6,
            "epochs": 200,
            "train_time": 21.685850143432617,
            "test_time": 0.03402447700500488
        },
        {
            "rauc": 0.9595637137536579,
            "ap": 0.823508271895369,
            "f1": 0.6666666666666666,
            "avg_normal": 0.2017575055360794,
            "avg_abnormal": 4.801869869232178,
            "run": 7,
            "epochs": 200,
            "train_time": 21.719614028930664,
            "test_time": 0.033672332763671875
        },
        {
            "rauc": 0.9417398244213887,
            "ap": 0.7431309163164639,
            "f1": 0.6190476190476191,
            "avg_normal": 0.2985718250274658,
            "avg_abnormal": 5.466571807861328,
            "run": 8,
            "epochs": 200,
            "train_time": 21.58792996406555,
            "test_time": 0.02963542938232422
        },
        {
            "rauc": 0.9768555466879489,
            "ap": 0.8600020456950548,
            "f1": 0.7619047619047619,
            "avg_normal": 0.14659138023853302,
            "avg_abnormal": 4.31702184677124,
            "run": 9,
            "epochs": 200,
            "train_time": 21.308836936950684,
            "test_time": 0.029546022415161133
        }
    ]
}