{
    "model_config": {
        "num_features": 9,
        "hidden_dim": 64,
        "depth": 4,
        "num_heads": 4,
        "mlp_ratio": 4.0,
        "dropout_prob": 0.0,
        "temperature": 0.2,
        "contrastive_loss_weight": 0.01,
        "use_flash_attn": false
    },
    "train_config": {
        "data_dir": "Data/",
        "epochs": 200,
        "learning_rate": 0.01,
        "sche_gamma": 0.95,
        "batch_size": 512,
        "random_seed": 42,
        "num_workers": 0,
        "preprocess": "standard",
        "patience": 10,
        "min_delta": 0,
        "use_amp": false,
        "model_type": "TAECL",
        "dataset_name": "glass",
        "base_path": "results/TAECL-temp0.2-contra0.01-combined/glass/1.0",
        "exp_name": "TAECL-temp0.2-contra0.01-combined",
        "runs": 10,
        "train_ratio": 1.0
    },
    "mean_metrics": {
        "rauc": 0.8518878101402374,
        "ap": 0.3308345544710409,
        "f1": 0.2777777777777778,
        "avg_normal": 0.44565263837575914,
        "avg_abnormal": 1.3929334104061126
    },
    "std_metrics": {
        "rauc_std": 0.050494310434549716,
        "ap_std": 0.07614268368019199,
        "f1_std": 0.12422599874998831,
        "avg_normal_std": 0.3692219446784583,
        "avg_abnormal_std": 0.51806908630817
    },
    "total_time": 94.1012225151062,
    "all_seeds": [
        {
            "rauc": 0.8425026968716289,
            "ap": 0.2528326192434379,
            "f1": 0.1111111111111111,
            "avg_normal": 0.3112795650959015,
            "avg_abnormal": 0.8393027782440186,
            "run": 0,
            "epochs": 200,
            "train_time": 9.731537103652954,
            "test_time": 0.039827585220336914
        },
        {
            "rauc": 0.9104638619201726,
            "ap": 0.44166971372853725,
            "f1": 0.4444444444444444,
            "avg_normal": 0.10999582707881927,
            "avg_abnormal": 1.1234787702560425,
            "run": 1,
            "epochs": 200,
            "train_time": 9.179776668548584,
            "test_time": 0.04285120964050293
        },
        {
            "rauc": 0.8166127292340885,
            "ap": 0.4359038715421694,
            "f1": 0.3333333333333333,
            "avg_normal": 0.017565250396728516,
            "avg_abnormal": 0.6510785222053528,
            "run": 2,
            "epochs": 200,
            "train_time": 9.018913507461548,
            "test_time": 0.04351639747619629
        },
        {
            "rauc": 0.8694714131607335,
            "ap": 0.2579551078691086,
            "f1": 0.1111111111111111,
            "avg_normal": 1.3516652584075928,
            "avg_abnormal": 1.5976388454437256,
            "run": 3,
            "epochs": 200,
            "train_time": 9.181758165359497,
            "test_time": 0.04001784324645996
        },
        {
            "rauc": 0.9212513484358145,
            "ap": 0.4298749181102123,
            "f1": 0.3333333333333333,
            "avg_normal": 0.26582133769989014,
            "avg_abnormal": 2.2973172664642334,
            "run": 4,
            "epochs": 200,
            "train_time": 9.171616077423096,
            "test_time": 0.04138994216918945
        },
        {
            "rauc": 0.8317152103559871,
            "ap": 0.2779114919201126,
            "f1": 0.3333333333333333,
            "avg_normal": 0.25481706857681274,
            "avg_abnormal": 1.134406566619873,
            "run": 5,
            "epochs": 200,
            "train_time": 9.035502195358276,
            "test_time": 0.04342985153198242
        },
        {
            "rauc": 0.9039913700107876,
            "ap": 0.3556615127887057,
            "f1": 0.4444444444444444,
            "avg_normal": 0.6573523283004761,
            "avg_abnormal": 2.1742024421691895,
            "run": 6,
            "epochs": 200,
            "train_time": 9.229240894317627,
            "test_time": 0.04341888427734375
        },
        {
            "rauc": 0.8500539374325782,
            "ap": 0.3205108511560124,
            "f1": 0.3333333333333333,
            "avg_normal": 0.4609336853027344,
            "avg_abnormal": 1.75007164478302,
            "run": 7,
            "epochs": 200,
            "train_time": 9.10389494895935,
            "test_time": 0.04078197479248047
        },
        {
            "rauc": 0.8306364617044228,
            "ap": 0.23614261095573075,
            "f1": 0.1111111111111111,
            "avg_normal": 0.7430930137634277,
            "avg_abnormal": 1.178247094154358,
            "run": 8,
            "epochs": 200,
            "train_time": 9.223350763320923,
            "test_time": 0.04129838943481445
        },
        {
            "rauc": 0.7421790722761596,
            "ap": 0.29988284739638205,
            "f1": 0.2222222222222222,
            "avg_normal": 0.28400304913520813,
            "avg_abnormal": 1.1835901737213135,
            "run": 9,
            "epochs": 200,
            "train_time": 9.215981483459473,
            "test_time": 0.03917193412780762
        }
    ]
}