{
    "model_config": {
        "num_heads": 4,
        "num_latents": 3,
        "num_memories": 10,
        "depth": 4,
        "hidden_dim": 16,
        "mlp_ratio": 4.0,
        "dropout_prob": 0.0,
        "temperature": 0.1,
        "sim_type": "cos",
        "use_oe": true,
        "oe_lambda": 1.0,
        "oe_shuffle_ratio": 0.3,
        "oe_lambda_memory": 0.0,
        "is_weight_sharing": false,
        "use_pos_enc_as_query": false,
        "use_mask_token": false,
        "num_features": 9
    },
    "train_config": {
        "data_dir": "Data/",
        "epochs": 250,
        "learning_rate": 0.01,
        "sche_gamma": 0.95,
        "batch_size": 512,
        "random_seed": 42,
        "num_workers": 0,
        "preprocess": "standard",
        "model_type": "OELATTE",
        "dataset_name": "glass",
        "train_ratio": 1.0,
        "base_path": "results/OELATTE-d16-oe_lam1.0-oe_rat0.3/glass/1.0",
        "not_use_power_of_two": false,
        "num_memories_not_use_power_of_two": false,
        "num_memories_twice": false,
        "contamination_ratio": null,
        "latent_ratio": null,
        "memory_ratio": null,
        "run": 9
    },
    "mean_metrics": {
        "AUC-ROC": 0.8076591154261058,
        "AUC-PR": 0.27326402438329533,
        "f1": 0.22222222222222224
    },
    "total_time": 143.47435808181763,
    "all_seeds": [
        {
            "run": 0,
            "AUC-ROC": 0.7508090614886732,
            "AUC-PR": 0.22135903296335044,
            "f1": 0.1111111111111111,
            "train_time": 15.121481895446777,
            "test_time": 0.019530057907104492,
            "epochs": 250
        },
        {
            "run": 1,
            "AUC-ROC": 0.90722761596548,
            "AUC-PR": 0.4346434296585536,
            "f1": 0.4444444444444444,
            "train_time": 14.538720607757568,
            "test_time": 0.019007205963134766,
            "epochs": 250
        },
        {
            "run": 2,
            "AUC-ROC": 0.8349514563106796,
            "AUC-PR": 0.3416111042669115,
            "f1": 0.2222222222222222,
            "train_time": 14.516830921173096,
            "test_time": 0.017904281616210938,
            "epochs": 250
        },
        {
            "run": 3,
            "AUC-ROC": 0.7303128371089536,
            "AUC-PR": 0.17304759593950314,
            "f1": 0.2222222222222222,
            "train_time": 13.981765270233154,
            "test_time": 0.017590761184692383,
            "epochs": 250
        },
        {
            "run": 4,
            "AUC-ROC": 0.773462783171521,
            "AUC-PR": 0.21047484650425827,
            "f1": 0.1111111111111111,
            "train_time": 13.855181217193604,
            "test_time": 0.017523527145385742,
            "epochs": 250
        },
        {
            "run": 5,
            "AUC-ROC": 0.8166127292340885,
            "AUC-PR": 0.23237807972743135,
            "f1": 0.1111111111111111,
            "train_time": 13.919424057006836,
            "test_time": 0.017597436904907227,
            "epochs": 250
        },
        {
            "run": 6,
            "AUC-ROC": 0.8457389428263213,
            "AUC-PR": 0.2580239522401064,
            "f1": 0.2222222222222222,
            "train_time": 13.932246685028076,
            "test_time": 0.01752305030822754,
            "epochs": 250
        },
        {
            "run": 7,
            "AUC-ROC": 0.6774541531823085,
            "AUC-PR": 0.1555561028337798,
            "f1": 0.1111111111111111,
            "train_time": 14.029319047927856,
            "test_time": 0.017673969268798828,
            "epochs": 250
        },
        {
            "run": 8,
            "AUC-ROC": 0.9169363538295576,
            "AUC-PR": 0.37400593233926566,
            "f1": 0.3333333333333333,
            "train_time": 13.82943344116211,
            "test_time": 0.017647266387939453,
            "epochs": 250
        },
        {
            "run": 9,
            "AUC-ROC": 0.8230852211434735,
            "AUC-PR": 0.331540167359793,
            "f1": 0.3333333333333333,
            "train_time": 13.93768048286438,
            "test_time": 0.017216205596923828,
            "epochs": 250
        }
    ]
}