{
    "model_config": {
        "hidden_dim": 64,
        "depth": 4,
        "num_heads": 4,
        "mlp_ratio": 4.0,
        "dropout_prob": 0.0,
        "num_prototypes": 32,
        "temperature": 0.1,
        "sinkhorn_iters": 3,
        "sinkhorn_eps": 0.05,
        "contrastive_loss_weight": 0.1,
        "use_flash_attn": false,
        "num_features": 36
    },
    "train_config": {
        "data_dir": "Data/",
        "epochs": 250,
        "learning_rate": 0.01,
        "sche_gamma": 0.95,
        "batch_size": 512,
        "random_seed": 42,
        "num_workers": 0,
        "preprocess": "standard",
        "patience": 20,
        "use_amp": false,
        "model_type": "ProtoAD",
        "dataset_name": "satellite",
        "base_path": "results/ProtoAD-d64-proto32-eps0.05-contra0.1-temp0.1/satellite/1.0",
        "exp_name": "ProtoAD-d64-proto32-eps0.05-contra0.1-temp0.1",
        "runs": 10,
        "train_ratio": 1.0,
        "run": 9
    },
    "mean_metrics": {
        "rauc": 0.8179237140560816,
        "ap": 0.8486996664383002,
        "f1": 0.7417976424361494,
        "entropy_rauc": 0.5496566462761208,
        "entropy_ap": 0.5458236675491763,
        "entropy_f1": 0.5145383104125736,
        "avg_normal_entropy": 0.5257103830575943,
        "avg_abnormal_entropy": 0.6136302143335343,
        "avg_normal_recon": 0.14782384037971497,
        "avg_abnormal_recon": 1.962249517440796
    },
    "std_metrics": {
        "rauc_std": 0.009745623208349681,
        "ap_std": 0.008119173146286568,
        "f1_std": 0.0075932948199759365,
        "entropy_rauc_std": 0.0611276915021053,
        "entropy_ap_std": 0.07152178222569383,
        "entropy_f1_std": 0.04388676593576369,
        "avg_normal_entropy_std": 0.05797447124028898,
        "avg_abnormal_entropy_std": 0.12611401016859505,
        "avg_normal_recon_std": 0.0055290413628882665,
        "avg_abnormal_recon_std": 0.08679444969079458
    },
    "total_time": 375.198353767395,
    "all_seeds": [
        {
            "run": 0,
            "train_time": 37.06410574913025,
            "test_time": 0.06549525260925293,
            "epochs": 170,
            "rauc": 0.8190761743168423,
            "ap": 0.8539972151321624,
            "f1": 0.7480353634577603,
            "entropy_rauc": 0.5011676192177175,
            "entropy_ap": 0.47033428143188083,
            "entropy_f1": 0.48722986247544203,
            "avg_normal_entropy": 0.534877598285675,
            "avg_abnormal_entropy": 0.5317678451538086,
            "avg_normal_recon": 0.15295131504535675,
            "avg_abnormal_recon": 1.9650073051452637
        },
        {
            "run": 1,
            "train_time": 25.264960050582886,
            "test_time": 0.05605316162109375,
            "epochs": 176,
            "rauc": 0.8136698517592427,
            "ap": 0.8417061924442739,
            "f1": 0.730844793713163,
            "entropy_rauc": 0.5833220217896053,
            "entropy_ap": 0.5425747054538663,
            "entropy_f1": 0.5461689587426326,
            "avg_normal_entropy": 0.5509179830551147,
            "avg_abnormal_entropy": 0.6466200351715088,
            "avg_normal_recon": 0.14351843297481537,
            "avg_abnormal_recon": 1.9407093524932861
        },
        {
            "run": 2,
            "train_time": 28.08089518547058,
            "test_time": 0.09610176086425781,
            "epochs": 161,
            "rauc": 0.8179717360242902,
            "ap": 0.8497437104777353,
            "f1": 0.75,
            "entropy_rauc": 0.44770628683693514,
            "entropy_ap": 0.49700811075797224,
            "entropy_f1": 0.4268172888015717,
            "avg_normal_entropy": 0.5372561812400818,
            "avg_abnormal_entropy": 0.5286769270896912,
            "avg_normal_recon": 0.1588294357061386,
            "avg_abnormal_recon": 2.166968822479248
        },
        {
            "run": 3,
            "train_time": 39.91085147857666,
            "test_time": 0.0761568546295166,
            "epochs": 179,
            "rauc": 0.8210218342561173,
            "ap": 0.8557446297755258,
            "f1": 0.7470530451866405,
            "entropy_rauc": 0.5387249955349169,
            "entropy_ap": 0.5626408749803946,
            "entropy_f1": 0.506385068762279,
            "avg_normal_entropy": 0.5774456262588501,
            "avg_abnormal_entropy": 0.6489353775978088,
            "avg_normal_recon": 0.14007213711738586,
            "avg_abnormal_recon": 1.8634858131408691
        },
        {
            "run": 4,
            "train_time": 35.135355949401855,
            "test_time": 0.09470629692077637,
            "epochs": 157,
            "rauc": 0.816828451509198,
            "ap": 0.8485092415104248,
            "f1": 0.7352652259332023,
            "entropy_rauc": 0.6281954366851223,
            "entropy_ap": 0.5733377199284828,
            "entropy_f1": 0.5780943025540275,
            "avg_normal_entropy": 0.3786896765232086,
            "avg_abnormal_entropy": 0.48426514863967896,
            "avg_normal_recon": 0.14584144949913025,
            "avg_abnormal_recon": 1.9576166868209839
        },
        {
            "run": 5,
            "train_time": 40.59113550186157,
            "test_time": 0.09901905059814453,
            "epochs": 183,
            "rauc": 0.8096742721914627,
            "ap": 0.8434608277299558,
            "f1": 0.7387033398821218,
            "entropy_rauc": 0.5139716913734595,
            "entropy_ap": 0.5404697435212806,
            "entropy_f1": 0.4950884086444008,
            "avg_normal_entropy": 0.5550093054771423,
            "avg_abnormal_entropy": 0.598777174949646,
            "avg_normal_recon": 0.14838719367980957,
            "avg_abnormal_recon": 1.8907345533370972
        },
        {
            "run": 6,
            "train_time": 51.258336305618286,
            "test_time": 0.0977470874786377,
            "epochs": 231,
            "rauc": 0.8294286926236828,
            "ap": 0.8577663965919446,
            "f1": 0.7480353634577603,
            "entropy_rauc": 0.601909716020718,
            "entropy_ap": 0.6787095424928754,
            "entropy_f1": 0.5132612966601179,
            "avg_normal_entropy": 0.5086789727210999,
            "avg_abnormal_entropy": 0.9072355628013611,
            "avg_normal_recon": 0.14526236057281494,
            "avg_abnormal_recon": 2.0582988262176514
        },
        {
            "run": 7,
            "train_time": 35.11456346511841,
            "test_time": 0.07983636856079102,
            "epochs": 157,
            "rauc": 0.7980025450973388,
            "ap": 0.8304399003928633,
            "f1": 0.7278978388998035,
            "entropy_rauc": 0.6496901232362922,
            "entropy_ap": 0.6558755745931071,
            "entropy_f1": 0.5790766208251473,
            "avg_normal_entropy": 0.5632983446121216,
            "avg_abnormal_entropy": 0.7480645179748535,
            "avg_normal_recon": 0.1447681188583374,
            "avg_abnormal_recon": 1.8702360391616821
        },
        {
            "run": 8,
            "train_time": 34.54412627220154,
            "test_time": 0.09835433959960938,
            "epochs": 160,
            "rauc": 0.8358742632612968,
            "ap": 0.85803678100107,
            "f1": 0.7470530451866405,
            "entropy_rauc": 0.4945445615288444,
            "entropy_ap": 0.45620892432493393,
            "entropy_f1": 0.48379174852652257,
            "avg_normal_entropy": 0.5797998309135437,
            "avg_abnormal_entropy": 0.5678483247756958,
            "avg_normal_recon": 0.14405345916748047,
            "avg_abnormal_recon": 1.943411946296692
        },
        {
            "run": 9,
            "train_time": 45.50750398635864,
            "test_time": 0.09689950942993164,
            "epochs": 205,
            "rauc": 0.817689319521343,
            "ap": 0.8475917693270454,
            "f1": 0.7450884086444007,
            "entropy_rauc": 0.537334010537596,