{
    "model_config": {
        "num_heads": 4,
        "num_latents": 7,
        "num_memories": 135,
        "depth": 4,
        "hidden_dim": 16,
        "mlp_ratio": 4.0,
        "dropout_prob": 0.0,
        "temperature": 0.1,
        "sim_type": "cos",
        "use_oe": true,
        "oe_lambda": 0.1,
        "oe_shuffle_ratio": 0.3,
        "oe_lambda_memory": 1.0,
        "is_weight_sharing": false,
        "use_pos_enc_as_query": false,
        "use_mask_token": false,
        "num_features": 62
    },
    "train_config": {
        "data_dir": "Data/",
        "epochs": 250,
        "learning_rate": 0.01,
        "sche_gamma": 0.95,
        "batch_size": 512,
        "random_seed": 42,
        "num_workers": 0,
        "preprocess": "standard",
        "model_type": "OELATTE",
        "dataset_name": "campaign",
        "train_ratio": 1.0,
        "base_path": "results/OELATTE-d16-oe_lam0.1-oe_rat0.3-oe_lam_mem1.0/campaign/1.0",
        "not_use_power_of_two": false,
        "num_memories_not_use_power_of_two": false,
        "num_memories_twice": false,
        "contamination_ratio": null,
        "latent_ratio": null,
        "memory_ratio": null,
        "run": 9
    },
    "mean_metrics": {
        "AUC-ROC": 0.7368157292205243,
        "AUC-PR": 0.4094066908418455,
        "f1": 0.4348491379310345
    },
    "total_time": 552.1437256336212,
    "all_seeds": [
        {
            "run": 0,
            "AUC-ROC": 0.7478916837753281,
            "AUC-PR": 0.4465514847126538,
            "f1": 0.47564655172413794,
            "train_time": 58.65338468551636,
            "test_time": 0.21082210540771484,
            "epochs": 29
        },
        {
            "run": 1,
            "AUC-ROC": 0.7280900966796615,
            "AUC-PR": 0.40662577879347783,
            "f1": 0.4353448275862069,
            "train_time": 44.85695242881775,
            "test_time": 0.2135941982269287,
            "epochs": 29
        },
        {
            "run": 2,
            "AUC-ROC": 0.7294287826023783,
            "AUC-PR": 0.3995330083815227,
            "f1": 0.4219827586206897,
            "train_time": 57.35887956619263,
            "test_time": 0.21570491790771484,
            "epochs": 29
        },
        {
            "run": 3,
            "AUC-ROC": 0.7040631852113234,
            "AUC-PR": 0.3545276653182958,
            "f1": 0.375,
            "train_time": 57.57175064086914,
            "test_time": 0.307861328125,
            "epochs": 29
        },
        {
            "run": 4,
            "AUC-ROC": 0.7437929701799806,
            "AUC-PR": 0.414498241548244,
            "f1": 0.4435344827586207,
            "train_time": 40.654104232788086,
            "test_time": 0.20370817184448242,
            "epochs": 29
        },
        {
            "run": 5,
            "AUC-ROC": 0.7325706829092021,
            "AUC-PR": 0.39645315710022344,
            "f1": 0.42780172413793105,
            "train_time": 56.63180065155029,
            "test_time": 0.20889925956726074,
            "epochs": 29
        },
        {
            "run": 6,
            "AUC-ROC": 0.7406183012042736,
            "AUC-PR": 0.42054370872786223,
            "f1": 0.46099137931034484,
            "train_time": 58.25570893287659,
            "test_time": 0.21711111068725586,
            "epochs": 29
        },
        {
            "run": 7,
            "AUC-ROC": 0.7428166030123824,
            "AUC-PR": 0.41891185757783167,
            "f1": 0.4502155172413793,
            "train_time": 56.284079790115356,
            "test_time": 0.27541494369506836,
            "epochs": 28
        },
        {
            "run": 8,
            "AUC-ROC": 0.7511240178244576,
            "AUC-PR": 0.43486641671424087,
            "f1": 0.4506465517241379,
            "train_time": 58.26046633720398,
            "test_time": 0.2121572494506836,
            "epochs": 29
        },
        {
            "run": 9,
            "AUC-ROC": 0.7477609688062556,
            "AUC-PR": 0.40155558954410264,
            "f1": 0.4073275862068966,
            "train_time": 58.28868341445923,
            "test_time": 0.2987527847290039,
            "epochs": 29
        }
    ]
}