{
    "model_config": {
        "num_features": 33,
        "hidden_dim": 64,
        "depth": 4,
        "depth_enc": null,
        "depth_dec": null,
        "num_heads": 4,
        "mlp_ratio": 4.0,
        "dropout_prob": 0.0,
        "temperature": 0.2,
        "imix_loss_weight": 0.1,
        "mixup_alpha": 0.9,
        "projector_dim": null,
        "use_flash_attn": false
    },
    "train_config": {
        "data_dir": "Data/",
        "epochs": 200,
        "learning_rate": 0.01,
        "sche_gamma": 0.95,
        "batch_size": 512,
        "random_seed": 42,
        "num_workers": 0,
        "preprocess": "standard",
        "patience": 10,
        "min_delta": 0,
        "use_amp": false,
        "model_type": "TAEIMIX",
        "dataset_name": "ionosphere",
        "base_path": "results/TAEIMIX-260125-iw0.1-ap0.9-ep200-ep20/ionosphere/1.0",
        "exp_name": "TAEIMIX-260125-iw0.1-ap0.9-ep200-ep20",
        "runs": 10,
        "train_ratio": 1.0
    },
    "start_time_kst": "2026-01-25T15:56:53+09:00",
    "mean_metrics": {
        "rauc": 0.9069321533923305,
        "ap": 0.9233980807796713,
        "f1": 0.8114146588250174,
        "avg_normal": 0.9284068584442139,
        "avg_abnormal": 3.626319646835327
    },
    "std_metrics": {
        "rauc_std": 0.015783523719035755,
        "ap_std": 0.013568902470441315,
        "f1_std": 0.02667765098448096,
        "avg_normal_std": 0.09566008783180287,
        "avg_abnormal_std": 0.18506868691697337
    },
    "total_time": 122.86840462684631,
    "all_seeds": [
        {
            "rauc": 0.9199325747998314,
            "ap": 0.9355772577290044,
            "f1": 0.8333333333333334,
            "avg_normal": 0.8658438920974731,
            "avg_abnormal": 3.736084461212158,
            "run": 0,
            "epochs": 135,
            "train_time": 12.316993951797485,
            "test_time": 0.05015254020690918
        },
        {
            "rauc": 0.8792667509481669,
            "ap": 0.9022118586424235,
            "f1": 0.7649402390438247,
            "avg_normal": 1.0178956985473633,
            "avg_abnormal": 3.430093288421631,
            "run": 1,
            "epochs": 108,
            "train_time": 9.46636176109314,
            "test_time": 0.05155372619628906
        },
        {
            "rauc": 0.9145947464531535,
            "ap": 0.9304964010960152,
            "f1": 0.8333333333333334,
            "avg_normal": 0.9966671466827393,
            "avg_abnormal": 3.9413247108459473,
            "run": 2,
            "epochs": 132,
            "train_time": 11.80635142326355,
            "test_time": 0.04723381996154785
        },
        {
            "rauc": 0.9143840427026267,
            "ap": 0.9271022971854908,
            "f1": 0.8174603174603174,
            "avg_normal": 0.7843637466430664,
            "avg_abnormal": 3.3675453662872314,
            "run": 3,
            "epochs": 122,
            "train_time": 10.352263689041138,
            "test_time": 0.02858591079711914
        },
        {
            "rauc": 0.9015311139204945,
            "ap": 0.9173729232013795,
            "f1": 0.7936507936507936,
            "avg_normal": 0.933527946472168,
            "avg_abnormal": 3.454127073287964,
            "run": 4,
            "epochs": 200,
            "train_time": 18.347649097442627,
            "test_time": 0.03677868843078613
        },
        {
            "rauc": 0.9243573535608933,
            "ap": 0.9388264266156531,
            "f1": 0.8412698412698413,
            "avg_normal": 0.888676106929779,
            "avg_abnormal": 3.7608420848846436,
            "run": 5,
            "epochs": 155,
            "train_time": 10.005154371261597,
            "test_time": 0.048053741455078125
        },
        {
            "rauc": 0.8849557522123894,
            "ap": 0.9039259846062594,
            "f1": 0.7777777777777778,
            "avg_normal": 1.0963106155395508,
            "avg_abnormal": 3.856241464614868,
            "run": 6,
            "epochs": 114,
            "train_time": 9.550819158554077,
            "test_time": 0.05024385452270508
        },
        {
            "rauc": 0.9298356510745891,
            "ap": 0.9440941103802213,
            "f1": 0.8492063492063492,
            "avg_normal": 0.7803716659545898,
            "avg_abnormal": 3.6369752883911133,
            "run": 7,
            "epochs": 133,
            "train_time": 11.538043022155762,
            "test_time": 0.048065185546875
        },
        {
            "rauc": 0.9027251018401462,
            "ap": 0.9204171149517099,
            "f1": 0.8015873015873016,
            "avg_normal": 0.9452884793281555,
            "avg_abnormal": 3.4688265323638916,
            "run": 8,
            "epochs": 140,
            "train_time": 12.449060678482056,
            "test_time": 0.03598332405090332
        },
        {
            "rauc": 0.8977384464110127,
            "ap": 0.9139564333885575,
            "f1": 0.8015873015873016,
            "avg_normal": 0.9751232862472534,
            "avg_abnormal": 3.6111361980438232,
            "run": 9,
            "epochs": 162,
            "train_time": 14.574283838272095,
            "test_time": 0.047258853912353516
        }
    ]
}