{
    "model_config": {
        "num_features": 33,
        "hidden_dim": 64,
        "depth": 4,
        "num_heads": 4,
        "mlp_ratio": 4.0,
        "dropout_prob": 0.0,
        "temperature": 0.2,
        "dacl_alpha": 0.95,
        "dacl_beta": 0.8,
        "contra_loss_weight": 0.1,
        "depth_enc": null,
        "depth_dec": null,
        "use_flash_attn": false
    },
    "train_config": {
        "data_dir": "Data/",
        "epochs": 50,
        "learning_rate": 0.01,
        "sche_gamma": 0.95,
        "batch_size": 128,
        "random_seed": 42,
        "num_workers": 0,
        "preprocess": "standard",
        "patience": 10,
        "min_delta": 0,
        "use_amp": false,
        "model_type": "RECLv2",
        "dataset_name": "ionosphere",
        "base_path": "results/RECLv2-260202-cw0.1-ap0.95-bt0.8-bs128-ep50/ionosphere/1.0",
        "exp_name": "RECLv2-260202-cw0.1-ap0.95-bt0.8-bs128-ep50",
        "runs": 5,
        "train_ratio": 1.0
    },
    "start_time_kst": "2026-02-02T14:25:48+09:00",
    "mean_metrics": {
        "ep20_avg_abnormal": 3.33439174547555,
        "ep40_rauc": 0.9767523528585474,
        "ep50_ap": 0.9827156479175863,
        "ep20_f1": 0.8841269841269842,
        "ep50_f1": 0.9285714285714286,
        "ep10_ap": 0.9213203765817621,
        "ep30_avg_normal": 0.3415143379249272,
        "ep40_avg_abnormal": 3.1591907448475327,
        "ep30_avg_abnormal": 3.1946072182958085,
        "ep40_avg_normal": 0.26056070240395784,
        "ep10_rauc": 0.9050849838460457,
        "ep20_ap": 0.9603975612126249,
        "ep10_avg_normal": 0.8899192760871575,
        "avg_normal": 0.21780873578107726,
        "ep40_ap": 0.9819892653532818,
        "ep50_avg_abnormal": 3.085279249967564,
        "ep20_rauc": 0.9496979912909117,
        "ep20_avg_normal": 0.5427025826433591,
        "ep50_rauc": 0.9779322938614975,
        "ep30_f1": 0.9206349206349206,
        "ep40_f1": 0.9301587301587302,
        "ep50_avg_normal": 0.21780873578107726,
        "avg_abnormal": 3.085279249967564,
        "ep10_avg_abnormal": 3.52007647090488,
        "ep30_ap": 0.9775391756078611,
        "ep10_f1": 0.8069563017770187,
        "ap": 0.9827156479175863,
        "f1": 0.9285714285714286,
        "rauc": 0.9779322938614975,
        "ep30_rauc": 0.9712459615114482
    },
    "std_metrics": {
        "ep20_avg_abnormal_std": 0.3135815293206351,
        "ep40_rauc_std": 0.007352591498321049,
        "ep50_ap_std": 0.006869750622298031,
        "ep20_f1_std": 0.025888105444920796,
        "ep50_f1_std": 0.025097441747368086,
        "ep10_ap_std": 0.007865752288160402,
        "ep30_avg_normal_std": 0.06165552143912157,
        "ep40_avg_abnormal_std": 0.29626736007184684,
        "ep30_avg_abnormal_std": 0.3097914225279306,
        "ep40_avg_normal_std": 0.04350368081167191,
        "ep10_rauc_std": 0.010919126543600072,
        "ep20_ap_std": 0.010503741635873814,
        "ep10_avg_normal_std": 0.08187890839388491,
        "avg_normal_std": 0.030273315042036952,
        "ep40_ap_std": 0.006583644258596125,
        "ep50_avg_abnormal_std": 0.24086787312081834,
        "ep20_rauc_std": 0.013197853826629212,
        "ep20_avg_normal_std": 0.14644201050362274,
        "ep50_rauc_std": 0.008120454387946698,
        "ep30_f1_std": 0.021879442463635275,
        "ep40_f1_std": 0.025297424524617817,
        "ep50_avg_normal_std": 0.030273315042036952,
        "avg_abnormal_std": 0.24086787312081834,
        "ep10_avg_abnormal_std": 0.21828390769728362,
        "ep30_ap_std": 0.006526986621833632,
        "ep10_f1_std": 0.021599366777533754,
        "ap_std": 0.006869750622298031,
        "f1_std": 0.025097441747368086,
        "rauc_std": 0.008120454387946698,
        "ep30_rauc_std": 0.007371567066197069
    },
    "total_time": 20.030248403549194,
    "all_seeds": [
        {
            "run": 0,
            "train_time": 4.213606119155884,
            "test_time": 0.01883983612060547,
            "epochs": 50,
            "rauc": 0.9844781570445287,
            "ap": 0.9885260062247649,
            "f1": 0.9444444444444444,
            "avg_normal": 0.19452547479783538,
            "avg_abnormal": 2.9765069859013673,
            "ep10_rauc": 0.905394016013485,
            "ep10_ap": 0.9211286371839619,
            "ep10_f1": 0.8095238095238095,
            "ep10_avg_normal": 0.8901205352977314,
            "ep10_avg_abnormal": 3.6159917818648473,
            "ep20_rauc": 0.949150161539542,
            "ep20_ap": 0.9599645765967517,
            "ep20_f1": 0.873015873015873,
            "ep20_avg_normal": 0.545794023184386,
            "ep20_avg_abnormal": 3.3517311132616467,
            "ep30_rauc": 0.9785082174462706,
            "ep30_ap": 0.9832009233768658,
            "ep30_f1": 0.9365079365079365,
            "ep30_avg_normal": 0.2889685557528803,
            "ep30_avg_abnormal": 3.0778095754129544,
            "ep40_rauc": 0.9841269841269842,
            "ep40_ap": 0.9881697004454044,
            "ep40_f1": 0.9523809523809523,
            "ep40_avg_normal": 0.23513879092921197,
            "ep40_avg_abnormal": 3.060629788727041,
            "ep50_rauc": 0.9844781570445287,
            "ep50_ap": 0.9885260062247649,
            "ep50_f1": 0.9444444444444444,
            "ep50_avg_normal": 0.19452547479783538,
            "ep50_avg_abnormal": 2.9765069859013673
        },
        {
            "run": 1,
            "train_time": 3.520284414291382,
            "test_time": 0.01944756507873535,
            "epochs": 50,
            "rauc": 0.9622137940722011,
            "ap": 0.9693588168750255,
            "f1": 0.8809523809523809,
            "avg_normal": 0.1866795287953805,
            "avg_abnormal": 2.8069724320537515,
            "ep10_rauc": 0.8839022334597557,
            "ep10_ap": 0.9061863220307651,
            "ep10_f1": 0.7649402390438247,
            "ep10_avg_normal": 0.9693668578973914,
            "ep10_avg_abnormal": 3.40568652950109,
            "ep20_rauc": 0.9410029498525073,
            "ep20_ap": 0.9521870527912855,
            "ep20_f1": 0.8650793650793651,
            "ep20_avg_normal": 0.4943538589023911,
            "ep20_avg_abnormal": 3.02715977056632,
            "ep30_rauc": 0.9624244978227279,
            "ep30_ap": 0.9685930835848418,
            "ep30_f1": 0.8888888888888888,
            "ep30_avg_normal": 0.2955974597253103,
            "ep30_avg_abnormal": 2.873112084964911,
            "ep40_rauc": 0.9629161399072903,
            "ep40_ap": 0.9693327960571286,
            "ep40_f1": 0.8809523809523809,
            "ep40_avg_normal": 0.2119047848458311,
            "ep40_avg_abnormal": 2.8169299207982563,
            "ep50_rauc": 0.9622137940722011,
            "ep50_ap": 0.9693588168750255,
            "ep50_f1": 0.8809523809523809,
            "ep50_avg_normal": 0.1866795287953805,
            "ep50_avg_abnormal": 2.8069724320537515
        },
        {
            "run": 2,
            "train_time": 3.5083935260772705,
            "test_time": 0.02074432373046875,
            "epochs": 50,
            "rauc": 0.9834246382918949,
            "ap": 0.9866678342490666,
            "f1": 0.9365079365079365,
            "avg_normal": 0.2704364482181526,
            "avg_abnormal": 3.5313361019842207,
            "ep10_rauc": 0.9119258322798145,
            "ep10_ap": 0.9275553342443974,
            "ep10_f1": 0.8253968253968254,
            "ep10_avg_normal": 0.992709318884706,
            "ep10_avg_abnormal": 3.9047279372101737,
            "ep20_rauc": 0.9322236269138924,
            "ep20_ap": 0.9476473166449617,
            "ep20_f1": 0.8571428571428571,
            "ep20_avg_normal": 0.8205750737570029,
            "ep20_avg_abnormal": 3.9243796666463218,
            "ep30_rauc": 0.9731703890995926,
            "ep30_ap": 0.979457044655911,
            "ep30_f1": 0.9126984126984127,
            "ep30_avg_normal": 0.4567672126654503,
            "ep30_avg_abnormal": 3.7863835533933035,