{
    "model_config": {
        "num_features": 6,
        "hidden_dim": 128,
        "depth": 4,
        "num_heads": 4,
        "mlp_ratio": 4.0,
        "dropout_prob": 0.0,
        "temperature": 0.2,
        "contrastive_loss_weight": 0.001,
        "use_flash_attn": false
    },
    "train_config": {
        "data_dir": "Data/",
        "epochs": 200,
        "learning_rate": 0.001,
        "sche_gamma": 0.95,
        "batch_size": 512,
        "random_seed": 42,
        "num_workers": 0,
        "preprocess": "standard",
        "patience": 10,
        "min_delta": 0,
        "use_amp": false,
        "model_type": "TAECL",
        "dataset_name": "mammography",
        "base_path": "results/TAECL-temp0.2-contra0.001-combined/mammography/1.0",
        "exp_name": "TAECL-temp0.2-contra0.001-combined",
        "runs": 10,
        "train_ratio": 1.0
    },
    "mean_metrics": {
        "rauc": 0.8820295115905699,
        "ap": 0.44645103974498135,
        "f1": 0.44000000000000006,
        "avg_normal": -0.0009673778076830786,
        "avg_abnormal": 1.3477203249931335
    },
    "std_metrics": {
        "rauc_std": 0.011806685103051742,
        "ap_std": 0.03532892323668116,
        "f1_std": 0.03255400610692127,
        "avg_normal_std": 0.006522434605643155,
        "avg_abnormal_std": 0.18820084382514382
    },
    "total_time": 602.9238128662109,
    "all_seeds": [
        {
            "rauc": 0.8975315466298623,
            "ap": 0.4840879343890662,
            "f1": 0.4576923076923077,
            "avg_normal": 0.0017771871061995625,
            "avg_abnormal": 1.743614912033081,
            "run": 0,
            "epochs": 143,
            "train_time": 57.839958906173706,
            "test_time": 0.19490861892700195
        },
        {
            "rauc": 0.8910004084161902,
            "ap": 0.47251153895094994,
            "f1": 0.4576923076923077,
            "avg_normal": -0.0014052295591682196,
            "avg_abnormal": 1.514035701751709,
            "run": 1,
            "epochs": 178,
            "train_time": 34.55939745903015,
            "test_time": 0.12290167808532715
        },
        {
            "rauc": 0.8608423936005408,
            "ap": 0.37288746574031834,
            "f1": 0.3730769230769231,
            "avg_normal": 0.002915947698056698,
            "avg_abnormal": 1.2528254985809326,
            "run": 2,
            "epochs": 151,
            "train_time": 39.585429668426514,
            "test_time": 0.18174409866333008
        },
        {
            "rauc": 0.8890671210883586,
            "ap": 0.46343378120551043,
            "f1": 0.4230769230769231,
            "avg_normal": -0.010417829267680645,
            "avg_abnormal": 1.0415455102920532,
            "run": 3,
            "epochs": 191,
            "train_time": 74.76070928573608,
            "test_time": 0.1820087432861328
        },
        {
            "rauc": 0.8769072331915613,
            "ap": 0.4473594162192983,
            "f1": 0.46153846153846156,
            "avg_normal": 0.0029290523380041122,
            "avg_abnormal": 1.2457853555679321,
            "run": 4,
            "epochs": 164,
            "train_time": 64.46412944793701,
            "test_time": 0.18587732315063477
        },
        {
            "rauc": 0.8937804551728024,
            "ap": 0.47501263330751997,
            "f1": 0.47307692307692306,
            "avg_normal": -0.006452228873968124,
            "avg_abnormal": 1.2966148853302002,
            "run": 5,
            "epochs": 170,
            "train_time": 67.0188558101654,
            "test_time": 0.18814659118652344
        },
        {
            "rauc": 0.888312959468214,
            "ap": 0.4559008510665698,
            "f1": 0.45,
            "avg_normal": 8.24308444862254e-05,
            "avg_abnormal": 1.2860777378082275,
            "run": 6,
            "epochs": 160,
            "train_time": 63.15816688537598,
            "test_time": 0.18791604042053223
        },
        {
            "rauc": 0.8846766470439117,
            "ap": 0.4752589874601157,
            "f1": 0.46923076923076923,
            "avg_normal": -0.01144146453589201,
            "avg_abnormal": 1.2274471521377563,
            "run": 7,
            "epochs": 166,
            "train_time": 65.27864646911621,
            "test_time": 0.18518924713134766
        },
        {
            "rauc": 0.8652803988395348,
            "ap": 0.40039728624517307,
            "f1": 0.38846153846153847,
            "avg_normal": 0.0009074900881387293,
            "avg_abnormal": 1.3329417705535889,
            "run": 8,
            "epochs": 183,
            "train_time": 71.81384515762329,
            "test_time": 0.18468809127807617
        },
        {
            "rauc": 0.8728959524547222,
            "ap": 0.41766050286529155,
            "f1": 0.4461538461538462,
            "avg_normal": 0.011430866084992886,
            "avg_abnormal": 1.5363147258758545,
            "run": 9,
            "epochs": 154,
            "train_time": 60.69879078865051,
            "test_time": 0.2706587314605713
        }
    ]
}