{
    "model_config": {
        "hidden_dim": 32,
        "depth": 4,
        "num_heads": 4,
        "mlp_ratio": 4.0,
        "dropout_prob": 0.0,
        "num_prototypes": 32,
        "temperature": 0.1,
        "sinkhorn_iters": 3,
        "sinkhorn_eps": 0.05,
        "contrastive_loss_weight": 0.1,
        "use_flash_attn": false,
        "num_features": 16
    },
    "train_config": {
        "data_dir": "Data/",
        "epochs": 250,
        "learning_rate": 0.01,
        "sche_gamma": 0.95,
        "batch_size": 512,
        "random_seed": 42,
        "num_workers": 0,
        "preprocess": "standard",
        "patience": 20,
        "use_amp": false,
        "model_type": "ProtoAD",
        "dataset_name": "pendigits",
        "base_path": "results/ProtoAD-d32-proto32-eps0.05-contra0.1-temp0.1/pendigits/1.0",
        "exp_name": "ProtoAD-d32-proto32-eps0.05-contra0.1-temp0.1",
        "runs": 10,
        "train_ratio": 1.0,
        "run": 9
    },
    "mean_metrics": {
        "rauc": 0.9717536261772187,
        "ap": 0.5478986256473566,
        "f1": 0.5384615384615384,
        "entropy_rauc": 0.8233318439082515,
        "entropy_ap": 0.20322986285884365,
        "entropy_f1": 0.2634615384615385,
        "avg_normal_entropy": 0.241413214802742,
        "avg_abnormal_entropy": 0.6548703432083129,
        "avg_normal_recon": 0.1657443642616272,
        "avg_abnormal_recon": 0.778828603029251
    },
    "std_metrics": {
        "rauc_std": 0.011774457349140002,
        "ap_std": 0.1294663755279676,
        "f1_std": 0.1268518318560414,
        "entropy_rauc_std": 0.05342539400440358,
        "entropy_ap_std": 0.07629853306247959,
        "entropy_f1_std": 0.10933011312427124,
        "avg_normal_entropy_std": 0.026714557518429192,
        "avg_abnormal_entropy_std": 0.10686048694616122,
        "avg_normal_recon_std": 0.007682792249128225,
        "avg_abnormal_recon_std": 0.149285390915267
    },
    "total_time": 428.7512631416321,
    "all_seeds": [
        {
            "run": 0,
            "train_time": 34.3587110042572,
            "test_time": 0.09592437744140625,
            "epochs": 126,
            "rauc": 0.979421110118161,
            "ap": 0.54322397364323,
            "f1": 0.5897435897435898,
            "entropy_rauc": 0.8701144947793742,
            "entropy_ap": 0.22018908296241071,
            "entropy_f1": 0.2692307692307692,
            "avg_normal_entropy": 0.22252316772937775,
            "avg_abnormal_entropy": 0.6519853472709656,
            "avg_normal_recon": 0.15668293833732605,
            "avg_abnormal_recon": 0.6982550024986267
        },
        {
            "run": 1,
            "train_time": 40.57602620124817,
            "test_time": 0.09477019309997559,
            "epochs": 155,
            "rauc": 0.9470299336251079,
            "ap": 0.29776111630628455,
            "f1": 0.2948717948717949,
            "entropy_rauc": 0.753834314826272,
            "entropy_ap": 0.09249334489860553,
            "entropy_f1": 0.08333333333333333,
            "avg_normal_entropy": 0.28986698389053345,
            "avg_abnormal_entropy": 0.5256528258323669,
            "avg_normal_recon": 0.15996843576431274,
            "avg_abnormal_recon": 0.5469361543655396
        },
        {
            "run": 2,
            "train_time": 40.033649921417236,
            "test_time": 0.09291243553161621,
            "epochs": 153,
            "rauc": 0.9882583656042101,
            "ap": 0.7828906313303089,
            "f1": 0.7692307692307693,
            "entropy_rauc": 0.866723188439006,
            "entropy_ap": 0.32889573493480895,
            "entropy_f1": 0.40384615384615385,
            "avg_normal_entropy": 0.2190365046262741,
            "avg_abnormal_entropy": 0.8117817640304565,
            "avg_normal_recon": 0.164693221449852,
            "avg_abnormal_recon": 1.0729001760482788
        },
        {
            "run": 3,
            "train_time": 37.658125162124634,
            "test_time": 0.09404182434082031,
            "epochs": 143,
            "rauc": 0.9697703993950643,
            "ap": 0.5567219256783608,
            "f1": 0.47435897435897434,
            "entropy_rauc": 0.7191307104175736,
            "entropy_ap": 0.09964992788183286,
            "entropy_f1": 0.16025641025641027,
            "avg_normal_entropy": 0.2611003816127777,
            "avg_abnormal_entropy": 0.4681816101074219,
            "avg_normal_recon": 0.16275116801261902,
            "avg_abnormal_recon": 0.7646699547767639
        },
        {
            "run": 4,
            "train_time": 48.54124855995178,
            "test_time": 0.09035444259643555,
            "epochs": 184,
            "rauc": 0.9721859413548423,
            "ap": 0.5310365064011421,
            "f1": 0.5384615384615384,
            "entropy_rauc": 0.7692116740374113,
            "entropy_ap": 0.19980718024882094,
            "entropy_f1": 0.2564102564102564,
            "avg_normal_entropy": 0.2381555587053299,
            "avg_abnormal_entropy": 0.606301486492157,
            "avg_normal_recon": 0.16565188765525818,
            "avg_abnormal_recon": 0.7207567691802979
        },
        {
            "run": 5,
            "train_time": 43.600794076919556,
            "test_time": 0.0956122875213623,
            "epochs": 165,
            "rauc": 0.9645555020890142,
            "ap": 0.5029651334558141,
            "f1": 0.46794871794871795,
            "entropy_rauc": 0.8513954767305973,
            "entropy_ap": 0.1760750829598511,
            "entropy_f1": 0.17307692307692307,
            "avg_normal_entropy": 0.2193453013896942,
            "avg_abnormal_entropy": 0.5879243016242981,
            "avg_normal_recon": 0.15880312025547028,
            "avg_abnormal_recon": 0.6706680059432983
        },
        {
            "run": 6,
            "train_time": 43.98077368736267,
            "test_time": 0.09706735610961914,
            "epochs": 168,
            "rauc": 0.9735875285473141,
            "ap": 0.5544743839962533,
            "f1": 0.5192307692307693,
            "entropy_rauc": 0.8410172391405635,
            "entropy_ap": 0.15074347344163969,
            "entropy_f1": 0.1794871794871795,
            "avg_normal_entropy": 0.27714818716049194,
            "avg_abnormal_entropy": 0.6584250926971436,
            "avg_normal_recon": 0.16094419360160828,
            "avg_abnormal_recon": 0.7924723029136658
        },
        {
            "run": 7,
            "train_time": 46.832759380340576,
            "test_time": 0.09554409980773926,
            "epochs": 183,
            "rauc": 0.9608644012129266,
            "ap": 0.4367926034198241,
            "f1": 0.46153846153846156,
            "entropy_rauc": 0.8218322983738533,
            "entropy_ap": 0.18795082415855863,
            "entropy_f1": 0.3141025641025641,
            "avg_normal_entropy": 0.25750118494033813,
            "avg_abnormal_entropy": 0.694616973400116,
            "avg_normal_recon": 0.1687297523021698,
            "avg_abnormal_recon": 0.7281807065010071
        },
        {
            "run": 8,
            "train_time": 51.67821192741394,
            "test_time": 0.08910059928894043,
            "epochs": 196,
            "rauc": 0.973946518182443,
            "ap": 0.5382927773619904,
            "f1": 0.5576923076923077,
            "entropy_rauc": 0.8840043384279309,
            "entropy_ap": 0.26644600994032847,
            "entropy_f1": 0.358974358974359,
            "avg_normal_entropy": 0.2212885022163391,
            "avg_abnormal_entropy": 0.7389072775840759,
            "avg_normal_recon": 0.1798245757818222,
            "avg_abnormal_recon": 0.773646891117096
        },
        {
            "run": 9,
            "train_time": 38.85970664024353,
            "test_time": 0.09186434745788574,
            "epochs": 147,
            "rauc": 0.9879165616431033,
            "ap": 0.7348272048803578,
            "f1": 0.7115384615384616,