{
    "model_config": {
        "num_features": 274,
        "hidden_dim": 64,
        "depth": 4,
        "depth_enc": null,
        "depth_dec": null,
        "num_heads": 4,
        "mlp_ratio": 4.0,
        "dropout_prob": 0.0,
        "temperature": 0.1,
        "byol_loss_weight": 0.01,
        "dacl_alpha": 0.9,
        "projector_dim": null,
        "byol_momentum": 0.99,
        "use_flash_attn": false
    },
    "train_config": {
        "data_dir": "Data/",
        "epochs": 200,
        "learning_rate": 0.01,
        "sche_gamma": 0.95,
        "batch_size": 512,
        "random_seed": 42,
        "num_workers": 0,
        "preprocess": "standard",
        "patience": 10,
        "min_delta": 0,
        "use_amp": false,
        "model_type": "TAEDACL",
        "dataset_name": "arrhythmia",
        "base_path": "results/TAEDACL-260125-bw0.01-ap0.9-ep200-ep100_combined/arrhythmia/1.0",
        "exp_name": "TAEDACL-260125-bw0.01-ap0.9-ep200-ep100_combined",
        "runs": 10,
        "train_ratio": 1.0
    },
    "start_time_kst": "2026-01-25T16:11:51+09:00",
    "mean_metrics": {
        "rauc": 0.799803736850369,
        "ap": 0.6125083329308241,
        "f1": 0.5636363636363637,
        "avg_normal": 0.9779326021671295,
        "avg_abnormal": 5.503202676773071
    },
    "std_metrics": {
        "rauc_std": 0.012328348128791706,
        "ap_std": 0.026180902964050103,
        "f1_std": 0.026933922476713928,
        "avg_normal_std": 0.21485418620197044,
        "avg_abnormal_std": 1.8247283560641845
    },
    "total_time": 181.47080516815186,
    "all_seeds": [
        {
            "rauc": 0.8082901554404145,
            "ap": 0.6094342814092543,
            "f1": 0.5606060606060606,
            "avg_normal": 0.8966608643531799,
            "avg_abnormal": 5.006176471710205,
            "run": 0,
            "epochs": 104,
            "train_time": 19.366010904312134,
            "test_time": 0.12681031227111816
        },
        {
            "rauc": 0.7960433349034385,
            "ap": 0.5926084838569089,
            "f1": 0.5606060606060606,
            "avg_normal": 1.00027334690094,
            "avg_abnormal": 4.6235880851745605,
            "run": 1,
            "epochs": 101,
            "train_time": 18.404054641723633,
            "test_time": 0.14686369895935059
        },
        {
            "rauc": 0.7757104726016643,
            "ap": 0.5987722160047564,
            "f1": 0.5151515151515151,
            "avg_normal": 1.2010005712509155,
            "avg_abnormal": 7.304091930389404,
            "run": 2,
            "epochs": 102,
            "train_time": 17.649873733520508,
            "test_time": 0.13315820693969727
        },
        {
            "rauc": 0.8180248076621133,
            "ap": 0.6840465043472679,
            "f1": 0.5909090909090909,
            "avg_normal": 0.5417614579200745,
            "avg_abnormal": 4.202333927154541,
            "run": 3,
            "epochs": 99,
            "train_time": 17.043949127197266,
            "test_time": 0.12480425834655762
        },
        {
            "rauc": 0.8043648924477941,
            "ap": 0.6056522194841201,
            "f1": 0.5606060606060606,
            "avg_normal": 1.1836442947387695,
            "avg_abnormal": 4.27798318862915,
            "run": 4,
            "epochs": 90,
            "train_time": 16.02638053894043,
            "test_time": 0.0727996826171875
        },
        {
            "rauc": 0.7863086826817396,
            "ap": 0.5872994878820436,
            "f1": 0.5757575757575758,
            "avg_normal": 1.0383100509643555,
            "avg_abnormal": 5.18323278427124,
            "run": 5,
            "epochs": 102,
            "train_time": 17.820980072021484,
            "test_time": 0.12638354301452637
        },
        {
            "rauc": 0.8107238184958393,
            "ap": 0.624702048071078,
            "f1": 0.5909090909090909,
            "avg_normal": 0.8145400881767273,
            "avg_abnormal": 4.945014476776123,
            "run": 6,
            "epochs": 93,
            "train_time": 15.941065073013306,
            "test_time": 0.19837546348571777
        },
        {
            "rauc": 0.7958863243837336,
            "ap": 0.6169232757514057,
            "f1": 0.5454545454545454,
            "avg_normal": 0.7716817855834961,
            "avg_abnormal": 4.337413787841797,
            "run": 7,
            "epochs": 95,
            "train_time": 16.2804217338562,
            "test_time": 0.1275346279144287
        },
        {
            "rauc": 0.8108023237556917,
            "ap": 0.5956027381222646,
            "f1": 0.6060606060606061,
            "avg_normal": 1.0457645654678345,
            "avg_abnormal": 4.79471492767334,
            "run": 8,
            "epochs": 120,
            "train_time": 20.990803956985474,
            "test_time": 0.0760345458984375
        },
        {
            "rauc": 0.7918825561312609,
            "ap": 0.610042074379141,
            "f1": 0.5303030303030303,
            "avg_normal": 1.2856889963150024,
            "avg_abnormal": 10.357477188110352,
            "run": 9,
            "epochs": 108,
            "train_time": 18.453481197357178,
            "test_time": 0.15116643905639648
        }
    ]
}