{
    "model_config": {
        "num_heads": 4,
        "num_latents": 3,
        "num_memories": 150,
        "depth": 4,
        "hidden_dim": 16,
        "mlp_ratio": 4.0,
        "dropout_prob": 0.0,
        "temperature": 0.1,
        "sim_type": "cos",
        "use_oe": true,
        "oe_lambda": 1.0,
        "oe_shuffle_ratio": 0.3,
        "oe_lambda_memory": 0.1,
        "is_weight_sharing": false,
        "use_pos_enc_as_query": false,
        "use_mask_token": false,
        "num_features": 9
    },
    "train_config": {
        "data_dir": "Data/",
        "epochs": 250,
        "learning_rate": 0.01,
        "sche_gamma": 0.95,
        "batch_size": 512,
        "random_seed": 42,
        "num_workers": 0,
        "preprocess": "standard",
        "model_type": "OELATTE",
        "dataset_name": "shuttle",
        "train_ratio": 1.0,
        "base_path": "results/OELATTE-d16-oe_lam1.0-oe_rat0.3-oe_lam_mem0.1/shuttle/1.0",
        "not_use_power_of_two": false,
        "num_memories_not_use_power_of_two": false,
        "num_memories_twice": false,
        "contamination_ratio": null,
        "latent_ratio": null,
        "memory_ratio": null,
        "run": 9
    },
    "mean_metrics": {
        "AUC-ROC": 0.9980361574730322,
        "AUC-PR": 0.9714609452171581,
        "f1": 0.9784391911136427
    },
    "total_time": 567.6474726200104,
    "all_seeds": [
        {
            "run": 0,
            "AUC-ROC": 0.9973092694878277,
            "AUC-PR": 0.9687918386622156,
            "f1": 0.9792082027912276,
            "train_time": 56.28511667251587,
            "test_time": 0.2276163101196289,
            "epochs": 27
        },
        {
            "run": 1,
            "AUC-ROC": 0.9984503704491964,
            "AUC-PR": 0.9666710021096694,
            "f1": 0.9792082027912276,
            "train_time": 26.09995174407959,
            "test_time": 0.2977261543273926,
            "epochs": 29
        },
        {
            "run": 2,
            "AUC-ROC": 0.9988249226756586,
            "AUC-PR": 0.9806417992665835,
            "f1": 0.9814867559099971,
            "train_time": 35.06743907928467,
            "test_time": 0.28524255752563477,
            "epochs": 28
        },
        {
            "run": 3,
            "AUC-ROC": 0.9988050416923963,
            "AUC-PR": 0.9750507611889883,
            "f1": 0.9820563941896896,
            "train_time": 63.84653186798096,
            "test_time": 0.28193235397338867,
            "epochs": 27
        },
        {
            "run": 4,
            "AUC-ROC": 0.998907183211683,
            "AUC-PR": 0.9829532692896416,
            "f1": 0.975505553973227,
            "train_time": 67.88993954658508,
            "test_time": 0.21938157081604004,
            "epochs": 29
        },
        {
            "run": 5,
            "AUC-ROC": 0.9957819326297581,
            "AUC-PR": 0.9612532518675819,
            "f1": 0.9749359156935347,
            "train_time": 61.44344234466553,
            "test_time": 0.28356003761291504,
            "epochs": 26
        },
        {
            "run": 6,
            "AUC-ROC": 0.9979642298000244,
            "AUC-PR": 0.9735123366840917,
            "f1": 0.981201936770151,
            "train_time": 67.57416582107544,
            "test_time": 0.2197556495666504,
            "epochs": 29
        },
        {
            "run": 7,
            "AUC-ROC": 0.9984364500121417,
            "AUC-PR": 0.9730041766165929,
            "f1": 0.9774992879521504,
            "train_time": 59.414361000061035,
            "test_time": 0.3689260482788086,
            "epochs": 25
        },
        {
            "run": 8,
            "AUC-ROC": 0.9971162202669493,
            "AUC-PR": 0.9624542664937377,
            "f1": 0.9663913414981486,
            "train_time": 61.51890850067139,
            "test_time": 0.2810022830963135,
            "epochs": 26
        },
        {
            "run": 9,
            "AUC-ROC": 0.9987659545046877,
            "AUC-PR": 0.9702767499924784,
            "f1": 0.9868983195670749,
            "train_time": 63.35472583770752,
            "test_time": 0.28806233406066895,
            "epochs": 27
        }
    ]
}