{
    "model_config": {
        "num_features": 13,
        "hidden_dim": 64,
        "depth": 4,
        "num_heads": 4,
        "mlp_ratio": 4.0,
        "dropout_prob": 0.0,
        "use_flash_attn": false,
        "ema_decay": 0.999,
        "contrastive_loss_weight": 0.01
    },
    "train_config": {
        "data_dir": "Data/",
        "epochs": 200,
        "learning_rate": 0.001,
        "sche_gamma": 0.95,
        "batch_size": 512,
        "random_seed": 42,
        "num_workers": 0,
        "preprocess": "standard",
        "patience": 10,
        "min_delta": 0,
        "use_amp": false,
        "model_type": "TKDAD",
        "dataset_name": "wine",
        "base_path": "results/TKDAD-d64-lr0.001-contra0.01/wine/1.0",
        "exp_name": "TKDAD-d64-lr0.001-contra0.01",
        "runs": 10,
        "train_ratio": 1.0
    },
    "mean_metrics": {
        "avg_abnormal_score": 0.14536077082157134,
        "ap": 0.47439387200893623,
        "avg_normal_score": 0.07897870466113091,
        "f1": 0.44000000000000006,
        "rauc": 0.8320000000000001
    },
    "std_metrics": {
        "avg_abnormal_score_std": 0.07180601742626899,
        "ap_std": 0.19024077234691422,
        "avg_normal_score_std": 0.025794587623446736,
        "f1_std": 0.22449944320643647,
        "rauc_std": 0.10484591869341725
    },
    "total_time": 103.34982347488403,
    "all_seeds": [
        {
            "run": 0,
            "train_time": 11.143649816513062,
            "test_time": 0.021269798278808594,
            "epochs": 200,
            "rauc": 0.9766666666666667,
            "ap": 0.8748701298701297,
            "f1": 0.7,
            "avg_normal_score": 0.1097392663359642,
            "avg_abnormal_score": 0.3189137279987335
        },
        {
            "run": 1,
            "train_time": 10.44308614730835,
            "test_time": 0.020261049270629883,
            "epochs": 200,
            "rauc": 0.7849999999999999,
            "ap": 0.47536534789354334,
            "f1": 0.5,
            "avg_normal_score": 0.0386965237557888,
            "avg_abnormal_score": 0.0632552057504654
        },
        {
            "run": 2,
            "train_time": 10.536252498626709,
            "test_time": 0.020311355590820312,
            "epochs": 200,
            "rauc": 0.7483333333333334,
            "ap": 0.3422907186590051,
            "f1": 0.4,
            "avg_normal_score": 0.08629139512777328,
            "avg_abnormal_score": 0.136911541223526
        },
        {
            "run": 3,
            "train_time": 10.60604739189148,
            "test_time": 0.020331621170043945,
            "epochs": 200,
            "rauc": 0.865,
            "ap": 0.43573465749936335,
            "f1": 0.4,
            "avg_normal_score": 0.09742897003889084,
            "avg_abnormal_score": 0.17115919291973114
        },
        {
            "run": 4,
            "train_time": 10.413853883743286,
            "test_time": 0.02028632164001465,
            "epochs": 200,
            "rauc": 0.94,
            "ap": 0.6079254517412412,
            "f1": 0.6,
            "avg_normal_score": 0.063203364610672,
            "avg_abnormal_score": 0.11427515745162964
        },
        {
            "run": 5,
            "train_time": 10.51364803314209,
            "test_time": 0.019853830337524414,
            "epochs": 200,
            "rauc": 0.9133333333333333,
            "ap": 0.4965919701213819,
            "f1": 0.6,
            "avg_normal_score": 0.08549972623586655,
            "avg_abnormal_score": 0.20063133537769318
        },
        {
            "run": 6,
            "train_time": 10.492656469345093,
            "test_time": 0.02190876007080078,
            "epochs": 200,
            "rauc": 0.9266666666666666,
            "ap": 0.6556944444444445,
            "f1": 0.7,
            "avg_normal_score": 0.04806571081280708,
            "avg_abnormal_score": 0.10432834923267365
        },
        {
            "run": 7,
            "train_time": 10.463832139968872,
            "test_time": 0.02057480812072754,
            "epochs": 200,
            "rauc": 0.7100000000000001,
            "ap": 0.2446444107414737,
            "f1": 0.1,
            "avg_normal_score": 0.12568113207817078,
            "avg_abnormal_score": 0.17320720851421356
        },
        {
            "run": 8,
            "train_time": 10.607089519500732,
            "test_time": 0.020160913467407227,
            "epochs": 200,
            "rauc": 0.8133333333333332,
            "ap": 0.4090902235019882,
            "f1": 0.4,
            "avg_normal_score": 0.0688856914639473,
            "avg_abnormal_score": 0.09784077852964401
        },
        {
            "run": 9,
            "train_time": 6.116942405700684,
            "test_time": 0.009449005126953125,
            "epochs": 200,
            "rauc": 0.6416666666666667,
            "ap": 0.20173136561679142,
            "f1": 0.0,
            "avg_normal_score": 0.06629526615142822,
            "avg_abnormal_score": 0.07308521121740341
        }
    ]
}