{
    "model_config": {
        "num_heads": 4,
        "num_latents": 4,
        "num_memories": 28,
        "depth": 4,
        "hidden_dim": 64,
        "mlp_ratio": 4.0,
        "dropout_prob": 0.0,
        "temperature": 0.1,
        "sim_type": "cos",
        "use_oe": true,
        "oe_lambda": 1.0,
        "oe_shuffle_ratio": 0.1,
        "oe_lambda_memory": 0.01,
        "is_weight_sharing": false,
        "use_pos_enc_as_query": false,
        "use_mask_token": false,
        "num_features": 21
    },
    "train_config": {
        "data_dir": "Data/",
        "epochs": 250,
        "learning_rate": 0.01,
        "sche_gamma": 0.95,
        "batch_size": 512,
        "random_seed": 42,
        "num_workers": 0,
        "preprocess": "standard",
        "model_type": "OELATTE",
        "dataset_name": "cardiotocography",
        "train_ratio": 1.0,
        "base_path": "results/OELATTE-d64-oe_lam1.0-oe_rat0.1-oe_lam_mem0.01/cardiotocography/1.0",
        "not_use_power_of_two": false,
        "num_memories_not_use_power_of_two": false,
        "num_memories_twice": false,
        "contamination_ratio": null,
        "latent_ratio": null,
        "memory_ratio": null,
        "run": 9
    },
    "mean_metrics": {
        "AUC-ROC": 0.7998294199758323,
        "AUC-PR": 0.7159130211124604,
        "f1": 0.6227467811158799
    },
    "total_time": 74.42419481277466,
    "all_seeds": [
        {
            "run": 0,
            "AUC-ROC": 0.6870025834409766,
            "AUC-PR": 0.6282376039792017,
            "f1": 0.5300429184549357,
            "train_time": 13.748225927352905,
            "test_time": 0.043825387954711914,
            "epochs": 112
        },
        {
            "run": 1,
            "AUC-ROC": 0.8440325638568275,
            "AUC-PR": 0.763417092503413,
            "f1": 0.6523605150214592,
            "train_time": 4.1599273681640625,
            "test_time": 0.037825584411621094,
            "epochs": 33
        },
        {
            "run": 2,
            "AUC-ROC": 0.8271620692528855,
            "AUC-PR": 0.7323228372413172,
            "f1": 0.6416309012875536,
            "train_time": 5.764465808868408,
            "test_time": 0.03831839561462402,
            "epochs": 46
        },
        {
            "run": 3,
            "AUC-ROC": 0.8298978603275136,
            "AUC-PR": 0.7425901692154347,
            "f1": 0.6373390557939914,
            "train_time": 6.537922620773315,
            "test_time": 0.03973746299743652,
            "epochs": 53
        },
        {
            "run": 4,
            "AUC-ROC": 0.837260146256094,
            "AUC-PR": 0.7419954810517229,
            "f1": 0.6459227467811158,
            "train_time": 4.227825880050659,
            "test_time": 0.043025970458984375,
            "epochs": 34
        },
        {
            "run": 5,
            "AUC-ROC": 0.836908569107046,
            "AUC-PR": 0.7602397331571129,
            "f1": 0.6652360515021459,
            "train_time": 4.844338893890381,
            "test_time": 0.042977094650268555,
            "epochs": 38
        },
        {
            "run": 6,
            "AUC-ROC": 0.7333000854202258,
            "AUC-PR": 0.65651332420259,
            "f1": 0.5901287553648069,
            "train_time": 13.415341138839722,
            "test_time": 0.04927992820739746,
            "epochs": 115
        },
        {
            "run": 7,
            "AUC-ROC": 0.7634823325971916,
            "AUC-PR": 0.6919989103044553,
            "f1": 0.6030042918454935,
            "train_time": 9.326927423477173,
            "test_time": 0.0414423942565918,
            "epochs": 84
        },
        {
            "run": 8,
            "AUC-ROC": 0.8128346493603902,
            "AUC-PR": 0.7041865947743113,
            "f1": 0.628755364806867,
            "train_time": 4.844313621520996,
            "test_time": 0.04396772384643555,
            "epochs": 40
        },
        {
            "run": 9,
            "AUC-ROC": 0.8264133401391724,
            "AUC-PR": 0.7376284646950444,
            "f1": 0.6330472103004292,
            "train_time": 5.3943774700164795,
            "test_time": 0.0383758544921875,
            "epochs": 45
        }
    ]
}