{
    "model_config": {
        "num_heads": 4,
        "num_latents": 3,
        "num_memories": 10,
        "depth": 4,
        "hidden_dim": 64,
        "mlp_ratio": 4.0,
        "dropout_prob": 0.0,
        "temperature": 0.1,
        "sim_type": "cos",
        "use_oe": true,
        "oe_lambda": 1.0,
        "oe_shuffle_ratio": 0.1,
        "oe_lambda_memory": 0.0,
        "is_weight_sharing": false,
        "use_pos_enc_as_query": false,
        "use_mask_token": false,
        "num_features": 9
    },
    "train_config": {
        "data_dir": "Data/",
        "epochs": 250,
        "learning_rate": 0.01,
        "sche_gamma": 0.95,
        "batch_size": 512,
        "random_seed": 42,
        "num_workers": 0,
        "preprocess": "standard",
        "model_type": "OELATTE",
        "dataset_name": "glass",
        "train_ratio": 1.0,
        "base_path": "results/OELATTE-d64-oe_lam1.0-oe_rat0.1/glass/1.0",
        "not_use_power_of_two": false,
        "num_memories_not_use_power_of_two": false,
        "num_memories_twice": false,
        "contamination_ratio": null,
        "latent_ratio": null,
        "memory_ratio": null,
        "run": 9
    },
    "mean_metrics": {
        "AUC-ROC": 0.6969795037756203,
        "AUC-PR": 0.20000162804373794,
        "f1": 0.15555555555555559
    },
    "total_time": 59.57760572433472,
    "all_seeds": [
        {
            "run": 0,
            "AUC-ROC": 0.39697950377562025,
            "AUC-PR": 0.08364499862286384,
            "f1": 0.1111111111111111,
            "train_time": 1.051358938217163,
            "test_time": 0.020966291427612305,
            "epochs": 5
        },
        {
            "run": 1,
            "AUC-ROC": 0.7788565264293419,
            "AUC-PR": 0.293043428636649,
            "f1": 0.1111111111111111,
            "train_time": 13.57911992073059,
            "test_time": 0.019928693771362305,
            "epochs": 250
        },
        {
            "run": 2,
            "AUC-ROC": 0.6062567421790723,
            "AUC-PR": 0.15915627998403545,
            "f1": 0.1111111111111111,
            "train_time": 12.26983094215393,
            "test_time": 0.018432140350341797,
            "epochs": 228
        },
        {
            "run": 3,
            "AUC-ROC": 0.7831715210355987,
            "AUC-PR": 0.17932690931352346,
            "f1": 0.1111111111111111,
            "train_time": 13.581572771072388,
            "test_time": 0.01934671401977539,
            "epochs": 250
        },
        {
            "run": 4,
            "AUC-ROC": 0.6699029126213591,
            "AUC-PR": 0.1522715879626568,
            "f1": 0.1111111111111111,
            "train_time": 1.1596496105194092,
            "test_time": 0.019121170043945312,
            "epochs": 16
        },
        {
            "run": 5,
            "AUC-ROC": 0.7475728155339806,
            "AUC-PR": 0.18299021555628547,
            "f1": 0.1111111111111111,
            "train_time": 14.001265048980713,
            "test_time": 0.017586708068847656,
            "epochs": 250
        },
        {
            "run": 6,
            "AUC-ROC": 0.7292340884573894,
            "AUC-PR": 0.16108991177262766,
            "f1": 0.1111111111111111,
            "train_time": 0.9885590076446533,
            "test_time": 0.019078731536865234,
            "epochs": 15
        },
        {
            "run": 7,
            "AUC-ROC": 0.7669902912621359,
            "AUC-PR": 0.3465316455512534,
            "f1": 0.4444444444444444,
            "train_time": 0.39388036727905273,
            "test_time": 0.019127607345581055,
            "epochs": 5
        },
        {
            "run": 8,
            "AUC-ROC": 0.7292340884573894,
            "AUC-PR": 0.14511066221521274,
            "f1": 0.1111111111111111,
            "train_time": 0.39233946800231934,
            "test_time": 0.018429279327392578,
            "epochs": 5
        },
        {
            "run": 9,
            "AUC-ROC": 0.761596548004315,
            "AUC-PR": 0.29685064082227197,
            "f1": 0.2222222222222222,
            "train_time": 0.392972469329834,
            "test_time": 0.01893305778503418,
            "epochs": 5
        }
    ]
}