{
    "model_config": {
        "num_features": 62,
        "hidden_dim": 128,
        "depth": 4,
        "depth_enc": null,
        "depth_dec": null,
        "num_heads": 4,
        "mlp_ratio": 4.0,
        "dropout_prob": 0.0,
        "use_flash_attn": false
    },
    "train_config": {
        "data_dir": "Data/",
        "epochs": 200,
        "learning_rate": 0.001,
        "sche_gamma": 0.95,
        "batch_size": 512,
        "random_seed": 42,
        "num_workers": 0,
        "preprocess": "standard",
        "patience": 10,
        "min_delta": 0,
        "use_amp": false,
        "model_type": "TADAM",
        "dataset_name": "campaign",
        "base_path": "results/TADAM-tuned/campaign/1.0",
        "exp_name": "TADAM-tuned",
        "runs": 10,
        "train_ratio": 1.0
    },
    "mean_metrics": {
        "avg_normal_score": 0.015278656053123996,
        "f1": 0.5584913793103448,
        "avg_abnormal_score": 0.02256263829767704,
        "ap": 0.5368550072878635,
        "rauc": 0.8218032409198296
    },
    "std_metrics": {
        "avg_normal_score_std": 0.01387362812028681,
        "f1_std": 0.013902515940106781,
        "avg_abnormal_score_std": 0.02142402689389521,
        "ap_std": 0.01890355223559781,
        "rauc_std": 0.019560248971844513
    },
    "total_time": 3635.120983362198,
    "all_seeds": [
        {
            "run": 0,
            "train_time": 443.08567452430725,
            "test_time": 5.428098678588867,
            "epochs": 200,
            "rauc": 0.8048798957818344,
            "ap": 0.5247885717035233,
            "f1": 0.5471982758620689,
            "avg_normal_score": 0.0025912898126989603,
            "avg_abnormal_score": 0.012714018113911152
        },
        {
            "run": 1,
            "train_time": 412.92562651634216,
            "test_time": 5.8957202434539795,
            "epochs": 182,
            "rauc": 0.8137720222909505,
            "ap": 0.5151746951792222,
            "f1": 0.5422413793103448,
            "avg_normal_score": 0.03242576867341995,
            "avg_abnormal_score": 0.008035162463784218
        },
        {
            "run": 2,
            "train_time": 450.01492261886597,
            "test_time": 5.6350719928741455,
            "epochs": 199,
            "rauc": 0.8034295357451514,
            "ap": 0.5106642545203213,
            "f1": 0.5448275862068965,
            "avg_normal_score": 0.0009639048366807401,
            "avg_abnormal_score": 0.004560395609587431
        },
        {
            "run": 3,
            "train_time": 446.364137172699,
            "test_time": 5.747992753982544,
            "epochs": 200,
            "rauc": 0.8153997353032196,
            "ap": 0.5386092061951666,
            "f1": 0.5599137931034482,
            "avg_normal_score": 0.0012774351052939892,
            "avg_abnormal_score": 0.009719730354845524
        },
        {
            "run": 4,
            "train_time": 412.8266005516052,
            "test_time": 6.405193567276001,
            "epochs": 186,
            "rauc": 0.8120128395157242,
            "ap": 0.5301292213942537,
            "f1": 0.5506465517241379,
            "avg_normal_score": 0.036744944751262665,
            "avg_abnormal_score": 0.07650112360715866
        },
        {
            "run": 5,
            "train_time": 390.35068559646606,
            "test_time": 6.107194423675537,
            "epochs": 185,
            "rauc": 0.8114257042226944,
            "ap": 0.535021184567129,
            "f1": 0.5564655172413793,
            "avg_normal_score": 0.03500248119235039,
            "avg_abnormal_score": 0.012191014364361763
        },
        {
            "run": 6,
            "train_time": 48.58737587928772,
            "test_time": 4.210058927536011,
            "epochs": 23,
            "rauc": 0.849313414715839,
            "ap": 0.5637319799286231,
            "f1": 0.5629310344827586,
            "avg_normal_score": 0.01220531016588211,
            "avg_abnormal_score": 0.043696627020835876
        },
        {
            "run": 7,
            "train_time": 442.6184895038605,
            "test_time": 5.027631521224976,
            "epochs": 200,
            "rauc": 0.8203245531148458,
            "ap": 0.5336515218641963,
            "f1": 0.5640086206896552,
            "avg_normal_score": 0.0011720252223312855,
            "avg_abnormal_score": 0.005278071854263544
        },
        {
            "run": 8,
            "train_time": 478.789568901062,
            "test_time": 5.931090354919434,
            "epochs": 200,
            "rauc": 0.8195321551629788,
            "ap": 0.5416557017532659,
            "f1": 0.5633620689655172,
            "avg_normal_score": 0.01749858818948269,
            "avg_abnormal_score": 0.026334423571825027
        },
        {
            "run": 9,
            "train_time": 51.083842754364014,
            "test_time": 4.983920097351074,
            "epochs": 23,
            "rauc": 0.8679425533450578,
            "ap": 0.5751237357729336,
            "f1": 0.5933189655172414,
            "avg_normal_score": 0.012904812581837177,
            "avg_abnormal_score": 0.026595816016197205
        }
    ]
}