{
    "model_config": {
        "num_features": 13,
        "hidden_dim": 64,
        "depth": 4,
        "num_heads": 4,
        "mlp_ratio": 4.0,
        "dropout_prob": 0.0,
        "use_flash_attn": false,
        "ema_decay": 0.999,
        "contrastive_loss_weight": 1.0
    },
    "train_config": {
        "data_dir": "Data/",
        "epochs": 200,
        "learning_rate": 0.01,
        "sche_gamma": 0.95,
        "batch_size": 512,
        "random_seed": 42,
        "num_workers": 0,
        "preprocess": "standard",
        "patience": 10,
        "min_delta": 0,
        "use_amp": false,
        "model_type": "TKDAD",
        "dataset_name": "wine",
        "base_path": "results/TKDAD-d64-lr0.01-contra1.0/wine/1.0",
        "exp_name": "TKDAD-d64-lr0.01-contra1.0",
        "runs": 10,
        "train_ratio": 1.0
    },
    "mean_metrics": {
        "f1": 0.42000000000000004,
        "rauc": 0.8035,
        "avg_normal_score": 0.03834419678896665,
        "ap": 0.4856783449305551,
        "avg_abnormal_score": 0.06633498352020979
    },
    "std_metrics": {
        "f1_std": 0.2712931993250107,
        "rauc_std": 0.17891563809671743,
        "avg_normal_score_std": 0.01028571508641751,
        "ap_std": 0.25794019482872643,
        "avg_abnormal_score_std": 0.04012378435293291
    },
    "total_time": 25.373753547668457,
    "all_seeds": [
        {
            "run": 0,
            "train_time": 3.3416500091552734,
            "test_time": 0.017995595932006836,
            "epochs": 52,
            "rauc": 0.8816666666666667,
            "ap": 0.5195061964179611,
            "f1": 0.5,
            "avg_normal_score": 0.02644815854728222,
            "avg_abnormal_score": 0.0393502302467823
        },
        {
            "run": 1,
            "train_time": 2.121708631515503,
            "test_time": 0.019989728927612305,
            "epochs": 41,
            "rauc": 0.875,
            "ap": 0.42705766455766453,
            "f1": 0.5,
            "avg_normal_score": 0.03412032872438431,
            "avg_abnormal_score": 0.04567942023277283
        },
        {
            "run": 2,
            "train_time": 2.233532667160034,
            "test_time": 0.017763137817382812,
            "epochs": 44,
            "rauc": 0.8383333333333334,
            "ap": 0.3940696238405248,
            "f1": 0.5,
            "avg_normal_score": 0.03308950737118721,
            "avg_abnormal_score": 0.04570363461971283
        },
        {
            "run": 3,
            "train_time": 2.2285280227661133,
            "test_time": 0.01768016815185547,
            "epochs": 43,
            "rauc": 0.965,
            "ap": 0.8164699627857522,
            "f1": 0.7,
            "avg_normal_score": 0.0404328927397728,
            "avg_abnormal_score": 0.10339055955410004
        },
        {
            "run": 4,
            "train_time": 1.8904354572296143,
            "test_time": 0.01748180389404297,
            "epochs": 37,
            "rauc": 0.9666666666666667,
            "ap": 0.8733440170940171,
            "f1": 0.7,
            "avg_normal_score": 0.061903368681669235,
            "avg_abnormal_score": 0.15637920796871185
        },
        {
            "run": 5,
            "train_time": 1.9220337867736816,
            "test_time": 0.017082691192626953,
            "epochs": 39,
            "rauc": 0.6950000000000001,
            "ap": 0.2198832866479925,
            "f1": 0.0,
            "avg_normal_score": 0.0473397858440876,
            "avg_abnormal_score": 0.05324359983205795
        },
        {
            "run": 6,
            "train_time": 2.557101011276245,
            "test_time": 0.017803192138671875,
            "epochs": 50,
            "rauc": 0.6799999999999999,
            "ap": 0.3397968094707225,
            "f1": 0.3,
            "avg_normal_score": 0.02475929632782936,
            "avg_abnormal_score": 0.030870312824845314
        },
        {
            "run": 7,
            "train_time": 2.5026848316192627,
            "test_time": 0.016711711883544922,
            "epochs": 49,
            "rauc": 0.8049999999999999,
            "ap": 0.3013532885243412,
            "f1": 0.2,
            "avg_normal_score": 0.03312493860721588,
            "avg_abnormal_score": 0.0455925390124321
        },
        {
            "run": 8,
            "train_time": 2.36043381690979,
            "test_time": 0.018023252487182617,
            "epochs": 44,
            "rauc": 0.9716666666666667,
            "ap": 0.8478418803418802,
            "f1": 0.8,
            "avg_normal_score": 0.042446576058864594,
            "avg_abnormal_score": 0.11108870804309845
        },
        {
            "run": 9,
            "train_time": 2.172034740447998,
            "test_time": 0.017476558685302734,
            "epochs": 43,
            "rauc": 0.35666666666666663,
            "ap": 0.11746071962469477,
            "f1": 0.0,
            "avg_normal_score": 0.03977711498737335,
            "avg_abnormal_score": 0.03205162286758423
        }
    ]
}