{
    "model_config": {
        "hidden_dim": 32,
        "depth": 4,
        "num_heads": 4,
        "mlp_ratio": 4.0,
        "dropout_prob": 0.0,
        "num_prototypes": 64,
        "temperature": 0.1,
        "sinkhorn_iters": 3,
        "sinkhorn_eps": 0.05,
        "contrastive_loss_weight": 0.01,
        "use_flash_attn": false,
        "num_features": 8
    },
    "train_config": {
        "data_dir": "Data/",
        "epochs": 250,
        "learning_rate": 0.01,
        "sche_gamma": 0.95,
        "batch_size": 64,
        "random_seed": 42,
        "num_workers": 0,
        "preprocess": "standard",
        "patience": 20,
        "use_amp": false,
        "model_type": "ProtoAD",
        "dataset_name": "pima",
        "base_path": "results/ProtoAD-d32-proto64-eps0.05-contra0.01-temp0.1/pima/1.0",
        "exp_name": "ProtoAD-d32-proto64-eps0.05-contra0.01-temp0.1",
        "runs": 10,
        "train_ratio": 1.0,
        "run": 9
    },
    "mean_metrics": {
        "rauc": 0.6687492537313433,
        "ap": 0.6612821467071369,
        "f1": 0.6488805970149254,
        "entropy_rauc": 0.4836164179104478,
        "entropy_ap": 0.5054819400617581,
        "entropy_f1": 0.5029850746268657,
        "avg_normal_entropy": 1.763676142692566,
        "avg_abnormal_entropy": 1.7430994510650635,
        "avg_normal_recon": 0.17886440753936766,
        "avg_abnormal_recon": 0.31612770557403563
    },
    "std_metrics": {
        "rauc_std": 0.025512532617546442,
        "ap_std": 0.022237414914803223,
        "f1_std": 0.01816133361737007,
        "entropy_rauc_std": 0.02241480298235529,
        "entropy_ap_std": 0.025738742909341042,
        "entropy_f1_std": 0.017801284241606805,
        "avg_normal_entropy_std": 0.038446450199328096,
        "avg_abnormal_entropy_std": 0.03247682758442819,
        "avg_normal_recon_std": 0.029838513074112186,
        "avg_abnormal_recon_std": 0.05223762989840458
    },
    "total_time": 138.20513677597046,
    "all_seeds": [
        {
            "run": 0,
            "train_time": 14.07564640045166,
            "test_time": 0.06984353065490723,
            "epochs": 83,
            "rauc": 0.6374925373134328,
            "ap": 0.6272334033133543,
            "f1": 0.6343283582089553,
            "entropy_rauc": 0.4637611940298507,
            "entropy_ap": 0.47746398594299816,
            "entropy_f1": 0.47761194029850745,
            "avg_normal_entropy": 1.7427195310592651,
            "avg_abnormal_entropy": 1.707985758781433,
            "avg_normal_recon": 0.18245087563991547,
            "avg_abnormal_recon": 0.274580717086792
        },
        {
            "run": 1,
            "train_time": 19.528185606002808,
            "test_time": 0.07057523727416992,
            "epochs": 121,
            "rauc": 0.6851194029850746,
            "ap": 0.661830568453533,
            "f1": 0.6604477611940298,
            "entropy_rauc": 0.4939104477611941,
            "entropy_ap": 0.5200230549720029,
            "entropy_f1": 0.5149253731343284,
            "avg_normal_entropy": 1.7480131387710571,
            "avg_abnormal_entropy": 1.7427732944488525,
            "avg_normal_recon": 0.23764915764331818,
            "avg_abnormal_recon": 0.4105362296104431
        },
        {
            "run": 2,
            "train_time": 11.845456838607788,
            "test_time": 0.0666818618774414,
            "epochs": 73,
            "rauc": 0.6371343283582092,
            "ap": 0.6251579860281721,
            "f1": 0.6343283582089553,
            "entropy_rauc": 0.4777014925373134,
            "entropy_ap": 0.49821028894798164,
            "entropy_f1": 0.5,
            "avg_normal_entropy": 1.7647839784622192,
            "avg_abnormal_entropy": 1.724245548248291,
            "avg_normal_recon": 0.13141216337680817,
            "avg_abnormal_recon": 0.2084050178527832
        },
        {
            "run": 3,
            "train_time": 12.301077365875244,
            "test_time": 0.06903386116027832,
            "epochs": 77,
            "rauc": 0.6677164179104478,
            "ap": 0.6759589062597442,
            "f1": 0.6305970149253731,
            "entropy_rauc": 0.45038805970149254,
            "entropy_ap": 0.4726034819924224,
            "entropy_f1": 0.48134328358208955,
            "avg_normal_entropy": 1.7705483436584473,
            "avg_abnormal_entropy": 1.719561219215393,
            "avg_normal_recon": 0.17019543051719666,
            "avg_abnormal_recon": 0.32924529910087585
        },
        {
            "run": 4,
            "train_time": 9.358021259307861,
            "test_time": 0.06906723976135254,
            "epochs": 57,
            "rauc": 0.7055522388059702,
            "ap": 0.6815742567635009,
            "f1": 0.6529850746268657,
            "entropy_rauc": 0.4692238805970149,
            "entropy_ap": 0.4980458163211004,
            "entropy_f1": 0.4962686567164179,
            "avg_normal_entropy": 1.8597978353500366,
            "avg_abnormal_entropy": 1.8265751600265503,
            "avg_normal_recon": 0.20402368903160095,
            "avg_abnormal_recon": 0.3572193682193756
        },
        {
            "run": 5,
            "train_time": 12.118683815002441,
            "test_time": 0.06669735908508301,
            "epochs": 75,
            "rauc": 0.6574477611940298,
            "ap": 0.6808784567942655,
            "f1": 0.6305970149253731,
            "entropy_rauc": 0.49662686567164177,
            "entropy_ap": 0.5294348124859918,
            "entropy_f1": 0.503731343283582,
            "avg_normal_entropy": 1.7372866868972778,
            "avg_abnormal_entropy": 1.728197455406189,
            "avg_normal_recon": 0.1329825222492218,
            "avg_abnormal_recon": 0.2783401608467102
        },
        {
            "run": 6,
            "train_time": 11.40936827659607,
            "test_time": 0.0691218376159668,
            "epochs": 70,
            "rauc": 0.6310447761194029,
            "ap": 0.6379779500822189,
            "f1": 0.6343283582089553,
            "entropy_rauc": 0.46334328358208954,
            "entropy_ap": 0.48304620774503576,
            "entropy_f1": 0.48880597014925375,
            "avg_normal_entropy": 1.7717657089233398,
            "avg_abnormal_entropy": 1.723561406135559,
            "avg_normal_recon": 0.1936306208372116,
            "avg_abnormal_recon": 0.33494967222213745
        },
        {
            "run": 7,
            "train_time": 15.521005392074585,
            "test_time": 0.06763267517089844,
            "epochs": 95,
            "rauc": 0.678910447761194,
            "ap": 0.6570298756863078,
            "f1": 0.667910447761194,
            "entropy_rauc": 0.508731343283582,
            "entropy_ap": 0.5463815094197444,
            "entropy_f1": 0.5111940298507462,
            "avg_normal_entropy": 1.7354496717453003,
            "avg_abnormal_entropy": 1.7494981288909912,
            "avg_normal_recon": 0.17785635590553284,
            "avg_abnormal_recon": 0.3113195598125458
        },
        {
            "run": 8,
            "train_time": 10.646687030792236,
            "test_time": 0.06882739067077637,
            "epochs": 65,
            "rauc": 0.6972388059701492,
            "ap": 0.682734678401552,
            "f1": 0.6865671641791045,
            "entropy_rauc": 0.527955223880597,
            "entropy_ap": 0.5423323157899234,
            "entropy_f1": 0.5410447761194029,
            "avg_normal_entropy": 1.7142701148986816,
            "avg_abnormal_entropy": 1.7378501892089844,
            "avg_normal_recon": 0.18789754807949066,
            "avg_abnormal_recon": 0.35158073902130127
        },
        {
            "run": 9,
            "train_time": 18.748855352401733,
            "test_time": 0.07865285873413086,
            "epochs": 115,
            "rauc": 0.6898358208955223,
            "ap": 0.6824453852887208,
            "f1": 0.6567164179104478,
            "entropy_rauc": 0.4845223880597015,