{
    "model_config": {
        "num_features": 21,
        "hidden_dim": 64,
        "depth": 4,
        "num_heads": 4,
        "mlp_ratio": 4.0,
        "dropout_prob": 0.0,
        "use_flash_attn": false,
        "ema_decay": 0.999,
        "contrastive_loss_weight": 0.1
    },
    "train_config": {
        "data_dir": "Data/",
        "epochs": 200,
        "learning_rate": 0.01,
        "sche_gamma": 0.95,
        "batch_size": 512,
        "random_seed": 42,
        "num_workers": 0,
        "preprocess": "standard",
        "patience": 10,
        "min_delta": 0,
        "use_amp": false,
        "model_type": "TKDAD",
        "dataset_name": "cardiotocography",
        "base_path": "results/TKDAD-d64-lr0.01-contra0.1/cardiotocography/1.0",
        "exp_name": "TKDAD-d64-lr0.01-contra0.1",
        "runs": 10,
        "train_ratio": 1.0
    },
    "mean_metrics": {
        "f1": 0.561587982832618,
        "ap": 0.5891340650337104,
        "avg_normal_score": 0.021052126586437226,
        "rauc": 0.7232093003875161,
        "avg_abnormal_score": 0.027591259218752384
    },
    "std_metrics": {
        "f1_std": 0.08483888685024031,
        "ap_std": 0.09014796479340924,
        "avg_normal_score_std": 0.0033017669469414613,
        "rauc_std": 0.0816703619089548,
        "avg_abnormal_score_std": 0.0054871580361768564
    },
    "total_time": 32.00548434257507,
    "all_seeds": [
        {
            "run": 0,
            "train_time": 3.5485639572143555,
            "test_time": 0.03909564018249512,
            "epochs": 30,
            "rauc": 0.7620083128463686,
            "ap": 0.6580867576487137,
            "f1": 0.6373390557939914,
            "avg_normal_score": 0.021497415378689766,
            "avg_abnormal_score": 0.030595939606428146
        },
        {
            "run": 1,
            "train_time": 2.9145374298095703,
            "test_time": 0.04124259948730469,
            "epochs": 30,
            "rauc": 0.7194310179590816,
            "ap": 0.5513613077158833,
            "f1": 0.51931330472103,
            "avg_normal_score": 0.023599736392498016,
            "avg_abnormal_score": 0.030186906456947327
        },
        {
            "run": 2,
            "train_time": 3.0184011459350586,
            "test_time": 0.039804697036743164,
            "epochs": 30,
            "rauc": 0.5972800950039585,
            "ap": 0.5213841935670567,
            "f1": 0.43776824034334766,
            "avg_normal_score": 0.017416546121239662,
            "avg_abnormal_score": 0.021795250475406647
        },
        {
            "run": 3,
            "train_time": 2.629054546356201,
            "test_time": 0.04166555404663086,
            "epochs": 28,
            "rauc": 0.8343759114963124,
            "ap": 0.7007803136065915,
            "f1": 0.6695278969957081,
            "avg_normal_score": 0.025931302458047867,
            "avg_abnormal_score": 0.03484103083610535
        },
        {
            "run": 4,
            "train_time": 2.592581033706665,
            "test_time": 0.039893150329589844,
            "epochs": 28,
            "rauc": 0.8462670319596649,
            "ap": 0.7242775791226113,
            "f1": 0.7081545064377682,
            "avg_normal_score": 0.02721354551613331,
            "avg_abnormal_score": 0.03721452131867409
        },
        {
            "run": 5,
            "train_time": 2.924015998840332,
            "test_time": 0.0364837646484375,
            "epochs": 29,
            "rauc": 0.7037975540647528,
            "ap": 0.5517541004893565,
            "f1": 0.5364806866952789,
            "avg_normal_score": 0.018877189606428146,
            "avg_abnormal_score": 0.023424549028277397
        },
        {
            "run": 6,
            "train_time": 2.9719078540802,
            "test_time": 0.04066824913024902,
            "epochs": 32,
            "rauc": 0.7889391224634359,
            "ap": 0.6762535249599584,
            "f1": 0.5944206008583691,
            "avg_normal_score": 0.019093118607997894,
            "avg_abnormal_score": 0.02874869480729103
        },
        {
            "run": 7,
            "train_time": 3.072754144668579,
            "test_time": 0.03998398780822754,
            "epochs": 33,
            "rauc": 0.6855181465894412,
            "ap": 0.5066365483134332,
            "f1": 0.5236051502145923,
            "avg_normal_score": 0.017714325338602066,
            "avg_abnormal_score": 0.021785486489534378
        },
        {
            "run": 8,
            "train_time": 3.2063980102539062,
            "test_time": 0.040004730224609375,
            "epochs": 35,
            "rauc": 0.6016292345514396,
            "ap": 0.4362652142949579,
            "f1": 0.45064377682403434,
            "avg_normal_score": 0.018294639885425568,
            "avg_abnormal_score": 0.020250750705599785
        },
        {
            "run": 9,
            "train_time": 2.9375240802764893,
            "test_time": 0.04036068916320801,
            "epochs": 30,
            "rauc": 0.6928465769407057,
            "ap": 0.564541110618541,
            "f1": 0.5386266094420601,
            "avg_normal_score": 0.02088344655930996,
            "avg_abnormal_score": 0.027069462463259697
        }
    ]
}