{
    "model_config": {
        "hidden_dim": 128,
        "depth": 4,
        "num_heads": 4,
        "mlp_ratio": 4.0,
        "dropout_prob": 0.0,
        "num_prototypes": 10,
        "temperature": 0.1,
        "sinkhorn_iters": 3,
        "sinkhorn_eps": 0.1,
        "contrastive_loss_weight": 1.0,
        "use_flash_attn": false,
        "num_features": 9
    },
    "train_config": {
        "data_dir": "Data/",
        "epochs": 250,
        "learning_rate": 0.01,
        "sche_gamma": 0.95,
        "batch_size": 16,
        "random_seed": 42,
        "num_workers": 0,
        "preprocess": "standard",
        "patience": 5,
        "use_amp": false,
        "model_type": "ProtoAD",
        "dataset_name": "glass",
        "base_path": "results/ProtoAD-d128-proto10-eps0.1-contra1.0-temp0.1/glass/1.0",
        "exp_name": "ProtoAD-d128-proto10-eps0.1-contra1.0-temp0.1",
        "runs": 10,
        "train_ratio": 1.0,
        "run": 9
    },
    "mean_metrics": {
        "rauc": 0.6774541531823085,
        "ap": 0.16999054081452436,
        "f1": 0.11111111111111112,
        "entropy_rauc": 0.5206040992448759,
        "entropy_ap": 0.19191357918513266,
        "entropy_f1": 0.15555555555555556,
        "avg_normal_entropy": 1.9186702489852905,
        "avg_abnormal_entropy": 1.8951108694076537,
        "avg_normal_recon": 1.657419067621231,
        "avg_abnormal_recon": 2.1374550223350526
    },
    "std_metrics": {
        "rauc_std": 0.10100221717301247,
        "ap_std": 0.0433478400791166,
        "f1_std": 0.049690399499995326,
        "entropy_rauc_std": 0.24952377404178483,
        "entropy_ap_std": 0.14930805708022335,
        "entropy_f1_std": 0.18724777273725243,
        "avg_normal_entropy_std": 0.25760781590793463,
        "avg_abnormal_entropy_std": 0.2976964251128954,
        "avg_normal_recon_std": 0.6440435733384504,
        "avg_abnormal_recon_std": 0.5618380081779354
    },
    "total_time": 29.46737003326416,
    "all_seeds": [
        {
            "run": 0,
            "train_time": 3.4663405418395996,
            "test_time": 0.062296390533447266,
            "epochs": 8,
            "rauc": 0.7119741100323624,
            "ap": 0.1956144089466427,
            "f1": 0.1111111111111111,
            "entropy_rauc": 0.9115426105717368,
            "entropy_ap": 0.33592216750111487,
            "entropy_f1": 0.3333333333333333,
            "avg_normal_entropy": 1.728589653968811,
            "avg_abnormal_entropy": 2.0084125995635986,
            "avg_normal_recon": 1.1887481212615967,
            "avg_abnormal_recon": 1.9604004621505737
        },
        {
            "run": 1,
            "train_time": 2.1059296131134033,
            "test_time": 0.060246944427490234,
            "epochs": 7,
            "rauc": 0.6148867313915858,
            "ap": 0.1661709723195403,
            "f1": 0.1111111111111111,
            "entropy_rauc": 0.727076591154261,
            "entropy_ap": 0.5072234278107193,
            "entropy_f1": 0.5555555555555556,
            "avg_normal_entropy": 1.4707934856414795,
            "avg_abnormal_entropy": 1.464928150177002,
            "avg_normal_recon": 1.0326673984527588,
            "avg_abnormal_recon": 1.4386109113693237
        },
        {
            "run": 2,
            "train_time": 5.411739349365234,
            "test_time": 0.053795814514160156,
            "epochs": 19,
            "rauc": 0.5738942826321467,
            "ap": 0.1537323097607568,
            "f1": 0.1111111111111111,
            "entropy_rauc": 0.19417475728155337,
            "entropy_ap": 0.05428621071558142,
            "entropy_f1": 0.0,
            "avg_normal_entropy": 2.3019917011260986,
            "avg_abnormal_entropy": 2.301600694656372,
            "avg_normal_recon": 0.7556565403938293,
            "avg_abnormal_recon": 1.3004422187805176
        },
        {
            "run": 3,
            "train_time": 2.3833978176116943,
            "test_time": 0.057132720947265625,
            "epochs": 8,
            "rauc": 0.7303128371089536,
            "ap": 0.1492524802466323,
            "f1": 0.0,
            "entropy_rauc": 0.5782092772384034,
            "entropy_ap": 0.13647487042745976,
            "entropy_f1": 0.1111111111111111,
            "avg_normal_entropy": 1.6061879396438599,
            "avg_abnormal_entropy": 1.6515259742736816,
            "avg_normal_recon": 2.9228134155273438,
            "avg_abnormal_recon": 2.5400190353393555
        },
        {
            "run": 4,
            "train_time": 2.1175284385681152,
            "test_time": 0.058568477630615234,
            "epochs": 7,
            "rauc": 0.6558791801510249,
            "ap": 0.13424738480264659,
            "f1": 0.1111111111111111,
            "entropy_rauc": 0.6774541531823086,
            "entropy_ap": 0.2136293704921156,
            "entropy_f1": 0.2222222222222222,
            "avg_normal_entropy": 2.195676803588867,
            "avg_abnormal_entropy": 2.152778148651123,
            "avg_normal_recon": 1.6141875982284546,
            "avg_abnormal_recon": 1.8929505348205566
        },
        {
            "run": 5,
            "train_time": 2.0927364826202393,
            "test_time": 0.05670332908630371,
            "epochs": 7,
            "rauc": 0.5124056094929881,
            "ap": 0.13975055063984598,
            "f1": 0.1111111111111111,
            "entropy_rauc": 0.6936353829557713,
            "entropy_ap": 0.1484176090097761,
            "entropy_f1": 0.0,
            "avg_normal_entropy": 2.025477647781372,
            "avg_abnormal_entropy": 2.0820579528808594,
            "avg_normal_recon": 2.315333604812622,
            "avg_abnormal_recon": 2.7684240341186523
        },
        {
            "run": 6,
            "train_time": 2.3382363319396973,
            "test_time": 0.04335641860961914,
            "epochs": 9,
            "rauc": 0.8381877022653721,
            "ap": 0.2703868144412104,
            "f1": 0.2222222222222222,
            "entropy_rauc": 0.19309600862998924,
            "entropy_ap": 0.05504441499552794,
            "entropy_f1": 0.0,
            "avg_normal_entropy": 1.8179770708084106,
            "avg_abnormal_entropy": 1.353236436843872,
            "avg_normal_recon": 1.477432131767273,
            "avg_abnormal_recon": 3.1935184001922607
        },
        {
            "run": 7,
            "train_time": 2.345539093017578,
            "test_time": 0.05645561218261719,
            "epochs": 8,
            "rauc": 0.5836030204962244,
            "ap": 0.10659400636260946,
            "f1": 0.1111111111111111,
            "entropy_rauc": 0.3538295577130528,
            "entropy_ap": 0.06566203558138331,
            "entropy_f1": 0.0,
            "avg_normal_entropy": 1.8187536001205444,
            "avg_abnormal_entropy": 1.8298070430755615,
            "avg_normal_recon": 1.8324140310287476,
            "avg_abnormal_recon": 1.9320673942565918
        },
        {
            "run": 8,
            "train_time": 2.3756985664367676,
            "test_time": 0.05944561958312988,
            "epochs": 8,
            "rauc": 0.8025889967637541,
            "ap": 0.2009801489916771,
            "f1": 0.1111111111111111,
            "entropy_rauc": 0.1995685005393743,
            "entropy_ap": 0.0536819840822155,
            "entropy_f1": 0.0,
            "avg_normal_entropy": 2.0973007678985596,
            "avg_abnormal_entropy": 1.9684200286865234,
            "avg_normal_recon": 2.273618459701538,
            "avg_abnormal_recon": 2.453524112701416
        },
        {
            "run": 9,
            "train_time": 2.0805857181549072,
            "test_time": 0.057169198989868164,
            "epochs": 7,
            "rauc": 0.7508090614886731,
            "ap": 0.1831763316336819,
            "f1": 0.1111111111111111,
            "entropy_rauc": 0.6774541531823085,
            "entropy_ap": 0.34879370123543263,
            "entropy_f1": 0.3333333333333333,