{
    "model_config": {
        "hidden_dim": 32,
        "depth": 4,
        "num_heads": 4,
        "mlp_ratio": 4.0,
        "dropout_prob": 0.0,
        "num_prototypes": 10,
        "temperature": 0.1,
        "sinkhorn_iters": 3,
        "sinkhorn_eps": 0.05,
        "contrastive_loss_weight": 1.0,
        "use_flash_attn": false,
        "num_features": 274
    },
    "train_config": {
        "data_dir": "Data/",
        "epochs": 250,
        "learning_rate": 0.01,
        "sche_gamma": 0.95,
        "batch_size": 32,
        "random_seed": 42,
        "num_workers": 0,
        "preprocess": "standard",
        "patience": 20,
        "use_amp": false,
        "model_type": "ProtoAD",
        "dataset_name": "arrhythmia",
        "base_path": "results/ProtoAD-d32-proto10-eps0.05-contra1.0-temp0.1/arrhythmia/1.0",
        "exp_name": "ProtoAD-d32-proto10-eps0.05-contra1.0-temp0.1",
        "runs": 10,
        "train_ratio": 1.0,
        "run": 9
    },
    "mean_metrics": {
        "rauc": 0.8011775788977861,
        "ap": 0.6153159732396307,
        "f1": 0.559090909090909,
        "entropy_rauc": 0.37772413251687864,
        "entropy_ap": 0.22583225212558986,
        "entropy_f1": 0.16687485542447375,
        "avg_normal_entropy": 1.53042773604393,
        "avg_abnormal_entropy": 1.463572631776333,
        "avg_normal_recon": 1.114642971754074,
        "avg_abnormal_recon": 5.634166955947876
    },
    "std_metrics": {
        "rauc_std": 0.012529557524910856,
        "ap_std": 0.025677027656377072,
        "f1_std": 0.025757575757575785,
        "entropy_rauc_std": 0.09865464995599407,
        "entropy_ap_std": 0.06245028167787231,
        "entropy_f1_std": 0.0747644885979322,
        "avg_normal_entropy_std": 0.7870737487565465,
        "avg_abnormal_entropy_std": 0.8527026808830229,
        "avg_normal_recon_std": 0.20676343329888416,
        "avg_abnormal_recon_std": 1.8079348329544322
    },
    "total_time": 283.0661745071411,
    "all_seeds": [
        {
            "run": 0,
            "train_time": 12.78138518333435,
            "test_time": 0.06966829299926758,
            "epochs": 41,
            "rauc": 0.8071125765426284,
            "ap": 0.6100571079019441,
            "f1": 0.5454545454545454,
            "entropy_rauc": 0.284071282775946,
            "entropy_ap": 0.17901170315336845,
            "entropy_f1": 0.12213740458015267,
            "avg_normal_entropy": 2.302478313446045,
            "avg_abnormal_entropy": 2.302145004272461,
            "avg_normal_recon": 1.0514870882034302,
            "avg_abnormal_recon": 5.167852401733398
        },
        {
            "run": 1,
            "train_time": 41.09478425979614,
            "test_time": 0.06801319122314453,
            "epochs": 142,
            "rauc": 0.7984769979588633,
            "ap": 0.6010894472746185,
            "f1": 0.5606060606060606,
            "entropy_rauc": 0.388208509970168,
            "entropy_ap": 0.21845504634048654,
            "entropy_f1": 0.21212121212121213,
            "avg_normal_entropy": 0.6818193793296814,
            "avg_abnormal_entropy": 0.5514349341392517,
            "avg_normal_recon": 1.0934994220733643,
            "avg_abnormal_recon": 4.73548698425293
        },
        {
            "run": 2,
            "train_time": 36.10511803627014,
            "test_time": 0.07010555267333984,
            "epochs": 125,
            "rauc": 0.7763385146804835,
            "ap": 0.6000941051325088,
            "f1": 0.5151515151515151,
            "entropy_rauc": 0.36135971110064374,
            "entropy_ap": 0.20209827713922904,
            "entropy_f1": 0.12121212121212122,
            "avg_normal_entropy": 2.3012027740478516,
            "avg_abnormal_entropy": 2.3009378910064697,
            "avg_normal_recon": 1.3504365682601929,
            "avg_abnormal_recon": 7.451691627502441
        },
        {
            "run": 3,
            "train_time": 9.629744291305542,
            "test_time": 0.07252645492553711,
            "epochs": 33,
            "rauc": 0.8186528497409326,
            "ap": 0.6848418865984628,
            "f1": 0.5909090909090909,
            "entropy_rauc": 0.345894174909719,
            "entropy_ap": 0.1979896757045539,
            "entropy_f1": 0.16666666666666666,
            "avg_normal_entropy": 2.3024861812591553,
            "avg_abnormal_entropy": 2.3023078441619873,
            "avg_normal_recon": 0.69579017162323,
            "avg_abnormal_recon": 4.363943576812744
        },
        {
            "run": 4,
            "train_time": 48.96642994880676,
            "test_time": 0.07110190391540527,
            "epochs": 168,
            "rauc": 0.8082901554404146,
            "ap": 0.608493434172074,
            "f1": 0.5454545454545454,
            "entropy_rauc": 0.3352174595697912,
            "entropy_ap": 0.22526948507854377,
            "entropy_f1": 0.18181818181818182,
            "avg_normal_entropy": 1.155338168144226,
            "avg_abnormal_entropy": 0.7800126075744629,
            "avg_normal_recon": 1.2906008958816528,
            "avg_abnormal_recon": 4.405717372894287
        },
        {
            "run": 5,
            "train_time": 9.437863826751709,
            "test_time": 0.06750345230102539,
            "epochs": 32,
            "rauc": 0.784660072224839,
            "ap": 0.5858713427645733,
            "f1": 0.5757575757575758,
            "entropy_rauc": 0.31739676558329405,
            "entropy_ap": 0.1956130539634755,
            "entropy_f1": 0.15151515151515152,
            "avg_normal_entropy": 2.3020942211151123,
            "avg_abnormal_entropy": 2.3020005226135254,
            "avg_normal_recon": 1.1932101249694824,
            "avg_abnormal_recon": 5.3392558097839355
        },
        {
            "run": 6,
            "train_time": 11.418111801147461,
            "test_time": 0.061263084411621094,
            "epochs": 39,
            "rauc": 0.8105668079761345,
            "ap": 0.6241745982706083,
            "f1": 0.5909090909090909,
            "entropy_rauc": 0.24446537918040512,
            "entropy_ap": 0.17506118712014063,
            "entropy_f1": 0.15267175572519084,
            "avg_normal_entropy": 2.302520990371704,
            "avg_abnormal_entropy": 2.3023836612701416,
            "avg_normal_recon": 0.9678090810775757,
            "avg_abnormal_recon": 5.101903915405273
        },
        {
            "run": 7,
            "train_time": 37.97307586669922,
            "test_time": 0.06841397285461426,
            "epochs": 131,
            "rauc": 0.8003611241953211,
            "ap": 0.625358983571344,
            "f1": 0.5454545454545454,
            "entropy_rauc": 0.47330821165018055,
            "entropy_ap": 0.24468400164824577,
            "entropy_f1": 0.12121212121212122,
            "avg_normal_entropy": 0.7893444895744324,
            "avg_abnormal_entropy": 0.7936158180236816,
            "avg_normal_recon": 0.9132872223854065,
            "avg_abnormal_recon": 4.436617374420166
        },
        {
            "run": 8,
            "train_time": 35.85385608673096,
            "test_time": 0.0674433708190918,
            "epochs": 120,
            "rauc": 0.813157481551264,
            "ap": 0.601475041546176,
            "f1": 0.5909090909090909,
            "entropy_rauc": 0.4191395823520176,
            "entropy_ap": 0.21685883006654078,
            "entropy_f1": 0.07575757575757576,
            "avg_normal_entropy": 0.5009353160858154,
            "avg_abnormal_entropy": 0.22361616790294647,
            "avg_normal_recon": 1.1776131391525269,
            "avg_abnormal_recon": 4.9177937507629395
        },
        {
            "run": 9,
            "train_time": 36.84692168235779,
            "test_time": 0.07350277900695801,
            "epochs": 127,
            "rauc": 0.7941592086669808,
            "ap": 0.6117037851639975,
            "f1": 0.5303030303030303,
            "entropy_rauc": 0.6081802480766212,