{
    "model_config": {
        "hidden_dim": 128,
        "depth": 4,
        "num_heads": 4,
        "mlp_ratio": 4.0,
        "dropout_prob": 0.0,
        "num_prototypes": 10,
        "temperature": 0.1,
        "sinkhorn_iters": 3,
        "sinkhorn_eps": 0.05,
        "contrastive_loss_weight": 1.0,
        "use_flash_attn": false,
        "num_features": 33
    },
    "train_config": {
        "data_dir": "Data/",
        "epochs": 250,
        "learning_rate": 0.01,
        "sche_gamma": 0.95,
        "batch_size": 32,
        "random_seed": 42,
        "num_workers": 0,
        "preprocess": "standard",
        "patience": 5,
        "use_amp": false,
        "model_type": "ProtoAD",
        "dataset_name": "ionosphere",
        "base_path": "results/ProtoAD-d128-proto10-eps0.05-contra1.0-temp0.1/ionosphere/1.0",
        "exp_name": "ProtoAD-d128-proto10-eps0.05-contra1.0-temp0.1",
        "runs": 10,
        "train_ratio": 1.0,
        "run": 9
    },
    "mean_metrics": {
        "rauc": 0.953771597134429,
        "ap": 0.9616423657983398,
        "f1": 0.8849206349206348,
        "entropy_rauc": 0.3961300744486585,
        "entropy_ap": 0.4858272817627373,
        "entropy_f1": 0.4404761904761905,
        "avg_normal_entropy": 0.8178238153457642,
        "avg_abnormal_entropy": 0.720452219247818,
        "avg_normal_recon": 0.4877017170190811,
        "avg_abnormal_recon": 3.4781189441680906
    },
    "std_metrics": {
        "rauc_std": 0.028257369227249713,
        "ap_std": 0.023125401564060833,
        "f1_std": 0.046175200659647156,
        "entropy_rauc_std": 0.12705121456118457,
        "entropy_ap_std": 0.09783060553218235,
        "entropy_f1_std": 0.09057708103582007,
        "avg_normal_entropy_std": 0.26392236208818837,
        "avg_abnormal_entropy_std": 0.2137476621401578,
        "avg_normal_recon_std": 0.13820490998653734,
        "avg_abnormal_recon_std": 0.2839293366487351
    },
    "total_time": 71.08754062652588,
    "all_seeds": [
        {
            "run": 0,
            "train_time": 8.2502601146698,
            "test_time": 0.0637514591217041,
            "epochs": 45,
            "rauc": 0.9775249332771456,
            "ap": 0.9816098142002638,
            "f1": 0.9285714285714286,
            "entropy_rauc": 0.47949150161539544,
            "entropy_ap": 0.5237042937774388,
            "entropy_f1": 0.5158730158730159,
            "avg_normal_entropy": 0.5420999526977539,
            "avg_abnormal_entropy": 0.531934380531311,
            "avg_normal_recon": 0.30720260739326477,
            "avg_abnormal_recon": 3.574808120727539
        },
        {
            "run": 1,
            "train_time": 9.052438259124756,
            "test_time": 0.06499576568603516,
            "epochs": 55,
            "rauc": 0.8834808259587019,
            "ap": 0.9057565587318284,
            "f1": 0.7777777777777778,
            "entropy_rauc": 0.5858266610478998,
            "entropy_ap": 0.6792968310280303,
            "entropy_f1": 0.5634920634920635,
            "avg_normal_entropy": 0.7403611540794373,
            "avg_abnormal_entropy": 0.7932037711143494,
            "avg_normal_recon": 0.6485384106636047,
            "avg_abnormal_recon": 2.98445463180542
        },
        {
            "run": 2,
            "train_time": 10.75844144821167,
            "test_time": 0.06517362594604492,
            "epochs": 66,
            "rauc": 0.9655850540806293,
            "ap": 0.9709086415129831,
            "f1": 0.9126984126984127,
            "entropy_rauc": 0.3924006180643349,
            "entropy_ap": 0.4377007302399155,
            "entropy_f1": 0.48412698412698413,
            "avg_normal_entropy": 0.8412095904350281,
            "avg_abnormal_entropy": 0.759960412979126,
            "avg_normal_recon": 0.42549601197242737,
            "avg_abnormal_recon": 3.4765679836273193
        },
        {
            "run": 3,
            "train_time": 7.129534006118774,
            "test_time": 0.06172347068786621,
            "epochs": 43,
            "rauc": 0.9628459053237814,
            "ap": 0.9668014075274185,
            "f1": 0.9206349206349206,
            "entropy_rauc": 0.3776513555274617,
            "entropy_ap": 0.43730657168262665,
            "entropy_f1": 0.4365079365079365,
            "avg_normal_entropy": 0.6012760400772095,
            "avg_abnormal_entropy": 0.49197298288345337,
            "avg_normal_recon": 0.4557030498981476,
            "avg_abnormal_recon": 3.348822832107544
        },
        {
            "run": 4,
            "train_time": 9.075636625289917,
            "test_time": 0.03883934020996094,
            "epochs": 55,
            "rauc": 0.9694479561736199,
            "ap": 0.9762132684170726,
            "f1": 0.9126984126984127,
            "entropy_rauc": 0.4819497120382076,
            "entropy_ap": 0.48735875693779107,
            "entropy_f1": 0.46825396825396826,
            "avg_normal_entropy": 0.6509795784950256,
            "avg_abnormal_entropy": 0.6161704659461975,
            "avg_normal_recon": 0.40671584010124207,
            "avg_abnormal_recon": 3.3467743396759033
        },
        {
            "run": 5,
            "train_time": 3.3811583518981934,
            "test_time": 0.06160783767700195,
            "epochs": 20,
            "rauc": 0.9664981036662452,
            "ap": 0.9747464236576953,
            "f1": 0.9126984126984127,
            "entropy_rauc": 0.2855035819637589,
            "entropy_ap": 0.3962090899144667,
            "entropy_f1": 0.3888888888888889,
            "avg_normal_entropy": 1.0282574892044067,
            "avg_abnormal_entropy": 0.7370860576629639,
            "avg_normal_recon": 0.5415410399436951,
            "avg_abnormal_recon": 4.011673450469971
        },
        {
            "run": 6,
            "train_time": 6.114922523498535,
            "test_time": 0.06082439422607422,
            "epochs": 37,
            "rauc": 0.9489394577890153,
            "ap": 0.9562935969796612,
            "f1": 0.8571428571428571,
            "entropy_rauc": 0.27391487568478723,
            "entropy_ap": 0.40165931161961865,
            "entropy_f1": 0.35714285714285715,
            "avg_normal_entropy": 0.9960302710533142,
            "avg_abnormal_entropy": 0.7533403635025024,
            "avg_normal_recon": 0.6893702149391174,
            "avg_abnormal_recon": 3.83748459815979
        },
        {
            "run": 7,
            "train_time": 4.079172372817993,
            "test_time": 0.038117170333862305,
            "epochs": 42,
            "rauc": 0.953574940300604,
            "ap": 0.959961078747231,
            "f1": 0.8650793650793651,
            "entropy_rauc": 0.5662312122489114,
            "entropy_ap": 0.6436358610877948,
            "entropy_f1": 0.5476190476190477,
            "avg_normal_entropy": 0.7357408404350281,
            "avg_abnormal_entropy": 0.7862274050712585,
            "avg_normal_recon": 0.4058978855609894,
            "avg_abnormal_recon": 3.248093605041504
        },
        {
            "run": 8,
            "train_time": 3.1444103717803955,
            "test_time": 0.04745030403137207,
            "epochs": 19,
            "rauc": 0.924708526478438,
            "ap": 0.9365947173067398,
            "f1": 0.8412698412698413,
            "entropy_rauc": 0.16659643208315777,
            "entropy_ap": 0.3760985726135773,
            "entropy_f1": 0.25396825396825395,
            "avg_normal_entropy": 1.453458309173584,
            "avg_abnormal_entropy": 1.256279468536377,
            "avg_normal_recon": 0.6861870288848877,
            "avg_abnormal_recon": 3.314404010772705
        },
        {
            "run": 9,
            "train_time": 7.133562326431274,
            "test_time": 0.06470370292663574,
            "epochs": 43,
            "rauc": 0.9851102682961089,
            "ap": 0.9875381509025049,
            "f1": 0.9206349206349206,
            "entropy_rauc": 0.35173479421267034,