{
    "model_config": {
        "num_features": 16,
        "hidden_dim": 128,
        "depth": 4,
        "num_heads": 4,
        "mlp_ratio": 4.0,
        "dropout_prob": 0.0,
        "temperature": 0.2,
        "contrastive_loss_weight": 0.1,
        "use_flash_attn": false
    },
    "train_config": {
        "data_dir": "Data/",
        "epochs": 200,
        "learning_rate": 0.001,
        "sche_gamma": 0.95,
        "batch_size": 512,
        "random_seed": 42,
        "num_workers": 0,
        "preprocess": "standard",
        "patience": 10,
        "min_delta": 0,
        "use_amp": false,
        "model_type": "TAECL",
        "dataset_name": "pendigits",
        "base_path": "results/TAECL-temp0.2-contra0.1/pendigits/1.0",
        "exp_name": "TAECL-temp0.2-contra0.1",
        "runs": 10,
        "train_ratio": 1.0
    },
    "mean_metrics": {
        "ap": 0.8954258304668873,
        "combined_ap": 0.903936322684519,
        "contra_f1": 0.5493589743589744,
        "combined_avg_normal": -0.8343485057353973,
        "contra_ap": 0.518757204855534,
        "combined_avg_abnormal": -0.6964426517486573,
        "combined_rauc": 0.995553493274673,
        "rauc": 0.9943884955279056,
        "f1": 0.8435897435897436,
        "contra_avg_normal": -0.8512654066085815,
        "contra_rauc": 0.9547821047485927,
        "contra_avg_abnormal": -0.8428317844867707,
        "avg_abnormal": 0.14638914912939072,
        "combined_f1": 0.8544871794871793,
        "avg_normal": 0.01691692266613245
    },
    "std_metrics": {
        "ap_std": 0.0543720490001593,
        "combined_ap_std": 0.046872675068212695,
        "contra_f1_std": 0.12929186844203852,
        "combined_avg_normal_std": 0.0012718749961122082,
        "contra_ap_std": 0.1722346830476886,
        "combined_avg_abnormal_std": 0.01934778434283577,
        "combined_rauc_std": 0.0025149425447981225,
        "rauc_std": 0.003936433335827105,
        "f1_std": 0.05081518251950362,
        "contra_avg_normal_std": 0.001080118207783674,
        "contra_rauc_std": 0.023036121570863346,
        "contra_avg_abnormal_std": 0.00127406489113119,
        "avg_abnormal_std": 0.01906465145196309,
        "combined_f1_std": 0.04693516027688585,
        "avg_normal_std": 0.00046631187422074664
    },
    "total_time": 291.16262221336365,
    "all_seeds": [
        {
            "run": 0,
            "train_time": 33.78933525085449,
            "test_time": 0.14751482009887695,
            "epochs": 128,
            "rauc": 0.9877676191349112,
            "ap": 0.7612793788138883,
            "f1": 0.717948717948718,
            "avg_normal": 0.017282450571656227,
            "avg_abnormal": 0.12514786422252655,
            "contra_rauc": 0.9944681224842082,
            "contra_ap": 0.9196171429874365,
            "contra_f1": 0.8141025641025641,
            "contra_avg_normal": -0.8528871536254883,
            "contra_avg_abnormal": -0.8406796455383301,
            "combined_rauc": 0.9908514928622167,
            "combined_ap": 0.7916517768919571,
            "combined_f1": 0.7435897435897436,
            "combined_avg_normal": -0.835604727268219,
            "combined_avg_abnormal": -0.7155318856239319
        },
        {
            "run": 1,
            "train_time": 28.39096188545227,
            "test_time": 0.11423158645629883,
            "epochs": 109,
            "rauc": 0.9959785522788203,
            "ap": 0.9116043915646564,
            "f1": 0.8461538461538461,
            "avg_normal": 0.016829924657940865,
            "avg_abnormal": 0.14221468567848206,
            "contra_rauc": 0.9702439601903411,
            "contra_ap": 0.6021109039054985,
            "contra_f1": 0.6025641025641025,
            "contra_avg_normal": -0.8519664406776428,
            "contra_avg_abnormal": -0.8425398468971252,
            "combined_rauc": 0.9969409500240599,
            "combined_ap": 0.9219096768249426,
            "combined_f1": 0.8589743589743589,
            "combined_avg_normal": -0.8351365923881531,
            "combined_avg_abnormal": -0.7003251314163208
        },
        {
            "run": 2,
            "train_time": 35.8369083404541,
            "test_time": 0.12375950813293457,
            "epochs": 139,
            "rauc": 0.9951345447324,
            "ap": 0.9123413734964289,
            "f1": 0.8525641025641025,
            "avg_normal": 0.017207596451044083,
            "avg_abnormal": 0.15393537282943726,
            "contra_rauc": 0.9397556197154053,
            "contra_ap": 0.43877683337247586,
            "contra_f1": 0.46794871794871795,
            "contra_avg_normal": -0.8520931005477905,
            "contra_avg_abnormal": -0.8445689082145691,
            "combined_rauc": 0.9958811667926949,
            "combined_ap": 0.9183316760158123,
            "combined_f1": 0.8525641025641025,
            "combined_avg_normal": -0.8348855376243591,
            "combined_avg_abnormal": -0.6906335353851318
        },
        {
            "run": 3,
            "train_time": 32.680012702941895,
            "test_time": 0.14690399169921875,
            "epochs": 127,
            "rauc": 0.9979224429626574,
            "ap": 0.9438933248234872,
            "f1": 0.9038461538461539,
            "avg_normal": 0.01779431663453579,
            "avg_abnormal": 0.17411911487579346,
            "contra_rauc": 0.9807921450012603,
            "contra_ap": 0.6329404577402636,
            "contra_f1": 0.6923076923076923,
            "contra_avg_normal": -0.8499113321304321,
            "contra_avg_abnormal": -0.8406261801719666,
            "combined_rauc": 0.9981401281669378,
            "combined_ap": 0.9482549159669559,
            "combined_f1": 0.9230769230769231,
            "combined_avg_normal": -0.8321170806884766,
            "combined_avg_abnormal": -0.6665070652961731
        },
        {
            "run": 4,
            "train_time": 24.2661714553833,
            "test_time": 0.09356141090393066,
            "epochs": 141,
            "rauc": 0.9978269669958678,
            "ap": 0.9509487957337922,
            "f1": 0.8910256410256411,
            "avg_normal": 0.016641482710838318,
            "avg_abnormal": 0.17352287471294403,
            "contra_rauc": 0.9578664558557319,
            "contra_ap": 0.5420659384160853,
            "contra_f1": 0.5705128205128205,
            "contra_avg_normal": -0.8506675362586975,
            "contra_avg_abnormal": -0.8424178957939148,
            "combined_rauc": 0.9979167144046501,
            "combined_ap": 0.9524576819879199,
            "combined_f1": 0.8910256410256411,
            "combined_avg_normal": -0.8340260982513428,
            "combined_avg_abnormal": -0.6688950657844543
        },
        {
            "run": 5,
            "train_time": 11.65656328201294,
            "test_time": 0.1195070743560791,
            "epochs": 111,
            "rauc": 0.9859382996112218,
            "ap": 0.8547703787358207,
            "f1": 0.8333333333333334,
            "avg_normal": 0.016117895022034645,
            "avg_abnormal": 0.13835127651691437,
            "contra_rauc": 0.9539022937146262,
            "contra_ap": 0.5721016220532266,
            "contra_f1": 0.5641025641025641,
            "contra_avg_normal": -0.8525883555412292,
            "contra_avg_abnormal": -0.8438701033592224,
            "combined_rauc": 0.9908820451715894,
            "combined_ap": 0.8688837159231719,
            "combined_f1": 0.8397435897435898,
            "combined_avg_normal": -0.8364704251289368,
            "combined_avg_abnormal": -0.705518901348114
        },
        {
            "run": 6,
            "train_time": 33.86638426780701,
            "test_time": 0.1484241485595703,
            "epochs": 132,
            "rauc": 0.996121766229005,
            "ap": 0.9144593086639385,
            "f1": 0.8269230769230769,
            "avg_normal": 0.016579644754529,
            "avg_abnormal": 0.12250350415706635,