{
    "model_config": {
        "num_features": 6,
        "hidden_dim": 128,
        "depth": 4,
        "num_heads": 4,
        "mlp_ratio": 4.0,
        "dropout_prob": 0.0,
        "temperature": 1.0,
        "contrastive_loss_weight": 0.01,
        "use_flash_attn": false
    },
    "train_config": {
        "data_dir": "Data/",
        "epochs": 200,
        "learning_rate": 0.001,
        "sche_gamma": 0.95,
        "batch_size": 512,
        "random_seed": 42,
        "num_workers": 0,
        "preprocess": "standard",
        "patience": 10,
        "min_delta": 0,
        "use_amp": false,
        "model_type": "TAECL",
        "dataset_name": "mammography",
        "base_path": "results/TAECL-temp1.0-contra0.01-combined/mammography/1.0",
        "exp_name": "TAECL-temp1.0-contra0.01-combined",
        "runs": 10,
        "train_ratio": 1.0,
        "run": 9
    },
    "mean_metrics": {
        "rauc": 0.8909560459679465,
        "ap": 0.46062436964822806,
        "f1": 0.44961538461538464,
        "avg_normal": -0.07878432050347328,
        "avg_abnormal": 1.2833726584911347
    },
    "std_metrics": {
        "rauc_std": 0.013219992603562146,
        "ap_std": 0.04218986702427952,
        "f1_std": 0.03809245992264847,
        "avg_normal_std": 0.006612733358479307,
        "avg_abnormal_std": 0.1591051589476934
    },
    "total_time": 631.6088750362396,
    "all_seeds": [
        {
            "rauc": 0.9131041742951299,
            "ap": 0.5197572217964924,
            "f1": 0.5153846153846153,
            "avg_normal": -0.074942946434021,
            "avg_abnormal": 1.5332518815994263,
            "run": 0,
            "epochs": 162,
            "train_time": 60.51742601394653,
            "test_time": 0.4193141460418701
        },
        {
            "rauc": 0.8930097456552968,
            "ap": 0.46839548698697203,
            "f1": 0.45384615384615384,
            "avg_normal": -0.07917789369821548,
            "avg_abnormal": 1.4420493841171265,
            "run": 1,
            "epochs": 139,
            "train_time": 53.845834732055664,
            "test_time": 0.5282609462738037
        },
        {
            "rauc": 0.8604674252880039,
            "ap": 0.36840175967709965,
            "f1": 0.3769230769230769,
            "avg_normal": -0.07458566129207611,
            "avg_abnormal": 1.2200652360916138,
            "run": 2,
            "epochs": 138,
            "train_time": 53.27571511268616,
            "test_time": 0.2034304141998291
        },
        {
            "rauc": 0.8952648367743572,
            "ap": 0.4831511134845468,
            "f1": 0.4307692307692308,
            "avg_normal": -0.08829721063375473,
            "avg_abnormal": 0.9656490683555603,
            "run": 3,
            "epochs": 172,
            "train_time": 68.92303991317749,
            "test_time": 0.22480010986328125
        },
        {
            "rauc": 0.883459144297665,
            "ap": 0.4474482638689338,
            "f1": 0.46153846153846156,
            "avg_normal": -0.07424189150333405,
            "avg_abnormal": 1.1798590421676636,
            "run": 4,
            "epochs": 164,
            "train_time": 63.96047329902649,
            "test_time": 0.6124792098999023
        },
        {
            "rauc": 0.9022343182266286,
            "ap": 0.4908444453875561,
            "f1": 0.46153846153846156,
            "avg_normal": -0.08518631756305695,
            "avg_abnormal": 1.3023477792739868,
            "run": 5,
            "epochs": 170,
            "train_time": 65.22623205184937,
            "test_time": 0.3270566463470459
        },
        {
            "rauc": 0.8990761344111765,
            "ap": 0.49569610093787886,
            "f1": 0.4846153846153846,
            "avg_normal": -0.0785195529460907,
            "avg_abnormal": 1.2828258275985718,
            "run": 6,
            "epochs": 183,
            "train_time": 72.9663143157959,
            "test_time": 0.1953728199005127
        },
        {
            "rauc": 0.8911500436582823,
            "ap": 0.48160248352254137,
            "f1": 0.46153846153846156,
            "avg_normal": -0.0889066532254219,
            "avg_abnormal": 1.1537647247314453,
            "run": 7,
            "epochs": 164,
            "train_time": 64.07039499282837,
            "test_time": 0.13663291931152344
        },
        {
            "rauc": 0.8873542376700561,
            "ap": 0.42651026631549827,
            "f1": 0.39615384615384613,
            "avg_normal": -0.07737027108669281,
            "avg_abnormal": 1.2898337841033936,
            "run": 8,
            "epochs": 161,
            "train_time": 64.86894989013672,
            "test_time": 0.16987991333007812
        },
        {
            "rauc": 0.8844403994028674,
            "ap": 0.4244365545047616,
            "f1": 0.45384615384615384,
            "avg_normal": -0.06661480665206909,
            "avg_abnormal": 1.4640798568725586,
            "run": 9,
            "epochs": 145,
            "train_time": 58.693530559539795,
            "test_time": 0.25672197341918945
        }
    ]
}