{
    "model_config": {
        "num_heads": 4,
        "num_latents": 6,
        "num_memories": 53,
        "depth": 4,
        "hidden_dim": 32,
        "mlp_ratio": 4.0,
        "dropout_prob": 0.0,
        "temperature": 0.1,
        "sim_type": "cos",
        "use_oe": true,
        "oe_lambda": 1.0,
        "oe_shuffle_ratio": 0.1,
        "oe_lambda_memory": 0.1,
        "is_weight_sharing": false,
        "use_pos_enc_as_query": false,
        "use_mask_token": false,
        "num_features": 36
    },
    "train_config": {
        "data_dir": "Data/",
        "epochs": 250,
        "learning_rate": 0.01,
        "sche_gamma": 0.95,
        "batch_size": 512,
        "random_seed": 42,
        "num_workers": 0,
        "preprocess": "standard",
        "model_type": "OELATTE",
        "dataset_name": "satimage-2",
        "train_ratio": 1.0,
        "base_path": "results/OELATTE-d32-oe_lam1.0-oe_rat0.1-oe_lam_mem0.1/satimage-2/1.0",
        "not_use_power_of_two": false,
        "num_memories_not_use_power_of_two": false,
        "num_memories_twice": false,
        "contamination_ratio": null,
        "latent_ratio": null,
        "memory_ratio": null,
        "run": 9
    },
    "mean_metrics": {
        "AUC-ROC": 0.9963987694485125,
        "AUC-PR": 0.9641173878317852,
        "f1": 0.9028169014084508
    },
    "total_time": 101.1917610168457,
    "all_seeds": [
        {
            "run": 0,
            "AUC-ROC": 0.9966041889859746,
            "AUC-PR": 0.9659496207758088,
            "f1": 0.9014084507042254,
            "train_time": 10.748974561691284,
            "test_time": 0.06688308715820312,
            "epochs": 28
        },
        {
            "run": 1,
            "AUC-ROC": 0.9970808802571185,
            "AUC-PR": 0.9607415072977713,
            "f1": 0.9014084507042254,
            "train_time": 9.723220586776733,
            "test_time": 0.16596221923828125,
            "epochs": 29
        },
        {
            "run": 2,
            "AUC-ROC": 0.9973953982092134,
            "AUC-PR": 0.9650163215887599,
            "f1": 0.9014084507042254,
            "train_time": 9.70729112625122,
            "test_time": 0.05540299415588379,
            "epochs": 29
        },
        {
            "run": 3,
            "AUC-ROC": 0.9966238463579804,
            "AUC-PR": 0.9695280601468018,
            "f1": 0.9154929577464789,
            "train_time": 9.775062322616577,
            "test_time": 0.05173301696777344,
            "epochs": 29
        },
        {
            "run": 4,
            "AUC-ROC": 0.9948694259064506,
            "AUC-PR": 0.9636276377476299,
            "f1": 0.9014084507042254,
            "train_time": 10.245212316513062,
            "test_time": 0.04898786544799805,
            "epochs": 29
        },
        {
            "run": 5,
            "AUC-ROC": 0.995999724796792,
            "AUC-PR": 0.9626872002596654,
            "f1": 0.9014084507042254,
            "train_time": 9.84839153289795,
            "test_time": 0.05160927772521973,
            "epochs": 29
        },
        {
            "run": 6,
            "AUC-ROC": 0.9950266848824982,
            "AUC-PR": 0.9593843116155264,
            "f1": 0.9014084507042254,
            "train_time": 9.546264171600342,
            "test_time": 0.06664276123046875,
            "epochs": 28
        },
        {
            "run": 7,
            "AUC-ROC": 0.997238139233166,
            "AUC-PR": 0.9601766156755214,
            "f1": 0.8873239436619719,
            "train_time": 9.628961086273193,
            "test_time": 0.05470013618469238,
            "epochs": 29
        },
        {
            "run": 8,
            "AUC-ROC": 0.9968155057350383,
            "AUC-PR": 0.9695819491657051,
            "f1": 0.9154929577464789,
            "train_time": 9.354202508926392,
            "test_time": 0.06426644325256348,
            "epochs": 28
        },
        {
            "run": 9,
            "AUC-ROC": 0.9963339001208928,
            "AUC-PR": 0.9644806540446624,
            "f1": 0.9014084507042254,
            "train_time": 9.798609733581543,
            "test_time": 0.05256915092468262,
            "epochs": 29
        }
    ]
}