{
    "model_config": {
        "hidden_dim": 128,
        "depth": 4,
        "num_heads": 4,
        "mlp_ratio": 4.0,
        "dropout_prob": 0.0,
        "num_prototypes": 16,
        "temperature": 0.1,
        "sinkhorn_iters": 3,
        "sinkhorn_eps": 0.05,
        "contrastive_loss_weight": 0.1,
        "use_flash_attn": false,
        "num_features": 36
    },
    "train_config": {
        "data_dir": "Data/",
        "epochs": 250,
        "learning_rate": 0.01,
        "sche_gamma": 0.95,
        "batch_size": 512,
        "random_seed": 42,
        "num_workers": 0,
        "preprocess": "standard",
        "patience": 30,
        "use_amp": false,
        "model_type": "ProtoAD",
        "dataset_name": "satellite",
        "base_path": "results/ProtoAD-d128-proto16-eps0.05-contra0.1-temp0.1/satellite/1.0",
        "exp_name": "ProtoAD-d128-proto16-eps0.05-contra0.1-temp0.1",
        "runs": 10,
        "train_ratio": 1.0,
        "run": 9
    },
    "mean_metrics": {
        "rauc": 0.8363389667797823,
        "ap": 0.8551812761128292,
        "f1": 0.744351669941061,
        "entropy_rauc": 0.4690185970709055,
        "entropy_ap": 0.4539605396013453,
        "entropy_f1": 0.449950884086444,
        "avg_normal_entropy": 0.36921604722738266,
        "avg_abnormal_entropy": 0.3061439126729965,
        "avg_normal_recon": 0.20371158570051193,
        "avg_abnormal_recon": 2.2239976644515993
    },
    "std_metrics": {
        "rauc_std": 0.016506070375420095,
        "ap_std": 0.009807323753593384,
        "f1_std": 0.015634375287226925,
        "entropy_rauc_std": 0.09255283019787197,
        "entropy_ap_std": 0.057827315062345674,
        "entropy_f1_std": 0.07683853069551083,
        "avg_normal_entropy_std": 0.15013983164227623,
        "avg_abnormal_entropy_std": 0.08051938329215011,
        "avg_normal_recon_std": 0.03178146893517411,
        "avg_abnormal_recon_std": 0.14848032097670388
    },
    "total_time": 393.5003559589386,
    "all_seeds": [
        {
            "run": 0,
            "train_time": 49.601428747177124,
            "test_time": 0.09993505477905273,
            "epochs": 248,
            "rauc": 0.8091922664761565,
            "ap": 0.8374698632426205,
            "f1": 0.7190569744597249,
            "entropy_rauc": 0.48499040007144134,
            "entropy_ap": 0.4527871652831195,
            "entropy_f1": 0.4022593320235756,
            "avg_normal_entropy": 0.3997066020965576,
            "avg_abnormal_entropy": 0.3634035885334015,
            "avg_normal_recon": 0.208283931016922,
            "avg_abnormal_recon": 2.150622844696045
        },
        {
            "run": 1,
            "train_time": 44.887084007263184,
            "test_time": 0.10957050323486328,
            "epochs": 200,
            "rauc": 0.8436321218074656,
            "ap": 0.861892797876936,
            "f1": 0.7524557956777996,
            "entropy_rauc": 0.5617706286836935,
            "entropy_ap": 0.49139833014055007,
            "entropy_f1": 0.5348722986247544,
            "avg_normal_entropy": 0.28828662633895874,
            "avg_abnormal_entropy": 0.3123946487903595,
            "avg_normal_recon": 0.19826221466064453,
            "avg_abnormal_recon": 2.303955554962158
        },
        {
            "run": 2,
            "train_time": 16.53745126724243,
            "test_time": 0.09717607498168945,
            "epochs": 72,
            "rauc": 0.8356827111984282,
            "ap": 0.8486910989909471,
            "f1": 0.7406679764243614,
            "entropy_rauc": 0.4281675299160564,
            "entropy_ap": 0.4070099842838439,
            "entropy_f1": 0.40029469548133595,
            "avg_normal_entropy": 0.6511529088020325,
            "avg_abnormal_entropy": 0.42367416620254517,
            "avg_normal_recon": 0.2789750099182129,
            "avg_abnormal_recon": 2.3214426040649414
        },
        {
            "run": 3,
            "train_time": 29.329654693603516,
            "test_time": 0.08012223243713379,
            "epochs": 177,
            "rauc": 0.8231507858546168,
            "ap": 0.852165046951679,
            "f1": 0.731827111984283,
            "entropy_rauc": 0.5613759153420254,
            "entropy_ap": 0.49743250637319314,
            "entropy_f1": 0.4808447937131631,
            "avg_normal_entropy": 0.31431832909584045,
            "avg_abnormal_entropy": 0.3236970603466034,
            "avg_normal_recon": 0.1862555891275406,
            "avg_abnormal_recon": 2.494659900665283
        },
        {
            "run": 4,
            "train_time": 45.94289946556091,
            "test_time": 0.09976935386657715,
            "epochs": 203,
            "rauc": 0.8565156724415075,
            "ap": 0.863643051987339,
            "f1": 0.7558939096267191,
            "entropy_rauc": 0.41079344525808176,
            "entropy_ap": 0.4030126928384571,
            "entropy_f1": 0.39145383104125736,
            "avg_normal_entropy": 0.6339386701583862,
            "avg_abnormal_entropy": 0.42979687452316284,
            "avg_normal_recon": 0.23169295489788055,
            "avg_abnormal_recon": 2.224655866622925
        },
        {
            "run": 5,
            "train_time": 39.92912292480469,
            "test_time": 0.10005521774291992,
            "epochs": 176,
            "rauc": 0.8673580103589926,
            "ap": 0.8739715922534927,
            "f1": 0.7799607072691552,
            "entropy_rauc": 0.43682979103411324,
            "entropy_ap": 0.44491946154841083,
            "entropy_f1": 0.4219056974459725,
            "avg_normal_entropy": 0.3208197057247162,
            "avg_abnormal_entropy": 0.27239152789115906,
            "avg_normal_recon": 0.2121286541223526,
            "avg_abnormal_recon": 2.3076465129852295
        },
        {
            "run": 6,
            "train_time": 43.670222997665405,
            "test_time": 0.10127663612365723,
            "epochs": 193,
            "rauc": 0.839110332202179,
            "ap": 0.8574902899993204,
            "f1": 0.7460707269155207,
            "entropy_rauc": 0.617557599571352,
            "entropy_ap": 0.5718492924177788,
            "entropy_f1": 0.6011787819253438,
            "avg_normal_entropy": 0.14675982296466827,
            "avg_abnormal_entropy": 0.19807898998260498,
            "avg_normal_recon": 0.16227996349334717,
            "avg_abnormal_recon": 2.0148978233337402
        },
        {
            "run": 7,
            "train_time": 39.26318287849426,
            "test_time": 0.09960079193115234,
            "epochs": 183,
            "rauc": 0.8351810591176996,
            "ap": 0.8596396649467578,
            "f1": 0.7441060903732809,
            "entropy_rauc": 0.5215777370959099,
            "entropy_ap": 0.498846090059303,
            "entropy_f1": 0.5260314341846758,
            "avg_normal_entropy": 0.28180742263793945,
            "avg_abnormal_entropy": 0.31948959827423096,
            "avg_normal_recon": 0.16632163524627686,
            "avg_abnormal_recon": 2.076195240020752
        },
        {
            "run": 8,
            "train_time": 55.643791913986206,
            "test_time": 0.10395050048828125,
            "epochs": 245,
            "rauc": 0.8367605822468298,
            "ap": 0.850736346252574,
            "f1": 0.7416502946954814,
            "entropy_rauc": 0.3516402482586176,
            "entropy_ap": 0.39520769184089405,
            "entropy_f1": 0.387524557956778,
            "avg_normal_entropy": 0.29274699091911316,
            "avg_abnormal_entropy": 0.19632039964199066,
            "avg_normal_recon": 0.19834192097187042,
            "avg_abnormal_recon": 2.017779588699341
        },
        {
            "run": 9,
            "train_time": 25.66823649406433,
            "test_time": 0.09975314140319824,
            "epochs": 113,
            "rauc": 0.8168061260939453,
            "ap": 0.8461130086266272,
            "f1": 0.731827111984283,