{
    "model_config": {
        "num_heads": 4,
        "num_latents": 3,
        "num_memories": 14,
        "depth": 4,
        "hidden_dim": 16,
        "mlp_ratio": 4.0,
        "dropout_prob": 0.0,
        "temperature": 0.1,
        "sim_type": "cos",
        "use_oe": true,
        "oe_lambda": 0.2,
        "oe_shuffle_ratio": 0.3,
        "oe_lambda_memory": 0.0,
        "is_weight_sharing": false,
        "use_pos_enc_as_query": false,
        "use_mask_token": false,
        "num_features": 9
    },
    "train_config": {
        "data_dir": "Data/",
        "epochs": 250,
        "learning_rate": 0.01,
        "sche_gamma": 0.95,
        "batch_size": 512,
        "random_seed": 42,
        "num_workers": 0,
        "preprocess": "standard",
        "model_type": "OELATTE",
        "dataset_name": "breastw",
        "train_ratio": 1.0,
        "base_path": "results/OELATTE-d16-oe_lam0.2-oe_rat0.3/breastw/1.0",
        "not_use_power_of_two": false,
        "num_memories_not_use_power_of_two": false,
        "num_memories_twice": false,
        "contamination_ratio": null,
        "latent_ratio": null,
        "memory_ratio": null,
        "run": 9
    },
    "mean_metrics": {
        "AUC-ROC": 0.9858155226356065,
        "AUC-PR": 0.9826236181736128,
        "f1": 0.9535564853556486
    },
    "total_time": 142.3959493637085,
    "all_seeds": [
        {
            "run": 0,
            "AUC-ROC": 0.9858645256134796,
            "AUC-PR": 0.9851497318083557,
            "f1": 0.9497907949790795,
            "train_time": 14.613096714019775,
            "test_time": 0.020001649856567383,
            "epochs": 250
        },
        {
            "run": 1,
            "AUC-ROC": 0.9871649892570395,
            "AUC-PR": 0.983606339122663,
            "f1": 0.9497907949790795,
            "train_time": 13.849022150039673,
            "test_time": 0.019989490509033203,
            "epochs": 250
        },
        {
            "run": 2,
            "AUC-ROC": 0.9899166949376155,
            "AUC-PR": 0.98850338587457,
            "f1": 0.9665271966527197,
            "train_time": 14.007556915283203,
            "test_time": 0.02066183090209961,
            "epochs": 250
        },
        {
            "run": 3,
            "AUC-ROC": 0.9788344830185833,
            "AUC-PR": 0.967133730360187,
            "f1": 0.9414225941422594,
            "train_time": 13.855713844299316,
            "test_time": 0.019893169403076172,
            "epochs": 250
        },
        {
            "run": 4,
            "AUC-ROC": 0.9817746616909796,
            "AUC-PR": 0.9787074355915699,
            "f1": 0.9456066945606695,
            "train_time": 13.990983486175537,
            "test_time": 0.022221803665161133,
            "epochs": 250
        },
        {
            "run": 5,
            "AUC-ROC": 0.9877869501300464,
            "AUC-PR": 0.9864879873139966,
            "f1": 0.9581589958158996,
            "train_time": 14.010328769683838,
            "test_time": 0.020412683486938477,
            "epochs": 250
        },
        {
            "run": 6,
            "AUC-ROC": 0.9904067247163482,
            "AUC-PR": 0.9895906538618088,
            "f1": 0.9623430962343096,
            "train_time": 13.936216831207275,
            "test_time": 0.021503448486328125,
            "epochs": 250
        },
        {
            "run": 7,
            "AUC-ROC": 0.9790794979079498,
            "AUC-PR": 0.9726829170065395,
            "f1": 0.9414225941422594,
            "train_time": 14.061939716339111,
            "test_time": 0.021503925323486328,
            "epochs": 250
        },
        {
            "run": 8,
            "AUC-ROC": 0.9901240152286176,
            "AUC-PR": 0.9895579883583178,
            "f1": 0.9581589958158996,
            "train_time": 13.999719619750977,
            "test_time": 0.02157759666442871,
            "epochs": 250
        },
        {
            "run": 9,
            "AUC-ROC": 0.9872026838554036,
            "AUC-PR": 0.9848160124381199,
            "f1": 0.9623430962343096,
            "train_time": 14.204722166061401,
            "test_time": 0.02138686180114746,
            "epochs": 250
        }
    ]
}