{
    "model_config": {
        "num_heads": 4,
        "num_latents": 11,
        "num_memories": 189,
        "depth": 4,
        "hidden_dim": 64,
        "mlp_ratio": 4.0,
        "dropout_prob": 0.0,
        "temperature": 0.1,
        "sim_type": "cos",
        "use_oe": true,
        "oe_lambda": 0.1,
        "oe_shuffle_ratio": 0.5,
        "oe_lambda_memory": 1.0,
        "is_weight_sharing": false,
        "use_pos_enc_as_query": false,
        "use_mask_token": false,
        "num_features": 122
    },
    "train_config": {
        "data_dir": "Data/",
        "epochs": 250,
        "learning_rate": 0.001,
        "sche_gamma": 0.98,
        "batch_size": 2048,
        "random_seed": 42,
        "num_workers": 0,
        "preprocess": "standard",
        "patience": 50,
        "min_delta": 1e-05,
        "model_type": "OELATTE",
        "dataset_name": "nslkdd",
        "train_ratio": 1.0,
        "base_path": "results/OELATTE-d64-oe_lam0.1-oe_rat0.5-oe_lam_mem1.0/nslkdd/1.0",
        "not_use_power_of_two": false,
        "num_memories_not_use_power_of_two": false,
        "num_memories_twice": false,
        "contamination_ratio": null,
        "latent_ratio": null,
        "memory_ratio": null,
        "run": 9
    },
    "mean_metrics": {
        "AUC-ROC": 0.7798186165823144,
        "AUC-PR": 0.8655963342109839,
        "f1": 0.8062600349943736
    },
    "total_time": 1098.397420167923,
    "all_seeds": [
        {
            "run": 0,
            "AUC-ROC": 0.7200623706983121,
            "AUC-PR": 0.8405675360368043,
            "f1": 0.7733018402678641,
            "train_time": 106.81947803497314,
            "test_time": 2.287409543991089,
            "epochs": 59
        },
        {
            "run": 1,
            "AUC-ROC": 0.8537049386838933,
            "AUC-PR": 0.9032585841256943,
            "f1": 0.8696703568155078,
            "train_time": 105.16552114486694,
            "test_time": 2.4579544067382812,
            "epochs": 59
        },
        {
            "run": 2,
            "AUC-ROC": 0.7754478272249075,
            "AUC-PR": 0.8661243471725099,
            "f1": 0.8026448983829522,
            "train_time": 105.85033655166626,
            "test_time": 2.469247579574585,
            "epochs": 59
        },
        {
            "run": 3,
            "AUC-ROC": 0.7524746195531681,
            "AUC-PR": 0.8560226950546601,
            "f1": 0.7817764165390505,
            "train_time": 106.46369409561157,
            "test_time": 2.7478513717651367,
            "epochs": 59
        },
        {
            "run": 4,
            "AUC-ROC": 0.7742518773683036,
            "AUC-PR": 0.8615576892747616,
            "f1": 0.8087524052212803,
            "train_time": 105.90314793586731,
            "test_time": 2.7063324451446533,
            "epochs": 59
        },
        {
            "run": 5,
            "AUC-ROC": 0.7900272640309638,
            "AUC-PR": 0.8728296881393602,
            "f1": 0.7955849144755626,
            "train_time": 105.20977139472961,
            "test_time": 2.512108325958252,
            "epochs": 59
        },
        {
            "run": 6,
            "AUC-ROC": 0.7220802140352105,
            "AUC-PR": 0.8352097221030352,
            "f1": 0.7640615672126041,
            "train_time": 106.22194933891296,
            "test_time": 2.503736972808838,
            "epochs": 59
        },
        {
            "run": 7,
            "AUC-ROC": 0.8230843380677136,
            "AUC-PR": 0.8879617391993414,
            "f1": 0.825213486645729,
            "train_time": 109.00163555145264,
            "test_time": 2.691157341003418,
            "epochs": 59
        },
        {
            "run": 8,
            "AUC-ROC": 0.8250920900359593,
            "AUC-PR": 0.884533263560306,
            "f1": 0.8344851304613029,
            "train_time": 106.59976935386658,
            "test_time": 2.498906135559082,
            "epochs": 59
        },
        {
            "run": 9,
            "AUC-ROC": 0.7619606261247129,
            "AUC-PR": 0.8478980774433647,
            "f1": 0.807109333921883,
            "train_time": 106.81526923179626,
            "test_time": 2.4396331310272217,
            "epochs": 59
        }
    ]
}