{
    "model_config": {
        "hidden_dim": 128,
        "depth": 4,
        "num_heads": 4,
        "mlp_ratio": 4.0,
        "dropout_prob": 0.0,
        "num_prototypes": 10,
        "temperature": 0.1,
        "sinkhorn_iters": 3,
        "sinkhorn_eps": 0.05,
        "contrastive_loss_weight": 0.01,
        "use_flash_attn": false,
        "num_features": 13
    },
    "train_config": {
        "data_dir": "Data/",
        "epochs": 250,
        "learning_rate": 0.01,
        "sche_gamma": 0.95,
        "batch_size": 512,
        "random_seed": 42,
        "num_workers": 0,
        "preprocess": "standard",
        "patience": 5,
        "use_amp": false,
        "model_type": "ProtoAD",
        "dataset_name": "wine",
        "base_path": "results/ProtoAD-d128-proto10-eps0.05-contra0.01-temp0.1/wine/1.0",
        "exp_name": "ProtoAD-d128-proto10-eps0.05-contra0.01-temp0.1",
        "runs": 10,
        "train_ratio": 1.0,
        "run": 9
    },
    "mean_metrics": {
        "rauc": 0.7596666666666667,
        "ap": 0.47943177798437925,
        "f1": 0.38,
        "entropy_rauc": 0.6211666666666666,
        "entropy_ap": 0.3268117458711273,
        "entropy_f1": 0.31,
        "avg_normal_entropy": 1.7397531747817994,
        "avg_abnormal_entropy": 1.803717279434204,
        "avg_normal_recon": 2.683836579322815,
        "avg_abnormal_recon": 4.225278067588806
    },
    "std_metrics": {
        "rauc_std": 0.22990916080535417,
        "ap_std": 0.2778942257426315,
        "f1_std": 0.28565713714171403,
        "entropy_rauc_std": 0.236811047508815,
        "entropy_ap_std": 0.2193342071321526,
        "entropy_f1_std": 0.28089143810376277,
        "avg_normal_entropy_std": 0.17853527582838383,
        "avg_abnormal_entropy_std": 0.262737051844188,
        "avg_normal_recon_std": 0.4970874951186908,
        "avg_abnormal_recon_std": 1.471952033017403
    },
    "total_time": 6.299774408340454,
    "all_seeds": [
        {
            "run": 0,
            "train_time": 1.0604560375213623,
            "test_time": 0.03518271446228027,
            "epochs": 5,
            "rauc": 0.8666666666666666,
            "ap": 0.6836698717948718,
            "f1": 0.5,
            "entropy_rauc": 0.7283333333333334,
            "entropy_ap": 0.2788828777431719,
            "entropy_f1": 0.3,
            "avg_normal_entropy": 1.360967755317688,
            "avg_abnormal_entropy": 1.6251745223999023,
            "avg_normal_recon": 3.4026620388031006,
            "avg_abnormal_recon": 5.942251205444336
        },
        {
            "run": 1,
            "train_time": 0.2743649482727051,
            "test_time": 0.028462648391723633,
            "epochs": 5,
            "rauc": 0.3466666666666667,
            "ap": 0.11541691687245724,
            "f1": 0.0,
            "entropy_rauc": 0.9199999999999999,
            "entropy_ap": 0.5710497397339502,
            "entropy_f1": 0.7,
            "avg_normal_entropy": 1.7866530418395996,
            "avg_abnormal_entropy": 2.0430397987365723,
            "avg_normal_recon": 3.3932881355285645,
            "avg_abnormal_recon": 2.163975715637207
        },
        {
            "run": 2,
            "train_time": 0.26853013038635254,
            "test_time": 0.04858684539794922,
            "epochs": 5,
            "rauc": 0.9933333333333333,
            "ap": 0.9622222222222222,
            "f1": 0.9,
            "entropy_rauc": 0.645,
            "entropy_ap": 0.23267137624280482,
            "entropy_f1": 0.2,
            "avg_normal_entropy": 1.8122199773788452,
            "avg_abnormal_entropy": 1.8857005834579468,
            "avg_normal_recon": 2.6097536087036133,
            "avg_abnormal_recon": 6.127022743225098
        },
        {
            "run": 3,
            "train_time": 0.25669169425964355,
            "test_time": 0.02769160270690918,
            "epochs": 5,
            "rauc": 0.9633333333333333,
            "ap": 0.7319336219336218,
            "f1": 0.7,
            "entropy_rauc": 0.43833333333333335,
            "entropy_ap": 0.13031556552239665,
            "entropy_f1": 0.0,
            "avg_normal_entropy": 1.8751040697097778,
            "avg_abnormal_entropy": 1.86020028591156,
            "avg_normal_recon": 2.065481662750244,
            "avg_abnormal_recon": 5.843808174133301
        },
        {
            "run": 4,
            "train_time": 0.2700662612915039,
            "test_time": 0.027913331985473633,
            "epochs": 5,
            "rauc": 0.65,
            "ap": 0.1922061338066965,
            "f1": 0.1,
            "entropy_rauc": 0.31166666666666665,
            "entropy_ap": 0.23357005323375865,
            "entropy_f1": 0.3,
            "avg_normal_entropy": 1.9231069087982178,
            "avg_abnormal_entropy": 1.839563012123108,
            "avg_normal_recon": 2.4810099601745605,
            "avg_abnormal_recon": 2.804067611694336
        },
        {
            "run": 5,
            "train_time": 0.2679297924041748,
            "test_time": 0.026185989379882812,
            "epochs": 5,
            "rauc": 0.8533333333333333,
            "ap": 0.5688000969618616,
            "f1": 0.4,
            "entropy_rauc": 0.5683333333333332,
            "entropy_ap": 0.16500836534327995,
            "entropy_f1": 0.0,
            "avg_normal_entropy": 1.794235348701477,
            "avg_abnormal_entropy": 1.8325954675674438,
            "avg_normal_recon": 3.172017812728882,
            "avg_abnormal_recon": 5.558999061584473
        },
        {
            "run": 6,
            "train_time": 0.2614307403564453,
            "test_time": 0.027283668518066406,
            "epochs": 5,
            "rauc": 0.33666666666666667,
            "ap": 0.1119398993617712,
            "f1": 0.0,
            "entropy_rauc": 0.5700000000000001,
            "entropy_ap": 0.19614916541259253,
            "entropy_f1": 0.2,
            "avg_normal_entropy": 1.8159584999084473,
            "avg_abnormal_entropy": 1.829368233680725,
            "avg_normal_recon": 3.033588171005249,
            "avg_abnormal_recon": 2.523888349533081
        },
        {
            "run": 7,
            "train_time": 0.26987290382385254,
            "test_time": 0.028255224227905273,
            "epochs": 5,
            "rauc": 0.7516666666666667,
            "ap": 0.282379372433552,
            "f1": 0.2,
            "entropy_rauc": 0.9716666666666667,
            "entropy_ap": 0.7712809412809413,
            "entropy_f1": 0.8,
            "avg_normal_entropy": 1.9257845878601074,
            "avg_abnormal_entropy": 2.157714366912842,
            "avg_normal_recon": 2.128805637359619,
            "avg_abnormal_recon": 2.9964375495910645
        },
        {
            "run": 8,
            "train_time": 0.2722301483154297,
            "test_time": 0.02705240249633789,
            "epochs": 5,
            "rauc": 0.8966666666666667,
            "ap": 0.4744883618796662,
            "f1": 0.5,
            "entropy_rauc": 0.22500000000000003,
            "entropy_ap": 0.09809922744785352,
            "entropy_f1": 0.0,
            "avg_normal_entropy": 1.5216882228851318,
            "avg_abnormal_entropy": 1.1241161823272705,
            "avg_normal_recon": 2.37680983543396,
            "avg_abnormal_recon": 4.23902702331543
        },
        {
            "run": 9,
            "train_time": 0.18624281883239746,
            "test_time": 0.014892816543579102,
            "epochs": 5,
            "rauc": 0.9383333333333332,
            "ap": 0.671261282577072,
            "f1": 0.5,
            "entropy_rauc": 0.8333333333333334,
            "entropy_ap": 0.5910901467505241,
            "entropy_f1": 0.6,
            "avg_normal_entropy": 1.5818133354187012,
            "avg_abnormal_entropy": 1.8397003412246704,
            "avg_normal_recon": 2.1749489307403564,
            "avg_abnormal_recon": 4.053303241729736
        }
    ]
}