{
    "model_config": {
        "num_features": 21,
        "hidden_dim": 32,
        "depth": 4,
        "num_heads": 4,
        "mlp_ratio": 4.0,
        "dropout_prob": 0.0,
        "use_flash_attn": false,
        "ema_decay": 0.999,
        "contrastive_loss_weight": 0.1
    },
    "train_config": {
        "data_dir": "Data/",
        "epochs": 200,
        "learning_rate": 0.01,
        "sche_gamma": 0.95,
        "batch_size": 512,
        "random_seed": 42,
        "num_workers": 0,
        "preprocess": "standard",
        "patience": 10,
        "min_delta": 0,
        "use_amp": false,
        "model_type": "TKDAD",
        "dataset_name": "cardio",
        "base_path": "results/TKDAD-d32-lr0.01-contra0.1/cardio/1.0",
        "exp_name": "TKDAD-d32-lr0.01-contra0.1",
        "runs": 10,
        "train_ratio": 1.0
    },
    "mean_metrics": {
        "avg_normal_score": 0.021566899307072163,
        "f1": 0.42159090909090907,
        "rauc": 0.7226215963987703,
        "ap": 0.42568112278417247,
        "avg_abnormal_score": 0.029068355448544025
    },
    "std_metrics": {
        "avg_normal_score_std": 0.002760535256453542,
        "f1_std": 0.11340316982174631,
        "rauc_std": 0.09921282152038909,
        "ap_std": 0.12482402251056411,
        "avg_abnormal_score_std": 0.0034594458800700652
    },
    "total_time": 33.640745401382446,
    "all_seeds": [
        {
            "run": 0,
            "train_time": 3.979707717895508,
            "test_time": 0.032442331314086914,
            "epochs": 35,
            "rauc": 0.7988306982872201,
            "ap": 0.5685086768265718,
            "f1": 0.5170454545454546,
            "avg_normal_score": 0.02127911150455475,
            "avg_abnormal_score": 0.0324237085878849
        },
        {
            "run": 1,
            "train_time": 2.444598913192749,
            "test_time": 0.032190561294555664,
            "epochs": 26,
            "rauc": 0.6178016578831795,
            "ap": 0.2331835208122792,
            "f1": 0.20454545454545456,
            "avg_normal_score": 0.029056662693619728,
            "avg_abnormal_score": 0.033389292657375336
        },
        {
            "run": 2,
            "train_time": 3.433610200881958,
            "test_time": 0.03324294090270996,
            "epochs": 35,
            "rauc": 0.5923020970575319,
            "ap": 0.25425124357087975,
            "f1": 0.26136363636363635,
            "avg_normal_score": 0.021330123767256737,
            "avg_abnormal_score": 0.024405302479863167
        },
        {
            "run": 3,
            "train_time": 4.053520679473877,
            "test_time": 0.03357958793640137,
            "epochs": 43,
            "rauc": 0.7102753074220465,
            "ap": 0.46582505365175314,
            "f1": 0.44886363636363635,
            "avg_normal_score": 0.018709884956479073,
            "avg_abnormal_score": 0.027254970744252205
        },
        {
            "run": 4,
            "train_time": 2.704620599746704,
            "test_time": 0.030291318893432617,
            "epochs": 29,
            "rauc": 0.588054457619675,
            "ap": 0.282413845877434,
            "f1": 0.3181818181818182,
            "avg_normal_score": 0.022521626204252243,
            "avg_abnormal_score": 0.02497551403939724
        },
        {
            "run": 5,
            "train_time": 2.9888603687286377,
            "test_time": 0.03285336494445801,
            "epochs": 32,
            "rauc": 0.850076855511638,
            "ap": 0.5669270578278738,
            "f1": 0.5454545454545454,
            "avg_normal_score": 0.019156476482748985,
            "avg_abnormal_score": 0.029170995578169823
        },
        {
            "run": 6,
            "train_time": 2.6847031116485596,
            "test_time": 0.03253459930419922,
            "epochs": 27,
            "rauc": 0.8007932586736934,
            "ap": 0.5238211324344448,
            "f1": 0.4943181818181818,
            "avg_normal_score": 0.022110559046268463,
            "avg_abnormal_score": 0.031121164560317993
        },
        {
            "run": 7,
            "train_time": 2.809458017349243,
            "test_time": 0.032201528549194336,
            "epochs": 30,
            "rauc": 0.8356664470794907,
            "ap": 0.5311408503478778,
            "f1": 0.5340909090909091,
            "avg_normal_score": 0.02145947888493538,
            "avg_abnormal_score": 0.034425877034664154
        },
        {
            "run": 8,
            "train_time": 3.5437355041503906,
            "test_time": 0.03182411193847656,
            "epochs": 38,
            "rauc": 0.6414553140096619,
            "ap": 0.3609925096286025,
            "f1": 0.42613636363636365,
            "avg_normal_score": 0.020088518038392067,
            "avg_abnormal_score": 0.025280989706516266
        },
        {
            "run": 9,
            "train_time": 2.883739709854126,
            "test_time": 0.030174732208251953,
            "epochs": 29,
            "rauc": 0.7909598704435661,
            "ap": 0.4697473368640083,
            "f1": 0.4659090909090909,
            "avg_normal_score": 0.019956551492214203,
            "avg_abnormal_score": 0.02823573909699917
        }
    ]
}