{
    "model_config": {
        "hidden_dim": 64,
        "depth": 4,
        "num_heads": 4,
        "mlp_ratio": 4.0,
        "dropout_prob": 0.0,
        "num_prototypes": 32,
        "temperature": 0.1,
        "sinkhorn_iters": 3,
        "sinkhorn_eps": 0.05,
        "contrastive_loss_weight": 1.0,
        "use_flash_attn": false,
        "num_features": 36
    },
    "train_config": {
        "data_dir": "Data/",
        "epochs": 250,
        "learning_rate": 0.01,
        "sche_gamma": 0.95,
        "batch_size": 512,
        "random_seed": 42,
        "num_workers": 0,
        "preprocess": "standard",
        "patience": 20,
        "use_amp": false,
        "model_type": "ProtoAD",
        "dataset_name": "satellite",
        "base_path": "results/ProtoAD-d64-proto32-eps0.05-contra1.0-temp0.1/satellite/1.0",
        "exp_name": "ProtoAD-d64-proto32-eps0.05-contra1.0-temp0.1",
        "runs": 10,
        "train_ratio": 1.0,
        "run": 9
    },
    "mean_metrics": {
        "rauc": 0.8234791034113235,
        "ap": 0.8544787046465417,
        "f1": 0.7464636542239685,
        "entropy_rauc": 0.5377301415431327,
        "entropy_ap": 0.5432246083990817,
        "entropy_f1": 0.4962671905697446,
        "avg_normal_entropy": 0.5373511105775833,
        "avg_abnormal_entropy": 0.6048260003328323,
        "avg_normal_recon": 0.1473100170493126,
        "avg_abnormal_recon": 2.0253028154373167
    },
    "std_metrics": {
        "rauc_std": 0.009232902188587069,
        "ap_std": 0.0064740504461120625,
        "f1_std": 0.0024340887413288694,
        "entropy_rauc_std": 0.11636166788062044,
        "entropy_ap_std": 0.09321759061695747,
        "entropy_f1_std": 0.09579648162107093,
        "avg_normal_entropy_std": 0.0918024246454997,
        "avg_abnormal_entropy_std": 0.19243157458278606,
        "avg_normal_recon_std": 0.007149679215230755,
        "avg_abnormal_recon_std": 0.1569300776591993
    },
    "total_time": 375.9618864059448,
    "all_seeds": [
        {
            "run": 0,
            "train_time": 42.50163650512695,
            "test_time": 0.09845638275146484,
            "epochs": 184,
            "rauc": 0.8189520450080372,
            "ap": 0.8499895700992273,
            "f1": 0.7450884086444007,
            "entropy_rauc": 0.5115712627254867,
            "entropy_ap": 0.5044955903106667,
            "entropy_f1": 0.4764243614931238,
            "avg_normal_entropy": 0.6170703768730164,
            "avg_abnormal_entropy": 0.6373769044876099,
            "avg_normal_recon": 0.15502066910266876,
            "avg_abnormal_recon": 2.0696189403533936
        },
        {
            "run": 1,
            "train_time": 38.52485013008118,
            "test_time": 0.09510612487792969,
            "epochs": 171,
            "rauc": 0.831483300589391,
            "ap": 0.8585955666272096,
            "f1": 0.7490176817288802,
            "entropy_rauc": 0.6529770941239508,
            "entropy_ap": 0.646220717647371,
            "entropy_f1": 0.6168958742632613,
            "avg_normal_entropy": 0.6469510793685913,
            "avg_abnormal_entropy": 0.869791567325592,
            "avg_normal_recon": 0.14034931361675262,
            "avg_abnormal_recon": 1.858380913734436
        },
        {
            "run": 2,
            "train_time": 46.91691470146179,
            "test_time": 0.0944206714630127,
            "epochs": 201,
            "rauc": 0.8189129755313448,
            "ap": 0.8486073645004197,
            "f1": 0.7450884086444007,
            "entropy_rauc": 0.42508572959457047,
            "entropy_ap": 0.478380756794592,
            "entropy_f1": 0.4076620825147348,
            "avg_normal_entropy": 0.4589535892009735,
            "avg_abnormal_entropy": 0.41144582629203796,
            "avg_normal_recon": 0.1473715454339981,
            "avg_abnormal_recon": 2.1866612434387207
        },
        {
            "run": 3,
            "train_time": 36.354748249053955,
            "test_time": 0.055605173110961914,
            "epochs": 183,
            "rauc": 0.834947088765851,
            "ap": 0.8658124370602127,
            "f1": 0.7490176817288802,
            "entropy_rauc": 0.5996561886051079,
            "entropy_ap": 0.5753941664025468,
            "entropy_f1": 0.5589390962671905,
            "avg_normal_entropy": 0.6948025226593018,
            "avg_abnormal_entropy": 0.8397709727287292,
            "avg_normal_recon": 0.13586902618408203,
            "avg_abnormal_recon": 2.270918846130371
        },
        {
            "run": 4,
            "train_time": 37.94410419464111,
            "test_time": 0.0986318588256836,
            "epochs": 196,
            "rauc": 0.8038314877656725,
            "ap": 0.8410674304711759,
            "f1": 0.7441060903732809,
            "entropy_rauc": 0.6698117967494195,
            "entropy_ap": 0.6481023117009284,
            "entropy_f1": 0.5908644400785854,
            "avg_normal_entropy": 0.39663025736808777,
            "avg_abnormal_entropy": 0.5784733295440674,
            "avg_normal_recon": 0.14316262304782867,
            "avg_abnormal_recon": 1.7673091888427734
        },
        {
            "run": 5,
            "train_time": 43.55349278450012,
            "test_time": 0.09557533264160156,
            "epochs": 191,
            "rauc": 0.816118726558314,
            "ap": 0.8587613903361221,
            "f1": 0.7426326129666012,
            "entropy_rauc": 0.6874681862832648,
            "entropy_ap": 0.696398982168931,
            "entropy_f1": 0.5893909626719057,
            "avg_normal_entropy": 0.5435471534729004,
            "avg_abnormal_entropy": 0.847824215888977,
            "avg_normal_recon": 0.16124868392944336,
            "avg_abnormal_recon": 1.9596673250198364
        },
        {
            "run": 6,
            "train_time": 41.54612970352173,
            "test_time": 0.09913372993469238,
            "epochs": 183,
            "rauc": 0.8216869083764958,
            "ap": 0.8525225979263942,
            "f1": 0.7445972495088409,
            "entropy_rauc": 0.3082515851044829,
            "entropy_ap": 0.3725975140871848,
            "entropy_f1": 0.3197445972495088,
            "avg_normal_entropy": 0.4803487956523895,
            "avg_abnormal_entropy": 0.28131380677223206,
            "avg_normal_recon": 0.15305234491825104,
            "avg_abnormal_recon": 2.0738627910614014
        },
        {
            "run": 7,
            "train_time": 37.151838302612305,
            "test_time": 0.09901833534240723,
            "epochs": 163,
            "rauc": 0.8256994552598679,
            "ap": 0.8546370624465369,
            "f1": 0.75049115913556,
            "entropy_rauc": 0.5181617253080908,
            "entropy_ap": 0.5187708266160171,
            "entropy_f1": 0.4400785854616896,
            "avg_normal_entropy": 0.5883120894432068,
            "avg_abnormal_entropy": 0.6260286569595337,
            "avg_normal_recon": 0.14772938191890717,
            "avg_abnormal_recon": 1.828012466430664
        },
        {
            "run": 8,
            "train_time": 20.32278299331665,
            "test_time": 0.056906700134277344,
            "epochs": 115,
            "rauc": 0.83581978924808,
            "ap": 0.8574979661901574,
            "f1": 0.7465618860510805,
            "entropy_rauc": 0.5709689230219681,
            "entropy_ap": 0.5171906913141101,
            "entropy_f1": 0.5609037328094303,
            "avg_normal_entropy": 0.4970915615558624,
            "avg_abnormal_entropy": 0.5469480156898499,
            "avg_normal_recon": 0.14725275337696075,
            "avg_abnormal_recon": 2.1306850910186768
        },
        {
            "run": 9,
            "train_time": 28.141111850738525,
            "test_time": 0.09793543815612793,
            "epochs": 164,
            "rauc": 0.8273392570101803,
            "ap": 0.8572956608079623,
            "f1": 0.7480353634577603,