{
    "model_config": {
        "num_features": 21,
        "hidden_dim": 128,
        "depth": 4,
        "num_heads": 4,
        "mlp_ratio": 4.0,
        "dropout_prob": 0.0,
        "temperature": 0.2,
        "contrastive_loss_weight": 0.1,
        "use_flash_attn": false
    },
    "train_config": {
        "data_dir": "Data/",
        "epochs": 200,
        "learning_rate": 0.001,
        "sche_gamma": 0.95,
        "batch_size": 512,
        "random_seed": 42,
        "num_workers": 0,
        "preprocess": "standard",
        "patience": 10,
        "min_delta": 0,
        "use_amp": false,
        "model_type": "TAECL",
        "dataset_name": "cardiotocography",
        "base_path": "results/TAECL-temp0.2-contra0.1/cardiotocography/1.0",
        "exp_name": "TAECL-temp0.2-contra0.1",
        "runs": 10,
        "train_ratio": 1.0
    },
    "mean_metrics": {
        "combined_avg_abnormal": -0.008783761924132705,
        "avg_abnormal": 0.7422880887985229,
        "contra_avg_normal": -0.7536419034004211,
        "contra_avg_abnormal": -0.7510718584060669,
        "avg_normal": 0.06436609625816345,
        "combined_ap": 0.681552052422243,
        "contra_ap": 0.43498855631292843,
        "contra_f1": 0.3881974248927039,
        "combined_f1": 0.577038626609442,
        "rauc": 0.7513837816159007,
        "f1": 0.5987124463519313,
        "combined_rauc": 0.7288870109171215,
        "ap": 0.6993557354085851,
        "contra_rauc": 0.5458692289262054,
        "combined_avg_normal": -0.6892758190631867
    },
    "std_metrics": {
        "combined_avg_abnormal_std": 0.11887947692010416,
        "avg_abnormal_std": 0.11929427804250979,
        "contra_avg_normal_std": 0.0028410464349387585,
        "contra_avg_abnormal_std": 0.0029967930286526707,
        "avg_normal_std": 0.008271594502787388,
        "combined_ap_std": 0.020033045049382733,
        "contra_ap_std": 0.03165763327839494,
        "contra_f1_std": 0.029695260050846047,
        "combined_f1_std": 0.02118820267467319,
        "rauc_std": 0.016797820951190593,
        "f1_std": 0.02156625669768433,
        "combined_rauc_std": 0.019148551280624315,
        "ap_std": 0.018284074433428717,
        "contra_rauc_std": 0.040806712731875944,
        "combined_avg_normal_std": 0.007684080132348271
    },
    "total_time": 101.44202852249146,
    "all_seeds": [
        {
            "run": 0,
            "train_time": 11.155955076217651,
            "test_time": 0.09005594253540039,
            "epochs": 122,
            "rauc": 0.7869442476769866,
            "ap": 0.7182843067946649,
            "f1": 0.630901287553648,
            "avg_normal": 0.056718021631240845,
            "avg_abnormal": 0.5461060404777527,
            "contra_rauc": 0.4921350889620401,
            "contra_ap": 0.3975501783684842,
            "contra_f1": 0.33905579399141633,
            "contra_avg_normal": -0.7501050233840942,
            "contra_avg_abnormal": -0.7494665384292603,
            "combined_rauc": 0.7585055627317805,
            "combined_ap": 0.6935816800989572,
            "combined_f1": 0.5944206008583691,
            "combined_avg_normal": -0.6933869123458862,
            "combined_avg_abnormal": -0.20336054265499115
        },
        {
            "run": 1,
            "train_time": 9.762602090835571,
            "test_time": 0.0920403003692627,
            "epochs": 116,
            "rauc": 0.7646464436018167,
            "ap": 0.7400148990252213,
            "f1": 0.628755364806867,
            "avg_normal": 0.058856889605522156,
            "avg_abnormal": 0.6120530962944031,
            "contra_rauc": 0.5838915163131797,
            "contra_ap": 0.45460663981531996,
            "contra_f1": 0.43991416309012876,
            "contra_avg_normal": -0.752713680267334,
            "contra_avg_abnormal": -0.7492338418960571,
            "combined_rauc": 0.7576721946747782,
            "combined_ap": 0.7320542513811321,
            "combined_f1": 0.6223175965665236,
            "combined_avg_normal": -0.6938567161560059,
            "combined_avg_abnormal": -0.13718082010746002
        },
        {
            "run": 2,
            "train_time": 10.420519828796387,
            "test_time": 0.09031343460083008,
            "epochs": 124,
            "rauc": 0.7528803283470145,
            "ap": 0.6955378758836093,
            "f1": 0.5944206008583691,
            "avg_normal": 0.07587437331676483,
            "avg_abnormal": 0.8730084896087646,
            "contra_rauc": 0.5800788574523938,
            "contra_ap": 0.41630462230805143,
            "contra_f1": 0.4055793991416309,
            "contra_avg_normal": -0.7607384324073792,
            "contra_avg_abnormal": -0.7571631669998169,
            "combined_rauc": 0.7415439184966041,
            "combined_ap": 0.6838129736738561,
            "combined_f1": 0.5772532188841202,
            "combined_avg_normal": -0.6848641037940979,
            "combined_avg_abnormal": 0.11584539711475372
        },
        {
            "run": 3,
            "train_time": 11.991137027740479,
            "test_time": 0.09261727333068848,
            "epochs": 144,
            "rauc": 0.7309158714946457,
            "ap": 0.6833700496473496,
            "f1": 0.5879828326180258,
            "avg_normal": 0.0622844472527504,
            "avg_abnormal": 0.8151813745498657,
            "contra_rauc": 0.5826831326305263,
            "contra_ap": 0.43231679894794556,
            "contra_f1": 0.4184549356223176,
            "contra_avg_normal": -0.7554383277893066,
            "contra_avg_abnormal": -0.7520403265953064,
            "combined_rauc": 0.7197461352556356,
            "combined_ap": 0.6721616392875696,
            "combined_f1": 0.575107296137339,
            "combined_avg_normal": -0.6931539177894592,
            "combined_avg_abnormal": 0.06314106285572052
        },
        {
            "run": 4,
            "train_time": 10.568049669265747,
            "test_time": 0.0921182632446289,
            "epochs": 126,
            "rauc": 0.7643521605066879,
            "ap": 0.7109955876760518,
            "f1": 0.6223175965665236,
            "avg_normal": 0.059526074677705765,
            "avg_abnormal": 0.847942590713501,
            "contra_rauc": 0.5253747551981333,
            "contra_ap": 0.4161725907827872,
            "contra_f1": 0.3669527896995708,
            "contra_avg_normal": -0.7511864304542542,
            "contra_avg_abnormal": -0.7493622303009033,
            "combined_rauc": 0.736608817034043,
            "combined_ap": 0.689355857670422,
            "combined_f1": 0.5965665236051502,
            "combined_avg_normal": -0.6916603446006775,
            "combined_avg_abnormal": 0.09858042001724243
        },
        {
            "run": 5,
            "train_time": 9.760953664779663,
            "test_time": 0.10926580429077148,
            "epochs": 115,
            "rauc": 0.758359723321805,
            "ap": 0.7023540837457887,
            "f1": 0.5879828326180258,
            "avg_normal": 0.058502040803432465,
            "avg_abnormal": 0.5982327461242676,
            "contra_rauc": 0.5381435163965166,
            "contra_ap": 0.4247545449850383,
            "contra_f1": 0.38412017167381973,
            "contra_avg_normal": -0.7524541616439819,
            "contra_avg_abnormal": -0.7503533959388733,
            "combined_rauc": 0.7276891745489396,
            "combined_ap": 0.6802313827044715,
            "combined_f1": 0.5643776824034334,
            "combined_avg_normal": -0.6939520835876465,
            "combined_avg_abnormal": -0.1521206498146057
        },
        {
            "run": 6,
            "train_time": 8.54785442352295,
            "test_time": 0.09299635887145996,
            "epochs": 100,
            "rauc": 0.7379721550897955,
            "ap": 0.6835544799407706,
            "f1": 0.5579399141630901,
            "avg_normal": 0.06486468762159348,
            "avg_abnormal": 0.757490336894989,