{
    "model_config": {
        "num_features": 33,
        "hidden_dim": 64,
        "depth": 4,
        "depth_enc": null,
        "depth_dec": null,
        "num_heads": 4,
        "mlp_ratio": 4.0,
        "dropout_prob": 0.0,
        "temperature": 0.2,
        "imix_loss_weight": 0.01,
        "mixup_alpha": 0.9,
        "projector_dim": null,
        "use_flash_attn": false
    },
    "train_config": {
        "data_dir": "Data/",
        "epochs": 200,
        "learning_rate": 0.01,
        "sche_gamma": 0.95,
        "batch_size": 512,
        "random_seed": 42,
        "num_workers": 0,
        "preprocess": "standard",
        "patience": 10,
        "min_delta": 0,
        "use_amp": false,
        "model_type": "TAEIMIX",
        "dataset_name": "ionosphere",
        "base_path": "results/TAEIMIX-260125-iw0.01-ap0.9-ep200-ep80_imix/ionosphere/1.0",
        "exp_name": "TAEIMIX-260125-iw0.01-ap0.9-ep200-ep80_imix",
        "runs": 10,
        "train_ratio": 1.0
    },
    "start_time_kst": "2026-01-25T15:58:59+09:00",
    "mean_metrics": {
        "rauc": 0.6349768225874419,
        "ap": 0.5781736513963862,
        "f1": 0.6555555555555556,
        "avg_normal": -0.08577713891863822,
        "avg_abnormal": -0.0845750667154789
    },
    "std_metrics": {
        "rauc_std": 0.03961306223056761,
        "ap_std": 0.044060827476412594,
        "f1_std": 0.03444846732414398,
        "avg_normal_std": 0.0013235569822488927,
        "avg_abnormal_std": 0.0021266073841332686
    },
    "total_time": 140.5380983352661,
    "all_seeds": [
        {
            "rauc": 0.6214355948869223,
            "ap": 0.5447968670837817,
            "f1": 0.6507936507936508,
            "avg_normal": -0.0870097354054451,
            "avg_abnormal": -0.08693203330039978,
            "run": 0,
            "epochs": 155,
            "train_time": 13.877136945724487,
            "test_time": 0.04965376853942871
        },
        {
            "rauc": 0.5968534906588003,
            "ap": 0.5726581095948708,
            "f1": 0.6111111111111112,
            "avg_normal": -0.0850718691945076,
            "avg_abnormal": -0.08390684425830841,
            "run": 1,
            "epochs": 161,
            "train_time": 14.489596128463745,
            "test_time": 0.05122017860412598
        },
        {
            "rauc": 0.6573254670599803,
            "ap": 0.5793898887615011,
            "f1": 0.6746031746031746,
            "avg_normal": -0.08905678987503052,
            "avg_abnormal": -0.0878135934472084,
            "run": 2,
            "epochs": 181,
            "train_time": 15.933762788772583,
            "test_time": 0.04813861846923828
        },
        {
            "rauc": 0.686472819216182,
            "ap": 0.6399080131110277,
            "f1": 0.7063492063492064,
            "avg_normal": -0.08511631190776825,
            "avg_abnormal": -0.08155473321676254,
            "run": 3,
            "epochs": 119,
            "train_time": 10.788847208023071,
            "test_time": 0.04941225051879883
        },
        {
            "rauc": 0.6179941002949852,
            "ap": 0.57742046193515,
            "f1": 0.6190476190476191,
            "avg_normal": -0.08562429994344711,
            "avg_abnormal": -0.08482785522937775,
            "run": 4,
            "epochs": 149,
            "train_time": 13.35722279548645,
            "test_time": 0.04911088943481445
        },
        {
            "rauc": 0.5977665402444163,
            "ap": 0.5330696379718073,
            "f1": 0.6349206349206349,
            "avg_normal": -0.08649317920207977,
            "avg_abnormal": -0.08650348335504532,
            "run": 5,
            "epochs": 155,
            "train_time": 12.437253713607788,
            "test_time": 0.04577231407165527
        },
        {
            "rauc": 0.6300042140750105,
            "ap": 0.5897183674706538,
            "f1": 0.6507936507936508,
            "avg_normal": -0.08438073098659515,
            "avg_abnormal": -0.08299935609102249,
            "run": 6,
            "epochs": 155,
            "train_time": 13.903393268585205,
            "test_time": 0.04595232009887695
        },
        {
            "rauc": 0.58322798145807,
            "ap": 0.5170850128331941,
            "f1": 0.6190476190476191,
            "avg_normal": -0.08515159040689468,
            "avg_abnormal": -0.08532372117042542,
            "run": 7,
            "epochs": 184,
            "train_time": 15.647464275360107,
            "test_time": 0.048336029052734375
        },
        {
            "rauc": 0.7153392330383481,
            "ap": 0.6686701665199839,
            "f1": 0.7142857142857143,
            "avg_normal": -0.0849948301911354,
            "avg_abnormal": -0.0810120478272438,
            "run": 8,
            "epochs": 148,
            "train_time": 13.021077871322632,
            "test_time": 0.046456336975097656
        },
        {
            "rauc": 0.6433487849417053,
            "ap": 0.5590199886818915,
            "f1": 0.6746031746031746,
            "avg_normal": -0.0848720520734787,
            "avg_abnormal": -0.08487699925899506,
            "run": 9,
            "epochs": 162,
            "train_time": 14.656334638595581,
            "test_time": 0.04939842224121094
        }
    ]
}