{
    "model_config": {
        "hidden_dim": 64,
        "depth": 4,
        "num_heads": 4,
        "mlp_ratio": 4.0,
        "dropout_prob": 0.0,
        "num_prototypes": 32,
        "temperature": 0.1,
        "sinkhorn_iters": 3,
        "sinkhorn_eps": 0.1,
        "contrastive_loss_weight": 0.1,
        "use_flash_attn": false,
        "num_features": 6
    },
    "train_config": {
        "data_dir": "Data/",
        "epochs": 250,
        "learning_rate": 0.01,
        "sche_gamma": 0.95,
        "batch_size": 256,
        "random_seed": 42,
        "num_workers": 0,
        "preprocess": "standard",
        "patience": 20,
        "use_amp": false,
        "model_type": "ProtoAD",
        "dataset_name": "thyroid",
        "base_path": "results/ProtoAD-d64-proto32-eps0.1-contra0.1-temp0.1/thyroid/1.0",
        "exp_name": "ProtoAD-d64-proto32-eps0.1-contra0.1-temp0.1",
        "runs": 10,
        "train_ratio": 1.0,
        "run": 9
    },
    "mean_metrics": {
        "rauc": 0.9753541374474052,
        "ap": 0.7899578772812713,
        "f1": 0.7182795698924732,
        "entropy_rauc": 0.40700005843852266,
        "entropy_ap": 0.053957581715961614,
        "entropy_f1": 0.023655913978494626,
        "avg_normal_entropy": 2.807883286476135,
        "avg_abnormal_entropy": 2.7565303087234496,
        "avg_normal_recon": 0.7811542332172394,
        "avg_abnormal_recon": 118.07177505493163
    },
    "std_metrics": {
        "rauc_std": 0.010365024548184363,
        "ap_std": 0.03209820106316591,
        "f1_std": 0.034609627826733505,
        "entropy_rauc_std": 0.23929077035470103,
        "entropy_ap_std": 0.041630498055642014,
        "entropy_f1_std": 0.058064516129032254,
        "avg_normal_entropy_std": 0.09045673663098798,
        "avg_abnormal_entropy_std": 0.169108313495847,
        "avg_normal_recon_std": 0.21092426457729335,
        "avg_abnormal_recon_std": 33.03148273277995
    },
    "total_time": 76.52294683456421,
    "all_seeds": [
        {
            "run": 0,
            "train_time": 8.346988916397095,
            "test_time": 0.07712244987487793,
            "epochs": 21,
            "rauc": 0.9684490416082282,
            "ap": 0.7507408321117448,
            "f1": 0.6774193548387096,
            "entropy_rauc": 0.230721131369799,
            "entropy_ap": 0.029433073603465244,
            "entropy_f1": 0.0,
            "avg_normal_entropy": 2.83854603767395,
            "avg_abnormal_entropy": 2.7639684677124023,
            "avg_normal_recon": 0.8819392919540405,
            "avg_abnormal_recon": 87.97376251220703
        },
        {
            "run": 1,
            "train_time": 7.377333164215088,
            "test_time": 0.07341480255126953,
            "epochs": 22,
            "rauc": 0.9794062646096307,
            "ap": 0.8035091730261762,
            "f1": 0.7419354838709677,
            "entropy_rauc": 0.24744623655913978,
            "entropy_ap": 0.03139305654109126,
            "entropy_f1": 0.0,
            "avg_normal_entropy": 2.637458562850952,
            "avg_abnormal_entropy": 2.524155616760254,
            "avg_normal_recon": 0.5341282486915588,
            "avg_abnormal_recon": 72.841064453125
        },
        {
            "run": 2,
            "train_time": 7.48321270942688,
            "test_time": 0.07551360130310059,
            "epochs": 22,
            "rauc": 0.9846657316503037,
            "ap": 0.8553379635171589,
            "f1": 0.7741935483870968,
            "entropy_rauc": 0.5050607760635811,
            "entropy_ap": 0.047749389155945884,
            "entropy_f1": 0.043010752688172046,
            "avg_normal_entropy": 2.809558153152466,
            "avg_abnormal_entropy": 2.8226914405822754,
            "avg_normal_recon": 0.375069797039032,
            "avg_abnormal_recon": 67.20702362060547
        },
        {
            "run": 3,
            "train_time": 7.40602970123291,
            "test_time": 0.07699108123779297,
            "epochs": 22,
            "rauc": 0.9820535296867695,
            "ap": 0.791739063960239,
            "f1": 0.6989247311827957,
            "entropy_rauc": 0.8359981299672744,
            "entropy_ap": 0.16879492048613334,
            "entropy_f1": 0.1935483870967742,
            "avg_normal_entropy": 2.84307599067688,
            "avg_abnormal_entropy": 3.0930845737457275,
            "avg_normal_recon": 0.7675933837890625,
            "avg_abnormal_recon": 110.74897766113281
        },
        {
            "run": 4,
            "train_time": 7.126973628997803,
            "test_time": 0.07392525672912598,
            "epochs": 21,
            "rauc": 0.9862669471715755,
            "ap": 0.8207584586618774,
            "f1": 0.7634408602150538,
            "entropy_rauc": 0.4219991818606825,
            "entropy_ap": 0.04158982383657385,
            "entropy_f1": 0.0,
            "avg_normal_entropy": 2.8132591247558594,
            "avg_abnormal_entropy": 2.7400107383728027,
            "avg_normal_recon": 0.819599986076355,
            "avg_abnormal_recon": 145.98936462402344
        },
        {
            "run": 5,
            "train_time": 7.3324079513549805,
            "test_time": 0.07380867004394531,
            "epochs": 21,
            "rauc": 0.9528284244974285,
            "ap": 0.7377013145929375,
            "f1": 0.6666666666666666,
            "entropy_rauc": 0.28146330060776065,
            "entropy_ap": 0.030940987286874853,
            "entropy_f1": 0.0,
            "avg_normal_entropy": 2.832454204559326,
            "avg_abnormal_entropy": 2.7242560386657715,
            "avg_normal_recon": 0.6920862793922424,
            "avg_abnormal_recon": 109.46208190917969
        },
        {
            "run": 6,
            "train_time": 7.3703529834747314,
            "test_time": 0.0757288932800293,
            "epochs": 22,
            "rauc": 0.9773083216456289,
            "ap": 0.7793564885804962,
            "f1": 0.7204301075268817,
            "entropy_rauc": 0.09209911173445537,
            "entropy_ap": 0.025763066406381322,
            "entropy_f1": 0.0,
            "avg_normal_entropy": 2.9313933849334717,
            "avg_abnormal_entropy": 2.4451751708984375,
            "avg_normal_recon": 0.7130444645881653,
            "avg_abnormal_recon": 145.604736328125
        },
        {
            "run": 7,
            "train_time": 7.137181758880615,
            "test_time": 0.0774843692779541,
            "epochs": 21,
            "rauc": 0.9618747078073866,
            "ap": 0.7688853501804521,
            "f1": 0.6881720430107527,
            "entropy_rauc": 0.5938522674146798,
            "entropy_ap": 0.05346722644623274,
            "entropy_f1": 0.0,
            "avg_normal_entropy": 2.678065776824951,
            "avg_abnormal_entropy": 2.8031575679779053,
            "avg_normal_recon": 0.9138554930686951,
            "avg_abnormal_recon": 121.38130950927734
        },
        {
            "run": 8,
            "train_time": 7.195429801940918,
            "test_time": 0.07708120346069336,
            "epochs": 21,
            "rauc": 0.9832456755493222,
            "ap": 0.795604415936404,
            "f1": 0.7419354838709677,
            "entropy_rauc": 0.13807854137447406,
            "entropy_ap": 0.02771646488438554,
            "entropy_f1": 0.0,
            "avg_normal_entropy": 2.9332938194274902,
            "avg_abnormal_entropy": 2.776271104812622,
            "avg_normal_recon": 1.1681456565856934,
            "avg_abnormal_recon": 170.26100158691406
        },
        {
            "run": 9,
            "train_time": 7.189597845077515,
            "test_time": 0.07511663436889648,
            "epochs": 21,
            "rauc": 0.9774427302477794,
            "ap": 0.7959457122452283,
            "f1": 0.7096774193548387,
            "entropy_rauc": 0.7232819074333802,
            "entropy_ap": 0.08272780851253204,
            "entropy_f1": 0.0,