{
    "model_config": {
        "num_features": 9,
        "hidden_dim": 64,
        "depth": 4,
        "num_heads": 4,
        "mlp_ratio": 4.0,
        "dropout_prob": 0.0,
        "temperature": 1.0,
        "contrastive_loss_weight": 0.1,
        "use_flash_attn": false
    },
    "train_config": {
        "data_dir": "Data/",
        "epochs": 200,
        "learning_rate": 0.01,
        "sche_gamma": 0.95,
        "batch_size": 512,
        "random_seed": 42,
        "num_workers": 0,
        "preprocess": "standard",
        "patience": 10,
        "min_delta": 0,
        "use_amp": false,
        "model_type": "TAECL",
        "dataset_name": "breastw",
        "base_path": "results/TAECL-temp1.0-contra0.1-contra/breastw/1.0",
        "exp_name": "TAECL-temp1.0-contra0.1-contra",
        "runs": 10,
        "train_ratio": 1.0,
        "run": 9
    },
    "mean_metrics": {
        "rauc": 0.9673282068679558,
        "ap": 0.9585105287717406,
        "f1": 0.9309499326288917,
        "avg_normal": -0.6101614356040954,
        "avg_abnormal": -0.5335480809211731
    },
    "std_metrics": {
        "rauc_std": 0.051633183306713466,
        "ap_std": 0.04776850015157443,
        "f1_std": 0.09151983363109185,
        "avg_normal_std": 0.015422473467476761,
        "avg_abnormal_std": 0.020977604796851
    },
    "total_time": 105.22691869735718,
    "all_seeds": [
        {
            "rauc": 0.988880093482604,
            "ap": 0.9806167833622109,
            "f1": 0.9665271966527197,
            "avg_normal": -0.6095770597457886,
            "avg_abnormal": -0.5075246095657349,
            "run": 0,
            "epochs": 200,
            "train_time": 10.879595279693604,
            "test_time": 0.03682303428649902
        },
        {
            "rauc": 0.979211429002224,
            "ap": 0.9638242668461714,
            "f1": 0.9539748953974896,
            "avg_normal": -0.6087099313735962,
            "avg_abnormal": -0.5026077628135681,
            "run": 1,
            "epochs": 200,
            "train_time": 10.250306367874146,
            "test_time": 0.046478986740112305
        },
        {
            "rauc": 0.978514078932489,
            "ap": 0.9554389606577249,
            "f1": 0.9623430962343096,
            "avg_normal": -0.6094188690185547,
            "avg_abnormal": -0.5301007032394409,
            "run": 2,
            "epochs": 200,
            "train_time": 10.355258464813232,
            "test_time": 0.05722212791442871
        },
        {
            "rauc": 0.9809265332277886,
            "ap": 0.9542927495165049,
            "f1": 0.9623430962343096,
            "avg_normal": -0.6068225502967834,
            "avg_abnormal": -0.5227408409118652,
            "run": 3,
            "epochs": 200,
            "train_time": 10.274604082107544,
            "test_time": 0.03662252426147461
        },
        {
            "rauc": 0.8128840137208339,
            "ap": 0.8194616482221175,
            "f1": 0.6567796610169492,
            "avg_normal": -0.5810484886169434,
            "avg_abnormal": -0.5603553652763367,
            "run": 4,
            "epochs": 200,
            "train_time": 9.864201784133911,
            "test_time": 0.02997875213623047
        },
        {
            "rauc": 0.9828866523427193,
            "ap": 0.9792758757438386,
            "f1": 0.9581589958158996,
            "avg_normal": -0.6307254433631897,
            "avg_abnormal": -0.544948935508728,
            "run": 5,
            "epochs": 200,
            "train_time": 10.262846231460571,
            "test_time": 0.02462482452392578
        },
        {
            "rauc": 0.9843944362772815,
            "ap": 0.982447534746902,
            "f1": 0.9539748953974896,
            "avg_normal": -0.5945395231246948,
            "avg_abnormal": -0.5460482835769653,
            "run": 6,
            "epochs": 200,
            "train_time": 9.888020038604736,
            "test_time": 0.04212188720703125
        },
        {
            "rauc": 0.987485393343134,
            "ap": 0.9759545626305426,
            "f1": 0.9623430962343096,
            "avg_normal": -0.6016139984130859,
            "avg_abnormal": -0.5361820459365845,
            "run": 7,
            "epochs": 200,
            "train_time": 10.713232040405273,
            "test_time": 0.09156417846679688
        },
        {
            "rauc": 0.9870707527611293,
            "ap": 0.9837689305697876,
            "f1": 0.9707112970711297,
            "avg_normal": -0.6329505443572998,
            "avg_abnormal": -0.5695583820343018,
            "run": 8,
            "epochs": 200,
            "train_time": 10.078717470169067,
            "test_time": 0.04255843162536621
        },
        {
            "rauc": 0.9910286855893551,
            "ap": 0.9900239754216056,
            "f1": 0.9623430962343096,
            "avg_normal": -0.6262079477310181,
            "avg_abnormal": -0.5154138803482056,
            "run": 9,
            "epochs": 200,
            "train_time": 10.273992538452148,
            "test_time": 0.041613101959228516
        }
    ]
}