{
    "model_config": {
        "num_features": 8,
        "hidden_dim": 64,
        "depth": 4,
        "depth_enc": null,
        "depth_dec": null,
        "num_heads": 4,
        "mlp_ratio": 4.0,
        "dropout_prob": 0.0,
        "temperature": 0.1,
        "byol_loss_weight": 0.1,
        "dacl_alpha": 0.9,
        "projector_dim": null,
        "byol_momentum": 0.99,
        "use_flash_attn": false
    },
    "train_config": {
        "data_dir": "Data/",
        "epochs": 200,
        "learning_rate": 0.01,
        "sche_gamma": 0.95,
        "batch_size": 128,
        "random_seed": 42,
        "num_workers": 0,
        "preprocess": "standard",
        "patience": 10,
        "min_delta": 0,
        "use_amp": false,
        "model_type": "TAEDACL",
        "dataset_name": "pima",
        "base_path": "results/TAEDACL-260125-bw0.1-ap0.9-ep200-ep190_byol/pima/1.0",
        "exp_name": "TAEDACL-260125-bw0.1-ap0.9-ep200-ep190_byol",
        "runs": 10,
        "train_ratio": 1.0
    },
    "start_time_kst": "2026-01-25T16:22:59+09:00",
    "mean_metrics": {
        "rauc": 0.7083516791044777,
        "ap": 0.6861668458202104,
        "f1": 0.6725746268656716,
        "avg_normal": -1.3901307582855225,
        "avg_abnormal": -1.3474725037813187
    },
    "std_metrics": {
        "rauc_std": 0.027380185495594612,
        "ap_std": 0.038252345405710535,
        "f1_std": 0.019898068104199196,
        "avg_normal_std": 0.02784493819243431,
        "avg_abnormal_std": 0.04089893272233303
    },
    "total_time": 257.83365392684937,
    "all_seeds": [
        {
            "rauc": 0.6975373134328359,
            "ap": 0.6588969039313038,
            "f1": 0.6753731343283582,
            "avg_normal": -1.412615180015564,
            "avg_abnormal": -1.3858144283294678,
            "run": 0,
            "epochs": 184,
            "train_time": 33.0780827999115,
            "test_time": 0.05448031425476074
        },
        {
            "rauc": 0.7323358208955224,
            "ap": 0.7152425649492732,
            "f1": 0.6828358208955224,
            "avg_normal": -1.351701259613037,
            "avg_abnormal": -1.282059907913208,
            "run": 1,
            "epochs": 166,
            "train_time": 28.57103395462036,
            "test_time": 0.05727744102478027
        },
        {
            "rauc": 0.708,
            "ap": 0.7107710656178594,
            "f1": 0.6567164179104478,
            "avg_normal": -1.390218734741211,
            "avg_abnormal": -1.3420625925064087,
            "run": 2,
            "epochs": 185,
            "train_time": 31.374303340911865,
            "test_time": 0.05163073539733887
        },
        {
            "rauc": 0.7216865671641792,
            "ap": 0.6926833271945492,
            "f1": 0.6902985074626866,
            "avg_normal": -1.3717832565307617,
            "avg_abnormal": -1.3206684589385986,
            "run": 3,
            "epochs": 175,
            "train_time": 32.74673008918762,
            "test_time": 0.06619572639465332
        },
        {
            "rauc": 0.7225074626865672,
            "ap": 0.7056963216685986,
            "f1": 0.6865671641791045,
            "avg_normal": -1.353132724761963,
            "avg_abnormal": -1.3015717267990112,
            "run": 4,
            "epochs": 199,
            "train_time": 37.002819776535034,
            "test_time": 0.055533647537231445
        },
        {
            "rauc": 0.7252388059701493,
            "ap": 0.703411970012833,
            "f1": 0.6865671641791045,
            "avg_normal": -1.4373005628585815,
            "avg_abnormal": -1.4020715951919556,
            "run": 5,
            "epochs": 182,
            "train_time": 33.326273918151855,
            "test_time": 0.0534055233001709
        },
        {
            "rauc": 0.6409850746268656,
            "ap": 0.5949197588564066,
            "f1": 0.6268656716417911,
            "avg_normal": -1.4028810262680054,
            "avg_abnormal": -1.388854742050171,
            "run": 6,
            "epochs": 152,
            "train_time": 26.773441076278687,
            "test_time": 0.05140352249145508
        },
        {
            "rauc": 0.7185223880597015,
            "ap": 0.7077128543308586,
            "f1": 0.6753731343283582,
            "avg_normal": -1.4014133214950562,
            "avg_abnormal": -1.3566765785217285,
            "run": 7,
            "epochs": 176,
            "train_time": 32.60799980163574,
            "test_time": 0.04913187026977539
        }
    ]
}