{
    "model_config": {
        "num_heads": 4,
        "num_latents": 6,
        "num_memories": 53,
        "depth": 4,
        "hidden_dim": 64,
        "mlp_ratio": 4.0,
        "dropout_prob": 0.0,
        "temperature": 0.1,
        "sim_type": "cos",
        "use_oe": true,
        "oe_lambda": 0.1,
        "oe_shuffle_ratio": 0.3,
        "oe_lambda_memory": 0.0,
        "is_weight_sharing": false,
        "use_pos_enc_as_query": false,
        "use_mask_token": false,
        "num_features": 36
    },
    "train_config": {
        "data_dir": "Data/",
        "epochs": 250,
        "learning_rate": 0.01,
        "sche_gamma": 0.95,
        "batch_size": 512,
        "random_seed": 42,
        "num_workers": 0,
        "preprocess": "standard",
        "model_type": "OELATTE",
        "dataset_name": "satimage-2",
        "train_ratio": 1.0,
        "base_path": "results/OELATTE-d64-oe_lam0.1-oe_rat0.3/satimage-2/1.0",
        "not_use_power_of_two": false,
        "num_memories_not_use_power_of_two": false,
        "num_memories_twice": false,
        "contamination_ratio": null,
        "latent_ratio": null,
        "memory_ratio": null,
        "run": 9
    },
    "mean_metrics": {
        "AUC-ROC": 0.9878669785636358,
        "AUC-PR": 0.8410380472623379,
        "f1": 0.7661971830985916
    },
    "total_time": 177.32794308662415,
    "all_seeds": [
        {
            "run": 0,
            "AUC-ROC": 0.9977443165623188,
            "AUC-PR": 0.9393807760598125,
            "f1": 0.8732394366197183,
            "train_time": 33.94583749771118,
            "test_time": 0.03153705596923828,
            "epochs": 122
        },
        {
            "run": 1,
            "AUC-ROC": 0.9904121168041045,
            "AUC-PR": 0.7410837251350944,
            "f1": 0.6197183098591549,
            "train_time": 20.634878396987915,
            "test_time": 0.06631112098693848,
            "epochs": 65
        },
        {
            "run": 2,
            "AUC-ROC": 0.9896553079818758,
            "AUC-PR": 0.7599782865037497,
            "f1": 0.6901408450704225,
            "train_time": 17.554879665374756,
            "test_time": 0.06475496292114258,
            "epochs": 54
        },
        {
            "run": 3,
            "AUC-ROC": 0.9836106660900504,
            "AUC-PR": 0.7877335907652383,
            "f1": 0.6901408450704225,
            "train_time": 21.32914161682129,
            "test_time": 0.06926178932189941,
            "epochs": 71
        },
        {
            "run": 4,
            "AUC-ROC": 0.9785243210835143,
            "AUC-PR": 0.9061836721892668,
            "f1": 0.8591549295774648,
            "train_time": 6.801973342895508,
            "test_time": 0.12331485748291016,
            "epochs": 19
        },
        {
            "run": 5,
            "AUC-ROC": 0.9941715892002398,
            "AUC-PR": 0.9583043533242929,
            "f1": 0.9014084507042254,
            "train_time": 6.710029602050781,
            "test_time": 0.04996538162231445,
            "epochs": 19
        },
        {
            "run": 6,
            "AUC-ROC": 0.9862791543398564,
            "AUC-PR": 0.7799212329718721,
            "f1": 0.704225352112676,
            "train_time": 21.000819206237793,
            "test_time": 0.06721186637878418,
            "epochs": 67
        },
        {
            "run": 7,
            "AUC-ROC": 0.9893948478027973,
            "AUC-PR": 0.7970881166602947,
            "f1": 0.7183098591549296,
            "train_time": 25.131945610046387,
            "test_time": 0.06224942207336426,
            "epochs": 81
        },
        {
            "run": 8,
            "AUC-ROC": 0.9904121168041046,
            "AUC-PR": 0.8375831673444754,
            "f1": 0.7464788732394366,
            "train_time": 15.403230428695679,
            "test_time": 0.06738686561584473,
            "epochs": 47
        },
        {
            "run": 9,
            "AUC-ROC": 0.9784653489674965,
            "AUC-PR": 0.9031235516692825,
            "f1": 0.8591549295774648,
            "train_time": 6.519305467605591,
            "test_time": 0.06773018836975098,
            "epochs": 17
        }
    ]
}